"BM10034","Customer Purpose","gen32","2026-09-21","12:34:36","9556834447"
"BM10034","Customer Purpose","gen22","2026-09-21","13:47:16","9556834447"
"BM10034","Customer Purpose","gen9","2026-09-21","15:54:37","9556834447"
"BM10034","Final Vault Closing","gen1","2026-09-21","18:46:40","9556834447"
"BM10034","Customer Purpose","gen34","2026-09-22","10:40:11","9090729630"
"BM10034","Customer Purpose","gen5","2026-09-22","12:14:54","9090729630"
"BM10034","Customer Purpose","gen23","2026-09-22","16:15:47","9853330414"
"BM10034","Customer Purpose","gen12","2026-09-22","17:17:57","9090729630"
"BM10034","Final Vault Closing","gen37","2026-09-22","18:14:54","9556834447"
"BM10034","Customer Purpose","gen33","2026-09-23","14:35:01","9090729630"
"BM10034","Customer Purpose","gen25","2026-09-23","16:02:33","9556834447"
"BM10034","Final Vault Closing","gen34","2026-09-23","18:15:46","9556834447"
"BM10034","Customer Purpose","gen20","2026-09-24","12:24:32","9090729630"
"BM10034","Customer Purpose","gen","2026-09-24","15:45:09","9853330414"
"BM10034","Final Vault Closing","gen4","2026-09-24","17:55:11","9090729630"
"BM10034","Customer Purpose","gen5","2026-09-25","11:29:55","9556834447"
"BM10034","Customer Purpose","gen9","2026-09-25","12:06:50","9853330414"
"BM10034","Customer Purpose","gen39","2026-09-25","13:43:00","9556834447"
"BM10034","Customer Purpose","gen1","2026-09-25","17:38:16","9556834447"
"BM10034","Final Vault Closing","gen4","2026-09-25","18:01:27","9090729630"
"BM10034","Customer Purpose","gen26","2026-09-26","11:41:10","9090729630"
"BM10034","Customer Purpose","gen20","2026-09-26","13:00:27","9556834447"
"BM10034","Packet Counting","gen14","2026-09-26","14:16:29","9853330414"
"BM10034","Final Vault Closing","gen9","2026-09-26","18:13:14","9556834447"
"BM10034","Customer Purpose","gen8","2026-09-27","11:38:26","9090729630"
"BM10034","Other Purpose","gen30","2026-09-27","13:39:11","9853330414"
"BM10495","Customer Purpose","gen20","2026-09-21","11:15:15","8767132044"
"BM10495","Customer Purpose","gen7","2026-09-21","12:09:24","8767132044"
"BM10495","Customer Purpose","gen15","2026-09-21","12:37:46","8767132044"
"BM10495","Customer Purpose","gen20","2026-09-21","13:27:17","8767132044"
"BM10495","Customer Purpose","gen15","2026-09-21","14:26:19","8767132044"
"BM10495","Customer Purpose","gen19","2026-09-21","16:15:44","9075637081"
"BM10495","Customer Purpose","gen32","2026-09-21","16:32:18","8767132044"
"BM10495","Customer Purpose","gen26","2026-09-21","17:25:43","9075637081"
"BM10495","Other Purpose","gen20","2026-09-21","17:31:18","8767132044"
"BM10495","Final Vault Closing","gen9","2026-09-21","18:18:20","9370295628"
"BM10495","Customer Purpose","gen24","2026-09-22","12:23:01","9370295628"
"BM10495","Customer Purpose","gen10","2026-09-22","12:56:08","8767132044"
"BM10495","Customer Purpose","gen26","2026-09-22","13:54:47","9370295628"
"BM10495","Customer Purpose","gen8","2026-09-22","14:50:31","8767132044"
"BM10495","Other Purpose","gen30","2026-09-22","15:54:11","9075637081"
"BM10495","Customer Purpose","gen21","2026-09-22","17:14:31","8767132044"
"BM10495","Other Purpose","gen1","2026-09-22","18:55:03","8767132044"
"BM10495","Final Vault Closing","iifl5","2026-09-22","19:30:07","8767132044"
"BM10495","Customer Purpose","gen3","2026-09-23","12:10:45","9370295628"
"BM10495","Customer Purpose","gen39","2026-09-23","13:46:10","9075637081"
"BM10495","Final Vault Closing","gen9","2026-09-23","14:54:11","er purpoes"
"BM10495","Customer Purpose","gen36","2026-09-23","15:29:10","8767132044"
"BM10495","Customer Purpose","gen6","2026-09-23","17:05:04","9370295628"
"BM10495","Customer Purpose","gen18","2026-09-23","17:16:47","8767132044"
"BM10495","Customer Purpose","gen2","2026-09-23","17:37:23","9075637081"
"BM10495","Customer Purpose","gen6","2026-09-24","10:31:01","9370295628"
"BM10495","Customer Purpose","gen30","2026-09-24","15:09:28","9075637081"
"BM10495","Final Vault Closing","iifl2","2026-09-24","19:18:49","9370295628"
"BM10495","Customer Purpose","gen","2026-09-25","11:13:33","8767132044"
"BM10495","Customer Purpose","gen33","2026-09-25","12:04:22","8767132044"
"BM10495","Customer Purpose","gen28","2026-09-25","15:59:04","9075637081"
"BM10495","Customer Purpose","gen33","2026-09-25","16:48:04","9075637081"
"BM10495","Customer Purpose","gen24","2026-09-26","13:17:19","9370295628"
"BM10495","Packet Counting","gen2","2026-09-26","15:15:09","9370295628"
"BM10495","Packet Counting","gen30","2026-09-26","16:11:32","9370295628"
"BM10495","Customer Purpose","gen30","2026-09-26","16:58:31","9075637081"
"BM10495","Customer Purpose","gen24","2026-09-26","17:49:29","9075637081"
"BM10507","Customer Purpose","gen19","2026-09-21","10:22:56","7699088179"
"BM10507","Audit Purpose","gen30","2026-09-21","10:51:23","8101686677"
"BM10507","Audit Purpose","gen43","2026-09-21","11:55:04","7699088179"
"BM10507","Audit Purpose","gen20","2026-09-21","12:31:34","8101686677"
"BM10507","Audit Purpose","gen41","2026-09-21","13:20:21","8101686677"
"BM10507","Audit Purpose","gen15","2026-09-21","14:03:29","8101686677"
"BM10507","Audit Purpose","gen22","2026-09-21","15:06:40","8101686677"
"BM10507","Audit Purpose","gen26","2026-09-21","16:20:32","8101686677"
"BM10507","Audit Purpose","gen15","2026-09-21","17:17:33","8101686677"
"BM10507","Final Vault Closing","gen15","2026-09-21","18:16:28","8101686677"
"BM10507","Audit Purpose","gen41","2026-09-22","10:42:43","8101686677"
"BM10507","Audit Purpose","gen41","2026-09-22","11:33:49","8101686677"
"BM10507","Audit Purpose","gen21","2026-09-22","12:57:51","8101686677"
"BM10507","Audit Purpose","gen3","2026-09-22","13:21:01","8101686677"
"BM10507","Audit Purpose","gen","2026-09-22","14:15:46","8906832296"
"BM10507","Audit Purpose","gen30","2026-09-22","15:37:45","7699088179"
"BM10507","Audit Purpose","gen1","2026-09-22","16:35:37","8101686677"
"BM10507","Audit Purpose","gen50","2026-09-22","17:32:47","8101686677"
"BM10507","Audit Purpose","gen11","2026-09-22","18:03:23","8906832296"
"BM10507","Audit Purpose","gen17","2026-09-22","18:30:44","8101686677"
"BM10507","Audit Purpose","gen14","2026-09-23","11:04:44","8906832296"
"BM10507","Audit Purpose","gen30","2026-09-23","12:43:05","7699088179"
"BM10507","Audit Purpose","gen11","2026-09-23","15:52:07","8101686677"
"BM10507","Audit Purpose","gen21","2026-09-23","17:04:26","8906832296"
"BM10507","Audit Purpose","gen30","2026-09-23","18:10:26","8101686677"
"BM10507","Audit Purpose","gen8","2026-09-24","10:53:10","8101686677"
"BM10507","Audit Purpose","gen12","2026-09-24","11:01:37","8101686677"
"BM10507","Audit Purpose","gen20","2026-09-24","11:57:53","8101686677"
"BM10507","Audit Purpose","gen10","2026-09-24","13:05:02","8101686677"
"BM10507","Audit Purpose","gen30","2026-09-24","13:31:46","8906832296"
"BM10507","Audit Purpose","gen36","2026-09-24","14:30:29","8906832296"
"BM10507","Audit Purpose","gen35","2026-09-24","15:26:55","8101686677"
"BM10507","Audit Purpose","gen36","2026-09-24","17:32:57","8101686677"
"BM10507","Final Vault Closing","iifl4","2026-09-24","18:28:33","8906832296"
"BM10507","Audit Purpose","gen33","2026-09-25","10:58:47","8101686677"
"BM10507","Audit Purpose","gen10","2026-09-25","11:35:50","8101686677"
"BM10507","Audit Purpose","gen39","2026-09-25","12:07:23","8101686677"
"BM10507","Audit Purpose","gen21","2026-09-25","12:15:47","8101686677"
"BM10507","Audit Purpose","gen19","2026-09-25","13:26:35","8906832296"
"BM10507","Audit Purpose","gen10","2026-09-25","14:17:25","8906832296"
"BM10507","Audit Purpose","gen24","2026-09-25","16:39:10","8906832296"
"BM10507","Audit Purpose","gen15","2026-09-25","17:26:17","time 17:19"
"BM10507","Final Vault Closing","gen4","2026-09-25","18:34:39","8101686677"
"BM10507","Customer Purpose","gen17","2026-09-26","10:53:54","7699088179"
"BM10507","Customer Purpose","gen31","2026-09-26","11:02:44","7699088179"
"BM10507","Customer Purpose","gen34","2026-09-26","11:22:19","7699088179"
"BM10507","Packet Counting","gen35","2026-09-26","12:10:01","8101686677"
"BM10507","Customer Purpose","gen36","2026-09-26","13:03:48","8906832296"
"BM10507","Customer Purpose","gen4","2026-09-26","13:30:44","8101686677"
"BM10507","Customer Purpose","gen33","2026-09-26","14:43:39","8101686677"
"BM10507","Packet Counting","gen24","2026-09-26","15:52:14","8906832296"
"BM10507","Packet Counting","gen49","2026-09-26","16:42:48","8101686677"
"BM10507","Packet Counting","gen17","2026-09-26","17:49:39","8906832296"
"BM10509","Customer Purpose","gen12","2026-09-21","14:50:36","O 14:36:21"
"BM10509","Customer Purpose","gen12","2026-09-21","15:47:33","9328083132"
"BM10509","Customer Purpose","gen12","2026-09-21","16:49:04","9328083132"
"BM10509","Customer Purpose","gen11","2026-09-21","17:31:12","9328083132"
"BM10509","Customer Purpose","gen11","2026-09-21","17:38:50","9328083132"
"BM10509","Final Vault Closing","gen12","2026-09-21","18:33:29"," -18:19:16"
"BM10509","Customer Purpose","iifl7","2026-09-22","13:39:56","9484440278"
"BM10509","Customer Purpose","gen29","2026-09-22","14:53:34","9484440278"
"BM10509","Final Vault Closing","gen29","2026-09-22","17:53:56","9484440278"
"BM10509","Customer Purpose","gen21","2026-09-23","11:49:01","9484440278"
"BM10509","Final Vault Closing","gen21","2026-09-23","18:22:25","TIME 18:07"
"BM10509","Customer Purpose","gen11","2026-09-24","14:16:04","9484440278"
"BM10509","Customer Purpose","gen14","2026-09-24","15:06:50","9484440278"
"BM10509","Customer Purpose","gen14","2026-09-24","17:10:55","9484440278"
"BM10509","Final Vault Closing","gen14","2026-09-24","18:22:41","IME -06:15"
"BM10509","Customer Purpose","gen17","2026-09-25","10:44:21","9106959193"
"BM10509","Packet Counting","gen14","2026-09-25","12:07:52","9484440278"
"BM10509","Final Vault Closing","gen49","2026-09-25","18:15:18","9484440278"
"BM10509","Packet Counting","gen7","2026-09-26","13:44:45","9484440278"
"BM10509","Customer Purpose","gen30","2026-09-26","14:12:33","9484440278"
"BM10509","Final Vault Closing","gen15","2026-09-26","18:14:20","9484440278"
"BM10509","Customer Purpose","gen17","2026-09-27","13:33:02","9484440278"
"BM10510","Customer Purpose","gen25","2026-09-21","11:34:28","8962385148"
"BM10510","Customer Purpose","gen25","2026-09-21","12:31:55","8962385148"
"BM10510","Customer Purpose","gen22","2026-09-21","13:07:03","8962385148"
"BM10510","Customer Purpose","gen25","2026-09-21","14:34:37","8962385148"
"BM10510","Customer Purpose","gen17","2026-09-21","16:01:18","8962385148"
"BM10510","Final Vault Closing","gen17","2026-09-21","18:25:07","8962385148"
"BM10510","Customer Purpose","gen27","2026-09-22","12:29:43","8962385148"
"BM10510","Customer Purpose","gen27","2026-09-22","15:12:47","8962385148"
"BM10510","Customer Purpose","gen27","2026-09-22","16:20:31","8962385148"
"BM10510","Final Vault Closing","gen10","2026-09-22","18:41:44","8962385148"
"BM10510","Customer Purpose","gen35","2026-09-23","10:43:59","9131870653"
"BM10510","Customer Purpose","gen11","2026-09-23","12:32:42","8962385148"
"BM10510","Customer Purpose","gen50","2026-09-23","12:49:15","9131870653"
"BM10510","Customer Purpose","gen3","2026-09-23","14:44:44","8962385148"
"BM10510","Final Vault Closing","gen17","2026-09-23","18:37:13","8962385142"
"BM10510","Customer Purpose","gen20","2026-09-24","11:12:57","8962385148"
"BM10510","Customer Purpose","gen14","2026-09-24","13:17:39","8962385148"
"BM10510","Customer Purpose","gen12","2026-09-24","14:09:52","8962385148"
"BM10510","Customer Purpose","gen11","2026-09-24","14:51:26","8962385148"
"BM10510","Customer Purpose","gen21","2026-09-24","17:03:36","8962385148"
"BM10510","Final Vault Closing","gen13","2026-09-24","18:37:34","8962385148"
"BM10510","Customer Purpose","gen36","2026-09-25","13:24:36","8962385148"
"BM10510","Customer Purpose","gen8","2026-09-25","13:50:06","9131870653"
"BM10510","Customer Purpose","gen24","2026-09-25","16:23:52","9131870653"
"BM10510","Final Vault Closing","gen39","2026-09-25","18:12:50","8962385148"
"BM10510","Customer Purpose","gen32","2026-09-26","11:36:25","8962385148"
"BM10510","Customer Purpose","gen29","2026-09-26","12:14:03","8962385148"
"BM10510","Customer Purpose","gen8","2026-09-26","12:51:57","8962385148"
"BM10510","Packet Counting","gen35","2026-09-26","15:09:08","9131870653"
"BM10510","Packet Counting","gen7","2026-09-26","15:56:01","8962385148"
"BM10510","Customer Purpose","gen2","2026-09-26","16:59:36","8962385148"
"BM10510","Packet Counting","gen25","2026-09-26","17:35:30","8962385148"
"BM10510","Final Vault Closing","gen10","2026-09-26","18:40:53","8962385148"
"BM10510","Customer Purpose","gen6","2026-09-27","11:33:37","8962385148"
"BM10523","Customer Purpose","gen2","2026-09-21","14:03:42","9462175575"
"BM10523","Customer Purpose","gen8","2026-09-22","11:01:42","9462175575"
"BM10523","Customer Purpose","gen24","2026-09-22","11:22:42","9462175575"
"BM10523","Final Vault Closing","gen50","2026-09-22","18:18:58","9462175575"
"BM10523","Customer Purpose","gen8","2026-09-23","14:07:52","9462175575"
"BM10523","Customer Purpose","gen22","2026-09-23","17:23:02","9462175575"
"BM10523","Customer Purpose","gen24","2026-09-23","18:22:10","9462175575"
"BM10523","Customer Purpose","gen17","2026-09-24","16:30:43","9462175575"
"BM10523","Customer Purpose","gen34","2026-09-24","16:30:51","9462175575"
"BM10523","Final Vault Closing","gen30","2026-09-24","18:28:36","9462175575"
"BM10523","Customer Purpose","gen10","2026-09-25","15:28:01","9462175575"
"BM10523","Customer Purpose","gen25","2026-09-25","16:37:19","9462175575"
"BM10523","Final Vault Closing","gen","2026-09-25","17:53:44","9462175575"
"BM10523","Customer Purpose","gen6","2026-09-26","12:10:59","9462175575"
"BM10523","Packet Counting","gen1","2026-09-26","14:59:02","9462175575"
"BM10523","Customer Purpose","gen29","2026-09-26","17:26:53","9462175575"
"BM10536","Customer Purpose","gen34","2026-09-21","10:53:45","8984919495"
"BM10536","Audit Purpose","gen26","2026-09-21","12:32:27","8984919495"
"BM10536","Audit Purpose","gen10","2026-09-21","14:53:11","8984919495"
"BM10536","Audit Purpose","gen25","2026-09-21","15:26:44","8984919495"
"BM10536","Audit Purpose","gen15","2026-09-21","16:23:32","9776313604"
"BM10536","Audit Purpose","gen37","2026-09-21","17:19:22","9776313604"
"BM10536","Final Vault Closing","gen9","2026-09-21","18:42:31","9776313604"
"BM10536","Audit Purpose","gen41","2026-09-22","10:20:29","8984919495"
"BM10536","Audit Purpose","gen1","2026-09-22","11:04:53","8984919495"
"BM10536","Audit Purpose","gen19","2026-09-22","11:59:12","9776313604"
"BM10536","Audit Purpose","gen10","2026-09-22","12:49:11","9776313604"
"BM10536","Audit Purpose","gen5","2026-09-22","14:17:36","8984919495"
"BM10536","Audit Purpose","gen50","2026-09-22","15:19:03","9776313604"
"BM10536","Audit Purpose","gen30","2026-09-22","16:17:05","8984919495"
"BM10536","Audit Purpose","gen","2026-09-22","18:11:45","8984919495"
"BM10536","Customer Purpose","gen34","2026-09-23","10:44:39","9776313604"
"BM10536","Customer Purpose","gen20","2026-09-23","11:18:33","8984919495"
"BM10536","Customer Purpose","gen32","2026-09-23","14:08:50","8984919495"
"BM10536","Final Vault Closing","gen21","2026-09-23","18:24:32","9937422019"
"BM10536","Customer Purpose","gen20","2026-09-24","10:30:42","8984919495"
"BM10536","Customer Purpose","gen33","2026-09-24","11:10:17","8984919495"
"BM10536","Customer Purpose","gen8","2026-09-24","11:53:32","8984919495"
"BM10536","Customer Purpose","gen9","2026-09-24","12:46:31","8984919495"
"BM10536","Customer Purpose","gen10","2026-09-24","14:31:50","8984919495"
"BM10536","Customer Purpose","gen36","2026-09-24","16:13:41","8984919495"
"BM10536","Final Vault Closing","gen18","2026-09-24","17:59:05","8984919495"
"BM10536","Customer Purpose","gen6","2026-09-25","10:07:23","8984919495"
"BM10536","Customer Purpose","gen21","2026-09-25","11:39:59","9776313604"
"BM10536","Customer Purpose","gen21","2026-09-25","13:21:42","9937422019"
"BM10536","Final Vault Closing","gen38","2026-09-25","18:24:08","8984919495"
"BM10536","Customer Purpose","gen5","2026-09-26","10:10:59","8984919495"
"BM10536","Customer Purpose","gen30","2026-09-26","10:18:48","8984919495"
"BM10536","Customer Purpose","gen36","2026-09-26","10:43:19","8984919495"
"BM10536","Packet Counting","gen10","2026-09-26","11:38:06","9776313604"
"BM10536","Packet Counting","gen19","2026-09-26","12:16:33","9937422019"
"BM10536","Customer Purpose","gen31","2026-09-26","16:26:07","9776313604"
"BM10536","Final Vault Closing","gen29","2026-09-26","17:45:04","9776313604"
"BM10537","Customer Purpose","gen30","2026-09-21","12:45:12","7389344038"
"BM10537","Final Vault Closing","gen21","2026-09-21","18:26:02","7389344038"
"BM10537","Customer Purpose","gen3","2026-09-22","13:17:09","7389344038"
"BM10537","Customer Purpose","gen32","2026-09-22","18:27:54","9893534047"
"BM10537","Final Vault Closing","gen21","2026-09-22","18:48:49","9893534047"
"BM10537","Customer Purpose","gen11","2026-09-23","14:00:21","7389344038"
"BM10537","Final Vault Closing","","2026-09-23","20:05:10","7389344038"
"BM10537","Customer Purpose","gen37","2026-09-24","14:18:27","9893534047"
"BM10537","Customer Purpose","gen30","2026-09-24","14:42:36","9893534047"
"BM10537","Customer Purpose","gen14","2026-09-24","16:12:57","7389344038"
"BM10537","Customer Purpose","gen37","2026-09-24","16:38:29","9893534047"
"BM10537","Final Vault Closing","gen28","2026-09-24","18:25:39","9893534047"
"BM10537","Customer Purpose","gen32","2026-09-25","12:24:43","9893534047"
"BM10537","Customer Purpose","gen3","2026-09-25","13:33:09","9893534047"
"BM10537","Final Vault Closing","gen17","2026-09-25","17:24:16","9893534047"
"BM10537","Customer Purpose","gen30","2026-09-26","10:56:12","9893534047"
"BM10537","Packet Counting","gen18","2026-09-26","13:48:04","9893534047"
"BM10537","Customer Purpose","gen23","2026-09-26","14:35:50","9893534047"
"BM10537","Customer Purpose","gen23","2026-09-26","16:28:48","7389344038"
"BM10537","Final Vault Closing","gen34","2026-09-26","18:47:58","7389344038"
"BM10544","Final Vault Closing","iifl6","2026-09-21","19:23:13","7321862281"
"BM10544","Customer Purpose","gen31","2026-09-22","17:17:18","7991143759"
"BM10544","Final Vault Closing","gen23","2026-09-22","18:46:14","7991143759"
"BM10544","Customer Purpose","gen11","2026-09-23","15:01:06","7991143759"
"BM10544","Customer Purpose","gen29","2026-09-24","14:19:03","7321862281"
"BM10544","Customer Purpose","gen21","2026-09-24","15:50:03","7991143759"
"BM10544","Final Vault Closing","gen23","2026-09-24","16:27:03","7991143759"
"BM10544","Final Vault Closing","gen24","2026-09-25","18:27:10","7991143759"
"BM10544","Packet Counting","gen10","2026-09-26","16:52:30","7991143759"
"BM10548","Customer Purpose","gen17","2026-09-21","14:19:18","9835090003"
"BM10548","Final Vault Closing","gen10","2026-09-21","18:29:15","9835090003"
"BM10548","Customer Purpose","gen6","2026-09-22","11:56:28","9835090003"
"BM10548","Customer Purpose","gen8","2026-09-22","13:14:45","6299700688"
"BM10548","Final Vault Closing","gen33","2026-09-22","18:19:36","9835090003"
"BM10548","Customer Purpose","gen34","2026-09-23","13:03:13"," CUSTODIAN"
"BM10548","Customer Purpose","gen50","2026-09-23","14:32:50","9835090003"
"BM10548","Final Vault Closing","gen9","2026-09-23","18:07:05","6299700688"
"BM10548","Customer Purpose","gen1","2026-09-24","17:37:10","9835090003"
"BM10548","Customer Purpose","gen36","2026-09-25","17:54:57","6299700688"
"BM10548","Final Vault Closing","gen32","2026-09-26","18:16:35","6299700688"
"BM10549","Customer Purpose","gen","2026-09-21","10:57:01","7010338580"
"BM10549","Customer Purpose","gen16","2026-09-21","13:18:00","7010338580"
"BM10549","Customer Purpose","gen25","2026-09-21","13:43:35","9551183536"
"BM10549","Final Vault Closing","iifl2","2026-09-21","20:28:03","7010338580"
"BM10549","Customer Purpose","gen18","2026-09-22","11:07:21","7010338580"
"BM10549","Final Vault Closing","gen39","2026-09-22","18:02:03","7010338580"
"BM10549","Customer Purpose","gen12","2026-09-23","13:36:27","7010338580"
"BM10549","Customer Purpose","gen25","2026-09-23","15:53:44","7010338580"
"BM10549","Final Vault Closing","gen23","2026-09-23","17:55:49","9551183536"
"BM10549","Customer Purpose","gen2","2026-09-24","16:38:57","7010338580"
"BM10549","Final Vault Closing","gen15","2026-09-24","17:58:50","7010338580"
"BM10549","Customer Purpose","gen20","2026-09-25","15:21:59","8056012714"
"BM10549","Customer Purpose","gen22","2026-09-25","16:15:34","7010338580"
"BM10549","Final Vault Closing","gen28","2026-09-25","17:38:14","8056012714"
"BM10549","Packet Counting","gen23","2026-09-26","13:13:28","9551183536"
"BM10549","Packet Counting","gen1","2026-09-26","16:08:22","7010338580"
"BM10549","Final Vault Closing","gen6","2026-09-26","18:10:32","7010338580"
"BM10552","Customer Purpose","gen17","2026-09-21","11:29:26","8759334566"
"BM10552","Customer Purpose","gen2","2026-09-21","12:24:15","8759334566"
"BM10552","Customer Purpose","gen4","2026-09-21","13:22:16","8759334566"
"BM10552","Customer Purpose","gen34","2026-09-21","14:51:43","8967587988"
"BM10552","Customer Purpose","gen37","2026-09-21","15:32:14","8759334566"
"BM10552","Final Vault Closing","gen28","2026-09-21","18:37:22","9002434966"
"BM10552","Customer Purpose","gen1","2026-09-22","10:07:52","9002434966"
"BM10552","Customer Purpose","gen16","2026-09-22","12:11:59","9002434966"
"BM10552","Customer Purpose","gen28","2026-09-22","13:12:18","8759334566"
"BM10552","Customer Purpose","gen28","2026-09-22","13:19:16","8759334566"
"BM10552","Customer Purpose","gen23","2026-09-22","14:15:56","8967587988"
"BM10552","Final Vault Closing","gen32","2026-09-22","18:37:42","9002434966"
"BM10552","Customer Purpose","gen39","2026-09-23","10:10:41","9002434966"
"BM10552","Customer Purpose","gen26","2026-09-23","10:38:37","8759334566"
"BM10552","Customer Purpose","gen26","2026-09-23","11:46:53","8759334566"
"BM10552","Customer Purpose","gen30","2026-09-23","13:06:01","9002434966"
"BM10552","Customer Purpose","gen16","2026-09-23","13:57:31","8759334566"
"BM10552","Customer Purpose","gen2","2026-09-23","14:53:40","9002434966"
"BM10552","Customer Purpose","gen18","2026-09-23","16:37:04","8759334566"
"BM10552","Customer Purpose","gen24","2026-09-23","16:48:42","8759334566"
"BM10552","Final Vault Closing","gen","2026-09-23","18:32:51","8759334566"
"BM10552","Customer Purpose","gen6","2026-09-24","11:14:30","8759334566"
"BM10552","Customer Purpose","gen33","2026-09-24","12:37:37","8759334566"
"BM10552","Customer Purpose","gen28","2026-09-24","12:53:56","8759334566"
"BM10552","Customer Purpose","gen6","2026-09-24","13:41:50","8759334566"
"BM10552","Customer Purpose","gen12","2026-09-24","13:52:42","9002434966"
"BM10552","Customer Purpose","gen32","2026-09-24","14:17:30","8759334566"
"BM10552","Customer Purpose","gen36","2026-09-24","16:31:52","8759334566"
"BM10552","Final Vault Closing","gen20","2026-09-24","18:18:45","8759334566"
"BM10552","Customer Purpose","gen6","2026-09-25","10:58:25","9002434966"
"BM10552","Customer Purpose","gen29","2026-09-25","11:53:54","8759334566"
"BM10552","Customer Purpose","gen8","2026-09-25","13:45:10","8759334566"
"BM10552","Final Vault Closing","gen9","2026-09-25","17:56:23","8759334566"
"BM10552","Customer Purpose","gen25","2026-09-26","10:53:00","8759334566"
"BM10552","Customer Purpose","gen33","2026-09-26","11:20:59","8967587988"
"BM10552","Customer Purpose","gen5","2026-09-26","12:19:52","9002434966"
"BM10552","Customer Purpose","gen3","2026-09-26","13:23:49","8759334566"
"BM10552","Customer Purpose","gen15","2026-09-26","14:07:46","8759334566"
"BM10552","Packet Counting","gen12","2026-09-26","16:10:17","8759334566"
"BM10552","Final Vault Closing","gen25","2026-09-26","18:23:34","9002434966"
"BM10552","Audit Purpose","gen25","2026-09-27","10:52:16","9002434966"
"BM10552","Audit Purpose","gen30","2026-09-27","13:02:45","8759334566"
"BM10553","Audit Purpose","gen43","2026-09-21","10:50:59","9763165121"
"BM10553","Audit Purpose","gen3","2026-09-21","12:13:23","9763165121"
"BM10553","Audit Purpose","gen30","2026-09-21","12:50:33","9763165121"
"BM10553","Audit Purpose","gen37","2026-09-21","13:12:28","9763165121"
"BM10553","Audit Purpose","gen2","2026-09-21","13:50:30","9763165121"
"BM10553","Audit Purpose","gen22","2026-09-21","14:37:13","9763165121"
"BM10553","Audit Purpose","gen6","2026-09-21","15:24:35","9763165121"
"BM10553","Audit Purpose","gen6","2026-09-21","16:23:16","9763165121"
"BM10553","Audit Purpose","gen25","2026-09-21","16:37:52","9763165121"
"BM10553","Audit Purpose","gen4","2026-09-21","17:52:07","9763165121"
"BM10553","Final Vault Closing","gen4","2026-09-21","18:33:42","9763165121"
"BM10553","Audit Purpose","gen25","2026-09-22","10:16:05","7798866963"
"BM10553","Audit Purpose","gen33","2026-09-22","10:57:39","9075253453"
"BM10553","Audit Purpose","gen27","2026-09-22","11:25:46","7798866963"
"BM10553","Audit Purpose","gen37","2026-09-22","11:54:50","7798866963"
"BM10553","Audit Purpose","gen50","2026-09-22","12:36:24","9075253453"
"BM10553","Audit Purpose","gen13","2026-09-22","13:15:00","9075253453"
"BM10553","Audit Purpose","gen26","2026-09-22","14:03:34","9075253453"
"BM10553","Audit Purpose","gen33","2026-09-22","14:55:08","9075253453"
"BM10553","Audit Purpose","gen7","2026-09-22","15:24:04","7798866963"
"BM10553","Audit Purpose","gen3","2026-09-22","17:22:23","9075253453"
"BM10553","Audit Purpose","gen21","2026-09-22","17:46:35","7798866963"
"BM10553","Final Vault Closing","gen41","2026-09-22","18:41:04","7798866963"
"BM10553","Audit Purpose","gen5","2026-09-23","10:28:21","9763165121"
"BM10553","Audit Purpose","gen21","2026-09-23","11:28:16","9763165121"
"BM10553","Audit Purpose","gen31","2026-09-23","11:55:06","9075253453"
"BM10553","Audit Purpose","gen22","2026-09-23","12:45:56","9763165121"
"BM10553","Audit Purpose","gen14","2026-09-23","13:17:17","9763165121"
"BM10553","Audit Purpose","gen38","2026-09-23","14:52:59","9763165121"
"BM10553","Audit Purpose","gen3","2026-09-23","15:22:06","7798866963"
"BM10553","Audit Purpose","gen5","2026-09-23","16:52:22","9763165121"
"BM10553","Audit Purpose","gen21","2026-09-23","17:57:14","9763165121"
"BM10553","Final Vault Closing","iifl4","2026-09-23","19:07:47","9763165121"
"BM10553","Customer Purpose","gen35","2026-09-24","10:08:12","9763165121"
"BM10553","Customer Purpose","gen14","2026-09-24","11:45:11","9763165121"
"BM10553","Customer Purpose","gen17","2026-09-24","13:34:33","9763165121"
"BM10553","Customer Purpose","gen31","2026-09-24","15:01:14","9075253453"
"BM10553","Customer Purpose","gen19","2026-09-24","17:16:45","9763165121"
"BM10553","Final Vault Closing","iifl7","2026-09-24","19:32:55","9763165121"
"BM10553","Customer Purpose","gen7","2026-09-25","11:01:53","9075253453"
"BM10553","Customer Purpose","gen29","2026-09-25","13:23:26","9075253453"
"BM10553","Customer Purpose","gen2","2026-09-25","13:42:49","9075253453"
"BM10553","Customer Purpose","gen38","2026-09-25","15:05:04","9075253453"
"BM10553","Customer Purpose","gen26","2026-09-25","16:13:36","9075253453"
"BM10553","Final Vault Closing","gen11","2026-09-25","18:37:55","9075253453"
"BM10553","Customer Purpose","gen33","2026-09-26","10:33:48","9075253453"
"BM10553","Customer Purpose","gen11","2026-09-26","10:44:54","7798866963"
"BM10553","Customer Purpose","gen21","2026-09-26","10:59:43","9075253453"
"BM10553","Customer Purpose","gen24","2026-09-26","11:26:11","9763165121"
"BM10553","Customer Purpose","gen9","2026-09-26","11:51:12","9763165121"
"BM10553","Customer Purpose","gen18","2026-09-26","12:21:10","9763165121"
"BM10553","Customer Purpose","gen29","2026-09-26","14:15:49","9763165121"
"BM10553","Packet Counting","gen18","2026-09-26","14:40:26","9763165121"
"BM10553","Final Vault Closing","gen29","2026-09-26","18:19:29","7798866963"
"BM10553","Customer Purpose","gen39","2026-09-27","11:18:13","9075253453"
"BM10553","Customer Purpose","gen19","2026-09-27","11:51:51","7798866963"
"BM10554","Customer Purpose","gen15","2026-09-21","12:27:39","7908846159"
"BM10554","Customer Purpose","gen30","2026-09-21","12:36:02","8918262972"
"BM10554","Final Vault Closing","iifl4","2026-09-21","18:51:07","8918262972"
"BM10554","Customer Purpose","gen8","2026-09-22","12:53:34","9002542409"
"BM10554","Customer Purpose","gen5","2026-09-22","13:48:07","8918262972"
"BM10554","Final Vault Closing","gen20","2026-09-22","18:22:58","8918262972"
"BM10554","Customer Purpose","gen3","2026-09-23","12:20:03","9002542409"
"BM10554","Customer Purpose","gen21","2026-09-23","17:14:51","9002542409"
"BM10554","Customer Purpose","gen21","2026-09-23","18:36:24","9002542409"
"BM10554","Final Vault Closing","iifl7","2026-09-23","18:59:55","8918262972"
"BM10554","Customer Purpose","gen38","2026-09-24","14:33:57","8918262972"
"BM10554","Customer Purpose","gen29","2026-09-24","16:10:17","9002542409"
"BM10554","Final Vault Closing","gen10","2026-09-24","18:51:41","8918262972"
"BM10554","Customer Purpose","gen29","2026-09-25","10:19:40","9002542409"
"BM10554","Final Vault Closing","gen21","2026-09-25","18:31:45","9002542409"
"BM10554","Customer Purpose","gen28","2026-09-26","12:28:18","8918262972"
"BM10554","Customer Purpose","gen14","2026-09-26","14:08:39","9002542409"
"BM10554","Packet Counting","gen14","2026-09-26","14:54:56","9002542409"
"BM10554","Final Vault Closing","gen14","2026-09-26","18:33:01","9002542409"
"BM10554","Customer Purpose","gen30","2026-09-27","11:35:36","TIME 11:29"
"BM10556","Customer Purpose","gen7","2026-09-21","12:24:52","8812943853"
"BM10556","Customer Purpose","gen16","2026-09-21","15:19:34","8812943853"
"BM10556","Customer Purpose","gen26","2026-09-21","16:12:29","7002899265"
"BM10556","Final Vault Closing","gen22","2026-09-21","18:48:39","8812943853"
"BM10556","Customer Purpose","gen17","2026-09-22","12:08:32","8812943853"
"BM10556","Customer Purpose","gen15","2026-09-22","12:18:51","7002899265"
"BM10556","Customer Purpose","gen5","2026-09-22","14:03:17","8812943853"
"BM10556","Customer Purpose","gen5","2026-09-22","14:13:04","8812943853"
"BM10556","Customer Purpose","gen1","2026-09-22","16:57:59","7002899265"
"BM10556","Final Vault Closing","iifl2","2026-09-22","19:03:28","8812943853"
"BM10556","Customer Purpose","gen11","2026-09-23","12:05:46","7002677708"
"BM10556","Customer Purpose","gen14","2026-09-23","12:18:21","8812943853"
"BM10556","Packet Counting","gen1","2026-09-23","13:14:17","8812943853"
"BM10556","Customer Purpose","gen10","2026-09-23","16:22:56","7002899265"
"BM10556","Packet Counting","gen27","2026-09-23","16:44:56","7002899265"
"BM10556","Packet Counting","gen31","2026-09-23","18:07:40","CUSTOODIAN"
"BM10556","Final Vault Closing","gen18","2026-09-23","18:42:08","7002677708"
"BM10556","Customer Purpose","gen29","2026-09-24","11:32:45","8812943853"
"BM10556","Customer Purpose","gen17","2026-09-24","13:23:57","8812943853"
"BM10556","Customer Purpose","gen21","2026-09-24","16:27:09","7002899265"
"BM10556","Final Vault Closing","gen17","2026-09-24","18:58:02","8812943853"
"BM10556","Customer Purpose","gen31","2026-09-25","10:10:04","8812943853"
"BM10556","Customer Purpose","gen7","2026-09-25","11:46:49","8812943853"
"BM10556","Customer Purpose","gen9","2026-09-25","12:50:32","7002899265"
"BM10556","Customer Purpose","gen32","2026-09-25","15:58:29","8812943853"
"BM10556","Final Vault Closing","gen11","2026-09-25","18:34:47","8812943853"
"BM10556","Customer Purpose","gen26","2026-09-26","11:50:21","8812943853"
"BM10556","Customer Purpose","gen7","2026-09-26","12:17:11","8812943853"
"BM10556","Customer Purpose","gen35","2026-09-26","13:40:03","7002899265"
"BM10556","Final Vault Closing","gen23","2026-09-26","18:48:34","AL CLOSING"
"BM10556","Customer Purpose","gen23","2026-09-27","11:16:19","7002677708"
"BM10556","Final Vault Closing","gen32","2026-09-27","14:31:50","7002677708"
"BM10557","Customer Purpose","gen6","2026-09-21","10:31:16","7702738030"
"BM10557","Customer Purpose","gen43","2026-09-21","12:07:36","7995566589"
"BM10557","Customer Purpose","gen37","2026-09-21","12:25:23","7995566589"
"BM10557","Customer Purpose","gen34","2026-09-21","12:58:59","9666950241"
"BM10557","Customer Purpose","gen43","2026-09-21","13:36:21","7702738030"
"BM10557","Customer Purpose","gen4","2026-09-21","15:58:11","7995566589"
"BM10557","Final Vault Closing","gen34","2026-09-21","18:04:05","9666950241"
"BM10557","Customer Purpose","gen35","2026-09-22","10:42:20","9666950241"
"BM10557","Customer Purpose","gen5","2026-09-22","11:31:50","7995566589"
"BM10557","Customer Purpose","gen11","2026-09-22","11:45:39","7995566589"
"BM10557","Customer Purpose","gen31","2026-09-22","12:18:44","9666950241"
"BM10557","Customer Purpose","gen10","2026-09-22","13:48:24","9666950241"
"BM10557","Customer Purpose","gen29","2026-09-22","17:07:42","9666950241"
"BM10557","Final Vault Closing","gen22","2026-09-22","18:30:59","9666950241"
"BM10557","Customer Purpose","gen5","2026-09-23","10:44:35","7995566589"
"BM10557","Customer Purpose","gen22","2026-09-23","11:46:11","9666950241"
"BM10557","Customer Purpose","gen8","2026-09-23","13:46:41","9666950241"
"BM10557","Customer Purpose","gen10","2026-09-23","16:18:19","9666950241"
"BM10557","Customer Purpose","gen20","2026-09-23","16:34:18","7995566589"
"BM10557","Customer Purpose","gen21","2026-09-23","16:48:23","9666950241"
"BM10557","Customer Purpose","gen31","2026-09-23","17:01:42","9666950241"
"BM10557","Final Vault Closing","gen38","2026-09-23","17:52:50","7702738030"
"BM10557","Customer Purpose","gen13","2026-09-24","11:19:35","9666950241"
"BM10557","Customer Purpose","gen23","2026-09-24","11:31:43","7702738030"
"BM10557","Customer Purpose","gen30","2026-09-24","12:42:31","9666950241"
"BM10557","Customer Purpose","gen32","2026-09-24","13:35:24","9666950241"
"BM10557","Customer Purpose","gen","2026-09-24","15:40:33","9666950241"
"BM10557","Customer Purpose","gen9","2026-09-24","16:12:45","9666950241"
"BM10557","Final Vault Closing","gen18","2026-09-24","18:23:57","9666950241"
"BM10557","Customer Purpose","gen32","2026-09-25","10:21:01","9666950241"
"BM10557","Customer Purpose","gen37","2026-09-25","12:06:02","7995566589"
"BM10557","Customer Purpose","gen21","2026-09-25","12:44:38","9666950241"
"BM10557","Customer Purpose","gen28","2026-09-25","13:11:48","9666950241"
"BM10557","Customer Purpose","gen38","2026-09-25","14:45:00","7702738030"
"BM10557","Customer Purpose","gen24","2026-09-25","15:01:27","7702738030"
"BM10557","Customer Purpose","gen8","2026-09-25","16:49:46","9666950241"
"BM10557","Customer Purpose","gen1","2026-09-25","17:56:40","7995566589"
"BM10557","Final Vault Closing","gen39","2026-09-25","18:40:40","7995566589"
"BM10557","Customer Purpose","gen49","2026-09-26","10:55:23","9666950241"
"BM10557","Customer Purpose","gen29","2026-09-26","11:21:18","7995566589"
"BM10557","Customer Purpose","gen2","2026-09-26","11:43:32","7995566589"
"BM10557","Customer Purpose","gen36","2026-09-26","13:06:46","7995566589"
"BM10557","Customer Purpose","gen32","2026-09-26","13:43:29","9666950241"
"BM10557","Customer Purpose","gen18","2026-09-26","15:01:30","9666950241"
"BM10557","Packet Counting","gen33","2026-09-26","15:52:35","9666950241"
"BM10557","Packet Counting","gen1","2026-09-26","16:54:06","9666950241"
"BM10557","Packet Counting","gen4","2026-09-26","17:47:04","9666950241"
"BM10557","Customer Purpose","gen19","2026-09-26","18:12:39","7995566589"
"BM10557","Final Vault Closing","iifl6","2026-09-26","19:36:30","7995566589"
"BM10557","Customer Purpose","gen9","2026-09-27","11:43:07","7995566589"
"BM10557","Customer Purpose","gen19","2026-09-27","13:14:14","7995566589"
"BM10558","Customer Purpose","gen26","2026-09-21","10:41:30","9728987678"
"BM10558","Customer Purpose","gen16","2026-09-21","17:55:54","9911024007"
"BM10558","Final Vault Closing","gen27","2026-09-21","18:10:12","9588332884"
"BM10558","Customer Purpose","gen25","2026-09-22","11:23:59","9728987678"
"BM10558","Final Vault Closing","gen20","2026-09-22","18:37:55","9588332884"
"BM10558","Customer Purpose","gen12","2026-09-23","11:34:28","9588332884"
"BM10558","Final Vault Closing","gen11","2026-09-23","18:13:14","9588332884"
"BM10558","Final Vault Closing","gen12","2026-09-24","18:11:55","9588332884"
"BM10558","Customer Purpose","gen15","2026-09-25","11:14:05","9728987678"
"BM10558","Customer Purpose","gen6","2026-09-25","13:39:21","9728987678"
"BM10558","Final Vault Closing","gen10","2026-09-25","18:28:34","9728987678"
"BM10558","Customer Purpose","gen18","2026-09-26","11:48:52","9728987678"
"BM10558","Final Vault Closing","gen32","2026-09-26","18:18:43","9911024007"
"BM10561","Customer Purpose","gen1","2026-09-21","16:52:15","9359278892"
"BM10561","Customer Purpose","gen14","2026-09-22","10:27:16","9359278892"
"BM10561","Customer Purpose","gen19","2026-09-22","13:06:07","9359278892"
"BM10561","Customer Purpose","gen22","2026-09-22","13:57:22","9359278892"
"BM10561","Customer Purpose","gen33","2026-09-22","15:01:35","9930884085"
"BM10561","Customer Purpose","gen24","2026-09-22","15:16:08","9930884085"
"BM10561","Final Vault Closing","gen20","2026-09-22","18:17:11","9359278892"
"BM10561","Customer Purpose","gen14","2026-09-23","10:18:27","9359278892"
"BM10561","Audit Purpose","gen32","2026-09-23","11:29:07","9359278892"
"BM10561","Customer Purpose","gen38","2026-09-23","13:28:08","9359278892"
"BM10561","Customer Purpose","gen10","2026-09-23","14:40:09","9359278892"
"BM10561","Final Vault Closing","iifl7","2026-09-23","19:43:37","9930884085"
"BM10561","Customer Purpose","gen39","2026-09-24","10:21:28","9930884085"
"BM10561","Customer Purpose","gen10","2026-09-24","11:42:15","9359278892"
"BM10561","Final Vault Closing","iifl2","2026-09-24","19:06:20","9359278892"
"BM10561","Customer Purpose","gen19","2026-09-25","13:03:55","9930884085"
"BM10561","Customer Purpose","gen6","2026-09-26","11:21:27","9930884085"
"BM10561","Customer Purpose","gen49","2026-09-26","11:36:22","9930884085"
"BM10561","Customer Purpose","gen35","2026-09-26","11:55:17","9930884085"
"BM10561","Customer Purpose","gen6","2026-09-26","12:18:15","9930884085"
"BM10561","Customer Purpose","gen22","2026-09-26","14:34:47","9930884085"
"BM10561","Customer Purpose","gen29","2026-09-26","14:55:28","9930884085"
"BM10561","Customer Purpose","gen25","2026-09-26","15:58:00","9136530126"
"BM10561","Packet Counting","gen22","2026-09-26","17:11:30","9930884085"
"BM10561","Final Vault Closing","gen29","2026-09-26","18:24:20","9930884085"
"BM10562","Customer Purpose","gen1","2026-09-21","13:32:23","8340574538"
"BM10562","Final Vault Closing","gen32","2026-09-21","18:20:34","8340574538"
"BM10562","Customer Purpose","gen33","2026-09-22","15:50:58","8340574538"
"BM10562","Final Vault Closing","gen20","2026-09-22","18:27:39","7004932434"
"BM10562","Final Vault Closing","gen17","2026-09-23","18:19:16","8340574538"
"BM10562","Customer Purpose","gen8","2026-09-24","17:03:02","7004932434"
"BM10562","Final Vault Closing","gen14","2026-09-25","17:35:44","8340574538"
"BM10562","Packet Counting","gen36","2026-09-26","13:13:05","8340574538"
"BM10562","Customer Purpose","gen17","2026-09-26","14:41:33","8340574538"
"BM10563","Final Vault Closing","gen26","2026-09-21","18:00:25","9678511548"
"BM10563","Customer Purpose","gen25","2026-09-22","12:12:48","9678511548"
"BM10563","Customer Purpose","gen4","2026-09-22","15:34:05","9678511548"
"BM10563","Customer Purpose","gen4","2026-09-22","15:59:49","9678511548"
"BM10563","Final Vault Closing","gen14","2026-09-22","17:50:46","6003195654"
"BM10563","Final Vault Closing","gen11","2026-09-23","17:51:07","6003195654"
"BM10563","Customer Purpose","gen13","2026-09-24","16:32:58","7002201350"
"BM10563","Final Vault Closing","gen5","2026-09-24","18:11:36","9678511548"
"BM10563","Customer Purpose","gen21","2026-09-25","11:44:04","7002201350"
"BM10563","Customer Purpose","gen7","2026-09-25","14:01:22","6003195654"
"BM10563","Final Vault Closing","gen32","2026-09-25","18:27:32","6003195654"
"BM10563","Customer Purpose","gen14","2026-09-26","10:58:53","6003195654"
"BM10563","Customer Purpose","gen26","2026-09-26","12:09:36","9678511548"
"BM10563","Customer Purpose","gen9","2026-09-26","12:39:12","9678511548"
"BM10563","Final Vault Closing","gen19","2026-09-26","18:43:15","9678511548"
"BM10564","Customer Purpose","gen","2026-09-21","11:08:15","7908137269"
"BM10564","Customer Purpose","gen6","2026-09-21","13:42:55","7908137269"
"BM10564","Final Vault Closing","gen41","2026-09-21","17:44:31","8348321198"
"BM10564","Customer Purpose","gen41","2026-09-22","10:37:15","8348321198"
"BM10564","Customer Purpose","gen37","2026-09-22","12:10:51","7908137269"
"BM10564","Customer Purpose","gen20","2026-09-22","13:37:11","7908137269"
"BM10564","Final Vault Closing","gen15","2026-09-22","17:47:50","7908137269"
"BM10564","Final Vault Closing","gen24","2026-09-23","17:39:58","7908137269"
"BM10564","Customer Purpose","gen12","2026-09-24","11:39:24","8348321198"
"BM10564","Customer Purpose","gen16","2026-09-24","12:43:10","8348321198"
"BM10564","Customer Purpose","gen35","2026-09-24","13:32:56","8348321198"
"BM10564","Final Vault Closing","gen37","2026-09-24","17:46:40","7908137269"
"BM10564","Customer Purpose","gen35","2026-09-25","15:31:59","7908137269"
"BM10564","Final Vault Closing","gen14","2026-09-25","18:01:20","7908137269"
"BM10564","Customer Purpose","gen1","2026-09-26","10:57:12","7908137269"
"BM10564","Customer Purpose","gen30","2026-09-26","12:37:24","7908137269"
"BM10564","Packet Counting","gen33","2026-09-26","17:27:08","7908137269"
"BM10564","Customer Purpose","gen16","2026-09-27","12:28:06","8348321198"
"BM10565","Customer Purpose","gen2","2026-09-21","10:54:14","9064618539"
"BM10565","Customer Purpose","gen9","2026-09-21","11:20:21","9064618539"
"BM10565","Customer Purpose","gen25","2026-09-21","12:58:02","9064618539"
"BM10565","Customer Purpose","gen7","2026-09-21","16:10:17","9932703992"
"BM10565","Customer Purpose","gen29","2026-09-21","17:19:55","9932703992"
"BM10565","Final Vault Closing","gen30","2026-09-21","18:15:05","9064618539"
"BM10565","Customer Purpose","gen16","2026-09-22","12:23:34","9932703992"
"BM10565","Final Vault Closing","gen41","2026-09-22","18:31:07","9064618539"
"BM10565","Customer Purpose","gen16","2026-09-23","16:25:50","9932703992"
"BM10565","Customer Purpose","gen36","2026-09-23","17:51:32","9932703992"
"BM10565","Final Vault Closing","gen36","2026-09-23","18:52:06","9932703992"
"BM10565","Customer Purpose","gen24","2026-09-24","10:11:35","6297380583"
"BM10565","Customer Purpose","gen17","2026-09-24","11:01:54","9064618539"
"BM10565","Customer Purpose","gen23","2026-09-24","12:04:38","9932703992"
"BM10565","Customer Purpose","gen17","2026-09-24","13:53:07","9932703992"
"BM10565","Customer Purpose","gen1","2026-09-24","16:57:06","9064618539"
"BM10565","Final Vault Closing","gen6","2026-09-24","17:58:10","9932703992"
"BM10565","Customer Purpose","gen7","2026-09-25","16:08:09","9932703992"
"BM10565","Final Vault Closing","gen10","2026-09-25","18:30:45","9932703992"
"BM10565","Customer Purpose","gen7","2026-09-26","10:26:14","9064618539"
"BM10565","Customer Purpose","gen29","2026-09-26","11:53:53","9932703992"
"BM10565","Customer Purpose","gen22","2026-09-26","12:49:13","9064618539"
"BM10565","Packet Counting","gen17","2026-09-26","14:21:16","9932703992"
"BM10565","Packet Counting","gen17","2026-09-26","15:27:11","9932703992"
"BM10565","Packet Counting","gen17","2026-09-26","16:05:58","9932703992"
"BM10565","Packet Counting","gen6","2026-09-26","16:54:40","9932703992"
"BM10565","Final Vault Closing","gen22","2026-09-26","18:05:54","9932703992"
"BM10565","Final Vault Closing","gen25","2026-09-26","18:24:50","ANCH STAFF"
"BM10565","Customer Purpose","gen39","2026-09-27","11:01:02","9064618539"
"BM10567","Customer Purpose","gen30","2026-09-21","14:37:54","9963996707"
"BM10567","Customer Purpose","gen35","2026-09-21","17:48:59","9100610185"
"BM10567","Final Vault Closing","gen41","2026-09-21","18:24:52","9963996707"
"BM10567","Customer Purpose","gen50","2026-09-22","12:25:17","9100610185"
"BM10567","Customer Purpose","gen31","2026-09-22","14:07:43","9553334113"
"BM10567","Final Vault Closing","gen15","2026-09-22","18:17:18","9553334113"
"BM10567","Customer Purpose","gen17","2026-09-23","15:53:16","9100610185"
"BM10567","Final Vault Closing","gen22","2026-09-23","17:58:59","9553334113"
"BM10567","Final Vault Closing","gen36","2026-09-24","18:43:01","9100610185"
"BM10567","Customer Purpose","gen37","2026-09-25","16:27:18","9553334113"
"BM10567","Final Vault Closing","gen28","2026-09-25","17:52:13","9100610185"
"BM10567","Customer Purpose","gen9","2026-09-26","11:37:02","9100610185"
"BM10567","Customer Purpose","gen29","2026-09-26","13:59:22","9963996707"
"BM10567","Packet Counting","gen30","2026-09-26","15:39:27","9963996707"
"BM10567","Final Vault Closing","gen34","2026-09-26","18:41:19","9100610185"
"BM10570","Final Vault Closing","gen2","2026-09-21","18:26:02","9593840665"
"BM10570","Final Vault Closing","gen30","2026-09-22","18:10:17","9007477030"
"BM10570","Customer Purpose","gen4","2026-09-23","12:40:17","9593840665"
"BM10570","Final Vault Closing","gen2","2026-09-23","18:32:16","9593840665"
"BM10570","Customer Purpose","gen3","2026-09-24","15:11:29","9593840665"
"BM10570","Final Vault Closing","gen22","2026-09-24","18:19:20","9593840665"
"BM10570","Final Vault Closing","gen17","2026-09-25","18:11:05","9903007118"
"BM10570","Final Vault Closing","gen5","2026-09-26","18:38:43","9556167848"
"BM10571","Customer Purpose","gen9","2026-09-21","15:35:27","8403006557"
"BM10571","Customer Purpose","gen3","2026-09-21","16:44:36","8403006557"
"BM10571","Final Vault Closing","gen50","2026-09-21","18:03:36","8822568553"
"BM10571","Final Vault Closing","gen14","2026-09-22","18:10:02","8822568553"
"BM10571","Customer Purpose","gen35","2026-09-24","14:09:49","8403006557"
"BM10571","Final Vault Closing","gen17","2026-09-24","18:17:30","8822568553"
"BM10571","Final Vault Closing","gen6","2026-09-25","17:31:46","8403006557"
"BM10571","Customer Purpose","gen21","2026-09-26","13:55:03","8403006557"
"BM10571","Packet Counting","gen37","2026-09-26","15:37:10","8822568553"
"BM10571","Customer Purpose","gen8","2026-09-26","16:40:42","8822568553"
"BM10571","Final Vault Closing","gen10","2026-09-26","17:38:53","8822568553"
"BM10572","Customer Purpose","gen23","2026-09-21","13:00:19","8638860935"
"BM10572","Final Vault Closing","gen3","2026-09-21","18:08:08","8638860935"
"BM10572","Final Vault Closing","gen50","2026-09-22","17:57:50","8638860935"
"BM10572","Final Vault Closing","gen16","2026-09-23","18:04:17","9954217318"
"BM10572","Final Vault Closing","iifl7","2026-09-24","19:11:57","8638860935"
"BM10572","Final Vault Closing","gen26","2026-09-25","18:05:47","8638860935"
"BM10572","Packet Counting","gen11","2026-09-26","13:39:32",": 13:36:00"
"BM10572","Packet Counting","gen3","2026-09-26","16:17:18","8638860935"
"BM10572","Final Vault Closing","gen11","2026-09-26","17:58:58","8638860935"
"BM10573","Customer Purpose","gen26","2026-09-21","12:43:30","9866689269"
"BM10573","Customer Purpose","gen12","2026-09-21","14:35:41","9177468193"
"BM10573","Final Vault Closing","gen24","2026-09-21","17:49:43","9177468193"
"BM10573","Customer Purpose","gen4","2026-09-22","15:38:14","9866689269"
"BM10573","Customer Purpose","gen9","2026-09-22","15:55:55","9866689269"
"BM10573","Final Vault Closing","gen32","2026-09-22","18:06:33","6305670182"
"BM10573","Final Vault Closing","gen6","2026-09-23","18:47:26","6305670182"
"BM10573","Customer Purpose","gen16","2026-09-24","13:00:45","9177468193"
"BM10573","Customer Purpose","gen39","2026-09-24","13:45:07","9866689269"
"BM10573","Customer Purpose","gen5","2026-09-25","11:11:35","9866689269"
"BM10573","Customer Purpose","gen7","2026-09-25","12:53:41","9866689269"
"BM10573","Customer Purpose","gen1","2026-09-25","16:09:07","6305670182"
"BM10573","Final Vault Closing","gen38","2026-09-25","18:08:46","9866689269"
"BM10573","Customer Purpose","gen1","2026-09-26","10:35:39","9866689269"
"BM10573","Customer Purpose","gen14","2026-09-26","16:10:07","6305670182"
"BM10573","Packet Counting","gen31","2026-09-26","16:37:32","6305670182"
"BM10573","Final Vault Closing","gen17","2026-09-26","17:55:27","6305670182"
"BM10574","Final Vault Closing","gen20","2026-09-21","17:58:05","8074338143"
"BM10574","Customer Purpose","gen23","2026-09-22","13:51:28","9848235025"
"BM10574","Customer Purpose","gen50","2026-09-22","16:38:28","8074338143"
"BM10574","Final Vault Closing","gen22","2026-09-22","17:56:49","8074338143"
"BM10574","Customer Purpose","gen37","2026-09-23","11:48:32","8074338143"
"BM10574","Customer Purpose","gen30","2026-09-23","12:16:57","8074338143"
"BM10574","Final Vault Closing","gen39","2026-09-23","17:58:37","8074338143"
"BM10574","Final Vault Closing","gen6","2026-09-24","17:51:21","8074338143"
"BM10574","Customer Purpose","gen21","2026-09-25","12:06:48","8074338143"
"BM10574","Final Vault Closing","gen22","2026-09-25","17:53:46","8074338143"
"BM10574","Customer Purpose","gen29","2026-09-26","12:06:08","8074338143"
"BM10574","Packet Counting","gen36","2026-09-26","15:55:43","8074338143"
"BM10575","Customer Purpose","gen19","2026-09-21","11:18:21","8081409186"
"BM10575","Customer Purpose","gen30","2026-09-21","14:32:26","8081409186"
"BM10575","Customer Purpose","gen10","2026-09-21","15:04:17","8081409186"
"BM10575","Final Vault Closing","gen35","2026-09-21","18:14:05","8081409186"
"BM10575","Customer Purpose","gen34","2026-09-22","10:33:29","8081409186"
"BM10575","Customer Purpose","gen17","2026-09-22","13:06:28","8081409186"
"BM10575","Customer Purpose","gen2","2026-09-22","14:40:02","8081409186"
"BM10575","Customer Purpose","gen37","2026-09-22","17:11:53","8081409186"
"BM10575","Final Vault Closing","gen7","2026-09-22","17:49:20","8081409186"
"BM10575","Final Vault Closing","gen10","2026-09-23","17:44:06","8081409186"
"BM10575","Customer Purpose","gen25","2026-09-24","12:37:48","7307288428"
"BM10575","Final Vault Closing","gen3","2026-09-24","18:12:00","8081409186"
"BM10575","Customer Purpose","gen","2026-09-25","12:04:03","8081409186"
"BM10575","Customer Purpose","gen4","2026-09-25","13:36:46","8081409186"
"BM10575","Customer Purpose","gen25","2026-09-25","17:32:08","9956834268"
"BM10575","Final Vault Closing","gen17","2026-09-25","18:23:32","8081409186"
"BM10575","Customer Purpose","gen17","2026-09-26","11:43:51","9956834268"
"BM10575","Customer Purpose","gen35","2026-09-26","15:29:25","9956834268"
"BM10575","Packet Counting","gen24","2026-09-26","16:42:38","9956834268"
"BM10575","Final Vault Closing","gen22","2026-09-26","17:56:04","8081409186"
"BM10575","Customer Purpose","gen38","2026-09-27","13:03:41","7307288428"
"BM10575","Customer Purpose","gen8","2026-09-27","13:56:35","7307288428"
"BM10576","Final Vault Closing","gen30","2026-09-21","18:21:24","8920530520"
"BM10576","Customer Purpose","gen22","2026-09-22","14:04:17","9140638199"
"BM10576","Customer Purpose","gen14","2026-09-22","14:24:57","8920530520"
"BM10576","Final Vault Closing","gen17","2026-09-22","18:24:16","8920530520"
"BM10576","Final Vault Closing","gen24","2026-09-23","18:30:55","9569376503"
"BM10576","Customer Purpose","gen15","2026-09-24","10:55:03","8920530520"
"BM10576","Customer Purpose","gen7","2026-09-24","11:57:57","8920530520"
"BM10576","Final Vault Closing","gen37","2026-09-24","18:23:19","8920530520"
"BM10576","Customer Purpose","gen29","2026-09-25","15:55:57","9569376503"
"BM10576","Final Vault Closing","gen4","2026-09-25","18:29:51","8920530520"
"BM10576","Audit Purpose","gen31","2026-09-26","11:12:55","9140638199"
"BM10576","Audit Purpose","gen3","2026-09-26","11:34:42","9140638199"
"BM10576","Audit Purpose","gen15","2026-09-26","12:19:11","8920530520"
"BM10576","Audit Purpose","gen9","2026-09-26","13:00:55","8920530520"
"BM10576","Audit Purpose","gen37","2026-09-26","14:28:19","8920530520"
"BM10576","Final Vault Closing","gen17","2026-09-26","18:13:01","9140638199"
"BM10577","Customer Purpose","gen29","2026-09-21","10:45:16","8384883212"
"BM10577","Customer Purpose","gen30","2026-09-21","11:01:25","8410240168"
"BM10577","Customer Purpose","gen14","2026-09-21","11:29:54","8384883212"
"BM10577","Customer Purpose","gen16","2026-09-21","12:08:12","8410240168"
"BM10577","Customer Purpose","gen6","2026-09-21","13:58:13","8410240168"
"BM10577","Customer Purpose","gen16","2026-09-21","15:09:29","8410240168"
"BM10577","Customer Purpose","gen2","2026-09-21","16:52:56","8384883212"
"BM10577","Final Vault Closing","gen50","2026-09-21","18:06:38","8384883212"
"BM10577","Customer Purpose","gen1","2026-09-22","10:58:48","8384883212"
"BM10577","Customer Purpose","gen39","2026-09-22","11:45:06","8384883212"
"BM10577","Customer Purpose","gen50","2026-09-22","12:02:06","8384883212"
"BM10577","Customer Purpose","gen15","2026-09-22","14:42:30","8384883212"
"BM10577","Customer Purpose","gen15","2026-09-22","15:29:10","8384883212"
"BM10577","Customer Purpose","gen27","2026-09-22","17:22:58","8384883212"
"BM10577","Final Vault Closing","gen15","2026-09-22","18:32:34","8384883212"
"BM10577","Customer Purpose","gen23","2026-09-23","11:37:26","6397348654"
"BM10577","Customer Purpose","gen23","2026-09-23","14:29:16","8410240168"
"BM10577","Final Vault Closing","gen33","2026-09-23","18:00:39","8410240168"
"BM10577","Customer Purpose","gen37","2026-09-24","13:14:30","8410240168"
"BM10577","Final Vault Closing","gen20","2026-09-24","18:15:34","8384883212"
"BM10577","Final Vault Closing","gen39","2026-09-25","18:25:39","6397348654"
"BM10577","Packet Counting","gen20","2026-09-26","16:54:37","8410240168"
"BM10577","Packet Counting","gen4","2026-09-26","16:58:49","8410240168"
"BM10577","Audit Purpose","gen36","2026-09-27","11:03:43","8384883212"
"BM10577","Audit Purpose","gen8","2026-09-27","12:19:46","8384883212"
"BM10577","Audit Purpose","gen11","2026-09-27","13:12:43","8410240168"
"BM10577","Audit Purpose","gen6","2026-09-27","14:03:40","8384883212"
"BM10577","Audit Purpose","gen37","2026-09-27","14:28:38","8384883212"
"BM10578","Customer Purpose","gen24","2026-09-21","11:28:10","6392829396"
"BM10578","Customer Purpose","gen27","2026-09-21","12:33:00","6392829396"
"BM10578","Customer Purpose","gen32","2026-09-21","14:25:56","6392829396"
"BM10578","Final Vault Closing","gen20","2026-09-21","18:12:26","DIAN 1/2/3"
"BM10578","Final Vault Closing","gen10","2026-09-22","18:01:51","6392829396"
"BM10578","Customer Purpose","gen30","2026-09-23","11:19:44","6392829396"
"BM10578","Customer Purpose","gen36","2026-09-23","13:44:32","6386432505"
"BM10578","Final Vault Closing","gen38","2026-09-23","18:06:11","6386432505"
"BM10578","Final Vault Closing","gen38","2026-09-23","18:06:21",""
"BM10578","Customer Purpose","gen3","2026-09-24","12:22:20","6386432505"
"BM10578","Final Vault Closing","gen17","2026-09-24","18:06:36","6392829396"
"BM10578","Final Vault Closing","gen37","2026-09-25","18:04:59","6386432505"
"BM10578","Customer Purpose","gen28","2026-09-26","17:18:03","6392829396"
"BM10578","Customer Purpose","gen32","2026-09-27","12:44:40","6392829396"
"BM10579","Customer Purpose","gen3","2026-09-21","11:06:58","8102105471"
"BM10579","Customer Purpose","gen","2026-09-21","17:10:53","8918789840"
"BM10579","Final Vault Closing","gen26","2026-09-22","18:20:13","8102105471"
"BM10579","Customer Purpose","gen19","2026-09-23","13:00:20","8102105471"
"BM10579","Final Vault Closing","gen36","2026-09-23","18:08:11","8918119874"
"BM10579","Customer Purpose","gen28","2026-09-24","11:14:59","8102105471"
"BM10579","Customer Purpose","gen14","2026-09-24","11:35:36","8102105471"
"BM10579","Customer Purpose","gen34","2026-09-24","15:27:36","8102105471"
"BM10579","Final Vault Closing","gen25","2026-09-24","17:43:11","8102105471"
"BM10579","Final Vault Closing","gen14","2026-09-25","18:13:54","8102105471"
"BM10579","Customer Purpose","gen20","2026-09-26","11:17:02","8102105471"
"BM10579","Packet Counting","gen24","2026-09-26","14:04:46","8918119874"
"BM10579","Final Vault Closing","gen11","2026-09-26","18:03:50","8918119874"
"BM10579","Customer Purpose","gen25","2026-09-27","13:59:35","8918119874"
"BM10581","Customer Purpose","gen7","2026-09-21","10:33:11","9772081827"
"BM10581","Customer Purpose","gen35","2026-09-21","15:15:35","7665098839"
"BM10581","Customer Purpose","gen35","2026-09-22","12:32:04","7877674795"
"BM10581","Customer Purpose","gen31","2026-09-22","14:52:07","7877674795"
"BM10581","Final Vault Closing","gen33","2026-09-22","18:24:29","9772081827"
"BM10581","Customer Purpose","gen17","2026-09-23","11:23:36","7877674795"
"BM10581","Customer Purpose","gen17","2026-09-23","11:35:58","7877674795"
"BM10581","Customer Purpose","gen18","2026-09-23","12:17:16","2:12:54 pm"
"BM10581","Customer Purpose","gen18","2026-09-23","13:08:12","t 13:02 pm"
"BM10581","Customer Purpose","gen37","2026-09-23","16:16:54","7665098839"
"BM10581","Customer Purpose","gen","2026-09-23","17:59:24","7665098839"
"BM10581","Customer Purpose","gen2","2026-09-24","11:00:58","9772081827"
"BM10581","Customer Purpose","gen30","2026-09-24","12:37:06","9772081827"
"BM10581","Customer Purpose","gen39","2026-09-24","14:12:17","9772081827"
"BM10581","Customer Purpose","gen4","2026-09-24","15:35:00","7665098839"
"BM10581","Final Vault Closing","gen31","2026-09-24","18:04:06","7665098839"
"BM10581","Customer Purpose","gen7","2026-09-25","11:51:21","9772081827"
"BM10581","Final Vault Closing","gen25","2026-09-25","18:23:27","9772081827"
"BM10581","Customer Purpose","gen36","2026-09-26","14:51:11","9772081827"
"BM10581","Packet Counting","gen33","2026-09-26","15:28:58","7665098839"
"BM10581","Final Vault Closing","gen23","2026-09-26","17:57:59","7665098839"
"BM10582","Customer Purpose","gen19","2026-09-21","11:21:22","6302861896"
"BM10582","Customer Purpose","gen7","2026-09-21","12:28:05","6302861896"
"BM10582","Customer Purpose","gen10","2026-09-21","14:47:39","6302861896"
"BM10582","Final Vault Closing","gen9","2026-09-21","18:36:57","8886098464"
"BM10582","Customer Purpose","gen22","2026-09-22","12:27:16","6302861896"
"BM10582","Final Vault Closing","gen","2026-09-22","18:03:14","8886098464"
"BM10582","Customer Purpose","gen21","2026-09-23","10:15:02","8886098464"
"BM10582","Customer Purpose","gen18","2026-09-23","12:57:31","6302861896"
"BM10582","Final Vault Closing","gen16","2026-09-23","17:57:08","6302861896"
"BM10582","Customer Purpose","gen38","2026-09-24","11:15:11","8886098464"
"BM10582","Final Vault Closing","gen37","2026-09-24","18:14:46","9949727171"
"BM10582","Customer Purpose","gen36","2026-09-25","11:46:28","9949727171"
"BM10582","Customer Purpose","gen26","2026-09-25","16:45:50","6302861896"
"BM10582","Final Vault Closing","gen29","2026-09-25","17:56:16","8886098464"
"BM10582","Customer Purpose","gen24","2026-09-26","11:23:07","8886098464"
"BM10582","Customer Purpose","gen22","2026-09-26","12:40:37","9949727171"
"BM10582","Final Vault Closing","gen21","2026-09-26","18:27:07","8886098464"
"BM10582","Customer Purpose","gen1","2026-09-27","10:51:25","9949727171"
"BM10583","Customer Purpose","gen25","2026-09-21","15:53:09","9553554522"
"BM10583","Final Vault Closing","gen11","2026-09-21","17:38:07","9639630528"
"BM10583","Customer Purpose","gen5","2026-09-22","17:12:03","9639630528"
"BM10583","Final Vault Closing","gen39","2026-09-22","18:08:05","9553554522"
"BM10583","Final Vault Closing","gen15","2026-09-23","17:41:45","9639630528"
"BM10583","Customer Purpose","gen31","2026-09-24","11:43:50","6305265523"
"BM10583","Final Vault Closing","gen23","2026-09-24","17:35:04","9639630528"
"BM10583","Final Vault Closing","gen","2026-09-25","18:09:44","6305265523"
"BM10583","Packet Counting","gen5","2026-09-26","12:30:02","9553554522"
"BM10583","Final Vault Closing","gen8","2026-09-26","18:06:44","9553554522"
"BM10584","Final Vault Closing","gen30","2026-09-21","17:55:51","9705700256"
"BM10584","Customer Purpose","gen24","2026-09-22","11:12:09","9705700256"
"BM10584","Final Vault Closing","gen25","2026-09-23","17:42:30","9705700256"
"BM10584","Customer Purpose","gen25","2026-09-24","11:22:30","9705700256"
"BM10584","Final Vault Closing","gen15","2026-09-24","17:49:52","9705700256"
"BM10584","Final Vault Closing","gen8","2026-09-25","17:56:10","9640399117"
"BM10584","Packet Counting","gen34","2026-09-26","13:08:59","9705700256"
"BM10584","Final Vault Closing","gen12","2026-09-26","18:47:05","9705700256"
"BM10584","Customer Purpose","gen19","2026-09-27","11:45:23","9705700256"
"BM10585","Customer Purpose","gen30","2026-09-21","11:27:14","9666560295"
"BM10585","Final Vault Closing","gen15","2026-09-21","18:13:51","9618271061"
"BM10585","Customer Purpose","gen3","2026-09-22","11:05:22","9618271061"
"BM10585","Customer Purpose","gen24","2026-09-22","14:08:12","9666560295"
"BM10585","Final Vault Closing","gen34","2026-09-22","18:11:16","9618271061"
"BM10585","Customer Purpose","gen16","2026-09-23","15:51:38","9618271061"
"BM10585","Final Vault Closing","gen33","2026-09-23","18:10:44","8142630505"
"BM10585","Audit Purpose","gen17","2026-09-24","10:11:05","9618271061"
"BM10585","Audit Purpose","gen29","2026-09-24","14:04:27","9618271061"
"BM10585","Audit Purpose","gen36","2026-09-24","14:42:00","9666560295"
"BM10585","Audit Purpose","gen13","2026-09-24","16:27:28","9666560295"
"BM10585","Audit Purpose","gen15","2026-09-24","17:43:05","9666560295"
"BM10585","Customer Purpose","gen39","2026-09-25","13:28:40","9666560295"
"BM10585","Packet Counting","gen21","2026-09-26","14:18:15","8142630505"
"BM10586","Customer Purpose","gen24","2026-09-21","10:52:55","9966534134"
"BM10586","Customer Purpose","gen12","2026-09-21","13:51:35","7013429732"
"BM10586","Customer Purpose","gen1","2026-09-21","16:47:42","9966534134"
"BM10586","Final Vault Closing","gen15","2026-09-21","18:07:31","9966534134"
"BM10586","Customer Purpose","gen17","2026-09-22","16:23:19","7013429732"
"BM10586","Final Vault Closing","gen20","2026-09-22","18:08:22","9966534134"
"BM10586","Final Vault Closing","gen16","2026-09-23","18:13:19","7013429732"
"BM10586","Final Vault Closing","gen23","2026-09-24","18:10:44","9966534134"
"BM10586","Customer Purpose","gen1","2026-09-25","11:05:58","7013429732"
"BM10586","Customer Purpose","gen10","2026-09-25","13:12:34","7013429732"
"BM10586","Customer Purpose","gen35","2026-09-25","17:24:26","7013429732"
"BM10586","Final Vault Closing","gen22","2026-09-25","17:57:14","9966534134"
"BM10586","Customer Purpose","gen8","2026-09-26","10:42:47","9966534134"
"BM10586","Packet Counting","gen30","2026-09-26","16:47:24","7013429732"
"BM10586","Final Vault Closing","gen17","2026-09-26","17:51:53","9966534134"
"BM10606","Customer Purpose","gen26","2026-09-21","10:37:37","6203455614"
"BM10606","Customer Purpose","gen10","2026-09-21","14:57:40","6203455614"
"BM10606","Final Vault Closing","gen18","2026-09-21","18:43:12","9934615639"
"BM10606","Final Vault Closing","gen27","2026-09-23","18:25:47","6203455614"
"BM10606","Customer Purpose","gen3","2026-09-24","11:04:14","6203455614"
"BM10606","Customer Purpose","gen31","2026-09-24","13:52:45","6203455614"
"BM10606","Final Vault Closing","gen24","2026-09-24","18:33:47","6203455614"
"BM10606","Customer Purpose","gen15","2026-09-25","13:44:10","9934615639"
"BM10606","Customer Purpose","gen3","2026-09-25","15:31:21","6203455614"
"BM10606","Customer Purpose","gen21","2026-09-25","15:45:10","6203455614"
"BM10606","Final Vault Closing","gen31","2026-09-25","18:29:47","9934615639"
"BM10606","Packet Counting","gen4","2026-09-26","15:40:01","6203455614"
"BM10608","Customer Purpose","gen29","2026-09-21","13:13:36","9093361262"
"BM10608","Customer Purpose","gen30","2026-09-21","15:34:19","6291550731"
"BM10608","Final Vault Closing","gen9","2026-09-21","17:45:15","9093361262"
"BM10608","Customer Purpose","gen41","2026-09-22","11:40:41","9732792592"
"BM10608","Customer Purpose","gen16","2026-09-22","12:53:48","9732792592"
"BM10608","Customer Purpose","gen2","2026-09-22","14:36:22","9732792592"
"BM10608","Final Vault Closing","gen25","2026-09-22","17:29:49","9732792592"
"BM10608","Customer Purpose","gen9","2026-09-23","16:27:28","9732792592"
"BM10608","Final Vault Closing","gen20","2026-09-23","17:43:38","9732792592"
"BM10608","Final Vault Closing","gen26","2026-09-24","17:32:30","9093361262"
"BM10608","Customer Purpose","gen22","2026-09-25","12:40:26","9732792592"
"BM10608","Customer Purpose","gen29","2026-09-25","17:29:19","9732792592"
"BM10608","Final Vault Closing","gen21","2026-09-25","18:15:24","9732792592"
"BM10608","Final Vault Closing","gen37","2026-09-26","17:56:48","9093361262"
"BM10608","Customer Purpose","gen38","2026-09-27","10:35:51","9093361262"
"BM10609","Customer Purpose","gen28","2026-09-21","13:23:21","9547265614"
"BM10609","Customer Purpose","gen28","2026-09-21","14:11:23","9547265614"
"BM10609","Final Vault Closing","gen35","2026-09-21","18:22:30","8348157914"
"BM10609","Customer Purpose","gen11","2026-09-22","14:51:03","8348157914"
"BM10609","Final Vault Closing","iifl7","2026-09-22","18:47:00","9547265614"
"BM10609","Customer Purpose","gen7","2026-09-23","10:05:12","8348157914"
"BM10609","Final Vault Closing","gen14","2026-09-23","18:13:37","8348157914"
"BM10609","Customer Purpose","gen9","2026-09-24","11:20:18","9547265614"
"BM10609","Customer Purpose","gen5","2026-09-24","12:02:25","8348157914"
"BM10609","Customer Purpose","gen32","2026-09-24","13:13:44","9547265614"
"BM10609","Customer Purpose","gen23","2026-09-24","15:27:05","9547265614"
"BM10609","Final Vault Closing","gen20","2026-09-24","18:27:14","8348157914"
"BM10609","Customer Purpose","gen5","2026-09-25","16:05:09","8348157914"
"BM10609","Final Vault Closing","gen34","2026-09-25","18:25:26","9547265614"
"BM10609","Customer Purpose","gen17","2026-09-26","14:17:52","9547265614"
"BM10609","Packet Counting","gen5","2026-09-26","15:28:44","9547265614"
"BM10609","Final Vault Closing","gen9","2026-09-26","18:31:01","8348157914"
"BM10609","Customer Purpose","gen39","2026-09-27","11:46:14","8348157914"
"BM10611","Audit Purpose","gen50","2026-09-21","10:49:00","9027710816"
"BM10611","Audit Purpose","gen27","2026-09-21","12:24:28","7983092122"
"BM10611","Audit Purpose","gen15","2026-09-21","13:42:43","7983092122"
"BM10611","Audit Purpose","gen30","2026-09-21","15:44:52","7983092122"
"BM10611","Customer Purpose","gen26","2026-09-22","12:07:13","7983092122"
"BM10611","Final Vault Closing","gen6","2026-09-22","18:02:09","9027710816"
"BM10611","Customer Purpose","gen28","2026-09-23","13:42:44","9756812498"
"BM10611","Customer Purpose","gen39","2026-09-24","15:22:13","9027710816"
"BM10611","Customer Purpose","gen21","2026-09-24","16:31:16","7983092122"
"BM10611","Final Vault Closing","gen10","2026-09-24","18:17:49","7983092122"
"BM10611","Customer Purpose","gen35","2026-09-25","15:04:08","7983092122"
"BM10611","Final Vault Closing","gen","2026-09-25","18:05:51","7983092122"
"BM10611","Packet Counting","gen17","2026-09-26","16:42:40","9027710816"
"BM10612","Final Vault Closing","gen34","2026-09-21","18:00:26","8922882779"
"BM10612","Customer Purpose","gen14","2026-09-22","12:17:21","6306479119"
"BM10612","Final Vault Closing","gen12","2026-09-22","17:55:25","6306479119"
"BM10612","Final Vault Closing","iifl5","2026-09-23","18:10:00","6306479119"
"BM10612","Final Vault Closing","gen7","2026-09-24","17:40:31","6306479119"
"BM10612","Audit Purpose","gen10","2026-09-25","11:15:34","8922882779"
"BM10612","Audit Purpose","gen24","2026-09-25","11:32:56","8922882779"
"BM10612","Audit Purpose","gen10","2026-09-25","17:22:03","8922882779"
"BM10612","Final Vault Closing","iifl7","2026-09-25","19:55:16","6306479119"
"BM10612","Packet Counting","gen11","2026-09-26","15:57:02","6306479119"
"BM10612","Customer Purpose","gen3","2026-09-26","16:33:19","6306479119"
"BM10613","Audit Purpose","gen43","2026-09-21","10:10:49","8500461706"
"BM10613","Audit Purpose","gen9","2026-09-21","10:58:55","9160245131"
"BM10613","Audit Purpose","gen22","2026-09-21","11:51:35","9014256584"
"BM10613","Audit Purpose","gen3","2026-09-21","12:25:13","9014256584"
"BM10613","Audit Purpose","gen3","2026-09-21","13:10:22","9014256584"
"BM10613","Audit Purpose","gen22","2026-09-21","13:57:02","9014256584"
"BM10613","Audit Purpose","gen35","2026-09-21","14:48:26","9160245131"
"BM10613","Audit Purpose","gen1","2026-09-21","15:35:58","9160245131"
"BM10613","Customer Purpose","gen16","2026-09-21","15:47:26","9160245131"
"BM10613","Audit Purpose","gen14","2026-09-21","16:45:29","9160245131"
"BM10613","Audit Purpose","gen15","2026-09-21","17:20:46","9160245131"
"BM10613","Audit Purpose","gen10","2026-09-21","17:28:59","9160245131"
"BM10613","Final Vault Closing","gen41","2026-09-21","17:53:08","9160245131"
"BM10613","Customer Purpose","gen4","2026-09-22","11:44:55","9160245131"
"BM10613","Customer Purpose","gen10","2026-09-22","12:38:08","9160245131"
"BM10613","Customer Purpose","gen15","2026-09-22","17:59:45","9160245131"
"BM10613","Final Vault Closing","gen2","2026-09-22","18:28:18","9160245131"
"BM10613","Customer Purpose","gen16","2026-09-23","12:26:51","9014256584"
"BM10613","Customer Purpose","gen50","2026-09-23","14:11:32","9160245131"
"BM10613","Final Vault Closing","gen30","2026-09-23","18:06:33","9160245131"
"BM10613","Customer Purpose","gen15","2026-09-24","10:30:35","9160245131"
"BM10613","Customer Purpose","gen28","2026-09-24","13:01:28","9160245131"
"BM10613","Final Vault Closing","gen25","2026-09-24","18:05:01","9160245131"
"BM10613","Customer Purpose","gen","2026-09-25","12:40:14","9014256584"
"BM10613","Final Vault Closing","gen8","2026-09-25","18:15:31","9160245131"
"BM10613","Customer Purpose","gen33","2026-09-26","11:10:19","9160245131"
"BM10613","Customer Purpose","gen24","2026-09-26","12:08:18","9014256584"
"BM10613","Packet Counting","gen14","2026-09-26","16:28:44","9160245131"
"BM10613","Final Vault Closing","gen22","2026-09-26","17:59:36","9160245131"
"BM10613","Customer Purpose","gen14","2026-09-27","11:31:23","9160245131"
"BM10614","Customer Purpose","gen22","2026-09-21","12:14:30","6300338164"
"BM10614","Final Vault Closing","gen18","2026-09-21","17:44:47","8142197755"
"BM10614","Customer Purpose","gen9","2026-09-22","13:46:05","6300338164"
"BM10614","Customer Purpose","gen4","2026-09-22","15:14:07","6300338164"
"BM10614","Customer Purpose","gen37","2026-09-22","16:58:32","6300338164"
"BM10614","Final Vault Closing","gen24","2026-09-22","17:41:06","8142197755"
"BM10614","Audit Purpose","gen25","2026-09-23","10:14:25","6300338164"
"BM10614","Audit Purpose","gen33","2026-09-23","11:15:49","6387494292"
"BM10614","Audit Purpose","gen24","2026-09-23","11:47:26","6300338164"
"BM10614","Audit Purpose","gen31","2026-09-23","12:14:49","8142197755"
"BM10614","Audit Purpose","gen5","2026-09-23","12:54:25","6300338164"
"BM10614","Audit Purpose","gen3","2026-09-23","14:00:45","8142197755"
"BM10614","Audit Purpose","gen50","2026-09-23","14:31:06","8142197755"
"BM10614","Audit Purpose","gen2","2026-09-23","16:18:25","8142197755"
"BM10614","Audit Purpose","gen15","2026-09-23","17:13:54","6300338164"
"BM10614","Audit Purpose","gen21","2026-09-23","17:52:41","9959294826"
"BM10614","Final Vault Closing","gen15","2026-09-23","18:02:30","6300338164"
"BM10614","Customer Purpose","gen36","2026-09-24","12:39:43","6300338164"
"BM10614","Customer Purpose","gen17","2026-09-24","13:46:35","6300338164"
"BM10614","Customer Purpose","gen13","2026-09-24","14:17:04","6300338164"
"BM10614","Final Vault Closing","gen","2026-09-24","17:45:44","6300338164"
"BM10614","Customer Purpose","gen23","2026-09-25","13:12:48","6300338164"
"BM10614","Final Vault Closing","gen30","2026-09-25","17:52:42","6300338164"
"BM10614","Customer Purpose","gen32","2026-09-26","12:18:28","6300338164"
"BM10614","Customer Purpose","gen12","2026-09-26","13:37:23","6300338164"
"BM10614","Packet Counting","gen4","2026-09-26","15:35:15","6300338164"
"BM10614","Packet Counting","gen22","2026-09-26","16:13:16","6300338164"
"BM10614","Packet Counting","gen36","2026-09-26","16:52:27","6300338164"
"BM10614","Final Vault Closing","gen33","2026-09-26","18:30:36","6300338164"
"BM10615","Customer Purpose","gen37","2026-09-21","10:13:12","8926426758"
"BM10615","Customer Purpose","gen16","2026-09-21","12:23:42","6296594890"
"BM10615","Customer Purpose","gen10","2026-09-21","15:54:51","9563752977"
"BM10615","Final Vault Closing","gen","2026-09-21","18:12:58","8926426758"
"BM10615","Final Vault Closing","gen11","2026-09-22","18:06:27","8926426758"
"BM10615","Customer Purpose","gen21","2026-09-23","11:58:41","6296594890"
"BM10615","Final Vault Closing","gen18","2026-09-23","18:10:07","6296594890"
"BM10615","Audit Purpose","gen17","2026-09-24","10:16:34","9563752977"
"BM10615","Audit Purpose","gen30","2026-09-24","11:44:10","8926426758"
"BM10615","Audit Purpose","gen","2026-09-24","12:37:42","6296594890"
"BM10615","Audit Purpose","gen29","2026-09-24","14:34:11","9563752977"
"BM10615","Audit Purpose","gen11","2026-09-24","15:41:54","9563752977"
"BM10615","Audit Purpose","gen21","2026-09-24","16:41:06","9563752977"
"BM10615","Audit Purpose","gen34","2026-09-24","18:02:02","8926426758"
"BM10615","Audit Purpose","gen33","2026-09-25","10:40:44","8926426758"
"BM10615","Audit Purpose","gen34","2026-09-25","14:06:07","9563752977"
"BM10615","Audit Purpose","gen26","2026-09-25","16:07:19","8926426758"
"BM10615","Final Vault Closing","gen26","2026-09-25","18:03:27","8926426758"
"BM10615","Customer Purpose","gen33","2026-09-26","10:29:26","6296594890"
"BM10615","Final Vault Closing","gen32","2026-09-26","18:09:02","8926426758"
"BM10615","Customer Purpose","gen31","2026-09-27","11:49:19","8926426758"
"BM10616","Customer Purpose","gen17","2026-09-21","12:58:10","9009681860"
"BM10616","Customer Purpose","gen14","2026-09-21","13:20:11","7440573093"
"BM10616","Customer Purpose","gen50","2026-09-21","16:29:04","8815665701"
"BM10616","Final Vault Closing","gen1","2026-09-21","18:08:23","8815665701"
"BM10616","Customer Purpose","gen25","2026-09-22","11:27:21","8815665701"
"BM10616","Customer Purpose","gen3","2026-09-22","12:13:41","8815665701"
"BM10616","Customer Purpose","gen32","2026-09-22","16:43:56","9009681860"
"BM10616","Final Vault Closing","gen2","2026-09-22","18:16:00","8815665701"
"BM10616","Customer Purpose","gen17","2026-09-23","12:23:56","7440573093"
"BM10616","Customer Purpose","gen21","2026-09-23","14:28:31","7440573093"
"BM10616","Customer Purpose","gen8","2026-09-23","16:36:41","9009681860"
"BM10616","Final Vault Closing","gen4","2026-09-23","18:25:50","7440573093"
"BM10616","Customer Purpose","gen","2026-09-24","11:07:47","7440573093"
"BM10616","Customer Purpose","gen34","2026-09-24","18:27:12","8815665701"
"BM10616","Customer Purpose","gen36","2026-09-25","15:25:04","8815665701"
"BM10616","Customer Purpose","iifl5","2026-09-25","17:26:53","7440573093"
"BM10616","Final Vault Closing","gen18","2026-09-25","18:09:05","8815665701"
"BM10616","Packet Counting","gen24","2026-09-26","13:26:48","9009681860"
"BM10616","Final Vault Closing","gen4","2026-09-26","18:28:21","8815665701"
"BM10616","Customer Purpose","gen8","2026-09-27","14:26:45","7440573093"
"BM10617","Customer Purpose","gen18","2026-09-21","12:25:25","9179987373"
"BM10617","Customer Purpose","gen34","2026-09-21","17:34:42","9179987373"
"BM10617","Final Vault Closing","gen6","2026-09-21","18:17:29","9179987373"
"BM10617","Final Vault Closing","gen26","2026-09-22","18:30:19","9179987373"
"BM10617","Final Vault Closing","gen38","2026-09-23","18:14:31","9179987373"
"BM10617","Final Vault Closing","gen8","2026-09-24","18:27:49","9179987373"
"BM10617","Final Vault Closing","gen32","2026-09-25","18:17:30","7828055813"
"BM10617","Packet Counting","gen3","2026-09-26","11:01:32","9074574218"
"BM10617","Packet Counting","gen17","2026-09-26","11:56:07","7609024463"
"BM10617","Final Vault Closing","gen10","2026-09-26","18:20:07","7828055813"
"BM10618","Customer Purpose","gen35","2026-09-21","14:53:43","8827814238"
"BM10618","Customer Purpose","gen6","2026-09-21","15:05:43","8305144475"
"BM10618","Customer Purpose","gen43","2026-09-21","15:36:56","8827814238"
"BM10618","Final Vault Closing","gen9","2026-09-21","18:21:45","8827814238"
"BM10618","Final Vault Closing","gen4","2026-09-22","18:18:25","8305144475"
"BM10618","Customer Purpose","gen23","2026-09-23","11:31:41","8305144475"
"BM10618","Final Vault Closing","gen18","2026-09-23","18:28:48","8305144475"
"BM10618","Customer Purpose","gen21","2026-09-24","17:42:52","8305144475"
"BM10618","Customer Purpose","gen13","2026-09-24","17:51:44","8305144475"
"BM10618","Final Vault Closing","gen14","2026-09-25","18:26:31","8305144475"
"BM10618","Packet Counting","gen31","2026-09-26","16:41:45","8827814238"
"BM10618","Customer Purpose","gen29","2026-09-27","13:54:30","8305144475"
"BM10619","Final Vault Closing","gen10","2026-09-21","17:57:57","8920340146"
"BM10619","Audit Purpose","gen16","2026-09-22","14:42:47","8077976579"
"BM10619","Audit Purpose","gen21","2026-09-22","14:58:45","8077976579"
"BM10619","Final Vault Closing","gen23","2026-09-22","17:44:51","8077976579"
"BM10619","Customer Purpose","gen33","2026-09-23","11:18:16","8077976579"
"BM10619","Customer Purpose","gen3","2026-09-23","16:08:14","8920340146"
"BM10619","Customer Purpose","gen29","2026-09-24","11:52:03","8077976579"
"BM10619","Customer Purpose","gen21","2026-09-24","16:46:27","8077976579"
"BM10619","Customer Purpose","gen30","2026-09-24","16:52:35","8920340146"
"BM10619","Final Vault Closing","gen10","2026-09-24","17:52:45","8920340146"
"BM10619","Final Vault Closing","gen32","2026-09-25","17:26:25","8920340146"
"BM10619","Packet Counting","gen11","2026-09-26","15:03:15","8920340146"
"BM10619","Final Vault Closing","gen28","2026-09-26","17:29:06","8920340146"
"BM10620","Customer Purpose","gen18","2026-09-21","12:34:35","9997098625"
"BM10620","Customer Purpose","gen32","2026-09-21","13:15:44","6398419844"
"BM10620","Final Vault Closing","gen24","2026-09-21","18:41:47","6398419844"
"BM10620","Customer Purpose","gen34","2026-09-22","12:25:44","6398419844"
"BM10620","Final Vault Closing","gen23","2026-09-22","18:42:15","6398419844"
"BM10620","Customer Purpose","gen33","2026-09-23","16:36:01","9997098625"
"BM10620","Final Vault Closing","gen16","2026-09-23","18:18:27","9997098625"
"BM10620","Customer Purpose","gen21","2026-09-24","12:23:21","6398419844"
"BM10620","Customer Purpose","gen14","2026-09-24","14:45:47","6398419844"
"BM10620","Customer Purpose","gen30","2026-09-24","15:32:25","9997098625"
"BM10620","Customer Purpose","gen2","2026-09-24","16:01:44","6398419844"
"BM10620","Final Vault Closing","gen22","2026-09-24","18:22:13","6398419844"
"BM10620","Customer Purpose","gen3","2026-09-25","11:34:48","6398419844"
"BM10620","Customer Purpose","gen38","2026-09-25","12:56:10","6398419844"
"BM10620","Customer Purpose","gen14","2026-09-25","17:22:39","6398419844"
"BM10620","Customer Purpose","gen14","2026-09-25","17:22:39","6398419844"
"BM10620","Final Vault Closing","gen49","2026-09-25","18:31:38","9997098625"
"BM10620","Packet Counting","gen32","2026-09-26","15:23:17","6398419844"
"BM10620","Packet Counting","gen4","2026-09-26","17:04:28","6398419844"
"BM10620","Final Vault Closing","gen25","2026-09-26","18:19:29","6398419844"
"BM10620","Customer Purpose","gen10","2026-09-27","14:29:00","6398419844"
"BM10624","Customer Purpose","gen2","2026-09-21","12:15:54","9902868575"
"BM10624","Customer Purpose","gen24","2026-09-21","13:11:33","9902868575"
"BM10624","Final Vault Closing","gen23","2026-09-21","17:56:41","6364592276"
"BM10624","Customer Purpose","gen3","2026-09-22","11:46:31","6364592276"
"BM10624","Final Vault Closing","gen21","2026-09-22","17:58:31","6364592276"
"BM10624","Customer Purpose","gen37","2026-09-23","10:12:06","9902868575"
"BM10624","Customer Purpose","gen4","2026-09-23","12:18:03","9902868575"
"BM10624","Final Vault Closing","gen23","2026-09-23","17:51:55","6364592276"
"BM10624","Customer Purpose","gen28","2026-09-24","12:41:47","9902868575"
"BM10624","Customer Purpose","gen17","2026-09-24","14:12:08","9902868575"
"BM10624","Customer Purpose","gen2","2026-09-24","15:51:49","9902868575"
"BM10624","Customer Purpose","gen","2026-09-24","15:52:07",""
"BM10624","Final Vault Closing","gen18","2026-09-24","18:02:00","7795950277"
"BM10624","Customer Purpose","gen10","2026-09-25","14:21:28","9902868575"
"BM10624","Final Vault Closing","gen38","2026-09-25","18:05:25","9902868575"
"BM10624","Audit Purpose","gen49","2026-09-26","10:14:45","6364592276"
"BM10624","Audit Purpose","gen14","2026-09-26","12:37:41","6364592276"
"BM10624","Audit Purpose","gen12","2026-09-26","13:10:25","9902868575"
"BM10624","Audit Purpose","gen25","2026-09-26","13:35:33","9902868575"
"BM10624","Audit Purpose","gen22","2026-09-26","13:57:15","9902868575"
"BM10624","Audit Purpose","gen21","2026-09-26","15:10:57","6364592276"
"BM10624","Final Vault Closing","gen34","2026-09-26","17:54:17","9902868575"
"BM10625","Customer Purpose","gen20","2026-09-21","16:21:40","8102761889"
"BM10625","Customer Purpose","gen24","2026-09-22","13:26:54","9525907205"
"BM10625","Final Vault Closing","gen35","2026-09-22","18:02:45","9525907205"
"BM10625","Final Vault Closing","gen39","2026-09-23","18:32:21","9525907205"
"BM10625","Customer Purpose","gen14","2026-09-24","12:31:32","9525907205"
"BM10625","Final Vault Closing","gen17","2026-09-24","18:10:24","9525907205"
"BM10625","Final Vault Closing","gen4","2026-09-25","18:08:02","9525907205"
"BM10625","Packet Counting","gen29","2026-09-26","17:46:45","9525907205"
"BM10626","Final Vault Closing","gen25","2026-09-21","18:20:33","9770947815"
"BM10626","Final Vault Closing","gen13","2026-09-22","18:06:06","8871107738"
"BM10626","Customer Purpose","gen19","2026-09-23","14:37:31","9770947815"
"BM10626","Customer Purpose","gen23","2026-09-23","16:16:21","7000516062"
"BM10626","Final Vault Closing","gen17","2026-09-23","18:13:56","8871107738"
"BM10626","Customer Purpose","gen22","2026-09-24","11:51:37","9770947815"
"BM10626","Final Vault Closing","gen3","2026-09-24","18:47:45","7000516062"
"BM10626","Final Vault Closing","gen22","2026-09-25","18:09:45","8871107738"
"BM10626","Customer Purpose","gen49","2026-09-26","14:35:37","9770947815"
"BM10626","Packet Counting","gen21","2026-09-26","17:34:26","7000516062"
"BM10626","Final Vault Closing","gen21","2026-09-26","18:46:15","7000516062"
"BM10627","Customer Purpose","gen12","2026-09-21","11:38:31","9844867289"
"BM10627","Customer Purpose","gen3","2026-09-21","12:32:49","9902233859"
"BM10627","Final Vault Closing","gen20","2026-09-21","18:36:45","7353695016"
"BM10627","Customer Purpose","gen18","2026-09-22","10:44:10","9844867289"
"BM10627","Customer Purpose","gen3","2026-09-22","10:51:02","9844867289"
"BM10627","Final Vault Closing","gen3","2026-09-22","17:46:01","9902233859"
"BM10627","Customer Purpose","gen11","2026-09-23","15:59:32","9844867289"
"BM10627","Final Vault Closing","gen24","2026-09-23","18:10:32","9902233859"
"BM10627","Final Vault Closing","gen7","2026-09-24","18:20:40","9844867289"
"BM10627","Final Vault Closing","gen28","2026-09-25","18:29:02","9902233859"
"BM10627","Packet Counting","gen23","2026-09-26","14:26:29","7353695016"
"BM10627","Customer Purpose","gen2","2026-09-26","17:33:26","9902233859"
"BM10627","Final Vault Closing","gen34","2026-09-26","18:06:05","9844867289"
"BM10628","Customer Purpose","gen17","2026-09-21","12:15:12","9632159310"
"BM10628","Customer Purpose","gen24","2026-09-21","13:26:04","7204972693"
"BM10628","Final Vault Closing","gen28","2026-09-21","17:51:48","9632159310"
"BM10628","Final Vault Closing","gen7","2026-09-22","17:57:41","7204972693"
"BM10628","Customer Purpose","gen23","2026-09-23","11:27:11","9620261893"
"BM10628","Customer Purpose","gen2","2026-09-23","17:53:18","9632159310"
"BM10628","Final Vault Closing","gen4","2026-09-23","18:11:12","7204972693"
"BM10628","Customer Purpose","gen28","2026-09-24","10:43:39","7204972693"
"BM10628","Customer Purpose","gen17","2026-09-24","17:47:55","7204972693"
"BM10628","Final Vault Closing","gen18","2026-09-24","18:23:43","8:11:15 pm"
"BM10628","Customer Purpose","gen31","2026-09-25","10:59:28","7204972693"
"BM10628","Final Vault Closing","gen30","2026-09-25","18:04:52","7204972693"
"BM10628","Packet Counting","gen20","2026-09-26","14:43:16","7204972693"
"BM10628","Packet Counting","gen20","2026-09-26","14:44:27","SS, ALL OK"
"BM10628","Customer Purpose","gen36","2026-09-26","15:32:22","9632159310"
"BM10628","Final Vault Closing","gen35","2026-09-26","17:41:10","7204972693"
"BM10628","Audit Purpose","gen39","2026-09-27","10:46:22","7204972693"
"BM10628","Audit Purpose","gen31","2026-09-27","13:59:26","9632159310"
"BM10629","Customer Purpose","gen14","2026-09-21","16:23:59","9753641164"
"BM10629","Customer Purpose","gen10","2026-09-21","17:55:07","9753641164"
"BM10629","Final Vault Closing","gen10","2026-09-21","18:40:48","9753641164"
"BM10629","Customer Purpose","gen39","2026-09-22","11:06:11","9753641164"
"BM10629","Final Vault Closing","gen9","2026-09-22","18:08:31","7898563504"
"BM10629","Customer Purpose","gen32","2026-09-23","17:00:12","9109524134"
"BM10629","Final Vault Closing","gen29","2026-09-23","18:27:19","9109524134"
"BM10629","Customer Purpose","gen30","2026-09-24","13:43:37","9109524134"
"BM10629","Final Vault Closing","gen17","2026-09-24","19:00:35","9753641164"
"BM10629","Customer Purpose","gen17","2026-09-25","11:21:22","9109524134"
"BM10629","Customer Purpose","gen31","2026-09-25","13:10:57","9109524134"
"BM10629","Customer Purpose","gen30","2026-09-25","14:32:02","9109524134"
"BM10629","Final Vault Closing","gen29","2026-09-25","18:54:42","9109524134"
"BM10629","Customer Purpose","gen38","2026-09-26","11:38:23","9109524134"
"BM10629","Packet Counting","gen8","2026-09-26","14:56:46","9753641164"
"BM10629","Final Vault Closing","gen30","2026-09-26","18:16:52","9753641164"
"BM10630","Final Vault Closing","gen15","2026-09-21","17:40:49","7975750974"
"BM10630","Final Vault Closing","gen14","2026-09-22","18:14:31","7975750974"
"BM10630","Final Vault Closing","gen1","2026-09-24","17:33:19","9591957284"
"BM10630","Final Vault Closing","gen23","2026-09-25","17:59:27","7975750974"
"BM10630","Audit Purpose","gen1","2026-09-26","11:17:57","7975750974"
"BM10630","Audit Purpose","gen14","2026-09-26","12:49:41","7975750974"
"BM10630","Final Vault Closing","gen15","2026-09-26","17:59:42","7975750974"
"BM10630","Customer Purpose","gen10","2026-09-27","11:58:06","9591957284"
"BM10631","Customer Purpose","gen30","2026-09-21","13:34:29","9515911591"
"BM10631","Customer Purpose","gen4","2026-09-21","15:05:33","9515911591"
"BM10631","Customer Purpose","gen50","2026-09-21","16:42:28","9515911591"
"BM10631","Final Vault Closing","gen24","2026-09-21","17:44:30","7569012965"
"BM10631","Customer Purpose","gen4","2026-09-22","14:12:39","8523092947"
"BM10631","Customer Purpose","gen9","2026-09-22","14:42:39","7569012965"
"BM10631","Customer Purpose","gen5","2026-09-22","16:50:52","9515911591"
"BM10631","Final Vault Closing","gen3","2026-09-22","17:54:29","9515911591"
"BM10631","Customer Purpose","gen25","2026-09-23","17:18:37","8523092947"
"BM10631","Final Vault Closing","gen38","2026-09-23","18:03:45","8523092947"
"BM10631","Customer Purpose","gen4","2026-09-24","11:45:14","9515911591"
"BM10631","Final Vault Closing","gen21","2026-09-24","17:27:04","9515911591"
"BM10631","Customer Purpose","gen17","2026-09-25","14:30:10","9515911591"
"BM10631","Final Vault Closing","gen34","2026-09-25","17:52:33","9515911591"
"BM10631","Customer Purpose","gen7","2026-09-26","14:37:22",""
"BM10631","Customer Purpose","gen33","2026-09-26","14:48:38","8523092947"
"BM10631","Packet Counting","gen11","2026-09-26","17:02:02",": 16:42:00"
"BM10631","Final Vault Closing","gen28","2026-09-26","17:23:50","9515911591"
"BM10631","Audit Purpose","gen17","2026-09-27","10:18:05","8523092947"
"BM10631","Audit Purpose","gen30","2026-09-27","12:20:44","8523092947"
"BM10632","Customer Purpose","gen24","2026-09-21","12:28:05","9848785097"
"BM10632","Final Vault Closing","gen12","2026-09-21","17:48:39","9701010021"
"BM10632","Customer Purpose","gen10","2026-09-22","15:53:07","9701010021"
"BM10632","Final Vault Closing","gen50","2026-09-22","17:48:50","9848785097"
"BM10632","Customer Purpose","gen31","2026-09-23","11:21:06","9848785097"
"BM10632","Customer Purpose","gen19","2026-09-23","15:42:43","9701010021"
"BM10632","Customer Purpose","gen7","2026-09-23","17:35:22","9848785097"
"BM10632","Final Vault Closing","gen5","2026-09-23","17:49:26","9701010021"
"BM10632","Customer Purpose","gen31","2026-09-24","12:57:24","9848785097"
"BM10632","Customer Purpose","gen6","2026-09-24","16:32:04","9701010021"
"BM10632","Final Vault Closing","gen25","2026-09-24","17:50:50","9701010021"
"BM10632","Customer Purpose","gen24","2026-09-25","13:32:50","9705005790"
"BM10632","Final Vault Closing","gen37","2026-09-25","17:46:31","9705005790"
"BM10632","Packet Counting","gen49","2026-09-26","12:23:57","9705005790"
"BM10632","Customer Purpose","gen2","2026-09-26","13:50:00","9701010021"
"BM10632","Customer Purpose","gen21","2026-09-26","13:58:53","9848785097"
"BM10632","Final Vault Closing","gen24","2026-09-26","17:46:58","9705005790"
"BM10633","Customer Purpose","gen4","2026-09-21","11:42:19","9701692282"
"BM10633","Customer Purpose","gen1","2026-09-21","16:10:15","9701692282"
"BM10633","Final Vault Closing","gen1","2026-09-21","18:04:52","9701692282"
"BM10633","Customer Purpose","gen32","2026-09-22","10:33:41","9640993448"
"BM10633","Customer Purpose","gen14","2026-09-22","11:11:31","9701692282"
"BM10633","Customer Purpose","gen16","2026-09-22","14:37:35","9701692282"
"BM10633","Customer Purpose","gen4","2026-09-22","16:24:27","9701692282"
"BM10633","Customer Purpose","gen4","2026-09-23","10:54:44","9701692282"
"BM10633","Final Vault Closing","gen29","2026-09-23","18:02:21","9701692282"
"BM10633","Final Vault Closing","gen36","2026-09-24","17:51:47","9701692282"
"BM10633","Customer Purpose","gen11","2026-09-25","15:43:54","9640993448"
"BM10633","Customer Purpose","gen6","2026-09-25","17:24:57","9550434015"
"BM10633","Final Vault Closing","gen12","2026-09-25","18:04:52","9701692282"
"BM10633","Packet Counting","gen10","2026-09-26","13:17:30","9701692282"
"BM10633","Packet Counting","gen29","2026-09-26","13:44:09","9550434015"
"BM10633","Final Vault Closing","gen30","2026-09-26","17:40:05","9550434015"
"BM10634","Final Vault Closing","iifl2","2026-09-21","19:06:52","9000993654"
"BM10634","Customer Purpose","gen21","2026-09-22","10:15:34","9000993654"
"BM10634","Customer Purpose","gen9","2026-09-22","12:08:42","9032156429"
"BM10634","Customer Purpose","gen30","2026-09-22","13:40:03","9000993654"
"BM10634","Customer Purpose","gen31","2026-09-22","15:06:18","9032156429"
"BM10634","Customer Purpose","gen41","2026-09-22","17:42:20","9032156429"
"BM10634","Customer Purpose","gen24","2026-09-23","10:10:19","9032156429"
"BM10634","Customer Purpose","gen50","2026-09-23","11:26:34","9000993654"
"BM10634","Customer Purpose","gen5","2026-09-23","12:42:13","9000993654"
"BM10634","Customer Purpose","gen18","2026-09-23","13:04:22","9032156429"
"BM10634","Customer Purpose","gen24","2026-09-23","13:43:39","9032156429"
"BM10634","Final Vault Closing","gen14","2026-09-23","17:59:00","9000993654"
"BM10634","Customer Purpose","gen19","2026-09-24","10:11:18","9000993654"
"BM10634","Customer Purpose","gen2","2026-09-24","17:32:50","9032156429"
"BM10634","Audit Purpose","gen19","2026-09-25","10:08:07","9000993654"
"BM10634","Audit Purpose","gen17","2026-09-25","10:58:16","9032156429"
"BM10634","Audit Purpose","gen21","2026-09-25","11:34:26","9032156429"
"BM10634","Audit Purpose","gen32","2026-09-25","12:04:49","9032156429"
"BM10634","Audit Purpose","gen9","2026-09-25","12:37:40","9000993654"
"BM10634","Audit Purpose","gen31","2026-09-25","13:16:06","9032156429"
"BM10634","Audit Purpose","gen23","2026-09-25","13:55:19","9032156429"
"BM10634","Audit Purpose","gen3","2026-09-25","14:31:54","9032156429"
"BM10634","Audit Purpose","gen6","2026-09-25","15:59:26","9032156429"
"BM10634","Audit Purpose","gen12","2026-09-25","16:41:17","9032156429"
"BM10634","Final Vault Closing","gen","2026-09-25","17:50:18","9032156429"
"BM10634","Packet Counting","gen32","2026-09-26","17:09:48","9032156429"
"BM10635","Customer Purpose","gen33","2026-09-21","10:53:56","9728567687"
"BM10635","Customer Purpose","gen25","2026-09-21","11:41:06","7697282802"
"BM10635","Customer Purpose","gen16","2026-09-21","12:29:08","7024692177"
"BM10635","Customer Purpose","gen37","2026-09-21","13:17:17","7697282802"
"BM10635","Customer Purpose","gen16","2026-09-21","14:15:30","7024692177"
"BM10635","Customer Purpose","gen20","2026-09-21","14:28:20","7024692177"
"BM10635","Customer Purpose","gen10","2026-09-21","15:22:47","7024692177"
"BM10635","Final Vault Closing","gen10","2026-09-21","18:11:03","7024692177"
"BM10635","Customer Purpose","gen10","2026-09-22","13:03:34","7024692177"
"BM10635","Customer Purpose","gen33","2026-09-22","14:50:46","9728567687"
"BM10635","Customer Purpose","gen3","2026-09-22","15:24:56","9728567687"
"BM10635","Customer Purpose","gen","2026-09-22","17:00:26","9728567687"
"BM10635","Final Vault Closing","gen14","2026-09-22","18:20:55","7024692177"
"BM10635","Customer Purpose","gen31","2026-09-23","10:42:42","9728567687"
"BM10635","Customer Purpose","gen35","2026-09-23","12:03:34","9728567687"
"BM10635","Customer Purpose","gen11","2026-09-23","12:50:20","9728567687"
"BM10635","Customer Purpose","gen12","2026-09-23","13:46:58","7697282802"
"BM10635","Customer Purpose","gen15","2026-09-23","14:20:48","9728567687"
"BM10635","Final Vault Closing","iifl5","2026-09-23","18:19:40","7697282802"
"BM10635","Customer Purpose","gen31","2026-09-24","10:58:42","7024692177"
"BM10635","Customer Purpose","gen15","2026-09-24","11:34:30","7024692177"
"BM10635","Customer Purpose","gen10","2026-09-24","12:45:22","7024692177"
"BM10635","Customer Purpose","gen32","2026-09-24","13:40:37","7024692177"
"BM10635","Audit Purpose","gen26","2026-09-24","14:33:42","7024692177"
"BM10635","Customer Purpose","gen28","2026-09-24","15:22:50","7697282802"
"BM10635","Customer Purpose","gen31","2026-09-24","16:08:23","7024692177"
"BM10635","Final Vault Closing","gen14","2026-09-24","18:13:33","7697282802"
"BM10635","Customer Purpose","gen28","2026-09-25","10:53:42","7024692177"
"BM10635","Customer Purpose","gen39","2026-09-25","12:41:33","7024692177"
"BM10635","Customer Purpose","gen3","2026-09-25","14:25:26","7024692177"
"BM10635","Final Vault Closing","gen19","2026-09-25","18:08:29","7024692177"
"BM10635","Customer Purpose","gen37","2026-09-26","10:55:50","7697282802"
"BM10635","Customer Purpose","gen29","2026-09-26","11:13:25","7024692177"
"BM10635","Customer Purpose","gen7","2026-09-26","11:57:28","7697282802"
"BM10635","Packet Counting","gen36","2026-09-26","13:27:38","7024692177"
"BM10635","Packet Counting","gen24","2026-09-26","14:08:09","7024692177"
"BM10635","Final Vault Closing","gen49","2026-09-26","18:19:42","7024692177"
"BM10635","Audit Purpose","gen35","2026-09-27","11:13:24","7024692177"
"BM10635","Audit Purpose","gen30","2026-09-27","11:58:59","7024692177"
"BM10635","Audit Purpose","gen22","2026-09-27","12:49:26","7024692177"
"BM10635","Audit Purpose","gen11","2026-09-27","13:34:59","7024692177"
"BM10635","Audit Purpose","gen6","2026-09-27","14:46:15","7024692177"
"BM10636","Customer Purpose","gen22","2026-09-21","12:09:15","8871310132"
"BM10636","Final Vault Closing","gen21","2026-09-21","18:30:19","8871310132"
"BM10636","Final Vault Closing","gen17","2026-09-23","18:16:33","8871310132"
"BM10636","Customer Purpose","gen17","2026-09-24","15:13:32","8871310132"
"BM10636","Customer Purpose","gen17","2026-09-24","15:40:03","8871310132"
"BM10636","Final Vault Closing","gen49","2026-09-24","18:09:19","8871310132"
"BM10636","Final Vault Closing","gen14","2026-09-25","18:21:43","8871310132"
"BM10636","Packet Counting","gen2","2026-09-26","15:27:18","8871310132"
"BM10636","Customer Purpose","gen23","2026-09-26","17:32:50","8871310132"
"BM10636","Final Vault Closing","gen21","2026-09-26","18:20:06","8871310132"
"BM10637","Customer Purpose","gen22","2026-09-21","15:37:30","9932722321"
"BM10637","Final Vault Closing","gen18","2026-09-21","18:05:23","8371008998"
"BM10637","Customer Purpose","gen23","2026-09-22","11:56:30","7001094918"
"BM10637","Final Vault Closing","iifl4","2026-09-22","19:25:50","9932722321"
"BM10637","Customer Purpose","gen","2026-09-23","10:27:43","8371008998"
"BM10637","Customer Purpose","gen23","2026-09-23","14:19:17","8371008998"
"BM10637","Final Vault Closing","gen10","2026-09-23","17:47:01","8371008998"
"BM10637","Customer Purpose","gen24","2026-09-24","11:32:46","7001094918"
"BM10637","Customer Purpose","gen9","2026-09-24","12:51:34","9932722321"
"BM10637","Customer Purpose","gen6","2026-09-24","14:13:54","8371008998"
"BM10637","Final Vault Closing","gen13","2026-09-24","17:39:30","8371008998"
"BM10637","Customer Purpose","gen5","2026-09-25","11:26:23","9932722321"
"BM10637","Audit Purpose","gen3","2026-09-25","12:48:29","8371008998"
"BM10637","Audit Purpose","gen23","2026-09-25","14:12:57","8371008998"
"BM10637","Audit Purpose","gen21","2026-09-25","18:04:01","8371008998"
"BM10637","Final Vault Closing","gen30","2026-09-25","18:26:41","8371008998"
"BM10637","Customer Purpose","gen11","2026-09-26","13:20:13","8371008998"
"BM10637","Customer Purpose","gen30","2026-09-26","14:17:51","9932722321"
"BM10637","Packet Counting","gen36","2026-09-26","14:34:56","9932722321"
"BM10637","Final Vault Closing","gen2","2026-09-26","17:54:32","9932722321"
"BM10637","Customer Purpose","gen12","2026-09-27","13:39:59","8371008998"
"BM10638","Audit Purpose","gen29","2026-09-22","11:33:22","7667016554"
"BM10638","Audit Purpose","gen3","2026-09-22","12:22:01","7667016554"
"BM10638","Audit Purpose","gen29","2026-09-22","13:38:30","7667016554"
"BM10638","Final Vault Closing","","2026-09-23","20:11:29","7667016554"
"BM10638","Customer Purpose","gen12","2026-09-24","16:50:48","7667016554"
"BM10638","Final Vault Closing","iifl7","2026-09-24","18:36:15","6201660772"
"BM10638","Final Vault Closing","","2026-09-24","20:06:37","6201660772"
"BM10638","Customer Purpose","gen22","2026-09-25","12:43:09","6201660772"
"BM10638","Final Vault Closing","gen19","2026-09-25","18:53:11","7667016554"
"BM10638","Packet Counting","gen20","2026-09-26","14:34:41","9279874389"
"BM10638","Packet Counting","gen37","2026-09-26","16:47:02","7667016554"
"BM10638","Final Vault Closing","gen15","2026-09-26","18:23:55","7667016554"
"BM10639","Customer Purpose","gen26","2026-09-21","13:50:46","8792215482"
"BM10639","Final Vault Closing","gen30","2026-09-21","18:02:31","8880325585"
"BM10639","Customer Purpose","gen8","2026-09-22","12:05:34","8880325585"
"BM10639","Final Vault Closing","gen","2026-09-22","17:42:54","7411266228"
"BM10639","Customer Purpose","gen15","2026-09-23","14:09:32","7411266228"
"BM10639","Audit Purpose","gen16","2026-09-23","15:23:28","7411266228"
"BM10639","Final Vault Closing","gen31","2026-09-23","17:45:15","7411266228"
"BM10639","Final Vault Closing","gen1","2026-09-24","17:49:47","8792215482"
"BM10639","Customer Purpose","gen7","2026-09-25","11:33:08","8792215482"
"BM10639","Customer Purpose","gen12","2026-09-25","13:45:22","8792215482"
"BM10639","Customer Purpose","gen35","2026-09-25","14:07:08","7411266228"
"BM10639","Customer Purpose","gen4","2026-09-25","17:31:32","8792215482"
"BM10639","Final Vault Closing","gen37","2026-09-25","18:02:28","7411266228"
"BM10639","Packet Counting","gen21","2026-09-26","16:51:56","8880325585"
"BM10639","Customer Purpose","gen10","2026-09-26","17:35:24","8880325585"
"BM10639","Final Vault Closing","admin","2026-09-26","17:55:11","7411266228"
"BM10640","Customer Purpose","gen26","2026-09-21","11:04:57","8085859930"
"BM10640","Customer Purpose","gen2","2026-09-21","12:33:20","8085859930"
"BM10640","Final Vault Closing","gen10","2026-09-21","18:14:09","8085859930"
"BM10640","Final Vault Closing","gen30","2026-09-23","18:17:00","8269574951"
"BM10640","Customer Purpose","gen13","2026-09-24","14:14:18","8269574951"
"BM10640","Customer Purpose","gen22","2026-09-24","15:20:40","8269574951"
"BM10640","Final Vault Closing","gen29","2026-09-24","18:29:33","8085859930"
"BM10640","Customer Purpose","gen32","2026-09-25","12:10:34","8085859930"
"BM10640","Packet Counting","gen19","2026-09-26","13:23:20","8269574951"
"BM10640","Packet Counting","gen6","2026-09-26","14:42:29","8269574951"
"BM10640","Final Vault Closing","gen24","2026-09-26","17:54:28","8269574951"
"BM10641","Customer Purpose","gen6","2026-09-21","15:01:25","7061534306"
"BM10641","Customer Purpose","gen16","2026-09-21","15:52:43","8670227676"
"BM10641","Final Vault Closing","gen24","2026-09-21","18:11:19","7047630928"
"BM10641","Customer Purpose","gen30","2026-09-22","14:32:12","7047630928"
"BM10641","Final Vault Closing","gen6","2026-09-22","18:49:49","8670227676"
"BM10641","Customer Purpose","gen25","2026-09-23","10:18:25","8670227676"
"BM10641","Customer Purpose","gen29","2026-09-23","11:50:29","8670227676"
"BM10641","Final Vault Closing","gen36","2026-09-23","18:56:57","8670227676"
"BM10641","Customer Purpose","gen38","2026-09-24","13:20:28","8670227676"
"BM10641","Customer Purpose","gen39","2026-09-24","15:52:27","7061534306"
"BM10641","Final Vault Closing","gen8","2026-09-24","18:21:47","7061534306"
"BM10641","Audit Purpose","gen29","2026-09-25","10:51:01","7061534306"
"BM10641","Audit Purpose","gen2","2026-09-25","12:37:03","8670227676"
"BM10641","Audit Purpose","gen31","2026-09-25","14:52:01","7047630928"
"BM10641","Audit Purpose","gen4","2026-09-25","17:06:25","8670227676"
"BM10641","Audit Purpose","gen38","2026-09-25","17:56:40","7061534306"
"BM10641","Audit Purpose","gen9","2026-09-26","11:04:00","7047630928"
"BM10641","Audit Purpose","gen29","2026-09-26","14:10:20","7061534306"
"BM10641","Audit Purpose","gen22","2026-09-26","16:21:27","8670227676"
"BM10641","Final Vault Closing","gen5","2026-09-26","18:20:53","8670227676"
"BM10641","Customer Purpose","gen36","2026-09-27","11:59:00","7047630928"
"BM10642","Customer Purpose","gen17","2026-09-21","11:03:38","9265872265"
"BM10642","Final Vault Closing","gen22","2026-09-21","18:13:01","9265872265"
"BM10642","Customer Purpose","gen17","2026-09-22","13:28:45","8780204611"
"BM10642","Final Vault Closing","gen7","2026-09-22","18:22:31","9265872265"
"BM10642","Customer Purpose","gen10","2026-09-23","10:55:49","9265872265"
"BM10642","Customer Purpose","gen37","2026-09-23","15:27:14","8780204611"
"BM10642","Final Vault Closing","gen39","2026-09-23","18:15:23","9265872265"
"BM10642","Final Vault Closing","gen23","2026-09-24","18:41:32","8780204611"
"BM10642","Customer Purpose","gen4","2026-09-25","11:25:16","7990852654"
"BM10642","Customer Purpose","gen39","2026-09-25","15:30:46","7990852654"
"BM10642","Customer Purpose","gen28","2026-09-25","17:25:18","7990852654"
"BM10642","Final Vault Closing","gen37","2026-09-25","18:27:00","7990852654"
"BM10642","Audit Purpose","gen7","2026-09-26","11:14:17","9265872265"
"BM10642","Audit Purpose","gen6","2026-09-26","17:31:12","9265872265"
"BM10643","Customer Purpose","gen30","2026-09-21","12:40:09","7006295687"
"BM10643","Final Vault Closing","gen37","2026-09-21","17:22:01","7006295687"
"BM10643","Customer Purpose","gen15","2026-09-22","10:40:01","7889961736"
"BM10643","Customer Purpose","gen30","2026-09-22","12:33:45","7006295687"
"BM10643","Final Vault Closing","gen37","2026-09-22","17:25:57","7006295687"
"BM10643","Customer Purpose","gen15","2026-09-23","15:17:38","7889961736"
"BM10643","Final Vault Closing","gen28","2026-09-23","17:22:49","7006295687"
"BM10643","Final Vault Closing","gen34","2026-09-24","17:47:46","7889961736"
"BM10643","Packet Counting","gen4","2026-09-26","11:05:11","7889961736"
"BM10643","Final Vault Closing","gen21","2026-09-26","17:39:26","7889961736"
"BM10643","Customer Purpose","gen1","2026-09-27","11:25:01","7889961736"
"BM10644","Final Vault Closing","gen1","2026-09-21","18:00:56","7359723069"
"BM10644","Audit Purpose","gen2","2026-09-22","10:52:47","8200101669"
"BM10644","Audit Purpose","gen5","2026-09-22","11:42:37","7359723069"
"BM10644","Audit Purpose","gen30","2026-09-22","14:28:59","8200101669"
"BM10644","Final Vault Closing","gen","2026-09-22","18:08:00","8200101669"
"BM10644","Customer Purpose","gen5","2026-09-23","10:50:55","9662622323"
"BM10644","Customer Purpose","gen32","2026-09-23","14:48:15","7359723069"
"BM10644","Final Vault Closing","gen32","2026-09-23","17:41:18","7359723069"
"BM10644","Customer Purpose","gen29","2026-09-24","15:17:03","9662622323"
"BM10644","Final Vault Closing","gen30","2026-09-24","17:14:32","7359723069"
"BM10644","Customer Purpose","gen30","2026-09-25","11:12:28","9662622323"
"BM10644","Final Vault Closing","gen33","2026-09-25","17:43:17","7359723069"
"BM10644","Packet Counting","gen7","2026-09-26","11:49:45","7359723069"
"BM10644","Final Vault Closing","gen10","2026-09-26","17:51:11","7359723069"
"BM10645","Customer Purpose","gen17","2026-09-21","14:25:49","8880912102"
"BM10645","Final Vault Closing","gen11","2026-09-21","17:55:42","9632027893"
"BM10645","Customer Purpose","gen29","2026-09-22","11:40:27","8880912102"
"BM10645","Final Vault Closing","gen29","2026-09-22","18:18:34","8880912102"
"BM10645","Final Vault Closing","gen19","2026-09-23","17:58:16","8880912102"
"BM10645","Final Vault Closing","gen37","2026-09-24","18:37:22","8880912102"
"BM10645","Customer Purpose","gen39","2026-09-25","14:14:05","8880912102"
"BM10645","Final Vault Closing","gen2","2026-09-25","17:57:47","8880912102"
"BM10645","Final Vault Closing","gen2","2026-09-25","17:58:20",""
"BM10645","Customer Purpose","gen15","2026-09-26","10:39:36","9632027893"
"BM10645","Customer Purpose","gen22","2026-09-26","11:20:06","9632027893"
"BM10645","Packet Counting","gen1","2026-09-26","12:32:02","8880912102"
"BM10645","Final Vault Closing","admin","2026-09-26","18:02:42","8880912102"
"BM10645","Customer Purpose","gen30","2026-09-27","13:26:08","9632027893"
"BM10646","Final Vault Closing","gen4","2026-09-21","17:42:44","9724473966"
"BM10646","Customer Purpose","gen24","2026-09-22","15:47:08","9724473966"
"BM10646","Final Vault Closing","gen39","2026-09-22","17:38:18","8688429532"
"BM10646","Customer Purpose","gen11","2026-09-23","16:48:13","9724473966"
"BM10646","Customer Purpose","gen39","2026-09-24","14:02:05","7207605885"
"BM10646","Final Vault Closing","gen21","2026-09-24","17:40:01","8688429532"
"BM10646","Customer Purpose","gen15","2026-09-25","11:05:59","7207605885"
"BM10646","Final Vault Closing","gen29","2026-09-25","18:42:08","9724473966"
"BM10646","Packet Counting","gen21","2026-09-26","15:23:34","8688429532"
"BM10648","Final Vault Closing","gen27","2026-09-21","18:30:58","8617332245"
"BM10648","Customer Purpose","gen19","2026-09-22","12:03:10","8617332245"
"BM10648","Customer Purpose","gen25","2026-09-22","15:55:47","8617332245"
"BM10648","Final Vault Closing","gen6","2026-09-22","18:09:28","8617332245"
"BM10648","Customer Purpose","gen11","2026-09-23","10:18:49","8345925484"
"BM10648","Customer Purpose","gen36","2026-09-23","11:00:36","8345925484"
"BM10648","Customer Purpose","gen30","2026-09-23","11:34:08","8617332245"
"BM10648","Customer Purpose","gen25","2026-09-23","12:10:50","8345925484"
"BM10648","Customer Purpose","gen34","2026-09-23","14:25:24","8345925484"
"BM10648","Final Vault Closing","gen23","2026-09-23","18:17:04","8617332245"
"BM10648","Customer Purpose","gen24","2026-09-24","12:12:22","8617332245"
"BM10648","Customer Purpose","gen31","2026-09-24","12:54:54","8617332245"
"BM10648","Customer Purpose","gen23","2026-09-24","13:11:13","9332850272"
"BM10648","Customer Purpose","gen20","2026-09-24","17:31:41","8345925484"
"BM10648","Final Vault Closing","gen28","2026-09-24","18:35:28","8617332245"
"BM10648","Customer Purpose","gen32","2026-09-25","11:00:02","8617332245"
"BM10648","Customer Purpose","gen35","2026-09-25","13:54:21","8617332245"
"BM10648","Final Vault Closing","gen37","2026-09-25","18:17:29","8345925484"
"BM10648","Customer Purpose","gen1","2026-09-26","12:19:57","8617332245"
"BM10648","Customer Purpose","gen19","2026-09-26","14:29:25","8130960458"
"BM10648","Customer Purpose","gen6","2026-09-26","15:07:07","8617332245"
"BM10648","Final Vault Closing","gen22","2026-09-26","18:22:23","8345925484"
"BM10648","Customer Purpose","gen12","2026-09-27","14:29:21","TE MANNUAL"
"BM10649","Customer Purpose","gen22","2026-09-21","10:29:16","7729032081"
"BM10649","Final Vault Closing","gen27","2026-09-21","18:15:31","7729032081"
"BM10649","Customer Purpose","gen23","2026-09-22","16:10:04","7729032081"
"BM10649","Final Vault Closing","gen33","2026-09-22","17:29:57","8328387122"
"BM10649","Customer Purpose","gen9","2026-09-23","15:59:15","7729032081"
"BM10649","Final Vault Closing","gen8","2026-09-23","17:57:09","7729032081"
"BM10649","Customer Purpose","gen1","2026-09-24","13:42:59","8185988885"
"BM10649","Customer Purpose","gen2","2026-09-24","15:57:45","8328387122"
"BM10649","Final Vault Closing","gen6","2026-09-24","18:37:06","8328387122"
"BM10649","Customer Purpose","gen7","2026-09-25","13:49:28","7729032081"
"BM10649","Customer Purpose","gen39","2026-09-25","16:57:02","7729032081"
"BM10649","Final Vault Closing","gen6","2026-09-25","17:51:41","7729032081"
"BM10649","Customer Purpose","gen5","2026-09-26","10:02:26","8328387122"
"BM10649","Customer Purpose","gen12","2026-09-26","13:14:45","7729032081"
"BM10649","Packet Counting","gen19","2026-09-26","15:31:43","8328387122"
"BM10649","Final Vault Closing","gen12","2026-09-26","17:50:23","8328387122"
"BM10649","Customer Purpose","gen38","2026-09-27","10:39:57","8185988885"
"BM10649","Customer Purpose","gen31","2026-09-27","11:15:23","8185988885"
"BM10649","Customer Purpose","gen32","2026-09-27","11:32:33","7729032081"
"BM10651","Audit Purpose","gen33","2026-09-21","11:11:47","7203987465"
"BM10651","Audit Purpose","gen23","2026-09-21","12:10:04","7203987465"
"BM10651","Audit Purpose","gen35","2026-09-21","16:54:10","7203987465"
"BM10651","Audit Purpose","gen15","2026-09-21","18:22:19","7203987465"
"BM10651","Customer Purpose","gen21","2026-09-22","10:54:02","7203987465"
"BM10651","Final Vault Closing","gen10","2026-09-22","18:03:38","7203987465"
"BM10651","Customer Purpose","gen","2026-09-23","12:49:41","7203987465"
"BM10651","Final Vault Closing","gen39","2026-09-23","18:06:29","7203987465"
"BM10651","Final Vault Closing","gen8","2026-09-24","18:13:44","7203987465"
"BM10651","Customer Purpose","gen24","2026-09-25","16:17:36","7203987465"
"BM10651","Final Vault Closing","gen","2026-09-25","18:02:23","7203987465"
"BM10651","Packet Counting","gen36","2026-09-26","13:03:02","7203987465"
"BM10652","Customer Purpose","gen37","2026-09-21","12:32:05","7829111764"
"BM10652","Final Vault Closing","gen6","2026-09-21","18:12:54","7829111764"
"BM10652","Customer Purpose","gen41","2026-09-22","12:40:46","9880594104"
"BM10652","Customer Purpose","gen30","2026-09-22","13:29:01","7829111764"
"BM10652","Customer Purpose","gen34","2026-09-22","16:06:38","9481345720"
"BM10652","Final Vault Closing","gen15","2026-09-22","18:03:54","9481345720"
"BM10652","Customer Purpose","gen18","2026-09-23","11:00:58","9481345720"
"BM10652","Final Vault Closing","gen18","2026-09-23","18:27:18","9481345720"
"BM10652","Customer Purpose","gen22","2026-09-24","11:18:50","7829111764"
"BM10652","Customer Purpose","gen8","2026-09-24","13:54:48","9481345720"
"BM10652","Final Vault Closing","gen32","2026-09-24","18:19:00","9880594104"
"BM10652","Customer Purpose","gen3","2026-09-25","10:40:40","7829111764"
"BM10652","Customer Purpose","gen7","2026-09-25","17:25:34","7829111764"
"BM10652","Final Vault Closing","gen32","2026-09-25","17:59:35","9481345720"
"BM10652","Customer Purpose","gen3","2026-09-26","13:14:40","7829111764"
"BM10652","Packet Counting","gen29","2026-09-26","15:48:53","9880594104"
"BM10652","Final Vault Closing","gen6","2026-09-26","18:14:13","7829111764"
"BM10652","Customer Purpose","gen32","2026-09-27","11:18:55","9481345720"
"BM10652","Customer Purpose","gen1","2026-09-27","11:35:47","9880594104"
"BM10653","Customer Purpose","gen23","2026-09-21","17:03:01","9611050426"
"BM10653","Final Vault Closing","gen4","2026-09-21","18:21:10","7975328186"
"BM10653","Final Vault Closing","gen2","2026-09-22","18:11:03","7975328186"
"BM10653","Final Vault Closing","gen38","2026-09-24","18:03:37","7975328186"
"BM10653","Customer Purpose","gen25","2026-09-25","12:52:46","  12:49:10"
"BM10653","Final Vault Closing","gen20","2026-09-25","17:55:57","7975328186"
"BM10653","Packet Counting","gen19","2026-09-26","16:05:05","7975328186"
"BM10655","Final Vault Closing","gen37","2026-09-22","17:30:28","9973038758"
"BM10655","Final Vault Closing","iifl6","2026-09-23","19:44:33","9973038758"
"BM10655","Final Vault Closing","gen31","2026-09-24","18:15:09","9973038758"
"BM10655","Packet Counting","gen1","2026-09-26","17:24:27","9973038758"
"BM10656","Customer Purpose","gen16","2026-09-21","14:49:31","7004580413"
"BM10656","Final Vault Closing","gen26","2026-09-21","18:37:33","7004580413"
"BM10656","Customer Purpose","gen20","2026-09-23","13:37:54","7004580413"
"BM10656","Customer Purpose","gen3","2026-09-23","18:22:24","7004580413"
"BM10656","Final Vault Closing","iifl7","2026-09-23","19:06:02","9110118857"
"BM10656","Customer Purpose","gen39","2026-09-24","12:43:49","7004580413"
"BM10656","Customer Purpose","gen26","2026-09-24","12:56:29","7004580413"
"BM10656","Final Vault Closing","gen34","2026-09-24","18:23:01","7488445511"
"BM10656","Customer Purpose","gen29","2026-09-25","11:12:24","7004580413"
"BM10656","Customer Purpose","gen24","2026-09-25","16:27:47","7004580413"
"BM10656","Final Vault Closing","gen37","2026-09-25","18:30:23","7004580413"
"BM10656","Customer Purpose","gen28","2026-09-26","14:10:55","9110118857"
"BM10656","Packet Counting","gen14","2026-09-26","15:45:45","7488445511"
"BM10656","Final Vault Closing","gen49","2026-09-26","18:34:16","9110118857"
"BM10657","Final Vault Closing","gen9","2026-09-21","18:05:38","8851614655"
"BM10657","Customer Purpose","gen16","2026-09-22","16:31:59","9643687349"
"BM10657","Final Vault Closing","gen7","2026-09-22","18:20:34","9473290007"
"BM10657","Final Vault Closing","gen5","2026-09-23","18:03:09","8851614655"
"BM10657","Final Vault Closing","gen36","2026-09-26","18:24:26","8851614655"
"BM10658","Final Vault Closing","gen17","2026-09-21","18:48:55","9785136352"
"BM10658","Final Vault Closing","gen34","2026-09-23","18:12:59","9785136352"
"BM10658","Final Vault Closing","gen24","2026-09-24","18:05:50","9784926597"
"BM10658","Final Vault Closing","gen28","2026-09-25","18:19:14","9785136352"
"BM10658","Packet Counting","gen4","2026-09-26","16:29:36","9784926597"
"BM10667","Customer Purpose","gen17","2026-09-21","10:27:08","9449466184"
"BM10667","Customer Purpose","gen16","2026-09-21","11:44:22","9449466184"
"BM10667","Customer Purpose","gen27","2026-09-21","14:17:22","9449466184"
"BM10667","Customer Purpose","gen3","2026-09-21","15:21:02","9902243547"
"BM10667","Final Vault Closing","gen26","2026-09-21","17:48:31","9449466184"
"BM10667","Customer Purpose","gen6","2026-09-22","10:35:29","9449466184"
"BM10667","Customer Purpose","gen9","2026-09-22","14:36:18","9449466184"
"BM10667","Customer Purpose","gen17","2026-09-22","16:18:33","9449466184"
"BM10667","Final Vault Closing","gen25","2026-09-22","17:58:59","9449466184"
"BM10667","Customer Purpose","gen7","2026-09-23","11:07:38","9449466184"
"BM10667","Customer Purpose","gen15","2026-09-23","15:22:41","9902243547"
"BM10667","Final Vault Closing","gen5","2026-09-23","17:42:18","9449466184"
"BM10667","Customer Purpose","gen6","2026-09-24","11:10:29","9449466184"
"BM10667","Customer Purpose","gen2","2026-09-24","13:32:54","9449466184"
"BM10667","Final Vault Closing","gen31","2026-09-24","18:06:14","9902243547"
"BM10667","Audit Purpose","gen34","2026-09-25","10:29:00","9449466184"
"BM10667","Audit Purpose","gen37","2026-09-25","13:07:22","9449466184"
"BM10667","Audit Purpose","gen15","2026-09-25","16:00:19","9663738391"
"BM10667","Audit Purpose","gen19","2026-09-25","16:38:51","9449466184"
"BM10667","Audit Purpose","gen23","2026-09-25","17:04:52","9663738391"
"BM10667","Audit Purpose","gen24","2026-09-25","17:33:15","9663738391"
"BM10667","Final Vault Closing","gen36","2026-09-25","18:36:33","9449466184"
"BM10667","Customer Purpose","gen14","2026-09-26","12:06:20","9663738391"
"BM10667","Packet Counting","iifl4","2026-09-26","12:49:48","9663738391"
"BM10667","Final Vault Closing","gen29","2026-09-26","17:40:42","9663738391"
"BM10667","Customer Purpose","gen25","2026-09-27","11:09:57","9449466184"
"BM10668","Customer Purpose","gen15","2026-09-21","12:48:50","8575120266"
"BM10668","Customer Purpose","gen19","2026-09-21","16:10:49","8575120266"
"BM10668","Final Vault Closing","gen15","2026-09-21","18:25:08","9366104793"
"BM10668","Customer Purpose","gen22","2026-09-22","14:35:20","8787754089"
"BM10668","Customer Purpose","gen16","2026-09-22","15:43:47","9366104793"
"BM10668","Customer Purpose","gen32","2026-09-22","16:00:41","8787754089"
"BM10668","Final Vault Closing","gen31","2026-09-22","18:06:40","9366104793"
"BM10668","Customer Purpose","gen22","2026-09-23","14:35:10","8575120266"
"BM10668","Final Vault Closing","gen25","2026-09-23","17:50:19","8575120266"
"BM10668","Customer Purpose","gen23","2026-09-24","12:18:05","8787754089"
"BM10668","Final Vault Closing","gen9","2026-09-24","18:03:54","8575120266"
"BM10668","Customer Purpose","gen38","2026-09-25","12:11:15","8787754089"
"BM10668","Final Vault Closing","gen34","2026-09-25","18:08:10","8575120266"
"BM10668","Final Vault Closing","gen29","2026-09-26","17:50:04","8575120266"
"BM10669","Customer Purpose","gen41","2026-09-21","10:47:29","8652758698"
"BM10669","Customer Purpose","gen25","2026-09-21","15:43:50","8652758698"
"BM10669","Customer Purpose","gen23","2026-09-21","17:26:03","8652758698"
"BM10669","Final Vault Closing","gen10","2026-09-21","18:27:37","8652758698"
"BM10669","Customer Purpose","gen11","2026-09-22","13:04:33","7249856861"
"BM10669","Customer Purpose","gen25","2026-09-22","13:44:50","7249856861"
"BM10669","Customer Purpose","gen14","2026-09-22","13:55:30","8652758698"
"BM10669","Customer Purpose","gen4","2026-09-22","15:22:54","7249856861"
"BM10669","Customer Purpose","gen5","2026-09-22","18:38:54","7249856861"
"BM10669","Customer Purpose","gen31","2026-09-23","14:04:57","7249856861"
"BM10669","Customer Purpose","gen11","2026-09-23","14:47:29","7249856861"
"BM10669","Customer Purpose","gen31","2026-09-23","17:18:06","8652758698"
"BM10669","Final Vault Closing","gen8","2026-09-23","17:46:50","8652758698"
"BM10669","Customer Purpose","gen17","2026-09-24","11:06:25","7249856861"
"BM10669","Customer Purpose","gen29","2026-09-24","13:59:43","8652758698"
"BM10669","Final Vault Closing","gen29","2026-09-24","18:03:39","7249856861"
"BM10669","Customer Purpose","gen29","2026-09-25","11:28:01","8652758698"
"BM10669","Customer Purpose","gen35","2026-09-25","12:31:15","8652758698"
"BM10669","Customer Purpose","gen38","2026-09-25","14:24:44","7387643352"
"BM10669","Customer Purpose","gen","2026-09-25","15:04:51","7249856861"
"BM10669","Final Vault Closing","gen25","2026-09-25","18:02:18","7249856861"
"BM10669","Customer Purpose","gen26","2026-09-26","10:32:45","8652758698"
"BM10669","Packet Counting","gen21","2026-09-26","16:55:56","8652758698"
"BM10669","Final Vault Closing","gen35","2026-09-26","17:56:46","8652758698"
"BM10669","Customer Purpose","gen37","2026-09-27","12:08:16","8652758698"
"BM10670","Customer Purpose","gen","2026-09-21","10:54:22","9844791182"
"BM10670","Customer Purpose","gen23","2026-09-21","16:29:15","9844791182"
"BM10670","Final Vault Closing","gen34","2026-09-21","17:41:59","9844791182"
"BM10670","Customer Purpose","gen","2026-09-22","11:56:22","9844791182"
"BM10670","Final Vault Closing","gen5","2026-09-22","17:49:09","9844791182"
"BM10670","Customer Purpose","gen29","2026-09-23","13:16:53","9844791182"
"BM10670","Final Vault Closing","gen2","2026-09-23","17:40:06","9844791182"
"BM10670","Customer Purpose","gen39","2026-09-24","10:16:01","9844791182"
"BM10670","Customer Purpose","gen33","2026-09-24","12:23:51","9844791182"
"BM10670","Customer Purpose","gen7","2026-09-24","15:55:23","9844791182"
"BM10670","Final Vault Closing","gen32","2026-09-24","18:51:23","9844791182"
"BM10670","Customer Purpose","gen6","2026-09-25","10:30:34","9900797285"
"BM10670","Final Vault Closing","gen6","2026-09-25","17:48:07","9844791182"
"BM10670","Customer Purpose","gen34","2026-09-26","11:28:09","9900797285"
"BM10670","Customer Purpose","gen7","2026-09-26","13:03:44","9844791182"
"BM10670","Customer Purpose","gen3","2026-09-26","13:39:31","9844791182"
"BM10670","Packet Counting","gen25","2026-09-26","15:31:04","9844791182"
"BM10670","Final Vault Closing","gen24","2026-09-26","17:44:40","9844791182"
"BM10671","Customer Purpose","gen1","2026-09-21","11:13:41","8951876002"
"BM10671","Customer Purpose","gen39","2026-09-21","11:57:52","8951876002"
"BM10671","Final Vault Closing","gen7","2026-09-21","17:46:04","8951876002"
"BM10671","Customer Purpose","gen31","2026-09-22","13:18:47","8951876002"
"BM10671","Final Vault Closing","gen15","2026-09-22","18:25:35","7406581306"
"BM10671","Customer Purpose","gen50","2026-09-23","12:23:38","8951876002"
"BM10671","Customer Purpose","gen36","2026-09-23","15:10:08","8951876002"
"BM10671","Customer Purpose","gen24","2026-09-23","16:34:46","7406581306"
"BM10671","Final Vault Closing","gen11","2026-09-23","17:58:22","8951876002"
"BM10671","Customer Purpose","gen3","2026-09-24","11:00:07","8951876002"
"BM10671","Final Vault Closing","gen9","2026-09-24","18:21:06","7406581306"
"BM10671","Customer Purpose","gen18","2026-09-25","10:46:05","8951876002"
"BM10671","Customer Purpose","gen9","2026-09-25","12:47:04","8951876002"
"BM10671","Final Vault Closing","gen17","2026-09-25","18:18:06","8951876002"
"BM10671","Customer Purpose","gen3","2026-09-26","12:27:09","8951876002"
"BM10671","Customer Purpose","gen21","2026-09-26","13:57:20","7406581306"
"BM10671","Customer Purpose","gen23","2026-09-26","14:20:55","7406581306"
"BM10671","Customer Purpose","gen21","2026-09-26","14:33:54","7406581306"
"BM10671","Packet Counting","gen18","2026-09-26","17:23:38","8951876002"
"BM10671","Final Vault Closing","gen34","2026-09-26","17:58:45","8951876002"
"BM10671","Customer Purpose","gen32","2026-09-27","10:41:06","7406581306"
"BM10672","Customer Purpose","gen1","2026-09-21","10:11:42","6362650934"
"BM10672","Final Vault Closing","gen14","2026-09-21","17:57:39","8105622609"
"BM10672","Customer Purpose","gen6","2026-09-22","11:36:55","9113002346"
"BM10672","Final Vault Closing","gen25","2026-09-22","17:40:26","9113002346"
"BM10672","Customer Purpose","gen9","2026-09-23","12:51:41","@iifl.com>"
"BM10672","Customer Purpose","gen36","2026-09-23","14:37:54","8105622609"
"BM10672","Final Vault Closing","gen36","2026-09-23","18:14:42","6362650934"
"BM10672","Customer Purpose","gen19","2026-09-24","10:22:57","6362650934"
"BM10672","Final Vault Closing","gen31","2026-09-24","17:22:11","6362650934"
"BM10672","Final Vault Closing","iifl7","2026-09-24","18:57:24","RE-CLOSING"
"BM10672","Customer Purpose","gen6","2026-09-25","12:04:49","6362650934"
"BM10672","Customer Purpose","gen8","2026-09-25","12:22:10","8105622609"
"BM10672","Final Vault Closing","gen","2026-09-25","17:40:24","9113002346"
"BM10672","Customer Purpose","gen6","2026-09-26","10:12:03","6362650934"
"BM10672","Packet Counting","gen33","2026-09-26","12:31:47","8105622609"
"BM10672","Final Vault Closing","gen10","2026-09-26","18:26:28","8105622609"
"BM10673","Final Vault Closing","gen30","2026-09-21","18:37:52","8896011356"
"BM10673","Final Vault Closing","gen22","2026-09-22","18:46:14","8896011356"
"BM10673","Customer Purpose","gen22","2026-09-23","11:21:59","8896011356"
"BM10673","Customer Purpose","gen3","2026-09-23","16:12:19","8896011356"
"BM10673","Final Vault Closing","gen30","2026-09-23","18:46:23","8896011356"
"BM10673","Customer Purpose","gen","2026-09-25","12:47:53","8896011356"
"BM10673","Final Vault Closing","iifl5","2026-09-25","19:29:54","8896011356"
"BM10673","Final Vault Closing","gen38","2026-09-26","17:31:05","8896011356"
"BM10674","Customer Purpose","gen25","2026-09-21","15:59:12","9993690365"
"BM10674","Final Vault Closing","gen27","2026-09-21","18:12:14","7987084713"
"BM10674","Final Vault Closing","gen17","2026-09-22","18:20:20","9993690365"
"BM10674","Customer Purpose","gen37","2026-09-23","10:49:37","7987084713"
"BM10674","Customer Purpose","gen24","2026-09-23","17:00:55","9171550807"
"BM10674","Customer Purpose","gen6","2026-09-23","18:15:08","9993690365"
"BM10674","Final Vault Closing","gen23","2026-09-23","18:57:10","9171550807"
"BM10674","Customer Purpose","gen7","2026-09-24","18:11:02","9993690365"
"BM10674","Final Vault Closing","gen23","2026-09-24","18:47:05","9171550807"
"BM10674","Customer Purpose","gen35","2026-09-25","11:38:19","7987084713"
"BM10674","Final Vault Closing","iifl1","2026-09-25","19:56:08","9993690365"
"BM10674","Customer Purpose","gen6","2026-09-26","11:36:57","9171550807"
"BM10674","Packet Counting","gen23","2026-09-26","14:41:49","khil Singh"
"BM10674","Packet Counting","gen1","2026-09-26","17:16:16","9993690365"
"BM10674","Final Vault Closing","gen8","2026-09-26","18:42:28","9171550807"
"BM10675","Customer Purpose","gen37","2026-09-21","13:37:35","7078624488"
"BM10675","Customer Purpose","gen41","2026-09-21","17:49:48","9193421400"
"BM10675","Customer Purpose","gen13","2026-09-22","10:45:50","9193421400"
"BM10675","Final Vault Closing","gen15","2026-09-22","18:20:40","7078624488"
"BM10675","Customer Purpose","gen11","2026-09-23","12:11:34","9084324004"
"BM10675","Customer Purpose","gen24","2026-09-23","13:19:48","9193421400"
"BM10675","Final Vault Closing","gen","2026-09-23","18:30:06","9193421400"
"BM10675","Customer Purpose","gen22","2026-09-24","16:06:48","9084324004"
"BM10675","Final Vault Closing","gen31","2026-09-24","18:10:23","9084324004"
"BM10675","Audit Purpose","gen25","2026-09-25","12:15:42","9084324004"
"BM10675","Audit Purpose","gen11","2026-09-25","12:58:34","9084324004"
"BM10675","Audit Purpose","gen32","2026-09-25","14:22:03","9084324004"
"BM10675","Customer Purpose","gen1","2026-09-25","15:34:41","9084324004"
"BM10675","Final Vault Closing","gen1","2026-09-25","17:30:10","9084324004"
"BM10675","Final Vault Closing","gen34","2026-09-26","17:49:20","9084324004"
"BM10675","Customer Purpose","gen38","2026-09-27","10:44:38","9193421400"
"BM10677","Customer Purpose","gen23","2026-09-21","14:12:28","9918878341"
"BM10677","Final Vault Closing","iifl3","2026-09-21","18:06:05","9506251223"
"BM10677","Customer Purpose","gen","2026-09-22","13:48:53","9506251223"
"BM10677","Final Vault Closing","gen21","2026-09-22","18:45:52","9918878341"
"BM10677","Customer Purpose","gen33","2026-09-23","10:44:15","9506251223"
"BM10677","Customer Purpose","gen21","2026-09-23","12:30:08","9506251223"
"BM10677","Final Vault Closing","gen21","2026-09-23","18:53:24","9918878341"
"BM10677","Customer Purpose","gen30","2026-09-24","16:07:55","9506251223"
"BM10677","Final Vault Closing","gen3","2026-09-24","18:14:05","9506251223"
"BM10677","Customer Purpose","gen17","2026-09-25","14:52:04","9506251223"
"BM10677","Final Vault Closing","gen28","2026-09-25","18:22:39","9918878341"
"BM10678","Final Vault Closing","gen37","2026-09-21","18:52:34","8318507921"
"BM10678","Customer Purpose","gen11","2026-09-22","10:42:16","8318507921"
"BM10678","Final Vault Closing","gen32","2026-09-22","17:22:42","8318507921"
"BM10678","Final Vault Closing","gen20","2026-09-23","18:49:30","8318507921"
"BM10678","Final Vault Closing","gen11","2026-09-24","18:49:03","8318507921"
"BM10678","Final Vault Closing","gen34","2026-09-25","18:29:09","8318507921"
"BM10678","Final Vault Closing","gen4","2026-09-26","16:08:06","8318507921"
"BM10679","Customer Purpose","gen35","2026-09-21","12:25:11","9832279011"
"BM10679","Final Vault Closing","gen19","2026-09-21","18:06:56","9614501047"
"BM10679","Customer Purpose","gen1","2026-09-22","14:26:24","8768767513"
"BM10679","Final Vault Closing","gen21","2026-09-22","17:51:54","8768767513"
"BM10679","Customer Purpose","gen17","2026-09-23","13:15:13","9832279011"
"BM10679","Customer Purpose","gen11","2026-09-23","16:09:17","9614501047"
"BM10679","Customer Purpose","gen37","2026-09-23","16:32:09","8768767513"
"BM10679","Final Vault Closing","gen1","2026-09-23","18:16:43","9832279011"
"BM10679","Customer Purpose","gen19","2026-09-24","11:45:08","9832279011"
"BM10679","Customer Purpose","gen14","2026-09-24","16:37:38","9832279011"
"BM10679","Final Vault Closing","gen24","2026-09-24","18:09:50","8768767513"
"BM10679","Customer Purpose","gen24","2026-09-25","15:11:13","9832279011"
"BM10679","Customer Purpose","gen33","2026-09-25","16:34:15","8768767513"
"BM10679","Final Vault Closing","gen39","2026-09-25","18:08:53","9614501047"
"BM10679","Customer Purpose","gen30","2026-09-26","13:57:36","8768767513"
"BM10679","Customer Purpose","gen38","2026-09-26","14:38:01","9614501047"
"BM10679","Packet Counting","gen23","2026-09-26","18:06:41","9614501047"
"BM10680","Customer Purpose","gen6","2026-09-21","15:38:29","7981799711"
"BM10680","Customer Purpose","gen4","2026-09-21","16:31:15","9247728770"
"BM10680","Final Vault Closing","gen19","2026-09-21","17:53:30","8019504423"
"BM10680","Customer Purpose","gen40","2026-09-22","10:47:54","9247728770"
"BM10680","Customer Purpose","gen27","2026-09-22","17:16:58","9247728770"
"BM10680","Customer Purpose","gen36","2026-09-23","14:10:43","9247728770"
"BM10680","Final Vault Closing","gen33","2026-09-23","17:58:06","7981799711"
"BM10680","Customer Purpose","gen3","2026-09-24","16:02:41","9247728770"
"BM10680","Customer Purpose","gen33","2026-09-25","11:31:38","7981799711"
"BM10680","Final Vault Closing","gen30","2026-09-25","17:58:32","9247728770"
"BM10680","Packet Counting","gen5","2026-09-26","16:07:16","9247728770"
"BM10680","Customer Purpose","gen29","2026-09-26","18:13:40","8019504423"
"BM10680","Final Vault Closing","gen9","2026-09-26","18:45:28","8019504423"
"BM10681","Final Vault Closing","gen17","2026-09-21","17:51:23","9717621879"
"BM10681","Customer Purpose","gen13","2026-09-22","14:27:12","8229964360"
"BM10681","Final Vault Closing","gen21","2026-09-22","17:55:55","8229964360"
"BM10681","Customer Purpose","gen14","2026-09-23","10:44:44","8229964360"
"BM10681","Final Vault Closing","gen22","2026-09-23","18:19:27","8229964360"
"BM10681","Final Vault Closing","gen39","2026-09-24","17:53:54","7449481181"
"BM10681","Customer Purpose","gen17","2026-09-25","11:27:43","8229964360"
"BM10681","Customer Purpose","gen30","2026-09-25","12:08:52","8229964360"
"BM10681","Customer Purpose","gen6","2026-09-25","16:25:58","8229964360"
"BM10681","Final Vault Closing","gen34","2026-09-25","17:55:50","8229964360"
"BM10681","Customer Purpose","gen26","2026-09-26","14:18:03","7449481181"
"BM10681","Packet Counting","gen24","2026-09-26","17:17:01","8229964360"
"BM10682","Customer Purpose","gen35","2026-09-21","14:43:57","9064842193"
"BM10682","Customer Purpose","gen6","2026-09-21","16:37:34","9064842193"
"BM10682","Final Vault Closing","gen41","2026-09-21","18:19:46","9064842193"
"BM10682","Customer Purpose","gen28","2026-09-22","13:14:31","9106946626"
"BM10682","Final Vault Closing","gen24","2026-09-22","17:59:10","9064842193"
"BM10682","Customer Purpose","gen24","2026-09-23","10:52:08","9064842193"
"BM10682","Final Vault Closing","gen37","2026-09-23","18:17:44","9064842193"
"BM10682","Final Vault Closing","gen17","2026-09-24","17:54:18","9106946626"
"BM10682","Customer Purpose","gen1","2026-09-25","11:00:07","9064842193"
"BM10682","Final Vault Closing","gen49","2026-09-25","17:58:39","9106946626"
"BM10682","Customer Purpose","gen21","2026-09-26","11:19:01","9064842193"
"BM10682","Customer Purpose","gen22","2026-09-26","17:13:58","9064842193"
"BM10682","Packet Counting","iifl6","2026-09-26","17:37:25","9064842193"
"BM10682","Audit Purpose","gen8","2026-09-27","10:56:21","9064842193"
"BM10682","Audit Purpose","gen17","2026-09-27","12:38:03","9106946626"
"BM10682","Audit Purpose","gen36","2026-09-27","14:04:40","9106946626"
"BM10682","Audit Purpose","gen32","2026-09-27","14:47:21","9064842193"
"BM10683","Customer Purpose","gen12","2026-09-21","12:22:34","8101878223"
"BM10683","Customer Purpose","gen12","2026-09-21","13:01:09","9564333022"
"BM10683","Customer Purpose","gen32","2026-09-21","13:18:41","8101878223"
"BM10683","Customer Purpose","gen15","2026-09-21","13:52:18","8101878223"
"BM10683","Customer Purpose","gen15","2026-09-21","14:07:38","7031166378"
"BM10683","Final Vault Closing","gen9","2026-09-21","18:49:38","7031166378"
"BM10683","Customer Purpose","gen24","2026-09-22","10:19:42","9564333022"
"BM10683","Customer Purpose","gen30","2026-09-22","11:21:19","9564333022"
"BM10683","Customer Purpose","gen14","2026-09-22","12:12:07","9564333022"
"BM10683","Customer Purpose","gen3","2026-09-22","13:23:57","9564333022"
"BM10683","Final Vault Closing","gen26","2026-09-22","18:27:28","9564333022"
"BM10683","Customer Purpose","gen11","2026-09-23","10:21:28","8101878223"
"BM10683","Customer Purpose","gen25","2026-09-23","12:06:33","7031166378"
"BM10683","Customer Purpose","gen39","2026-09-23","15:33:20","7031166378"
"BM10683","Final Vault Closing","gen6","2026-09-23","18:44:09","8101878223"
"BM10683","Customer Purpose","gen7","2026-09-24","11:20:27","8101878223"
"BM10683","Customer Purpose","gen9","2026-09-24","12:39:21","7031166378"
"BM10683","Customer Purpose","gen35","2026-09-24","12:59:10","7031166378"
"BM10683","Customer Purpose","gen28","2026-09-24","13:58:29","7031166378"
"BM10683","Final Vault Closing","gen13","2026-09-24","18:13:20","9564333022"
"BM10683","Customer Purpose","gen7","2026-09-25","12:26:37","7031166378"
"BM10683","Final Vault Closing","gen49","2026-09-25","18:03:39","9564333022"
"BM10683","Customer Purpose","gen2","2026-09-26","15:21:37","7031166378"
"BM10683","Packet Counting","gen32","2026-09-26","17:14:20","8101878223"
"BM10683","Final Vault Closing","gen10","2026-09-26","18:17:17","8101878223"
"BM10685","Final Vault Closing","gen11","2026-09-21","18:03:09","6002299407"
"BM10685","Final Vault Closing","gen17","2026-09-22","18:42:52","7399866359"
"BM10685","Final Vault Closing","gen34","2026-09-23","17:46:41","6002299407"
"BM10685","Final Vault Closing","gen11","2026-09-24","18:12:21","6002299407"
"BM10685","Final Vault Closing","gen8","2026-09-25","18:38:05","6002299407"
"BM10685","Packet Counting","gen23","2026-09-26","12:16:40","8399010582"
"BM10685","Final Vault Closing","gen23","2026-09-26","17:46:31","8399010582"
"BM10686","Audit Purpose","gen21","2026-09-21","10:20:19","6309624849"
"BM10686","Audit Purpose","gen43","2026-09-21","12:02:33","9581082324"
"BM10686","Audit Purpose","gen3","2026-09-21","13:39:05","6309624849"
"BM10686","Audit Purpose","gen37","2026-09-21","15:10:10","9581082324"
"BM10686","Audit Purpose","gen34","2026-09-21","15:52:02","9581082324"
"BM10686","Final Vault Closing","gen28","2026-09-21","17:46:39","9581082324"
"BM10686","Customer Purpose","gen33","2026-09-22","12:10:27","6309624849"
"BM10686","Final Vault Closing","gen26","2026-09-22","17:59:26","9581082324"
"BM10686","Customer Purpose","gen23","2026-09-23","11:10:33","6309624849"
"BM10686","Final Vault Closing","gen12","2026-09-23","17:56:28","@iifl.com>"
"BM10686","Customer Purpose","gen36","2026-09-24","15:11:58","6309624849"
"BM10686","Customer Purpose","gen23","2026-09-24","16:44:47","6309624849"
"BM10686","Final Vault Closing","gen1","2026-09-24","18:00:10","6309624849"
"BM10686","Final Vault Closing","gen29","2026-09-25","18:02:56","6309624849"
"BM10686","Customer Purpose","gen19","2026-09-26","14:53:11","9581082324"
"BM10686","Packet Counting","gen36","2026-09-26","15:26:02","9581082324"
"BM10686","Final Vault Closing","gen17","2026-09-26","17:58:14","9581082324"
"BM10687","Customer Purpose","gen16","2026-09-21","11:56:03","7708505362"
"BM10687","Customer Purpose","gen20","2026-09-21","12:22:41","7708505362"
"BM10687","Customer Purpose","gen30","2026-09-21","15:28:56","7708505362"
"BM10687","Final Vault Closing","gen14","2026-09-21","17:49:52","7708505362"
"BM10687","Customer Purpose","gen34","2026-09-22","10:12:55","7708505362"
"BM10687","Customer Purpose","gen40","2026-09-22","10:57:11","7708505362"
"BM10687","Customer Purpose","gen23","2026-09-22","11:47:16","7708505362"
"BM10687","Customer Purpose","gen9","2026-09-22","12:59:26","7708505362"
"BM10687","Final Vault Closing","gen","2026-09-22","18:14:25","6383672767"
"BM10687","Customer Purpose","gen5","2026-09-23","12:14:05","7708505362"
"BM10687","Customer Purpose","gen14","2026-09-23","13:45:03","6383672767"
"BM10687","Final Vault Closing","gen","2026-09-23","18:02:46","7708505362"
"BM10687","Customer Purpose","gen","2026-09-24","11:34:25","6383672767"
"BM10687","Customer Purpose","gen6","2026-09-24","17:54:57","6383672767"
"BM10687","Final Vault Closing","gen38","2026-09-24","18:27:38","7708505362"
"BM10687","Customer Purpose","gen37","2026-09-25","11:22:21","7708505362"
"BM10687","Customer Purpose","gen22","2026-09-25","11:29:30","7708505362"
"BM10687","Customer Purpose","gen23","2026-09-25","13:22:57","7708505362"
"BM10687","Final Vault Closing","iifl7","2026-09-25","18:02:15","6383672767"
"BM10687","Customer Purpose","gen9","2026-09-26","11:58:01","6383672767"
"BM10687","Final Vault Closing","gen21","2026-09-26","17:59:56","6383672767"
"BM10687","Customer Purpose","gen33","2026-09-27","14:26:28","7708505362"
"BM10688","Packet Counting","gen20","2026-09-21","13:10:56","7542918090"
"BM10688","Customer Purpose","gen7","2026-09-21","13:53:39","7478448224"
"BM10688","Customer Purpose","gen25","2026-09-21","15:31:25","7478448224"
"BM10688","Final Vault Closing","gen17","2026-09-21","17:45:15","7478448224"
"BM10688","Customer Purpose","gen21","2026-09-22","12:49:38","9775996458"
"BM10688","Final Vault Closing","gen17","2026-09-22","17:47:07","9775996458"
"BM10688","Customer Purpose","gen29","2026-09-23","13:46:32","7282997309"
"BM10688","Final Vault Closing","gen11","2026-09-23","17:45:26","7282997309"
"BM10688","Customer Purpose","gen30","2026-09-24","16:36:44","7478448224"
"BM10688","Final Vault Closing","gen7","2026-09-24","17:44:25","7478448224"
"BM10688","Customer Purpose","gen","2026-09-25","10:25:03","9775996458"
"BM10688","Final Vault Closing","gen1","2026-09-25","18:02:18","7478448224"
"BM10688","Audit Purpose","gen29","2026-09-26","11:34:52","7282997309"
"BM10688","Audit Purpose","gen28","2026-09-26","11:55:44","7282997309"
"BM10688","Audit Purpose","gen37","2026-09-26","13:35:22","7282997309"
"BM10688","Audit Purpose","gen36","2026-09-26","14:55:40","9775996458"
"BM10688","Final Vault Closing","gen18","2026-09-26","18:22:35","9775996458"
"BM10690","Final Vault Closing","gen17","2026-09-23","17:32:56","9896545251"
"BM10690","Customer Purpose","gen31","2026-09-24","13:55:53","9896545251"
"BM10690","Final Vault Closing","gen35","2026-09-24","17:34:33","9996810613"
"BM10690","Packet Counting","gen26","2026-09-26","17:05:55","9996810613"
"BM10691","Customer Purpose","gen13","2026-09-21","13:35:01","- 13:25:37"
"BM10691","Customer Purpose","gen25","2026-09-21","15:03:28","8882528678"
"BM10691","Customer Purpose","gen27","2026-09-21","17:01:57","8882528678"
"BM10691","Customer Purpose","gen28","2026-09-21","17:36:44","8882528678"
"BM10691","Customer Purpose","gen35","2026-09-22","17:16:49","8882528678"
"BM10691","Customer Purpose","gen29","2026-09-23","11:52:25","9852082266"
"BM10691","Customer Purpose","gen11","2026-09-23","14:57:23","8882528678"
"BM10691","Customer Purpose","gen11","2026-09-23","16:40:13","8882528678"
"BM10691","Final Vault Closing","iifl2","2026-09-23","19:10:43",": 18:14:03"
"BM10691","Customer Purpose","gen29","2026-09-24","12:16:41","9852082266"
"BM10691","Customer Purpose","gen22","2026-09-24","16:44:39","9852082266"
"BM10691","Final Vault Closing","gen29","2026-09-24","18:06:36","9852082266"
"BM10691","Customer Purpose","gen6","2026-09-26","11:33:48","8882528678"
"BM10691","Customer Purpose","gen3","2026-09-26","13:50:43","8882528678"
"BM10691","Audit Purpose","gen21","2026-09-26","15:02:17","8882528678"
"BM10691","Audit Purpose","gen38","2026-09-26","15:57:30","8882528678"
"BM10691","Audit Purpose","gen7","2026-09-26","16:50:02","9990404074"
"BM10691","Audit Purpose","gen30","2026-09-26","17:36:47","8882528678"
"BM10691","Customer Purpose","gen35","2026-09-27","11:00:35","9852082266"
"BM10691","Customer Purpose","gen14","2026-09-27","11:26:19","8882528678"
"BM10692","Customer Purpose","gen4","2026-09-21","10:35:34","8498849609"
"BM10692","Customer Purpose","gen6","2026-09-21","12:24:02","9676124913"
"BM10692","Final Vault Closing","gen34","2026-09-21","17:29:08","8498849609"
"BM10692","Audit Purpose","gen7","2026-09-22","11:13:58","8498849609"
"BM10692","Audit Purpose","gen17","2026-09-22","11:59:09","8498849609"
"BM10692","Audit Purpose","gen22","2026-09-22","14:07:38","9676124913"
"BM10692","Audit Purpose","gen39","2026-09-22","16:45:27","9676124913"
"BM10692","Final Vault Closing","gen4","2026-09-22","17:59:49","9676124913"
"BM10692","Final Vault Closing","gen9","2026-09-23","17:41:47","l; closing"
"BM10692","Customer Purpose","gen21","2026-09-24","15:17:05","9542845185"
"BM10692","Final Vault Closing","gen","2026-09-24","17:51:13","8498849609"
"BM10692","Final Vault Closing","gen14","2026-09-25","17:43:11","8498849609"
"BM10692","Packet Counting","gen36","2026-09-26","16:42:43","8498849609"
"BM10693","Customer Purpose","gen10","2026-09-21","15:15:10","9100628042"
"BM10693","Final Vault Closing","gen37","2026-09-21","18:46:10","9398348413"
"BM10693","Customer Purpose","gen17","2026-09-22","13:09:49","9100628042"
"BM10693","Customer Purpose","gen14","2026-09-22","15:29:56","9398348413"
"BM10693","Customer Purpose","gen37","2026-09-22","16:51:19","9100628042"
"BM10693","Customer Purpose","gen1","2026-09-22","17:03:05","9100628042"
"BM10693","Final Vault Closing","gen6","2026-09-22","17:49:45","9100628042"
"BM10693","Customer Purpose","gen7","2026-09-23","11:36:47","9398348413"
"BM10693","Customer Purpose","gen38","2026-09-23","12:02:07","9398348413"
"BM10693","Customer Purpose","gen17","2026-09-23","15:09:14","9398348413"
"BM10693","Final Vault Closing","gen24","2026-09-23","18:26:24","9398348413"
"BM10693","Customer Purpose","gen29","2026-09-24","11:57:07","9398348413"
"BM10693","Customer Purpose","gen21","2026-09-24","12:52:37","9100628042"
"BM10693","Customer Purpose","gen23","2026-09-24","13:21:38","9100628042"
"BM10693","Customer Purpose","gen8","2026-09-24","16:10:11","9398348413"
"BM10693","Customer Purpose","gen11","2026-09-24","17:17:28","9398348413"
"BM10693","Final Vault Closing","gen2","2026-09-24","17:46:51","9398348413"
"BM10693","Customer Purpose","gen38","2026-09-25","12:40:19","9398348413"
"BM10693","Customer Purpose","gen15","2026-09-25","14:00:46","9100628042"
"BM10693","Customer Purpose","gen12","2026-09-25","16:28:45","9398348413"
"BM10693","Final Vault Closing","gen19","2026-09-25","17:29:58","9398348413"
"BM10693","Audit Purpose","gen6","2026-09-26","10:22:05","9100628042"
"BM10693","Audit Purpose","gen29","2026-09-26","13:14:21","9100628042"
"BM10693","Audit Purpose","gen24","2026-09-26","14:16:33","9100628042"
"BM10693","Audit Purpose","gen8","2026-09-26","16:46:23","9100628042"
"BM10693","Audit Purpose","gen21","2026-09-26","17:54:54","9398348413"
"BM10693","Customer Purpose","gen38","2026-09-27","10:54:40","9398348413"
"BM10694","Customer Purpose","gen3","2026-09-21","10:47:09","9896530015"
"BM10694","Customer Purpose","gen10","2026-09-21","11:13:52","9896530015"
"BM10694","Customer Purpose","gen25","2026-09-21","12:44:53","9896530015"
"BM10694","Final Vault Closing","gen10","2026-09-21","18:05:35","9896530015"
"BM10694","Customer Purpose","gen7","2026-09-22","12:39:31","9896530015"
"BM10694","Final Vault Closing","gen15","2026-09-22","17:38:07","9896530015"
"BM10694","Customer Purpose","gen1","2026-09-23","12:00:08","9896530015"
"BM10694","Customer Purpose","gen31","2026-09-23","14:08:43","9588181793"
"BM10694","Final Vault Closing","gen10","2026-09-23","17:40:35","9588181793"
"BM10694","Customer Purpose","gen16","2026-09-24","13:52:44","9588181793"
"BM10694","Final Vault Closing","gen","2026-09-24","17:55:19","9896530015"
"BM10694","Customer Purpose","gen15","2026-09-25","11:52:40","9588181793"
"BM10694","Final Vault Closing","gen30","2026-09-25","17:48:43","9896530015"
"BM10694","Customer Purpose","gen29","2026-09-26","10:35:25","9588181793"
"BM10694","Audit Purpose","gen21","2026-09-26","14:08:06","9896530015"
"BM10694","Packet Counting","gen15","2026-09-26","15:57:19","9896530015"
"BM10694","Final Vault Closing","gen23","2026-09-26","17:51:07","9588181793"
"BM10696","Customer Purpose","gen28","2026-09-21","14:05:03","8128380333"
"BM10696","Final Vault Closing","gen1","2026-09-21","18:19:54","9723815570"
"BM10696","Final Vault Closing","gen3","2026-09-22","18:22:22","8128380333"
"BM10696","Customer Purpose","gen","2026-09-23","12:52:32","9723815570"
"BM10696","Final Vault Closing","gen15","2026-09-23","18:13:11","9723815570"
"BM10696","Final Vault Closing","gen10","2026-09-25","18:14:01","9723815570"
"BM10696","Packet Counting","gen14","2026-09-26","12:43:17","9723815570"
"BM10696","Customer Purpose","gen22","2026-09-27","14:54:00","8128380333"
"BM10697","Customer Purpose","gen43","2026-09-21","13:17:04","7013830936"
"BM10697","Customer Purpose","gen7","2026-09-21","14:34:51","9666086349"
"BM10697","Final Vault Closing","gen17","2026-09-21","17:53:59","9666086349"
"BM10697","Audit Purpose","gen16","2026-09-22","11:25:01","9553453373"
"BM10697","Audit Purpose","gen","2026-09-22","14:00:22","7013830936"
"BM10697","Audit Purpose","gen6","2026-09-22","17:20:57","9666086349"
"BM10697","Final Vault Closing","gen24","2026-09-22","18:13:32","7013830936"
"BM10697","Customer Purpose","gen29","2026-09-23","13:25:38","9553453373"
"BM10697","Final Vault Closing","gen21","2026-09-23","18:05:12","7013830936"
"BM10697","Customer Purpose","gen30","2026-09-24","13:47:07","9553453373"
"BM10697","Customer Purpose","gen30","2026-09-24","18:21:04","9553453373"
"BM10697","Final Vault Closing","gen37","2026-09-24","18:52:41","9553453373"
"BM10697","Customer Purpose","gen20","2026-09-25","13:07:03","9666086349"
"BM10697","Final Vault Closing","gen14","2026-09-25","17:53:51","9666086349"
"BM10697","Packet Counting","gen15","2026-09-26","14:44:02","7013830936"
"BM10697","Customer Purpose","gen1","2026-09-26","16:03:19","9666086349"
"BM10698","Customer Purpose","gen37","2026-09-21","16:08:11","9945904068"
"BM10698","Customer Purpose","gen37","2026-09-21","16:08:22",""
"BM10698","Final Vault Closing","gen12","2026-09-21","17:43:59","9945904068"
"BM10698","Customer Purpose","gen25","2026-09-22","10:39:57","9945904068"
"BM10698","Customer Purpose","gen39","2026-09-22","15:55:08","9632064820"
"BM10698","Final Vault Closing","gen23","2026-09-22","17:56:47","9945616587"
"BM10698","Customer Purpose","gen25","2026-09-23","12:48:29","9945904068"
"BM10698","Final Vault Closing","gen19","2026-09-23","18:09:28","9945904068"
"BM10698","Customer Purpose","gen24","2026-09-24","10:42:59","9632064820"
"BM10698","Final Vault Closing","gen39","2026-09-24","17:41:17","9945616587"
"BM10698","Audit Purpose","gen37","2026-09-25","10:25:46","9632064820"
"BM10698","Audit Purpose","gen5","2026-09-25","13:52:09","9945904068"
"BM10698","Audit Purpose","gen32","2026-09-25","14:52:06",""
"BM10698","Audit Purpose","gen31","2026-09-25","15:36:47","9945904068"
"BM10698","Final Vault Closing","gen49","2026-09-25","17:42:12","9945904068"
"BM10698","Packet Counting","gen21","2026-09-26","17:05:30","9632064820"
"BM10698","Final Vault Closing","gen7","2026-09-26","17:45:17","9632064820"
"BM10700","Customer Purpose","gen1","2026-09-21","10:54:04","9106866191"
"BM10700","Customer Purpose","gen28","2026-09-21","16:13:56","9106866191"
"BM10700","Final Vault Closing","gen14","2026-09-21","18:04:36","9106866191"
"BM10700","Customer Purpose","gen50","2026-09-22","15:41:03","9409126208"
"BM10700","Customer Purpose","gen5","2026-09-22","17:06:51","9409126208"
"BM10700","Final Vault Closing","gen37","2026-09-22","18:26:57","9409126208"
"BM10700","Customer Purpose","gen11","2026-09-23","10:48:16","9033179991"
"BM10700","Customer Purpose","gen22","2026-09-23","17:01:09","9106866191"
"BM10700","Final Vault Closing","gen2","2026-09-23","17:55:19","9409126208"
"BM10700","Audit Purpose","gen24","2026-09-24","13:57:18","9409126208"
"BM10700","Audit Purpose","gen26","2026-09-24","14:19:29","9409126208"
"BM10700","Final Vault Closing","gen2","2026-09-24","18:36:21","9409126208"
"BM10700","Customer Purpose","gen21","2026-09-25","10:45:27","9033179991"
"BM10700","Customer Purpose","gen18","2026-09-25","16:04:32","9409126208"
"BM10700","Customer Purpose","gen38","2026-09-25","16:45:52","9409126208"
"BM10700","Final Vault Closing","gen10","2026-09-25","17:55:37","9409126208"
"BM10700","Final Vault Closing","gen19","2026-09-26","17:50:53","9409126208"
"BM10701","Customer Purpose","gen3","2026-09-21","14:14:50","9510445164"
"BM10701","Customer Purpose","gen24","2026-09-21","15:52:23","8866628851"
"BM10701","Final Vault Closing","gen14","2026-09-21","18:09:35","9510445164"
"BM10701","Customer Purpose","gen3","2026-09-22","10:34:44","9510445164"
"BM10701","Customer Purpose","gen14","2026-09-22","13:41:35","8866628851"
"BM10701","Final Vault Closing","gen10","2026-09-22","17:58:01","8866628851"
"BM10701","Final Vault Closing","gen7","2026-09-23","18:19:23","8866628851"
"BM10701","Customer Purpose","gen32","2026-09-24","15:20:36","9510445164"
"BM10701","Customer Purpose","gen15","2026-09-24","16:11:43","9510445164"
"BM10701","Final Vault Closing","gen12","2026-09-24","17:38:23","8866628851"
"BM10701","Final Vault Closing","gen5","2026-09-25","17:57:31","8866628851"
"BM10701","Customer Purpose","gen4","2026-09-26","14:56:09","9510445164"
"BM10701","Packet Counting","gen20","2026-09-26","15:27:04","9510445164"
"BM10701","Customer Purpose","gen30","2026-09-26","17:32:22","9510445164"
"BM10701","Final Vault Closing","gen17","2026-09-26","18:10:15","8866628851"
"BM10702","Customer Purpose","gen32","2026-09-21","10:18:02","9133400161"
"BM10702","Customer Purpose","gen14","2026-09-21","11:41:14","8897934651"
"BM10702","Customer Purpose","gen25","2026-09-21","15:38:24","8897934651"
"BM10702","Customer Purpose","gen34","2026-09-21","17:22:50","9133400161"
"BM10702","Final Vault Closing","gen37","2026-09-21","17:57:03","8897934651"
"BM10702","Audit Purpose","gen1","2026-09-22","10:34:15","9133400161"
"BM10702","Customer Purpose","gen18","2026-09-22","11:49:52","8897934651"
"BM10702","Audit Purpose","gen33","2026-09-22","12:15:08","8897934651"
"BM10702","Audit Purpose","gen13","2026-09-22","13:01:59","8897934651"
"BM10702","Audit Purpose","gen5","2026-09-22","13:52:03","8897934651"
"BM10702","Customer Purpose","gen12","2026-09-22","14:48:22","8897934651"
"BM10702","Audit Purpose","gen14","2026-09-22","15:37:16","8897934651"
"BM10702","Audit Purpose","gen37","2026-09-22","16:40:33","8897934651"
"BM10702","Audit Purpose","gen11","2026-09-22","17:21:01","8897934651"
"BM10702","Audit Purpose","gen32","2026-09-22","18:14:53","9133400161"
"BM10702","Final Vault Closing","iifl4","2026-09-22","19:15:26","8897934651"
"BM10702","Audit Purpose","gen39","2026-09-23","10:26:56","9133400161"
"BM10702","Audit Purpose","gen36","2026-09-23","11:06:36","9133400161"
"BM10702","Audit Purpose","gen3","2026-09-23","12:01:31","8897934651"
"BM10702","Audit Purpose","gen36","2026-09-23","12:56:22","9133400161"
"BM10702","Audit Purpose","gen29","2026-09-23","13:32:29","9133400161"
"BM10702","Audit Purpose","gen39","2026-09-23","14:04:49","8897934651"
"BM10702","Customer Purpose","gen16","2026-09-23","14:21:45","9133400161"
"BM10702","Customer Purpose","gen5","2026-09-23","17:34:35","8897934651"
"BM10702","Final Vault Closing","iifl5","2026-09-23","18:15:02","8897934651"
"BM10702","Customer Purpose","gen16","2026-09-24","10:53:36","9133400161"
"BM10702","Customer Purpose","gen21","2026-09-24","11:54:39","8897934651"
"BM10702","Customer Purpose","gen36","2026-09-24","17:16:26","8897934651"
"BM10702","Final Vault Closing","gen30","2026-09-24","18:37:50","8897934651"
"BM10702","Customer Purpose","gen6","2026-09-25","11:37:09","8897934651"
"BM10702","Customer Purpose","gen24","2026-09-25","13:14:56","8897934651"
"BM10702","Customer Purpose","gen22","2026-09-25","13:25:21","8897934651"
"BM10702","Final Vault Closing","gen37","2026-09-25","18:21:28","8897934651"
"BM10702","Customer Purpose","gen17","2026-09-26","10:30:14","8897934651"
"BM10702","Packet Counting","gen21","2026-09-26","15:36:23","9133400161"
"BM10702","Customer Purpose","gen17","2026-09-26","16:24:52","8897934651"
"BM10702","Customer Purpose","gen34","2026-09-26","17:43:03","8897934651"
"BM10702","Customer Purpose","gen17","2026-09-26","17:53:34","8897934651"
"BM10702","Customer Purpose","gen19","2026-09-27","10:21:18","8897934651"
"BM10702","Customer Purpose","gen34","2026-09-27","10:41:59","8897934651"
"BM10702","Customer Purpose","gen35","2026-09-27","12:14:58","9133400161"
"BM10702","Customer Purpose","gen17","2026-09-27","14:26:09","9133400161"
"BM10703","Customer Purpose","gen14","2026-09-21","11:37:13","8519847553"
"BM10703","Customer Purpose","gen17","2026-09-21","14:32:53","8519847553"
"BM10703","Customer Purpose","gen26","2026-09-21","17:21:23","8519847553"
"BM10703","Customer Purpose","gen6","2026-09-22","17:08:44","8519847553"
"BM10703","Final Vault Closing","gen14","2026-09-22","17:57:50","8519847553"
"BM10703","Customer Purpose","gen37","2026-09-23","16:28:12","8519847553"
"BM10703","Final Vault Closing","gen","2026-09-23","18:08:55","8519847553"
"BM10703","Customer Purpose","gen2","2026-09-24","16:46:44","8519847553"
"BM10703","Customer Purpose","gen36","2026-09-24","17:21:29","8519847553"
"BM10703","Customer Purpose","gen16","2026-09-25","11:07:15","8519847553"
"BM10703","Customer Purpose","gen17","2026-09-25","12:03:47","8519847553"
"BM10703","Customer Purpose","gen23","2026-09-25","14:41:49","8519847553"
"BM10703","Packet Counting","gen6","2026-09-26","12:42:15","8519847553"
"BM10703","Packet Counting","gen24","2026-09-26","13:23:33","8519847553"
"BM10703","Customer Purpose","gen24","2026-09-26","17:13:03","8519847553"
"BM10704","Customer Purpose","gen9","2026-09-21","10:40:02","9914461650"
"BM10704","Final Vault Closing","gen41","2026-09-21","17:32:59","9914461650"
"BM10704","Other Purpose","gen23","2026-09-22","17:01:03","S CHARGING"
"BM10704","Final Vault Closing","gen50","2026-09-22","17:40:58","9914461650"
"BM10704","Customer Purpose","gen11","2026-09-23","10:38:33","9779639281"
"BM10704","Customer Purpose","gen25","2026-09-23","14:16:57","9779639281"
"BM10704","Final Vault Closing","gen27","2026-09-23","17:37:33","9779639281"
"BM10704","Customer Purpose","gen11","2026-09-24","13:20:46","9779639281"
"BM10704","Final Vault Closing","gen37","2026-09-24","17:34:02","9914461650"
"BM10704","Customer Purpose","gen1","2026-09-25","10:42:26","9914461650"
"BM10704","Final Vault Closing","gen2","2026-09-25","17:31:01","9914461650"
"BM10704","Final Vault Closing","gen11","2026-09-26","18:01:29","9914461650"
"BM10706","Customer Purpose","gen43","2026-09-21","10:29:16","9441038359"
"BM10706","Final Vault Closing","gen19","2026-09-21","17:56:11","9441038359"
"BM10706","Final Vault Closing","gen23","2026-09-22","17:52:36","9441038359"
"BM10706","Customer Purpose","gen37","2026-09-23","15:53:29","9441038359"
"BM10706","Final Vault Closing","gen9","2026-09-23","17:59:02","9441038359"
"BM10706","Customer Purpose","gen29","2026-09-24","12:22:48","9441038359"
"BM10706","Final Vault Closing","gen36","2026-09-24","17:48:59","9441038359"
"BM10706","Audit Purpose","gen32","2026-09-25","10:27:28","9441038359"
"BM10706","Audit Purpose","gen8","2026-09-25","13:41:13","9441038359"
"BM10706","Audit Purpose","gen23","2026-09-25","14:00:44","9441038359"
"BM10706","Audit Purpose","gen26","2026-09-25","16:09:59","9441038359"
"BM10706","Final Vault Closing","gen10","2026-09-25","18:04:53","9441038359"
"BM10706","Packet Counting","gen5","2026-09-26","17:41:53","9441038359"
"BM10706","Packet Counting","gen37","2026-09-26","18:02:09","9441038359"
"BM10706","Final Vault Closing","gen14","2026-09-26","18:17:52","9441038359"
"BM10706","Customer Purpose","gen17","2026-09-27","12:40:44","9441038359"
"BM10707","Final Vault Closing","gen17","2026-09-21","17:42:02","8427279056"
"BM10707","Customer Purpose","gen15","2026-09-22","10:43:47","9592544548"
"BM10707","Final Vault Closing","gen3","2026-09-22","18:15:13","9592544548"
"BM10707","Final Vault Closing","gen36","2026-09-23","18:00:17","9592544548"
"BM10707","Customer Purpose","gen19","2026-09-24","13:17:10","9592544548"
"BM10707","Customer Purpose","gen15","2026-09-24","13:51:01","9592544548"
"BM10707","Final Vault Closing","gen24","2026-09-24","17:35:29","9592544548"
"BM10707","Final Vault Closing","gen9","2026-09-25","18:04:13","9592544548"
"BM10707","Customer Purpose","gen22","2026-09-26","15:34:52","9592544548"
"BM10707","Final Vault Closing","gen24","2026-09-26","18:18:24","9592544548"
"BM10708","Customer Purpose","gen2","2026-09-21","13:04:05","8057313001"
"BM10708","Customer Purpose","gen25","2026-09-21","16:41:52","8057313001"
"BM10708","Final Vault Closing","gen20","2026-09-21","18:22:47","8057313001"
"BM10708","Customer Purpose","gen21","2026-09-22","12:16:20","8057313001"
"BM10708","Customer Purpose","gen23","2026-09-22","15:01:47","9354092719"
"BM10708","Final Vault Closing","gen39","2026-09-22","18:12:35","8057313001"
"BM10708","Customer Purpose","gen15","2026-09-23","12:16:01","9312592008"
"BM10708","Customer Purpose","gen3","2026-09-23","13:15:48","8057313001"
"BM10708","Final Vault Closing","gen11","2026-09-23","18:11:05","8057313001"
"BM10708","Customer Purpose","gen28","2026-09-24","14:09:27","8057313001"
"BM10708","Customer Purpose","gen10","2026-09-24","15:43:21","8057313001"
"BM10708","Final Vault Closing","gen20","2026-09-24","18:30:18","9312592008"
"BM10708","Customer Purpose","gen19","2026-09-25","16:09:32","8057313001"
"BM10708","Customer Purpose","gen4","2026-09-25","16:19:35","8057313001"
"BM10708","Final Vault Closing","gen3","2026-09-25","18:01:42","8057313001"
"BM10708","Customer Purpose","gen14","2026-09-26","11:21:35","9312592008"
"BM10708","Customer Purpose","gen35","2026-09-26","15:35:20","8057313001"
"BM10708","Packet Counting","gen25","2026-09-26","16:47:48","8057313001"
"BM10708","Final Vault Closing","gen11","2026-09-26","18:19:05","8057313001"
"BM10709","Final Vault Closing","gen20","2026-09-21","18:06:26","7703872511"
"BM10709","Customer Purpose","gen3","2026-09-22","13:27:26","7703872511"
"BM10709","Final Vault Closing","gen2","2026-09-22","18:25:44","9050181238"
"BM10709","Final Vault Closing","gen32","2026-09-23","18:42:03","7703872511"
"BM10709","Customer Purpose","gen11","2026-09-24","11:08:53","9050181238"
"BM10709","Customer Purpose","gen23","2026-09-24","11:24:07","7703872511"
"BM10709","Audit Purpose","gen19","2026-09-24","16:08:43","9050181238"
"BM10709","Audit Purpose","gen15","2026-09-24","17:55:38","9050181238"
"BM10709","Final Vault Closing","gen30","2026-09-24","18:35:10","9050181238"
"BM10709","Customer Purpose","gen29","2026-09-25","10:38:15","9050181238"
"BM10709","Customer Purpose","gen10","2026-09-25","15:03:59","9050181238"
"BM10709","Customer Purpose","gen20","2026-09-25","16:57:28","7703872511"
"BM10709","Final Vault Closing","gen34","2026-09-25","18:16:56","9050181238"
"BM10709","Packet Counting","gen32","2026-09-26","17:56:18","7703872511"
"BM10709","Final Vault Closing","gen12","2026-09-26","18:43:31","9050181238"
"BM10710","Customer Purpose","gen23","2026-09-21","16:54:26","8853015892"
"BM10710","Customer Purpose","gen18","2026-09-21","18:26:26","LT CLOSING"
"BM10710","Final Vault Closing","gen21","2026-09-22","18:20:38","8853015892"
"BM10710","Final Vault Closing","iifl5","2026-09-23","18:57:08","9236568631"
"BM10710","Final Vault Closing","gen22","2026-09-24","18:13:56","9236568631"
"BM10710","Customer Purpose","gen14","2026-09-25","11:58:01","9236568631"
"BM10710","Customer Purpose","gen10","2026-09-25","13:22:09","9236568631"
"BM10710","Final Vault Closing","gen29","2026-09-25","18:15:01","9236568631"
"BM10710","Packet Counting","gen32","2026-09-26","16:15:26","8853015892"
"BM10710","Customer Purpose","gen17","2026-09-27","13:15:02","8853015892"
"BM10711","Final Vault Closing","gen26","2026-09-21","17:38:38","9634536910"
"BM10711","Customer Purpose","gen26","2026-09-22","17:11:58","9634536910"
"BM10711","Final Vault Closing","gen1","2026-09-22","18:13:14","9634536910"
"BM10711","Final Vault Closing","gen9","2026-09-24","17:47:40","9634536910"
"BM10711","Final Vault Closing","gen31","2026-09-25","18:19:54","9634536910"
"BM10711","Final Vault Closing","gen33","2026-09-26","17:13:58","9634536910"
"BM10716","Audit Purpose","gen3","2026-09-21","11:24:12","8120739374"
"BM10716","Audit Purpose","gen12","2026-09-21","12:07:07","8120739374"
"BM10716","Audit Purpose","gen35","2026-09-21","13:00:26","8120739374"
"BM10716","Audit Purpose","gen23","2026-09-21","14:50:53","8120739374"
"BM10716","Audit Purpose","gen22","2026-09-21","15:32:09","8120739374"
"BM10716","Audit Purpose","gen16","2026-09-21","16:30:25","7509587540"
"BM10716","Audit Purpose","gen23","2026-09-21","17:45:43","7509587540"
"BM10716","Audit Purpose","gen24","2026-09-21","18:31:05","7509587540"
"BM10716","Audit Purpose","gen39","2026-09-22","10:58:28","6262458293"
"BM10716","Audit Purpose","gen21","2026-09-22","11:53:28","6262458293"
"BM10716","Audit Purpose","gen","2026-09-22","12:44:20","6262458293"
"BM10716","Audit Purpose","gen16","2026-09-22","14:19:07","6262458293"
"BM10716","Audit Purpose","gen50","2026-09-22","15:12:34","6262458293"
"BM10716","Audit Purpose","gen14","2026-09-22","16:30:42","7509587540"
"BM10716","Final Vault Closing","gen","2026-09-22","18:39:12","7509587540"
"BM10716","Customer Purpose","gen3","2026-09-23","11:11:30","6262458293"
"BM10716","Customer Purpose","gen22","2026-09-23","12:09:40","7509587540"
"BM10716","Customer Purpose","gen39","2026-09-23","12:50:30","6262458293"
"BM10716","Customer Purpose","gen1","2026-09-23","13:47:19","7509587540"
"BM10716","Customer Purpose","gen16","2026-09-23","15:00:32","6262458293"
"BM10716","Customer Purpose","gen3","2026-09-23","15:59:13","6262458293"
"BM10716","Final Vault Closing","gen38","2026-09-23","18:36:40","6262458293"
"BM10716","Customer Purpose","gen11","2026-09-24","11:57:12","6262458293"
"BM10716","Customer Purpose","gen30","2026-09-24","15:49:34","7509587540"
"BM10716","Customer Purpose","gen12","2026-09-24","16:46:52","6262458293"
"BM10716","Final Vault Closing","gen18","2026-09-24","18:31:18","6262458293"
"BM10716","Customer Purpose","gen12","2026-09-25","11:09:09","7509587540"
"BM10716","Customer Purpose","gen28","2026-09-25","13:27:22","6262458293"
"BM10716","Customer Purpose","gen21","2026-09-25","14:26:23","6262458293"
"BM10716","Customer Purpose","gen3","2026-09-25","16:32:08","6262458293"
"BM10716","Customer Purpose","gen28","2026-09-25","16:52:28","7509587540"
"BM10716","Final Vault Closing","gen24","2026-09-25","18:41:31","6262458293"
"BM10716","Packet Counting","gen32","2026-09-26","11:29:10","6262458293"
"BM10716","Packet Counting","gen19","2026-09-26","12:32:33","6262458293"
"BM10716","Customer Purpose","gen12","2026-09-26","15:56:29","6262458293"
"BM10716","Customer Purpose","gen36","2026-09-26","17:43:37","7509587540"
"BM10716","Final Vault Closing","gen4","2026-09-26","18:50:15","7509587540"
"BM10723","Customer Purpose","gen1","2026-09-21","11:48:54","9173056224"
"BM10723","Customer Purpose","gen22","2026-09-21","15:48:09","9426551794"
"BM10723","Final Vault Closing","gen43","2026-09-21","18:42:39","9426551794"
"BM10723","Customer Purpose","gen40","2026-09-22","10:51:00","9173056224"
"BM10723","Final Vault Closing","gen13","2026-09-22","18:21:21","9173056224"
"BM10723","Customer Purpose","gen1","2026-09-23","11:16:39","9173056224"
"BM10723","Final Vault Closing","gen11","2026-09-23","18:04:06","9426551794"
"BM10723","Customer Purpose","gen26","2026-09-24","10:48:40","9173056224"
"BM10723","Final Vault Closing","gen","2026-09-24","18:28:34","9173056224"
"BM10723","Customer Purpose","gen9","2026-09-25","11:39:42","9173056224"
"BM10723","Final Vault Closing","gen10","2026-09-25","18:17:02","9173056224"
"BM10723","Customer Purpose","gen14","2026-09-26","12:55:06","9426551794"
"BM10723","Final Vault Closing","gen29","2026-09-26","17:59:31","9426551794"
"BM10724","Audit Purpose","gen7","2026-09-21","10:14:03","7477349580"
"BM10724","Audit Purpose","gen6","2026-09-21","11:21:24","6294361247"
"BM10724","Audit Purpose","gen26","2026-09-21","12:58:03","6294361247"
"BM10724","Audit Purpose","gen3","2026-09-21","13:56:48","7477349580"
"BM10724","Audit Purpose","gen1","2026-09-21","14:53:12","7477349580"
"BM10724","Audit Purpose","gen20","2026-09-21","16:30:04","6294361247"
"BM10724","Final Vault Closing","gen16","2026-09-21","18:16:18","6294361247"
"BM10724","Audit Purpose","gen6","2026-09-22","10:56:29","6294361247"
"BM10724","Audit Purpose","gen7","2026-09-22","11:43:41","7477349580"
"BM10724","Customer Purpose","gen35","2026-09-22","13:25:28","6294361247"
"BM10724","Customer Purpose","gen21","2026-09-22","15:04:24","6294361247"
"BM10724","Customer Purpose","gen7","2026-09-22","15:41:04","7477349580"
"BM10724","Customer Purpose","gen18","2026-09-22","16:22:03","7477349580"
"BM10724","Audit Purpose","gen13","2026-09-22","17:18:34","7477349580"
"BM10724","Final Vault Closing","gen16","2026-09-22","18:13:34","7477349580"
"BM10724","Customer Purpose","gen31","2026-09-23","10:08:00","7477349580"
"BM10724","Customer Purpose","gen21","2026-09-23","14:57:42","7477349580"
"BM10724","Final Vault Closing","gen17","2026-09-23","17:42:40","6294361247"
"BM10724","Customer Purpose","gen36","2026-09-24","11:06:14","6294361247"
"BM10724","Customer Purpose","gen39","2026-09-24","11:19:36","7477349580"
"BM10724","Customer Purpose","gen22","2026-09-24","11:27:54","8617354602"
"BM10724","Customer Purpose","gen35","2026-09-24","12:15:01","7477349580"
"BM10724","Customer Purpose","gen11","2026-09-24","14:14:46","6294361247"
"BM10724","Customer Purpose","gen16","2026-09-24","15:57:19","6294361247"
"BM10724","Final Vault Closing","gen2","2026-09-24","17:37:42","6294361247"
"BM10724","Customer Purpose","gen21","2026-09-25","10:55:53","6294361247"
"BM10724","Customer Purpose","gen24","2026-09-25","13:11:02","6294361247"
"BM10724","Customer Purpose","gen36","2026-09-25","16:19:24","8617354602"
"BM10724","Final Vault Closing","gen22","2026-09-25","18:31:48","6294361247"
"BM10724","Customer Purpose","gen15","2026-09-26","11:25:31","6294361247"
"BM10724","Packet Counting","gen49","2026-09-26","14:43:08","8617354602"
"BM10724","Final Vault Closing","gen10","2026-09-26","18:14:52","8617354602"
"BM10724","Customer Purpose","gen36","2026-09-27","11:26:39","6294361247"
"BM10725","Customer Purpose","gen10","2026-09-21","15:45:53","8867210560"
"BM10725","Final Vault Closing","gen34","2026-09-21","17:49:32","7022866043"
"BM10725","Customer Purpose","gen35","2026-09-22","17:00:44","8867210560"
"BM10725","Customer Purpose","gen29","2026-09-23","13:21:57","0228660431"
"BM10725","Final Vault Closing","gen15","2026-09-23","18:18:28","9845977878"
"BM10725","Customer Purpose","gen9","2026-09-24","12:43:13","7022866043"
"BM10725","Final Vault Closing","gen25","2026-09-24","17:56:42","7022866043"
"BM10725","Customer Purpose","gen26","2026-09-25","10:45:31","7022866043"
"BM10725","Final Vault Closing","gen14","2026-09-25","18:31:11","7022866043"
"BM10725","Final Vault Closing","gen14","2026-09-26","17:42:03","7022866043"
"BM10725","Customer Purpose","gen32","2026-09-27","10:30:30","9845977878"
"BM10726","Customer Purpose","gen16","2026-09-21","10:17:27","9480908889"
"BM10726","Customer Purpose","gen41","2026-09-21","13:16:49","9731988473"
"BM10726","Customer Purpose","gen32","2026-09-21","16:17:39","9480908889"
"BM10726","Final Vault Closing","gen6","2026-09-21","17:48:41","9972336065"
"BM10726","Customer Purpose","gen20","2026-09-22","11:45:07","9480908889"
"BM10726","Final Vault Closing","gen10","2026-09-22","17:43:58","9480908889"
"BM10726","Customer Purpose","gen24","2026-09-23","11:32:01","9731988473"
"BM10726","Customer Purpose","gen30","2026-09-23","14:53:23","9972336065"
"BM10726","Customer Purpose","gen24","2026-09-23","16:56:50","9731988473"
"BM10726","Final Vault Closing","gen25","2026-09-23","18:17:38","9480908889"
"BM10726","Audit Purpose","gen35","2026-09-24","10:21:09","9480908889"
"BM10726","Audit Purpose","gen30","2026-09-24","11:32:14","9731988473"
"BM10726","Audit Purpose","gen7","2026-09-24","15:44:03","9480908889"
"BM10726","Audit Purpose","gen32","2026-09-24","17:45:54","9972336065"
"BM10726","Final Vault Closing","gen10","2026-09-24","18:02:51","9972336065"
"BM10726","Customer Purpose","gen22","2026-09-25","11:32:42","9731988473"
"BM10726","Customer Purpose","gen","2026-09-25","16:01:25","9731988473"
"BM10726","Final Vault Closing","gen10","2026-09-25","17:50:24","9731988473"
"BM10726","Customer Purpose","gen17","2026-09-26","13:07:19","9480908889"
"BM10726","Packet Counting","gen30","2026-09-26","16:16:03","9731988473"
"BM10726","Final Vault Closing","gen25","2026-09-26","18:03:46","9972336065"
"BM10726","Customer Purpose","gen17","2026-09-27","10:07:37","9972336065"
"BM10726","Customer Purpose","gen40","2026-09-27","11:51:44","9480908889"
"BM10727","Final Vault Closing","gen","2026-09-21","17:56:43","9392260474"
"BM10727","Customer Purpose","gen8","2026-09-22","13:01:23","9392260474"
"BM10727","Final Vault Closing","gen18","2026-09-22","17:51:39","9392260474"
"BM10727","Customer Purpose","gen35","2026-09-24","10:15:51","9000076348"
"BM10727","Final Vault Closing","gen","2026-09-24","17:48:14","9000076348"
"BM10727","Packet Counting","gen19","2026-09-26","15:37:48","9392260474"
"BM10727","Customer Purpose","gen36","2026-09-27","12:16:16","9392260474"
"BM10728","Customer Purpose","gen43","2026-09-21","13:25:56","9591881004"
"BM10728","Customer Purpose","gen19","2026-09-21","16:04:17","9591881004"
"BM10728","Final Vault Closing","gen27","2026-09-21","18:22:55","9535134593"
"BM10728","Customer Purpose","gen4","2026-09-22","12:13:11","9591881004"
"BM10728","Customer Purpose","gen21","2026-09-22","12:47:28","9591881004"
"BM10728","Customer Purpose","gen50","2026-09-22","13:46:16","9535134593"
"BM10728","Customer Purpose","gen29","2026-09-22","14:36:46","9535134593"
"BM10728","Final Vault Closing","gen37","2026-09-22","18:51:49","9591881004"
"BM10728","Customer Purpose","gen29","2026-09-23","12:10:01","9591881004"
"BM10728","Customer Purpose","gen5","2026-09-23","13:41:00","9591881004"
"BM10728","Customer Purpose","gen50","2026-09-23","17:05:43","9591881004"
"BM10728","Final Vault Closing","gen24","2026-09-23","17:52:46","9535134593"
"BM10728","Customer Purpose","gen6","2026-09-24","10:26:27","9591881004"
"BM10728","Customer Purpose","gen21","2026-09-24","12:59:42","9591881004"
"BM10728","Customer Purpose","gen23","2026-09-24","16:31:17","9535134593"
"BM10728","Final Vault Closing","gen37","2026-09-24","18:26:33","9591881004"
"BM10728","Customer Purpose","gen6","2026-09-25","12:24:15","9535134593"
"BM10728","Customer Purpose","gen21","2026-09-25","12:37:23","9535134593"
"BM10728","Final Vault Closing","gen8","2026-09-25","17:39:27","9535134593"
"BM10728","Customer Purpose","gen23","2026-09-26","10:27:13","9535134593"
"BM10728","Customer Purpose","gen49","2026-09-26","12:38:46","9535134593"
"BM10728","Customer Purpose","gen4","2026-09-26","13:19:54","9535134593"
"BM10728","Customer Purpose","gen15","2026-09-26","15:28:55","9535134593"
"BM10728","Packet Counting","gen3","2026-09-26","16:46:34","9535134593"
"BM10728","Final Vault Closing","gen12","2026-09-26","17:53:27","9535134593"
"BM10728","Customer Purpose","gen30","2026-09-27","11:44:36","9535134593"
"BM10729","Customer Purpose","gen1","2026-09-21","13:18:30","9908143775"
"BM10729","Final Vault Closing","gen32","2026-09-21","17:55:55","7416515912"
"BM10729","Customer Purpose","gen21","2026-09-22","13:01:12","7416515912"
"BM10729","Final Vault Closing","gen31","2026-09-22","17:58:14","9908143775"
"BM10729","Final Vault Closing","gen38","2026-09-23","17:56:17","9908143775"
"BM10729","Final Vault Closing","gen18","2026-09-24","18:15:40","7416515912"
"BM10729","Customer Purpose","gen21","2026-09-25","11:21:15","9908143775"
"BM10729","Final Vault Closing","gen1","2026-09-25","18:11:50",""
"BM10729","Packet Counting","gen22","2026-09-26","14:40:32","9908143775"
"BM10729","Final Vault Closing","gen29","2026-09-26","18:03:45","7416515912"
"BM10730","Customer Purpose","gen15","2026-09-21","10:42:32","6385226083"
"BM10730","Final Vault Closing","gen11","2026-09-21","18:13:29","6385226083"
"BM10730","Final Vault Closing","gen15","2026-09-22","18:07:40","6385226083"
"BM10730","Customer Purpose","gen3","2026-09-23","14:51:41","9629587947"
"BM10730","Final Vault Closing","gen29","2026-09-23","18:12:02","9629587947"
"BM10730","Customer Purpose","gen29","2026-09-24","11:30:13","9629587947"
"BM10730","Customer Purpose","gen30","2026-09-24","12:01:59","9629587947"
"BM10730","Final Vault Closing","gen9","2026-09-24","18:38:58","6385226083"
"BM10730","Customer Purpose","gen29","2026-09-25","11:02:34","6385226083"
"BM10730","Packet Counting","gen33","2026-09-25","17:29:52","6385226083"
"BM10730","Final Vault Closing","gen28","2026-09-25","18:34:00","9629587947"
"BM10730","Customer Purpose","gen9","2026-09-26","12:56:37","6385226083"
"BM10731","Customer Purpose","gen19","2026-09-21","10:15:49","9606613540"
"BM10731","Customer Purpose","gen11","2026-09-21","11:01:27","9606613540"
"BM10731","Customer Purpose","gen2","2026-09-21","16:35:23","9606613540"
"BM10731","Final Vault Closing","gen3","2026-09-21","17:51:20","9353220314"
"BM10731","Customer Purpose","gen35","2026-09-22","12:35:43","9353220314"
"BM10731","Customer Purpose","gen41","2026-09-22","13:07:59","9353220314"
"BM10731","Final Vault Closing","gen13","2026-09-22","18:08:53","9606613540"
"BM10731","Customer Purpose","gen39","2026-09-23","12:01:53","9353220314"
"BM10731","Customer Purpose","gen11","2026-09-23","12:45:46","9353220314"
"BM10731","Final Vault Closing","gen24","2026-09-23","18:03:02","9353220314"
"BM10731","Customer Purpose","gen49","2026-09-24","10:03:16","9353220314"
"BM10731","Final Vault Closing","gen2","2026-09-24","18:28:19","9606613540"
"BM10731","Customer Purpose","gen29","2026-09-25","13:07:29","9606613540"
"BM10731","Final Vault Closing","iifl3","2026-09-25","19:16:16","9606613540"
"BM10731","Customer Purpose","gen12","2026-09-26","10:51:42","9353220314"
"BM10731","Customer Purpose","gen35","2026-09-26","12:18:23","9353220314"
"BM10731","Customer Purpose","gen23","2026-09-26","15:11:58","9353220314"
"BM10731","Packet Counting","gen17","2026-09-26","16:38:28","9606613540"
"BM10731","Final Vault Closing","gen32","2026-09-26","17:48:52","9353220314"
"BM10731","Customer Purpose","gen22","2026-09-27","11:52:54","9606613540"
"BM10733","Customer Purpose","gen32","2026-09-21","16:52:44","9101178587"
"BM10733","Final Vault Closing","gen4","2026-09-21","17:37:01","9101178587"
"BM10733","Customer Purpose","gen1","2026-09-22","13:24:04","9365654945"
"BM10733","Final Vault Closing","gen1","2026-09-22","18:15:53","7635930768"
"BM10733","Final Vault Closing","gen21","2026-09-23","17:40:58","7635930768"
"BM10733","Final Vault Closing","gen11","2026-09-24","17:34:06","9101178587"
"BM10733","Final Vault Closing","gen31","2026-09-25","17:55:31","9101178587"
"BM10733","Final Vault Closing","gen8","2026-09-26","17:22:58","7635930768"
"BM10733","Final Vault Closing","gen30","2026-09-27","14:43:02","7635930768"
"BM10734","Audit Purpose","gen29","2026-09-21","11:19:22","6304431457"
"BM10734","Audit Purpose","gen19","2026-09-21","16:44:27","6304431457"
"BM10734","Final Vault Closing","gen8","2026-09-22","17:34:09","6304431457"
"BM10734","Customer Purpose","gen31","2026-09-25","16:14:24","6304431457"
"BM10734","Packet Counting","gen10","2026-09-26","17:02:08","@iifl.com>"
"BM10735","Customer Purpose","gen37","2026-09-21","13:35:16","8309572685"
"BM10735","Final Vault Closing","gen22","2026-09-21","17:50:39","9642861672"
"BM10735","Final Vault Closing","gen20","2026-09-22","18:10:58","9642861672"
"BM10735","Final Vault Closing","gen29","2026-09-23","18:30:07","9642861672"
"BM10735","Customer Purpose","gen13","2026-09-24","11:59:03","9642861672"
"BM10735","Customer Purpose","gen24","2026-09-24","16:19:09","6304815268"
"BM10735","Final Vault Closing","gen34","2026-09-24","18:20:30","6304815268"
"BM10735","Customer Purpose","gen23","2026-09-25","11:09:56","6304815268"
"BM10735","Customer Purpose","gen10","2026-09-25","15:12:26","6304815268"
"BM10735","Final Vault Closing","gen5","2026-09-25","18:16:23","6304815268"
"BM10735","Packet Counting","gen24","2026-09-26","16:53:08","9642861672"
"BM10735","Final Vault Closing","gen6","2026-09-26","18:05:54","9642861672"
"BM10735","Customer Purpose","gen32","2026-09-27","12:30:32","6304815268"
"BM10736","Customer Purpose","gen22","2026-09-21","10:46:54","7095219866"
"BM10736","Customer Purpose","gen24","2026-09-21","11:20:54","7095219866"
"BM10736","Customer Purpose","gen","2026-09-21","14:05:38","7095219866"
"BM10736","Customer Purpose","gen18","2026-09-21","14:36:11","7738312192"
"BM10736","Customer Purpose","gen29","2026-09-21","17:25:53","7095219866"
"BM10736","Final Vault Closing","gen34","2026-09-21","18:23:14","7095219866"
"BM10736","Customer Purpose","gen10","2026-09-22","15:55:21","7095219866"
"BM10736","Customer Purpose","gen","2026-09-23","12:26:53","7095219866"
"BM10736","Final Vault Closing","gen32","2026-09-23","17:39:06","7095219866"
"BM10736","Customer Purpose","gen39","2026-09-24","11:06:55","7095219866"
"BM10736","Customer Purpose","gen26","2026-09-24","17:00:21","7095219866"
"BM10736","Customer Purpose","gen23","2026-09-25","13:27:53","7095219866"
"BM10736","Final Vault Closing","gen33","2026-09-25","17:47:07","7095219866"
"BM10736","Customer Purpose","gen10","2026-09-26","13:10:53","7738312192"
"BM10736","Packet Counting","gen30","2026-09-26","16:23:19","7738312192"
"BM10736","Final Vault Closing","gen21","2026-09-26","17:51:54","7095219866"
"BM10736","Customer Purpose","gen12","2026-09-27","10:53:21","7738312192"
"BM10737","Final Vault Closing","gen25","2026-09-21","18:26:26","9630612826"
"BM10737","Customer Purpose","gen28","2026-09-22","13:23:52","9630612826"
"BM10737","Final Vault Closing","gen41","2026-09-22","18:23:03","9630612826"
"BM10737","Customer Purpose","gen29","2026-09-23","13:39:21","9630612826"
"BM10737","Final Vault Closing","gen1","2026-09-23","18:11:02","9129003981"
"BM10737","Final Vault Closing","gen16","2026-09-24","18:18:26","9129003981"
"BM10737","Final Vault Closing","gen9","2026-09-25","18:09:54","9129003981"
"BM10737","Packet Counting","gen36","2026-09-26","15:01:26","9630612826"
"BM10738","Customer Purpose","gen6","2026-09-21","10:06:21","8754239160"
"BM10738","Customer Purpose","gen14","2026-09-21","10:51:39","8838877568"
"BM10738","Customer Purpose","gen7","2026-09-21","17:25:02","8838877568"
"BM10738","Final Vault Closing","gen11","2026-09-21","18:50:23","8807819759"
"BM10738","Customer Purpose","gen","2026-09-22","10:07:52","8807819759"
"BM10738","Customer Purpose","gen13","2026-09-22","12:24:18","8838877568"
"BM10738","Customer Purpose","gen18","2026-09-22","15:37:21","8754239160"
"BM10738","Customer Purpose","gen","2026-09-22","17:30:55","8838877568"
"BM10738","Final Vault Closing","gen41","2026-09-22","18:06:48","8838877568"
"BM10738","Customer Purpose","gen8","2026-09-23","10:54:02","8838877568"
"BM10738","Customer Purpose","gen25","2026-09-23","11:53:11","8754239160"
"BM10738","Customer Purpose","gen21","2026-09-23","12:35:33","8838877568"
"BM10738","Customer Purpose","gen38","2026-09-23","13:54:45","8807819759"
"BM10738","Customer Purpose","gen38","2026-09-23","13:54:53",""
"BM10738","Customer Purpose","gen20","2026-09-23","14:09:52","8754239160"
"BM10738","Customer Purpose","gen7","2026-09-23","17:48:49","8807819759"
"BM10738","Customer Purpose","gen32","2026-09-24","10:20:24","8838877568"
"BM10738","Customer Purpose","gen38","2026-09-24","15:01:24","8838877568"
"BM10738","Final Vault Closing","gen26","2026-09-24","17:49:27","8838877568"
"BM10738","Customer Purpose","gen3","2026-09-25","10:44:18","8838877568"
"BM10738","Customer Purpose","gen15","2026-09-25","11:19:03","8838877568"
"BM10738","Customer Purpose","gen12","2026-09-25","13:51:57","8754239160"
"BM10738","Packet Counting","gen21","2026-09-25","16:07:26","8807819759"
"BM10738","Final Vault Closing","gen15","2026-09-25","17:40:21","8754239160"
"BM10738","Customer Purpose","gen11","2026-09-26","11:36:53","8807819759"
"BM10738","Final Vault Closing","gen11","2026-09-26","18:06:15","8807819759"
"BM10738","Customer Purpose","gen6","2026-09-27","13:03:21","8807819759"
"BM10740","Customer Purpose","gen21","2026-09-21","11:54:33","7842514245"
"BM10740","Final Vault Closing","gen29","2026-09-21","18:01:49","7842514245"
"BM10740","Final Vault Closing","gen","2026-09-22","17:49:11","7842514245"
"BM10740","Customer Purpose","gen1","2026-09-23","15:29:19","7842514245"
"BM10740","Final Vault Closing","gen32","2026-09-23","18:04:49","9110323155"
"BM10740","Customer Purpose","gen30","2026-09-24","11:26:40","7842514245"
"BM10740","Customer Purpose","gen35","2026-09-24","11:37:27","9110323155"
"BM10740","Customer Purpose","gen3","2026-09-24","14:12:43","7842514245"
"BM10740","Final Vault Closing","gen31","2026-09-24","17:47:39","9966223330"
"BM10740","Customer Purpose","gen7","2026-09-25","17:45:11","7842514245"
"BM10740","Packet Counting","gen7","2026-09-26","16:24:17","7842514245"
"BM10741","Final Vault Closing","gen35","2026-09-21","17:52:48","8500355784"
"BM10741","Customer Purpose","gen7","2026-09-22","10:09:50","8500355784"
"BM10741","Customer Purpose","gen39","2026-09-22","14:28:23","8500355784"
"BM10741","Final Vault Closing","gen13","2026-09-22","17:59:59","7799078585"
"BM10741","Customer Purpose","gen3","2026-09-23","15:02:02","7799078585"
"BM10741","Final Vault Closing","gen2","2026-09-23","17:48:02","7799078585"
"BM10741","Customer Purpose","gen1","2026-09-24","10:53:49","7799078585"
"BM10741","Customer Purpose","gen4","2026-09-24","15:53:51","7799078585"
"BM10741","Final Vault Closing","gen","2026-09-24","18:02:02","8500355784"
"BM10741","Final Vault Closing","gen14","2026-09-25","18:36:36","7799078585"
"BM10741","Customer Purpose","gen10","2026-09-26","13:22:44","7799078585"
"BM10741","Customer Purpose","gen6","2026-09-26","15:50:26","7799078585"
"BM10741","Packet Counting","gen17","2026-09-26","16:56:49","7799078585"
"BM10743","Customer Purpose","gen43","2026-09-21","11:50:49","7001602746"
"BM10743","Customer Purpose","gen6","2026-09-21","15:27:39","7001602746"
"BM10743","Final Vault Closing","gen35","2026-09-21","18:11:04","7001602746"
"BM10743","Customer Purpose","gen33","2026-09-22","17:40:02","7001602746"
"BM10743","Customer Purpose","gen31","2026-09-22","17:51:27","8101611112"
"BM10743","Final Vault Closing","gen24","2026-09-23","18:33:49","7001602746"
"BM10743","Customer Purpose","","2026-09-24","12:40:26","E 12:05:12"
"BM10743","Customer Purpose","gen31","2026-09-24","13:43:25","8101611112"
"BM10743","Customer Purpose","gen31","2026-09-24","13:59:12","8101611112"
"BM10743","Customer Purpose","gen16","2026-09-24","15:14:21","8101611112"
"BM10743","Customer Purpose","gen20","2026-09-24","15:58:43","8101611112"
"BM10743","Customer Purpose","gen10","2026-09-24","17:46:40","8101611112"
"BM10743","Final Vault Closing","gen","2026-09-25","17:59:48","8101611112"
"BM10743","Customer Purpose","gen9","2026-09-26","11:46:33","8101611112"
"BM10743","Customer Purpose","gen35","2026-09-26","11:58:06","8101611112"
"BM10743","Customer Purpose","gen24","2026-09-26","14:00:07","8101611112"
"BM10743","Packet Counting","gen17","2026-09-26","16:50:35","7001602746"
"BM10743","Customer Purpose","gen2","2026-09-26","17:13:11","7001602746"
"BM10743","Customer Purpose","gen11","2026-09-27","13:16:42","7001602746"
"BM10743","Customer Purpose","gen10","2026-09-27","13:16:53","8101611112"
"BM10743","Customer Purpose","gen39","2026-09-27","14:10:05","8101611112"
"BM10745","Audit Purpose","gen41","2026-09-21","10:56:32","9318460443"
"BM10745","Final Vault Closing","gen27","2026-09-21","18:25:04","9560498339"
"BM10745","Final Vault Closing","gen27","2026-09-22","18:09:20","9318460443"
"BM10745","Final Vault Closing","gen18","2026-09-23","18:13:44","9318460443"
"BM10745","Customer Purpose","gen16","2026-09-24","15:23:47","9318460443"
"BM10745","Final Vault Closing","iifl4","2026-09-24","18:38:48","9318460443"
"BM10745","Final Vault Closing","gen24","2026-09-25","18:13:57","9560498339"
"BM10745","Packet Counting","gen18","2026-09-26","11:52:22","9560498339"
"BM10745","Customer Purpose","gen26","2026-09-26","16:55:45","9560498339"
"BM10745","Final Vault Closing","gen24","2026-09-26","18:08:15","9560498339"
"BM10745","Customer Purpose","gen29","2026-09-27","14:05:31","9560498339"
"BM10746","Customer Purpose","gen11","2026-09-21","13:37:50","9052899855"
"BM10746","Final Vault Closing","gen24","2026-09-21","18:03:52","9052899855"
"BM10746","Customer Purpose","gen30","2026-09-22","11:45:20","9052899855"
"BM10746","Final Vault Closing","gen24","2026-09-22","17:52:27","9052899855"
"BM10746","Customer Purpose","gen1","2026-09-23","17:26:01","9052899855"
"BM10746","Customer Purpose","gen23","2026-09-24","13:31:18","6303112257"
"BM10746","Final Vault Closing","gen3","2026-09-24","18:37:23","7396115754"
"BM10746","Final Vault Closing","gen36","2026-09-25","18:16:17","9052899855"
"BM10746","Customer Purpose","gen37","2026-09-26","11:32:36","9052899855"
"BM10746","Packet Counting","gen29","2026-09-26","16:05:55","9052899855"
"BM10746","Packet Counting","gen18","2026-09-26","16:31:08","9052899855"
"BM10746","Packet Counting","gen6","2026-09-26","17:12:47","9052899855"
"BM10746","Final Vault Closing","gen29","2026-09-26","18:06:37","7396115754"
"BM10746","Audit Purpose","gen30","2026-09-27","10:20:25","9052899855"
"BM10746","Audit Purpose","gen24","2026-09-27","10:56:32","9052899855"
"BM10746","Audit Purpose","gen32","2026-09-27","11:36:51","9052899855"
"BM10746","Audit Purpose","gen38","2026-09-27","12:04:42","9052899855"
"BM10746","Audit Purpose","gen32","2026-09-27","12:51:17","7396115754"
"BM10746","Audit Purpose","gen36","2026-09-27","13:47:07","7396115754"
"BM10748","Final Vault Closing","gen","2026-09-21","17:59:26","8140600296"
"BM10748","Customer Purpose","gen6","2026-09-22","11:49:57","8155841052"
"BM10748","Final Vault Closing","gen35","2026-09-22","18:16:15","8155841052"
"BM10748","Customer Purpose","gen24","2026-09-24","11:37:08","8155841052"
"BM10748","Customer Purpose","gen11","2026-09-24","13:54:45","8140600296"
"BM10748","Final Vault Closing","gen17","2026-09-24","18:03:01","8320700019"
"BM10748","Customer Purpose","gen35","2026-09-25","14:53:41","8140600296"
"BM10748","Final Vault Closing","gen28","2026-09-25","17:47:54","8155841052"
"BM10748","Packet Counting","gen20","2026-09-26","16:04:20","8155841052"
"BM10748","Packet Counting","gen29","2026-09-26","16:28:46","8320700019"
"BM10749","Customer Purpose","gen1","2026-09-21","10:31:06","8695356911"
"BM10749","Final Vault Closing","gen3","2026-09-21","17:44:42","8695356911"
"BM10749","Customer Purpose","gen1","2026-09-22","16:09:09","8695356911"
"BM10749","Final Vault Closing","gen5","2026-09-23","17:38:07","8695356911"
"BM10749","Customer Purpose","gen30","2026-09-24","11:00:01","8695356911"
"BM10749","Final Vault Closing","gen39","2026-09-24","17:47:13","8695356911"
"BM10749","Customer Purpose","gen14","2026-09-25","10:47:15","9360122329"
"BM10749","Packet Counting","gen18","2026-09-25","18:18:11","8695356911"
"BM10749","Customer Purpose","gen30","2026-09-26","17:01:55","8695356911"
"BM10749","Final Vault Closing","gen14","2026-09-26","18:02:12","8695356911"
"BM10750","Customer Purpose","gen3","2026-09-21","18:16:13","7600260075"
"BM10750","Audit Purpose","gen27","2026-09-21","18:19:30",""
"BM10750","Final Vault Closing","gen32","2026-09-23","18:24:57","8469965540"
"BM10750","Packet Counting","gen29","2026-09-26","10:45:17","7600260075"
"BM10750","Customer Purpose","gen33","2026-09-26","17:54:41","7600260075"
"BM10754","Customer Purpose","gen21","2026-09-22","12:11:03","9664060636"
"BM10754","Final Vault Closing","gen11","2026-09-22","18:35:18","9664060636"
"BM10754","Customer Purpose","gen32","2026-09-23","11:24:05","9664060636"
"BM10754","Customer Purpose","gen28","2026-09-23","17:27:57","9024240249"
"BM10754","Final Vault Closing","gen6","2026-09-23","18:57:59","9024240249"
"BM10754","Customer Purpose","gen29","2026-09-24","11:43:12","9664060636"
"BM10754","Customer Purpose","gen21","2026-09-24","14:50:48","9664060636"
"BM10754","Final Vault Closing","gen2","2026-09-24","18:18:18","9664060636"
"BM10754","Customer Purpose","gen20","2026-09-25","14:29:48","9664060636"
"BM10754","Final Vault Closing","gen1","2026-09-25","18:23:55","9664060636"
"BM10754","Customer Purpose","gen6","2026-09-26","11:16:33","9664060636"
"BM10754","Packet Counting","gen29","2026-09-26","17:05:15","9664060636"
"BM10756","Final Vault Closing","gen10","2026-09-21","18:03:41","7701906372"
"BM10756","Final Vault Closing","gen26","2026-09-23","18:46:13","7379424757"
"BM10756","Final Vault Closing","gen22","2026-09-24","18:05:36","7379424757"
"BM10756","Final Vault Closing","gen31","2026-09-25","18:08:35","7379424757"
"BM10756","Packet Counting","gen17","2026-09-26","16:02:58","7379424757"
"BM10757","Customer Purpose","gen3","2026-09-21","14:07:46","8009628687"
"BM10757","Customer Purpose","gen23","2026-09-21","14:25:45","8009628687"
"BM10757","Customer Purpose","gen26","2026-09-21","16:24:31","7651840018"
"BM10757","Final Vault Closing","gen25","2026-09-21","18:32:16","7651840018"
"BM10757","Customer Purpose","gen3","2026-09-22","14:41:34","7651840018"
"BM10757","Customer Purpose","gen35","2026-09-22","16:12:08","7651840018"
"BM10757","Customer Purpose","gen17","2026-09-22","17:19:28","7651840018"
"BM10757","Final Vault Closing","gen4","2026-09-22","18:30:50","8604281292"
"BM10757","Customer Purpose","gen5","2026-09-23","12:39:47","8604281292"
"BM10757","Customer Purpose","gen32","2026-09-23","14:52:07","7651840018"
"BM10757","Final Vault Closing","gen30","2026-09-23","18:38:49","8009628687"
"BM10757","Customer Purpose","gen35","2026-09-24","11:39:26","7651840018"
"BM10757","Customer Purpose","gen9","2026-09-24","13:46:40","8604281292"
"BM10757","Customer Purpose","gen14","2026-09-24","16:27:56","8009628687"
"BM10757","Customer Purpose","gen13","2026-09-24","17:44:00","7651840018"
"BM10757","Final Vault Closing","gen6","2026-09-24","18:39:09","8604281292"
"BM10757","Final Vault Closing","gen4","2026-09-25","18:21:13","7651840018"
"BM10757","Customer Purpose","gen4","2026-09-26","15:06:18","7651840018"
"BM10757","Packet Counting","gen10","2026-09-26","16:44:13","7651840018"
"BM10757","Final Vault Closing","gen49","2026-09-26","17:32:55","8604281292"
"BM10758","Customer Purpose","gen30","2026-09-21","12:26:57","9454149883"
"BM10758","Final Vault Closing","gen43","2026-09-21","17:58:07","9454149883"
"BM10758","Customer Purpose","gen17","2026-09-22","14:21:18","7887237441"
"BM10758","Final Vault Closing","gen17","2026-09-22","18:05:36","9454149883"
"BM10758","Customer Purpose","gen11","2026-09-23","10:36:18","9454149883"
"BM10758","Customer Purpose","gen","2026-09-23","11:11:17","7887237441"
"BM10758","Final Vault Closing","gen8","2026-09-23","18:02:32","8009584565"
"BM10758","Customer Purpose","gen38","2026-09-24","13:26:25","7887237441"
"BM10758","Final Vault Closing","iifl3","2026-09-24","18:07:52","9454149883"
"BM10758","Customer Purpose","gen49","2026-09-25","10:30:57","8009584565"
"BM10758","Customer Purpose","gen32","2026-09-25","15:05:39","7887237441"
"BM10758","Final Vault Closing","gen28","2026-09-25","17:29:13","7887237441"
"BM10758","Customer Purpose","gen25","2026-09-27","12:14:01","9454149883"
"BM10759","Customer Purpose","gen35","2026-09-21","15:47:17","7889328913"
"BM10759","Customer Purpose","gen29","2026-09-21","17:11:26","7889328913"
"BM10759","Customer Purpose","gen4","2026-09-22","13:22:45","7889328913"
"BM10759","Customer Purpose","gen3","2026-09-22","14:10:58","7889328913"
"BM10759","Customer Purpose","gen29","2026-09-22","17:02:33","7889328913"
"BM10759","Customer Purpose","gen21","2026-09-22","17:08:02","8284821204"
"BM10759","Final Vault Closing","gen11","2026-09-23","17:02:15","7889328913"
"BM10759","Customer Purpose","gen9","2026-09-24","12:48:29","7889328913"
"BM10759","Final Vault Closing","gen26","2026-09-24","17:14:48","8284821204"
"BM10759","Final Vault Closing","gen39","2026-09-24","18:18:42","7889328913"
"BM10759","Customer Purpose","gen35","2026-09-25","16:48:52","7889328913"
"BM10759","Customer Purpose","gen11","2026-09-26","10:49:12","8284821204"
"BM10759","Packet Counting","gen37","2026-09-26","11:54:26","7889328913"
"BM10759","Customer Purpose","gen34","2026-09-26","16:28:21","7889328913"
"BM10761","Customer Purpose","gen16","2026-09-21","12:33:22","9350494430"
"BM10761","Customer Purpose","gen16","2026-09-21","16:50:13","9350494430"
"BM10761","Customer Purpose","gen24","2026-09-21","17:59:34","9350494430"
"BM10761","Final Vault Closing","gen29","2026-09-21","18:21:36","9350494430"
"BM10761","Customer Purpose","gen16","2026-09-22","10:53:46","9350564946"
"BM10761","Customer Purpose","gen41","2026-09-22","11:44:27","9350564946"
"BM10761","Final Vault Closing","gen39","2026-09-22","18:05:52","9350564946"
"BM10761","Customer Purpose","gen","2026-09-23","12:07:41","9350494430"
"BM10761","Customer Purpose","gen38","2026-09-23","13:58:23","9350494430"
"BM10761","Customer Purpose","gen26","2026-09-23","16:39:41","9350494430"
"BM10761","Customer Purpose","gen11","2026-09-23","17:48:27","9350494430"
"BM10761","Final Vault Closing","gen30","2026-09-23","18:15:07","9350494430"
"BM10761","Customer Purpose","gen7","2026-09-24","10:42:56","9350494430"
"BM10761","Audit Purpose","gen39","2026-09-24","10:53:11","9350564946"
"BM10761","Audit Purpose","gen3","2026-09-24","12:45:53","9350494430"
"BM10761","Final Vault Closing","gen32","2026-09-24","17:40:32","9350494430"
"BM10761","Final Vault Closing","gen37","2026-09-25","17:49:54","9350494430"
"BM10761","Customer Purpose","gen30","2026-09-26","11:24:06","9350494430"
"BM10761","Customer Purpose","gen5","2026-09-26","12:33:15","9350494430"
"BM10761","Customer Purpose","gen30","2026-09-26","12:40:22","9350494430"
"BM10761","Customer Purpose","gen26","2026-09-26","16:39:55","9350564946"
"BM10761","Customer Purpose","gen18","2026-09-26","16:46:55","9350494430"
"BM10761","Final Vault Closing","gen34","2026-09-26","17:45:57","9350494430"
"BM10761","Customer Purpose","gen5","2026-09-27","11:01:07","9350564946"
"BM10762","Customer Purpose","gen41","2026-09-22","14:26:56","8116198035"
"BM10762","Final Vault Closing","gen9","2026-09-22","18:21:44","8158885826"
"BM10762","Final Vault Closing","gen","2026-09-23","17:50:59","8116198035"
"BM10762","Final Vault Closing","gen39","2026-09-24","17:59:19","8158885826"
"BM10762","Final Vault Closing","gen12","2026-09-25","17:49:32","8158885826"
"BM10762","Packet Counting","gen28","2026-09-26","16:18:22","9002445137"
"BM10762","Final Vault Closing","gen35","2026-09-26","17:48:09","8158885826"
"BM10763","Final Vault Closing","gen22","2026-09-21","18:23:14","9581619953"
"BM10763","Customer Purpose","gen26","2026-09-22","12:03:45","9581619953"
"BM10763","Final Vault Closing","gen27","2026-09-22","18:25:18","8790950799"
"BM10763","Customer Purpose","gen1","2026-09-23","12:22:31","9502325548"
"BM10763","Customer Purpose","gen30","2026-09-23","12:49:31","9502325548"
"BM10763","Customer Purpose","gen23","2026-09-23","13:05:55","9581619953"
"BM10763","Final Vault Closing","iifl6","2026-09-23","19:05:40","9502325548"
"BM10763","Customer Purpose","gen15","2026-09-24","14:32:28","9581619953"
"BM10763","Customer Purpose","gen2","2026-09-24","18:42:15","9502325548"
"BM10763","Final Vault Closing","iifl5","2026-09-24","19:28:26","9581619953"
"BM10763","Customer Purpose","gen39","2026-09-25","17:28:19","8790950799"
"BM10763","Customer Purpose","gen22","2026-09-25","18:19:08","9581619953"
"BM10763","Final Vault Closing","gen26","2026-09-25","18:33:33","9581619953"
"BM10763","Packet Counting","gen34","2026-09-26","13:42:36","9581619953"
"BM10763","Customer Purpose","admin","2026-09-26","18:09:04","9502325548"
"BM10764","Final Vault Closing","gen12","2026-09-21","18:13:22","9110301448"
"BM10764","Customer Purpose","gen3","2026-09-22","12:09:23","9492926349"
"BM10764","Final Vault Closing","gen33","2026-09-22","17:51:38","9110301448"
"BM10764","Customer Purpose","gen","2026-09-23","12:29:10","9492926349"
"BM10764","Final Vault Closing","gen17","2026-09-23","17:48:29","9110301448"
"BM10764","Customer Purpose","gen31","2026-09-24","10:14:44","9492926349"
"BM10764","Customer Purpose","gen17","2026-09-24","12:23:40","9110301448"
"BM10764","Final Vault Closing","gen2","2026-09-24","18:20:52","9110301448"
"BM10764","Customer Purpose","gen25","2026-09-25","11:10:38","9110301448"
"BM10764","Customer Purpose","gen1","2026-09-25","16:20:42","9110301448"
"BM10764","Final Vault Closing","gen21","2026-09-25","18:33:44","9492926349"
"BM10764","Customer Purpose","gen3","2026-09-26","16:25:09","9492926349"
"BM10764","Packet Counting","gen37","2026-09-26","16:53:53","9110301448"
"BM10764","Final Vault Closing","gen31","2026-09-26","17:58:44","9110301448"
"BM10765","Customer Purpose","gen6","2026-09-21","11:31:06","7078405780"
"BM10765","Final Vault Closing","gen19","2026-09-21","18:20:36","8430022659"
"BM10765","Customer Purpose","gen1","2026-09-22","13:12:15","7078405780"
"BM10765","Customer Purpose","gen2","2026-09-22","17:08:26","7078405780"
"BM10765","Final Vault Closing","gen4","2026-09-22","18:40:18","7078405780"
"BM10765","Customer Purpose","gen30","2026-09-23","11:50:51","7078405780"
"BM10765","Final Vault Closing","gen10","2026-09-23","18:10:39","7078405780"
"BM10765","Customer Purpose","gen29","2026-09-24","12:14:04","7078405780"
"BM10765","Customer Purpose","gen31","2026-09-24","13:49:55","7078405780"
"BM10765","Final Vault Closing","iifl2","2026-09-24","19:37:51","7078405780"
"BM10765","Customer Purpose","gen37","2026-09-25","15:31:36","7078405780"
"BM10765","Customer Purpose","gen17","2026-09-25","15:42:36","7078405780"
"BM10765","Customer Purpose","gen33","2026-09-25","17:05:34","8430022659"
"BM10765","Final Vault Closing","gen23","2026-09-25","18:16:01","9675152043"
"BM10765","Packet Counting","gen35","2026-09-26","16:49:49","7078405780"
"BM10765","Final Vault Closing","gen30","2026-09-26","18:20:27","7078405780"
"BM10766","Customer Purpose","gen16","2026-09-21","12:15:42","9090303252"
"BM10766","Customer Purpose","gen","2026-09-21","12:43:30","7008215156"
"BM10766","Customer Purpose","gen23","2026-09-21","13:15:25","9938352735"
"BM10766","Customer Purpose","gen32","2026-09-21","14:32:33","9090303252"
"BM10766","Customer Purpose","gen17","2026-09-21","14:36:35","9090303252"
"BM10766","Final Vault Closing","gen32","2026-09-21","17:57:48","9090303252"
"BM10766","Customer Purpose","gen24","2026-09-22","11:41:40","9090303252"
"BM10766","Customer Purpose","gen13","2026-09-22","14:29:15","9090303252"
"BM10766","Final Vault Closing","gen24","2026-09-22","17:37:12","9090303252"
"BM10766","Customer Purpose","gen7","2026-09-23","15:08:27","9090303252"
"BM10766","Customer Purpose","gen2","2026-09-23","16:36:03","9090303252"
"BM10766","Final Vault Closing","gen50","2026-09-23","18:15:51","9090303252"
"BM10766","Final Vault Closing","gen2","2026-09-24","17:43:11","9090303252"
"BM10766","Customer Purpose","gen1","2026-09-24","18:14:07",""
"BM10766","Final Vault Closing","gen32","2026-09-25","17:55:47","7008215156"
"BM10766","Packet Counting","gen34","2026-09-26","11:00:12","7008215156"
"BM10766","Customer Purpose","gen49","2026-09-26","12:30:42","7008215156"
"BM10766","Packet Counting","gen6","2026-09-26","16:04:28","9090303252"
"BM10766","Final Vault Closing","gen18","2026-09-26","17:59:07","9090303252"
"BM10766","Customer Purpose","gen33","2026-09-27","12:01:16","7008215156"
"BM10766","Customer Purpose","gen31","2026-09-27","12:14:44","9090303252"
"BM10767","Final Vault Closing","gen20","2026-09-21","17:50:16","8125550979"
"BM10767","Audit Purpose","gen41","2026-09-22","10:31:02","8125550979"
"BM10767","Audit Purpose","gen11","2026-09-22","14:16:49","8125550979"
"BM10767","Customer Purpose","gen18","2026-09-23","12:44:45","8125550979"
"BM10767","Final Vault Closing","gen7","2026-09-23","17:44:09","8125550979"
"BM10767","Customer Purpose","gen7","2026-09-24","10:29:10","8125550979"
"BM10767","Customer Purpose","gen39","2026-09-24","11:11:54","8125550979"
"BM10767","Customer Purpose","gen30","2026-09-24","13:53:17","8125550979"
"BM10767","Final Vault Closing","gen49","2026-09-24","18:12:27","8125550979"
"BM10767","Final Vault Closing","gen26","2026-09-25","18:46:12","NTROL ROOM"
"BM10767","Packet Counting","gen31","2026-09-26","15:58:31","9491941611"
"BM10767","Final Vault Closing","gen22","2026-09-26","18:12:31","9491941611"
"BM10768","Customer Purpose","gen7","2026-09-21","14:40:01","8101106030"
"BM10768","Final Vault Closing","gen9","2026-09-21","18:02:46","8101106030"
"BM10768","Customer Purpose","gen37","2026-09-22","13:51:45","8101106030"
"BM10768","Customer Purpose","gen31","2026-09-22","15:00:58","6296557854"
"BM10768","Final Vault Closing","gen50","2026-09-22","18:21:54","7908312908"
"BM10768","Customer Purpose","gen22","2026-09-23","11:27:41","7908312908"
"BM10768","Customer Purpose","gen18","2026-09-23","12:49:29","7908312908"
"BM10768","Final Vault Closing","gen32","2026-09-23","18:19:01","6296557854"
"BM10768","Audit Purpose","gen23","2026-09-24","10:57:02","7908312908"
"BM10768","Audit Purpose","gen31","2026-09-24","12:45:04","8101106030"
"BM10768","Audit Purpose","gen35","2026-09-24","16:20:15","8101106030"
"BM10768","Customer Purpose","gen3","2026-09-24","17:46:55","6296557854"
"BM10768","Customer Purpose","gen19","2026-09-25","11:37:39","8101106030"
"BM10768","Final Vault Closing","gen29","2026-09-25","17:50:40","6296557854"
"BM10768","Packet Counting","gen17","2026-09-26","17:31:09","8101106030"
"BM10769","Final Vault Closing","gen21","2026-09-21","17:42:56","6383103001"
"BM10769","Customer Purpose","gen4","2026-09-22","10:50:38","8072635258"
"BM10769","Customer Purpose","gen17","2026-09-22","13:26:51","8072635258"
"BM10769","Final Vault Closing","iifl6","2026-09-22","17:50:40","8072635258"
"BM10769","Final Vault Closing","gen7","2026-09-23","18:08:47","6383103001"
"BM10769","Customer Purpose","gen35","2026-09-24","10:52:41","6383103001"
"BM10769","Customer Purpose","gen6","2026-09-24","14:52:57","6383103001"
"BM10769","Final Vault Closing","gen37","2026-09-24","18:55:43","6383103001"
"BM10769","Customer Purpose","gen18","2026-09-25","10:39:01","6383103001"
"BM10769","Customer Purpose","gen3","2026-09-25","17:05:40","6383103001"
"BM10769","Customer Purpose","gen8","2026-09-25","17:32:29","8072635258"
"BM10769","Packet Counting","gen11","2026-09-25","18:44:50","6383103001"
"BM10769","Customer Purpose","gen14","2026-09-26","14:36:02","8072635258"
"BM10769","Customer Purpose","gen10","2026-09-27","10:07:44","8072635258"
"BM10769","Customer Purpose","gen31","2026-09-27","10:31:26","9096284090"
"BM10771","Customer Purpose","gen30","2026-09-21","13:44:08","9340737255"
"BM10771","Final Vault Closing","gen22","2026-09-21","18:44:03","9340737255"
"BM10771","Final Vault Closing","gen9","2026-09-22","18:24:59","9340737255"
"BM10771","Final Vault Closing","gen9","2026-09-23","18:14:33","9340737255"
"BM10771","Customer Purpose","gen32","2026-09-24","10:57:57","9340737255"
"BM10771","Customer Purpose","gen24","2026-09-24","12:07:53","9340737255"
"BM10771","Customer Purpose","gen31","2026-09-24","12:34:22","9340737255"
"BM10771","Final Vault Closing","gen49","2026-09-24","18:21:53","al closing"
"BM10771","Customer Purpose","gen8","2026-09-25","15:05:22","7770888303"
"BM10771","Customer Purpose","gen32","2026-09-25","15:52:27","9340737255"
"BM10771","Packet Counting","gen19","2026-09-26","14:46:00","9340737255"
"BM10772","Final Vault Closing","gen14","2026-09-21","18:17:06","9787002732"
"BM10772","Customer Purpose","gen33","2026-09-22","10:40:53","9787002732"
"BM10772","Customer Purpose","gen39","2026-09-22","10:51:42","9787002732"
"BM10772","Final Vault Closing","iifl6","2026-09-22","18:02:13","8124941806"
"BM10772","Customer Purpose","gen18","2026-09-23","11:19:12","8124941806"
"BM10772","Customer Purpose","gen9","2026-09-23","15:02:57","8098816917"
"BM10772","Customer Purpose","gen6","2026-09-23","16:55:39","8124941806"
"BM10772","Final Vault Closing","gen7","2026-09-23","17:53:08","8124941806"
"BM10772","Customer Purpose","gen2","2026-09-24","10:11:29","8124941806"
"BM10772","Customer Purpose","gen36","2026-09-24","15:48:47","8124941806"
"BM10772","Final Vault Closing","gen21","2026-09-24","18:06:03","9787002732"
"BM10772","Customer Purpose","gen2","2026-09-25","10:24:19","8124941806"
"BM10772","Customer Purpose","gen12","2026-09-25","12:08:52","8124941806"
"BM10772","Customer Purpose","gen4","2026-09-25","13:06:44","8098816917"
"BM10772","Customer Purpose","gen10","2026-09-25","16:17:11","8098816917"
"BM10772","Final Vault Closing","gen17","2026-09-25","17:41:14","9787002732"
"BM10772","Final Vault Closing","gen18","2026-09-25","18:33:09","9787002732"
"BM10772","Customer Purpose","gen37","2026-09-26","11:26:20","8124941806"
"BM10772","Final Vault Closing","gen36","2026-09-26","17:32:30","9787002732"
"BM10773","Customer Purpose","gen22","2026-09-21","11:59:31","9976551738"
"BM10773","Final Vault Closing","gen34","2026-09-21","18:39:43","9965415181"
"BM10773","Customer Purpose","gen30","2026-09-22","13:17:51","9965415181"
"BM10773","Final Vault Closing","iifl7","2026-09-22","19:02:59","9976551738"
"BM10773","Customer Purpose","gen31","2026-09-23","12:24:53","9976551738"
"BM10773","Final Vault Closing","gen50","2026-09-23","17:39:22","9965415181"
"BM10773","Customer Purpose","gen24","2026-09-24","11:00:10","9976551738"
"BM10773","Customer Purpose","gen35","2026-09-24","12:40:30","9976551738"
"BM10773","Customer Purpose","gen30","2026-09-24","12:54:27","9965415181"
"BM10773","Final Vault Closing","gen","2026-09-24","18:26:43","9976551738"
"BM10773","Customer Purpose","gen29","2026-09-25","10:15:00","9976551738"
"BM10773","Final Vault Closing","gen11","2026-09-25","18:33:00","9976551738"
"BM10773","Packet Counting","gen11","2026-09-26","11:31:34","9976551738"
"BM10773","Final Vault Closing","gen2","2026-09-26","17:48:18","9976551738"
"BM10774","Customer Purpose","gen19","2026-09-21","16:19:05","8609681284"
"BM10774","Final Vault Closing","gen24","2026-09-21","17:54:14","8609681284"
"BM10774","Customer Purpose","gen12","2026-09-22","13:44:49","9679835172"
"BM10774","Customer Purpose","gen27","2026-09-22","17:30:41","8609681284"
"BM10774","Final Vault Closing","gen30","2026-09-22","18:37:51","8609681284"
"BM10774","Final Vault Closing","gen29","2026-09-23","17:47:30","8609681284"
"BM10774","Customer Purpose","gen21","2026-09-24","12:44:59","8609681284"
"BM10774","Customer Purpose","gen30","2026-09-24","15:03:28","8609681284"
"BM10774","Final Vault Closing","gen39","2026-09-24","17:51:45","8609681284"
"BM10774","Customer Purpose","gen29","2026-09-25","11:24:05","9679835172"
"BM10774","Customer Purpose","gen6","2026-09-25","16:46:43","9679835172"
"BM10774","Final Vault Closing","gen1","2026-09-25","17:47:57","9679835172"
"BM10774","Customer Purpose","gen31","2026-09-26","18:02:42","8609681284"
"BM10774","Final Vault Closing","gen35","2026-09-26","18:22:50","8609681284"
"BM10786","Customer Purpose","gen25","2026-09-21","11:32:20","7387771483"
"BM10786","Customer Purpose","gen32","2026-09-21","16:20:00","7066004904"
"BM10786","Final Vault Closing","gen50","2026-09-21","18:25:55","7066004904"
"BM10786","Customer Purpose","gen27","2026-09-22","11:39:11","7387771483"
"BM10786","Customer Purpose","gen19","2026-09-22","12:29:41","7387771483"
"BM10786","Customer Purpose","gen34","2026-09-22","13:45:25","7066004904"
"BM10786","Customer Purpose","gen35","2026-09-22","16:24:13","7066004904"
"BM10786","Final Vault Closing","gen35","2026-09-22","17:29:52","7066004904"
"BM10786","Customer Purpose","gen22","2026-09-23","10:09:14","7387771483"
"BM10786","Customer Purpose","gen5","2026-09-23","15:22:30","7387771483"
"BM10786","Final Vault Closing","gen11","2026-09-23","18:16:05","7387771483"
"BM10786","Customer Purpose","gen10","2026-09-24","10:51:05",": 10:49:13"
"BM10786","Customer Purpose","gen12","2026-09-24","13:05:42","7066004904"
"BM10786","Customer Purpose","gen32","2026-09-24","13:31:08","7387771483"
"BM10786","Customer Purpose","gen13","2026-09-24","14:37:48","7066004904"
"BM10786","Customer Purpose","gen29","2026-09-24","16:21:04","7066004904"
"BM10786","Final Vault Closing","gen8","2026-09-24","17:58:15","7066004904"
"BM10786","Customer Purpose","gen35","2026-09-25","12:43:48","7066004904"
"BM10786","Customer Purpose","gen7","2026-09-25","13:12:41","7387771483"
"BM10786","Customer Purpose","gen6","2026-09-25","15:33:14","7387771483"
"BM10786","Final Vault Closing","gen24","2026-09-25","17:37:16","7066004904"
"BM10786","Customer Purpose","gen28","2026-09-26","12:56:18","7066004904"
"BM10786","Final Vault Closing","gen11","2026-09-26","17:32:14","7066004904"
"BM10786","Customer Purpose","gen10","2026-09-27","13:01:08","7387771483"
"BM10788","Final Vault Closing","gen50","2026-09-21","18:20:28","8435157404"
"BM10788","Final Vault Closing","gen39","2026-09-22","18:22:16","7879358457"
"BM10788","Customer Purpose","gen21","2026-09-23","11:21:41","8435157404"
"BM10788","Customer Purpose","gen21","2026-09-23","14:37:44","9685542478"
"BM10788","Customer Purpose","gen7","2026-09-23","16:31:25","9685542478"
"BM10788","Final Vault Closing","gen37","2026-09-23","18:23:09","9685542478"
"BM10788","Customer Purpose","gen35","2026-09-24","10:50:12","8435157404"
"BM10788","Customer Purpose","gen2","2026-09-24","12:43:19","8435157404"
"BM10788","Final Vault Closing","gen11","2026-09-24","18:06:13","8435157404"
"BM10788","Final Vault Closing","gen5","2026-09-25","18:00:46","9685542478"
"BM10788","Packet Counting","gen10","2026-09-26","11:57:14","8435157404"
"BM10788","Final Vault Closing","gen19","2026-09-26","18:08:59","8435157404"
"BM10789","Final Vault Closing","gen17","2026-09-21","18:11:00","9628161914"
"BM10789","Final Vault Closing","gen11","2026-09-22","18:17:04","9648812101"
"BM10789","Final Vault Closing","iifl7","2026-09-23","18:23:00","9648812101"
"BM10789","Final Vault Closing","gen36","2026-09-24","18:08:26","9648812101"
"BM10789","Customer Purpose","gen10","2026-09-25","15:16:24","9648812101"
"BM10789","Final Vault Closing","iifl5","2026-09-25","18:23:20","9648812101"
"BM10789","Customer Purpose","gen14","2026-09-27","12:28:56","9648812101"
"BM10789","Customer Purpose","gen16","2026-09-27","14:47:15","9628161914"
"BM10790","Customer Purpose","gen50","2026-09-21","18:12:32","9897699464"
"BM10790","Final Vault Closing","gen6","2026-09-21","18:41:33","9897699464"
"BM10790","Final Vault Closing","gen6","2026-09-22","18:28:38","9897699464"
"BM10790","Customer Purpose","gen35","2026-09-23","14:02:00","9897699464"
"BM10790","Customer Purpose","gen2","2026-09-23","14:51:11","9897699464"
"BM10790","Final Vault Closing","iifl6","2026-09-23","20:11:50","6395967311"
"BM10790","Customer Purpose","gen12","2026-09-24","13:09:38","9897699464"
"BM10790","Audit Purpose","gen17","2026-09-24","14:40:35","9897699464"
"BM10790","Audit Purpose","gen6","2026-09-24","15:37:40","7055833301"
"BM10790","Audit Purpose","gen7","2026-09-24","16:25:33","7055833301"
"BM10790","Audit Purpose","gen39","2026-09-24","17:17:20","7055833301"
"BM10790","Audit Purpose","iifl4","2026-09-24","18:36:24","9897699464"
"BM10790","Final Vault Closing","iifl2","2026-09-24","19:40:32","7055833301"
"BM10790","Customer Purpose","gen39","2026-09-25","16:27:42","9897699464"
"BM10790","Customer Purpose","gen20","2026-09-25","16:50:24","7055833301"
"BM10790","Final Vault Closing","gen10","2026-09-25","18:26:36","7055833301"
"BM10790","Packet Counting","gen20","2026-09-26","16:35:32","9897699464"
"BM10790","Final Vault Closing","gen8","2026-09-26","19:02:20","7055833301"
"BM10791","Customer Purpose","gen10","2026-09-21","11:39:56","8825259124"
"BM10791","Customer Purpose","gen24","2026-09-21","14:18:52","8825216601"
"BM10791","Customer Purpose","gen35","2026-09-21","17:06:12","8825216601"
"BM10791","Final Vault Closing","gen14","2026-09-21","18:15:19","8469467751"
"BM10791","Customer Purpose","gen","2026-09-22","14:29:54","8825259124"
"BM10791","Customer Purpose","gen11","2026-09-22","18:23:37","8825216601"
"BM10791","Final Vault Closing","gen27","2026-09-22","18:56:50","8825216601"
"BM10791","Final Vault Closing","gen22","2026-09-23","18:51:11","7004685643"
"BM10791","Final Vault Closing","iifl6","2026-09-24","19:32:08","8825216601"
"BM10791","Final Vault Closing","iifl6","2026-09-25","18:42:30","8825216601"
"BM10791","Customer Purpose","gen26","2026-09-26","12:38:06","8825216601"
"BM10791","Packet Counting","gen6","2026-09-26","17:06:02","8825259124"
"BM10792","Customer Purpose","gen6","2026-09-21","10:43:27","7000443928"
"BM10792","Customer Purpose","gen3","2026-09-21","15:06:16","7999471176"
"BM10792","Final Vault Closing","gen43","2026-09-21","18:31:18","8770022771"
"BM10792","Customer Purpose","gen31","2026-09-22","16:35:30","7000443928"
"BM10792","Final Vault Closing","gen22","2026-09-22","18:17:02","7999471176"
"BM10792","Audit Purpose","gen25","2026-09-23","12:44:04","7000443928"
"BM10792","Audit Purpose","gen15","2026-09-23","13:00:56","7999471176"
"BM10792","Audit Purpose","gen31","2026-09-23","16:57:05","8770022771"
"BM10792","Final Vault Closing","gen23","2026-09-23","18:03:38","7000443928"
"BM10792","Customer Purpose","gen10","2026-09-24","11:31:26","8770022771"
"BM10792","Customer Purpose","gen24","2026-09-24","13:26:37","7999471176"
"BM10792","Final Vault Closing","gen2","2026-09-24","18:23:34","7000443928"
"BM10792","Final Vault Closing","gen17","2026-09-25","18:26:46","7000443928"
"BM10792","Customer Purpose","gen29","2026-09-26","11:47:55","8770022771"
"BM10792","Customer Purpose","gen25","2026-09-26","12:56:14","7000443928"
"BM10792","Customer Purpose","gen31","2026-09-26","13:34:30","8770022771"
"BM10792","Packet Counting","gen12","2026-09-26","17:40:40","7000443928"
"BM10792","Final Vault Closing","gen1","2026-09-26","18:21:20","7000443928"
"BM10793","Customer Purpose","gen7","2026-09-21","15:21:04","8434821454"
"BM10793","Final Vault Closing","gen18","2026-09-21","18:51:14","7903294533"
"BM10793","Final Vault Closing","gen25","2026-09-22","18:19:35","7903294533"
"BM10793","Customer Purpose","gen10","2026-09-23","12:01:39","7903294533"
"BM10793","Final Vault Closing","iifl7","2026-09-23","19:48:15","7903294533"
"BM10793","Customer Purpose","gen9","2026-09-24","11:35:15","8434821454"
"BM10793","Final Vault Closing","gen7","2026-09-24","18:35:32","8434821454"
"BM10793","Final Vault Closing","gen9","2026-09-25","18:53:11","8434821454"
"BM10793","Packet Counting","gen24","2026-09-26","17:20:29","8434821454"
"BM10795","Customer Purpose","gen22","2026-09-21","15:44:11","9079765216"
"BM10795","Customer Purpose","gen3","2026-09-21","18:21:15","8619333287"
"BM10795","Final Vault Closing","gen6","2026-09-22","18:37:12","8619333287"
"BM10795","Customer Purpose","gen19","2026-09-23","11:12:27","8619333287"
"BM10795","Final Vault Closing","gen21","2026-09-24","18:40:30","8619333287"
"BM10795","Customer Purpose","gen35","2026-09-25","14:10:42","8619333287"
"BM10795","Final Vault Closing","gen","2026-09-25","18:15:53","8619333287"
"BM10795","Final Vault Closing","iifl3","2026-09-26","19:00:29","9079765216"
"BM10805","Final Vault Closing","gen","2026-09-21","18:21:20","7974496722"
"BM10805","Customer Purpose","gen6","2026-09-22","11:45:26","7974496722"
"BM10805","Final Vault Closing","gen35","2026-09-22","18:07:19","8349392467"
"BM10805","Final Vault Closing","gen11","2026-09-23","18:25:40","8917536758"
"BM10805","Final Vault Closing","gen9","2026-09-24","18:34:44","8917536758"
"BM10805","Packet Counting","gen20","2026-09-26","15:04:41","8349392467"
"BM10807","Customer Purpose","gen15","2026-09-21","10:50:28","8500711454"
"BM10807","Customer Purpose","gen7","2026-09-21","16:27:21","8500711454"
"BM10807","Final Vault Closing","gen24","2026-09-21","17:36:35","8500711454"
"BM10807","Customer Purpose","gen3","2026-09-22","11:28:40","8500711454"
"BM10807","Final Vault Closing","gen33","2026-09-22","17:56:11","8500711454"
"BM10807","Customer Purpose","gen2","2026-09-23","13:08:51","8500711454"
"BM10807","Final Vault Closing","gen26","2026-09-23","17:40:59","8500711454"
"BM10807","Customer Purpose","gen13","2026-09-24","12:09:43","8500711454"
"BM10807","Final Vault Closing","gen32","2026-09-24","18:02:22","8500711454"
"BM10807","Audit Purpose","gen5","2026-09-25","10:14:04","7989153055"
"BM10807","Customer Purpose","gen38","2026-09-25","10:52:40","7989153055"
"BM10807","Audit Purpose","gen37","2026-09-25","11:46:07","6302285197"
"BM10807","Audit Purpose","gen3","2026-09-25","12:41:51","6302285197"
"BM10807","Audit Purpose","gen35","2026-09-25","13:59:42","8500711454"
"BM10807","Audit Purpose","gen19","2026-09-25","17:53:02","8500711454"
"BM10807","Final Vault Closing","gen9","2026-09-25","18:34:08","8500711454"
"BM10807","Audit Purpose","gen14","2026-09-26","11:12:59","6302285197"
"BM10807","Audit Purpose","gen33","2026-09-26","15:08:42","8500711454"
"BM10807","Audit Purpose","gen23","2026-09-26","17:01:46","6302285197"
"BM10807","Final Vault Closing","gen24","2026-09-26","18:12:40","6302285197"
"BM10807","Customer Purpose","gen4","2026-09-27","13:53:34","8500711454"
"BM10808","Customer Purpose","gen24","2026-09-21","12:25:25","7002610273"
"BM10808","Other Purpose","gen41","2026-09-21","14:37:24","9706505177"
"BM10808","Final Vault Closing","gen7","2026-09-21","17:56:28","9706505177"
"BM10808","Final Vault Closing","gen23","2026-09-22","17:30:01","7002610273"
"BM10808","Final Vault Closing","gen35","2026-09-23","17:53:32","7002610273"
"BM10808","Customer Purpose","gen29","2026-09-24","13:32:31","7002610273"
"BM10808","Customer Purpose","gen34","2026-09-24","13:39:44","7002610273"
"BM10808","Final Vault Closing","gen37","2026-09-24","17:30:06","7002610273"
"BM10808","Final Vault Closing","gen12","2026-09-25","17:43:06","ME - 17:30"
"BM10808","Packet Counting","gen14","2026-09-26","11:32:19","7002610273"
"BM10808","Other Purpose","gen38","2026-09-26","11:44:51","7002610273"
"BM10808","Packet Counting","gen2","2026-09-26","11:52:53","9706505177"
"BM10808","Customer Purpose","gen18","2026-09-26","15:09:07","9706505177"
"BM10808","Final Vault Closing","gen33","2026-09-26","17:40:47","7002610273"
"BM10809","Final Vault Closing","gen22","2026-09-21","18:07:09","6396238976"
"BM10809","Final Vault Closing","gen5","2026-09-22","18:14:52","9456119016"
"BM10809","Final Vault Closing","gen1","2026-09-23","18:13:45","9456119016"
"BM10809","Final Vault Closing","gen22","2026-09-24","18:26:09","6396238976"
"BM10809","Customer Purpose","gen29","2026-09-25","11:36:11","6396238976"
"BM10809","Customer Purpose","gen30","2026-09-25","17:26:14","1080910809"
"BM10809","Packet Counting","gen5","2026-09-26","16:10:45","9456119016"
"BM10809","Final Vault Closing","gen24","2026-09-26","18:20:26","6396238976"
"BM10811","Customer Purpose","gen33","2026-09-21","11:26:52","9704254452"
"BM10811","Customer Purpose","gen17","2026-09-21","14:43:01","9542007474"
"BM10811","Customer Purpose","gen10","2026-09-21","16:33:22","9704254452"
"BM10811","Customer Purpose","gen4","2026-09-21","16:49:00","9704254452"
"BM10811","Customer Purpose","gen30","2026-09-21","17:43:25","9704254452"
"BM10811","Customer Purpose","gen43","2026-09-21","18:02:36","9704254452"
"BM10811","Customer Purpose","gen43","2026-09-21","18:02:51",""
"BM10811","Audit Purpose","gen22","2026-09-22","10:12:12","9542007474"
"BM10811","Audit Purpose","gen21","2026-09-22","11:21:45","9542007474"
"BM10811","Audit Purpose","gen7","2026-09-22","13:01:15","9542007474"
"BM10811","Audit Purpose","gen39","2026-09-22","14:52:01","9542007474"
"BM10811","Audit Purpose","gen23","2026-09-22","17:16:18","9542007474"
"BM10811","Audit Purpose","gen2","2026-09-22","17:51:58","9542007474"
"BM10811","Customer Purpose","gen36","2026-09-23","11:57:41","9542007474"
"BM10811","Customer Purpose","gen32","2026-09-23","12:50:53","ppa Naguru"
"BM10811","Customer Purpose","gen33","2026-09-23","16:40:28","ity guards"
"BM10811","Final Vault Closing","gen3","2026-09-23","18:54:37","9542007474"
"BM10811","Customer Purpose","gen1","2026-09-24","10:14:05","9542007474"
"BM10811","Customer Purpose","gen17","2026-09-24","11:31:03","9542007474"
"BM10811","Customer Purpose","gen1","2026-09-24","18:14:48","9542007474"
"BM10811","Final Vault Closing","gen25","2026-09-24","18:39:15","9542007474"
"BM10811","Customer Purpose","gen16","2026-09-25","11:42:51","9704254452"
"BM10811","Customer Purpose","gen32","2026-09-25","11:58:27","9542007474"
"BM10811","Customer Purpose","gen38","2026-09-25","14:16:52","9542007474"
"BM10811","Customer Purpose","gen24","2026-09-25","17:42:27","9704254452"
"BM10811","Final Vault Closing","gen15","2026-09-25","18:28:23","@iifl.com>"
"BM10811","Customer Purpose","gen37","2026-09-26","10:29:11","9542007474"
"BM10811","Customer Purpose","gen1","2026-09-26","11:44:05","9704254452"
"BM10811","Customer Purpose","gen24","2026-09-26","12:11:50","9704254452"
"BM10811","Customer Purpose","gen21","2026-09-26","12:53:10","9704254452"
"BM10811","Packet Counting","gen38","2026-09-26","13:31:32","9542007474"
"BM10811","Customer Purpose","gen22","2026-09-26","15:02:15","9704254452"
"BM10811","Customer Purpose","gen4","2026-09-26","16:24:22","9542007474"
"BM10811","Customer Purpose","gen5","2026-09-26","16:49:34","9542007474"
"BM10811","Final Vault Closing","gen49","2026-09-26","18:01:43","9542007474"
"BM10811","Audit Purpose","gen37","2026-09-27","10:33:25","9618271061"
"BM10811","Audit Purpose","gen11","2026-09-27","12:10:29","9704254452"
"BM10811","Audit Purpose","gen35","2026-09-27","12:56:11","9704254452"
"BM10811","Audit Purpose","gen30","2026-09-27","14:36:12","9542007474"
"BM10812","Customer Purpose","gen4","2026-09-21","15:29:50","9538078285"
"BM10812","Final Vault Closing","gen18","2026-09-21","17:52:38","9538078285"
"BM10812","Customer Purpose","gen13","2026-09-22","15:49:16","9538078285"
"BM10812","Final Vault Closing","gen33","2026-09-22","18:04:29","9538078285"
"BM10812","Final Vault Closing","gen","2026-09-23","18:12:05","7259589022"
"BM10812","Final Vault Closing","gen8","2026-09-24","18:18:03","7259589022"
"BM10812","Customer Purpose","gen30","2026-09-25","11:16:19","7259589022"
"BM10812","Final Vault Closing","gen21","2026-09-25","18:06:40","7259589022"
"BM10812","Customer Purpose","gen6","2026-09-26","12:14:13","9538078285"
"BM10812","Customer Purpose","gen17","2026-09-26","13:15:20","9538078285"
"BM10812","Customer Purpose","gen7","2026-09-26","15:59:31","9538078285"
"BM10812","Packet Counting","gen8","2026-09-26","16:58:57","7259589022"
"BM10813","Customer Purpose","gen34","2026-09-21","11:38:49","6379082953"
"BM10813","Customer Purpose","gen19","2026-09-21","13:32:53","9047098347"
"BM10813","Customer Purpose","gen28","2026-09-21","15:45:25","6379082953"
"BM10813","Customer Purpose","gen28","2026-09-21","16:25:47","6379082953"
"BM10813","Customer Purpose","gen28","2026-09-21","16:49:24","6379082953"
"BM10813","Final Vault Closing","gen27","2026-09-21","17:29:08","6379082953"
"BM10813","Customer Purpose","gen50","2026-09-22","11:00:35","9080059979"
"BM10813","Customer Purpose","gen37","2026-09-22","13:57:36","6379082953"
"BM10813","Final Vault Closing","gen17","2026-09-22","18:49:54","6379082953"
"BM10813","Final Vault Closing","gen22","2026-09-23","18:30:38","9047098347"
"BM10813","Customer Purpose","gen21","2026-09-24","13:12:37","6379082953"
"BM10813","Customer Purpose","gen21","2026-09-24","15:52:14","6379082953"
"BM10813","Final Vault Closing","gen21","2026-09-24","18:41:26","6379082953"
"BM10813","Customer Purpose","gen49","2026-09-25","10:12:54","6379082953"
"BM10813","Customer Purpose","gen34","2026-09-25","11:51:35","9080059979"
"BM10813","Customer Purpose","gen49","2026-09-25","13:24:45","6379082953"
"BM10813","Customer Purpose","gen34","2026-09-25","15:51:55","9080059979"
"BM10813","Customer Purpose","gen39","2026-09-25","16:19:16","9080059979"
"BM10813","Packet Counting","gen34","2026-09-25","16:43:32","9080059979"
"BM10813","Final Vault Closing","gen35","2026-09-25","17:56:38","9080059979"
"BM10813","Customer Purpose","gen11","2026-09-26","17:03:12","9080059979"
"BM10813","Customer Purpose","gen49","2026-09-26","17:33:22","9080059979"
"BM10813","Final Vault Closing","iifl5","2026-09-26","18:12:58","9047098347"
"BM10813","Customer Purpose","gen8","2026-09-27","14:18:57","6379082953"
"BM10814","Customer Purpose","iifl4","2026-09-21","16:11:47","9328171591"
"BM10814","Customer Purpose","gen7","2026-09-22","10:36:28","8140320301"
"BM10814","Final Vault Closing","gen31","2026-09-22","16:11:44","8140320301"
"BM10814","Final Vault Closing","gen35","2026-09-23","17:57:03","8140320301"
"BM10814","Customer Purpose","gen31","2026-09-24","12:12:26","9328171591"
"BM10814","Customer Purpose","gen34","2026-09-24","17:54:02","8140320301"
"BM10814","Audit Purpose","gen35","2026-09-25","18:03:53","9328171591"
"BM10814","Final Vault Closing","gen7","2026-09-26","17:29:13","8140320301"
"BM10814","Audit Purpose","gen36","2026-09-27","14:08:58","8140320301"
"BM10814","Audit Purpose","gen34","2026-09-27","14:53:16","9328171591"
"BM10816","Final Vault Closing","gen15","2026-09-21","17:43:52","7814909178"
"BM10816","Audit Purpose","gen1","2026-09-23","12:32:14","8198011007"
"BM10816","Audit Purpose","gen31","2026-09-23","13:23:18","8198011007"
"BM10816","Audit Purpose","gen15","2026-09-23","13:48:44","7814909178"
"BM10816","Audit Purpose","gen25","2026-09-23","14:10:36","8198011007"
"BM10816","Final Vault Closing","gen26","2026-09-23","17:50:25","7814909178"
"BM10816","Final Vault Closing","gen4","2026-09-24","17:50:41","7814909178"
"BM10816","Customer Purpose","gen9","2026-09-27","11:50:23","7814909178"
"BM10817","Customer Purpose","gen7","2026-09-21","16:21:05","9981322353"
"BM10817","Final Vault Closing","gen20","2026-09-22","17:53:47","9981322353"
"BM10817","Final Vault Closing","gen11","2026-09-23","18:02:00","9981322353"
"BM10817","Final Vault Closing","gen10","2026-09-24","18:19:51","9981322353"
"BM10817","Customer Purpose","gen23","2026-09-25","15:25:59","9131451640"
"BM10817","Final Vault Closing","gen24","2026-09-25","18:11:05","9131451640"
"BM10817","Packet Counting","gen30","2026-09-26","11:59:49","9981322353"
"BM10817","Final Vault Closing","gen24","2026-09-26","18:01:22","9131451640"
"BM10819","Customer Purpose","gen43","2026-09-21","10:22:59","9502856792"
"BM10819","Customer Purpose","gen23","2026-09-21","10:50:30","8008903570"
"BM10819","Customer Purpose","gen25","2026-09-21","13:53:24","9502856792"
"BM10819","Customer Purpose","gen37","2026-09-21","15:28:01","9502856792"
"BM10819","Customer Purpose","gen4","2026-09-21","16:42:37","8008903570"
"BM10819","Final Vault Closing","gen35","2026-09-21","18:34:31","9963561795"
"BM10819","Customer Purpose","gen21","2026-09-22","10:51:55","9963561795"
"BM10819","Customer Purpose","gen33","2026-09-22","15:36:54","9502856792"
"BM10819","Customer Purpose","gen22","2026-09-22","16:12:45","9963561795"
"BM10819","Customer Purpose","gen7","2026-09-22","16:51:50","9963561795"
"BM10819","Customer Purpose","gen1","2026-09-22","18:07:23","9502856792"
"BM10819","Customer Purpose","gen20","2026-09-23","11:26:16","9963561795"
"BM10819","Customer Purpose","gen23","2026-09-23","12:04:12","9963561795"
"BM10819","Customer Purpose","gen2","2026-09-23","12:46:56","9963561795"
"BM10819","Customer Purpose","gen33","2026-09-23","15:20:06","9963561795"
"BM10819","Customer Purpose","gen36","2026-09-23","16:25:56","9502856792"
"BM10819","Customer Purpose","gen8","2026-09-23","17:06:40","9963561795"
"BM10819","Final Vault Closing","gen11","2026-09-23","17:54:56","9963561795"
"BM10819","Customer Purpose","gen17","2026-09-24","10:53:29","9963561795"
"BM10819","Customer Purpose","gen25","2026-09-24","12:41:47","9963561795"
"BM10819","Audit Purpose","gen16","2026-09-24","16:00:52","9963561795"
"BM10819","Audit Purpose","gen15","2026-09-24","17:33:52","9963561795"
"BM10819","Final Vault Closing","gen6","2026-09-24","18:25:12","9963561795"
"BM10819","Audit Purpose","gen29","2026-09-25","10:08:34","9963561795"
"BM10819","Audit Purpose","gen35","2026-09-25","10:49:53","9963561795"
"BM10819","Audit Purpose","gen26","2026-09-25","11:31:11","9963561795"
"BM10819","Audit Purpose","gen29","2026-09-25","12:24:52","9963561795"
"BM10819","Audit Purpose","gen9","2026-09-25","13:39:05","9963561795"
"BM10819","Audit Purpose","gen10","2026-09-25","14:37:12","9963561795"
"BM10819","Audit Purpose","gen23","2026-09-25","14:48:39","9963561795"
"BM10819","Audit Purpose","gen37","2026-09-25","15:28:31","9963561795"
"BM10819","Audit Purpose","gen15","2026-09-25","16:19:07","9963561795"
"BM10819","Audit Purpose","gen33","2026-09-25","16:56:09","9963561795"
"BM10819","Audit Purpose","gen32","2026-09-25","18:03:35","9502856792"
"BM10819","Audit Purpose","gen17","2026-09-25","18:29:55","9963561795"
"BM10819","Audit Purpose","gen29","2026-09-25","19:00:37","9963561795"
"BM10819","Final Vault Closing","iifl5","2026-09-25","19:47:35","9963561795"
"BM10819","Customer Purpose","gen28","2026-09-26","12:06:04","9963561795"
"BM10819","Customer Purpose","gen23","2026-09-26","15:37:09","8008903570"
"BM10819","Packet Counting","gen4","2026-09-26","15:57:17","9963561795"
"BM10819","Packet Counting","gen23","2026-09-26","16:55:16","9502856792"
"BM10819","Final Vault Closing","gen17","2026-09-26","18:21:24","9963561795"
"BM10820","Final Vault Closing","gen25","2026-09-21","17:47:05","7899008504"
"BM10820","Final Vault Closing","gen14","2026-09-22","17:39:22","9588181793"
"BM10820","Final Vault Closing","gen41","2026-09-22","17:52:46","7899008504"
"BM10820","Final Vault Closing","gen21","2026-09-23","17:48:26","7625089847"
"BM10820","Customer Purpose","gen34","2026-09-24","12:53:34","7625089847"
"BM10820","Final Vault Closing","gen30","2026-09-24","18:00:24","7625089847"
"BM10820","Customer Purpose","gen1","2026-09-26","10:20:32","7625089847"
"BM10820","Final Vault Closing","gen38","2026-09-26","17:40:34","7625089847"
"BM10821","Customer Purpose","gen17","2026-09-21","12:02:31","8982687783"
"BM10821","Customer Purpose","gen27","2026-09-21","14:23:05","7024444551"
"BM10821","Customer Purpose","gen17","2026-09-21","15:40:58","8982687783"
"BM10821","Customer Purpose","gen19","2026-09-21","16:23:35","8982687783"
"BM10821","Final Vault Closing","gen30","2026-09-21","18:49:18","8982687783"
"BM10821","Customer Purpose","gen32","2026-09-22","13:52:49","7024444551"
"BM10821","Customer Purpose","gen21","2026-09-22","16:11:41","7024444551"
"BM10821","Final Vault Closing","gen11","2026-09-22","18:40:47","7024444551"
"BM10821","Customer Purpose","gen33","2026-09-23","10:40:55","7024444551"
"BM10821","Customer Purpose","gen23","2026-09-23","13:37:54","7024444551"
"BM10821","Customer Purpose","gen5","2026-09-23","14:55:58","8982687783"
"BM10821","Customer Purpose","gen9","2026-09-23","15:26:53","8982687783"
"BM10821","Customer Purpose","gen17","2026-09-23","16:30:39","9752223185"
"BM10821","Customer Purpose","gen5","2026-09-23","16:45:53","9752223185"
"BM10821","Final Vault Closing","gen11","2026-09-23","18:41:49","9752223185"
"BM10821","Customer Purpose","gen9","2026-09-24","12:01:52","9752223185"
"BM10821","Customer Purpose","gen25","2026-09-24","13:53:58","9752223185"
"BM10821","Customer Purpose","gen30","2026-09-24","15:41:56","9752223185"
"BM10821","Customer Purpose","gen8","2026-09-24","17:11:52","8982687783"
"BM10821","Final Vault Closing","gen2","2026-09-24","18:33:34","8982687783"
"BM10821","Customer Purpose","gen10","2026-09-25","11:04:44","9752223185"
"BM10821","Customer Purpose","gen20","2026-09-25","11:34:08","7024444551"
"BM10821","Customer Purpose","gen20","2026-09-25","12:23:43","9752223185"
"BM10821","Customer Purpose","gen","2026-09-25","15:08:14","8982687783"
"BM10821","Final Vault Closing","gen10","2026-09-25","18:33:35","8982687783"
"BM10821","Packet Counting","gen26","2026-09-26","14:07:59","8982687783"
"BM10821","Audit Purpose","gen28","2026-09-26","15:26:54","9752223185"
"BM10821","Packet Counting","gen31","2026-09-26","16:16:19","9752223185"
"BM10821","Packet Counting","gen26","2026-09-26","17:12:43","9752223185"
"BM10821","Final Vault Closing","gen6","2026-09-26","18:21:20","8982687783"
"BM10821","Customer Purpose","gen38","2026-09-27","12:55:15","7024444551"
"BM10821","Customer Purpose","gen22","2026-09-27","13:04:26","7024444551"
"BM10821","Customer Purpose","gen30","2026-09-27","13:45:24","9752223185"
"BM10822","Customer Purpose","gen39","2026-09-21","12:25:05","9101547646"
"BM10822","Customer Purpose","gen30","2026-09-21","14:50:03","8638645632"
"BM10822","Final Vault Closing","gen35","2026-09-21","17:58:14","8638645632"
"BM10822","Customer Purpose","gen11","2026-09-22","11:30:56","8638645632"
"BM10822","Customer Purpose","gen10","2026-09-22","12:00:47","8638645632"
"BM10822","Customer Purpose","gen21","2026-09-22","14:54:05","9101547646"
"BM10822","Final Vault Closing","gen31","2026-09-22","18:02:58","8638645632"
"BM10822","Customer Purpose","iifl7","2026-09-23","11:06:50","9101547646"
"BM10822","Customer Purpose","gen34","2026-09-23","17:08:46","8638645632"
"BM10822","Final Vault Closing","gen36","2026-09-23","18:21:50","8638645632"
"BM10822","Customer Purpose","gen7","2026-09-24","11:32:35","8638645632"
"BM10822","Customer Purpose","gen13","2026-09-24","12:43:16","9101547646"
"BM10822","Customer Purpose","gen7","2026-09-24","13:33:34","8638526838"
"BM10822","Final Vault Closing","gen8","2026-09-24","17:51:44","8638645632"
"BM10822","Customer Purpose","gen30","2026-09-25","12:12:10","8638645632"
"BM10822","Customer Purpose","gen32","2026-09-25","15:09:28","9101547646"
"BM10822","Customer Purpose","gen36","2026-09-25","16:09:13","9101547646"
"BM10822","Final Vault Closing","gen29","2026-09-25","18:18:35","8638645632"
"BM10822","Customer Purpose","gen21","2026-09-26","11:46:35","8638526838"
"BM10822","Customer Purpose","gen9","2026-09-26","12:11:19","8638645632"
"BM10822","Final Vault Closing","gen30","2026-09-26","17:59:42","8638645632"
"BM10822","Final Vault Closing","gen34","2026-09-27","14:38:30","8638645632"
"BM10823","Customer Purpose","gen32","2026-09-21","11:35:20","6000814912"
"BM10823","Customer Purpose","gen14","2026-09-21","11:44:56","6000814912"
"BM10823","Customer Purpose","gen19","2026-09-21","13:25:19","7002119966"
"BM10823","Final Vault Closing","gen17","2026-09-21","18:16:30","9395261294"
"BM10823","Customer Purpose","gen13","2026-09-22","10:12:49","7002119966"
"BM10823","Audit Purpose","gen4","2026-09-22","10:36:39","7002119966"
"BM10823","Audit Purpose","gen37","2026-09-22","11:00:41","6000814912"
"BM10823","Audit Purpose","gen15","2026-09-22","11:48:05","7002119966"
"BM10823","Audit Purpose","gen30","2026-09-22","13:36:50","7002119966"
"BM10823","Audit Purpose","gen10","2026-09-22","14:28:25","7002119966"
"BM10823","Audit Purpose","gen15","2026-09-22","15:00:59","9395261294"
"BM10823","Audit Purpose","gen21","2026-09-22","16:29:15","9395261294"
"BM10823","Audit Purpose","gen10","2026-09-22","17:41:36","9395261294"
"BM10823","Final Vault Closing","gen5","2026-09-22","18:42:42","9395261294"
"BM10823","Audit Purpose","gen34","2026-09-23","10:12:15","7002119966"
"BM10823","Audit Purpose","gen29","2026-09-23","11:45:34","7002119966"
"BM10823","Audit Purpose","gen11","2026-09-23","12:23:47","9395261294"
"BM10823","Audit Purpose","gen50","2026-09-23","12:30:44","9395261294"
"BM10823","Final Vault Closing","gen11","2026-09-23","18:29:02","7002119966"
"BM10823","Customer Purpose","gen2","2026-09-24","11:55:48","9395261294"
"BM10823","Customer Purpose","gen13","2026-09-24","12:35:32","9395261294"
"BM10823","Customer Purpose","gen32","2026-09-24","13:27:28","9395261294"
"BM10823","Customer Purpose","gen35","2026-09-24","16:31:58","7002119966"
"BM10823","Final Vault Closing","gen16","2026-09-24","18:26:23","9395261294"
"BM10823","Customer Purpose","gen36","2026-09-25","15:52:23","9395261294"
"BM10823","Final Vault Closing","gen29","2026-09-25","17:53:43","7002119966"
"BM10823","Customer Purpose","gen19","2026-09-26","10:17:53","9395261294"
"BM10823","Customer Purpose","gen37","2026-09-26","10:59:51","7002119966"
"BM10823","Customer Purpose","gen20","2026-09-26","16:08:39","9395261294"
"BM10823","Final Vault Closing","gen29","2026-09-26","18:42:37","6000814912"
"BM10823","Customer Purpose","gen1","2026-09-27","11:28:00","7002119966"
"BM10824","Customer Purpose","gen11","2026-09-23","15:17:16","6268502317"
"BM10824","Final Vault Closing","gen16","2026-09-23","18:00:42","6268502317"
"BM10824","Final Vault Closing","gen31","2026-09-24","18:24:50","8305059521"
"BM10824","Customer Purpose","gen37","2026-09-25","11:18:00","8305059521"
"BM10824","Final Vault Closing","gen12","2026-09-25","18:23:58","8305059521"
"BM10824","Packet Counting","gen25","2026-09-26","16:06:04","8305059521"
"BM10826","Final Vault Closing","gen23","2026-09-21","18:27:23","7069223735"
"BM10826","Customer Purpose","gen10","2026-09-22","16:13:48",""
"BM10826","Final Vault Closing","gen30","2026-09-22","18:14:27","9106014562"
"BM10826","Customer Purpose","gen37","2026-09-23","11:41:45","9106014562"
"BM10826","Final Vault Closing","gen6","2026-09-23","18:32:30","9106014562"
"BM10826","Customer Purpose","gen10","2026-09-24","12:39:07","7069223735"
"BM10826","Customer Purpose","gen28","2026-09-24","14:03:36","7069223735"
"BM10826","Final Vault Closing","gen10","2026-09-24","18:55:11","223735🤦‍♂️"
"BM10826","Customer Purpose","gen17","2026-09-25","15:07:31","9106014562"
"BM10826","Final Vault Closing","gen21","2026-09-25","18:50:13","8160073228"
"BM10826","Customer Purpose","gen29","2026-09-26","11:27:30","9106014562"
"BM10826","Packet Counting","gen6","2026-09-26","17:21:33","9106014562"
"BM10826","Final Vault Closing","gen26","2026-09-26","18:11:26","9106014562"
"BM10828","Customer Purpose","gen43","2026-09-21","15:52:04","9101636496"
"BM10828","Final Vault Closing","gen33","2026-09-21","17:40:55","9101636496"
"BM10828","Customer Purpose","gen41","2026-09-22","16:12:24","7099629597"
"BM10828","Final Vault Closing","gen23","2026-09-22","17:48:54","7099629597"
"BM10828","Final Vault Closing","gen35","2026-09-23","18:07:17","7002259704"
"BM10828","Final Vault Closing","gen3","2026-09-25","17:26:38","9101636496"
"BM10828","Packet Counting","gen25","2026-09-26","17:15:32","9101636496"
"BM10829","Final Vault Closing","gen16","2026-09-21","18:08:31","7980748567"
"BM10829","Final Vault Closing","gen29","2026-09-22","18:01:31","9231129810"
"BM10829","Final Vault Closing","gen39","2026-09-23","18:21:50","9231129810"
"BM10829","Final Vault Closing","gen11","2026-09-24","17:54:16","9231129810"
"BM10829","Final Vault Closing","gen21","2026-09-25","18:36:37","9231129810"
"BM10829","Packet Counting","gen35","2026-09-26","16:45:39","7980748567"
"BM10836","Final Vault Closing","gen11","2026-09-21","18:07:39","7678221587"
"BM10836","Final Vault Closing","gen5","2026-09-22","18:26:45","7678221587"
"BM10836","Final Vault Closing","gen25","2026-09-23","18:22:51","7678221587"
"BM10836","Customer Purpose","gen22","2026-09-26","16:23:40","7678221587"
"BM10837","Customer Purpose","gen6","2026-09-21","12:37:26","9665315890"
"BM10837","Customer Purpose","gen16","2026-09-21","14:52:17","9665315890"
"BM10837","Customer Purpose","gen1","2026-09-21","15:39:12","9665315890"
"BM10837","Customer Purpose","gen","2026-09-21","17:08:00","8446699761"
"BM10837","Final Vault Closing","gen24","2026-09-21","17:57:40","9665315890"
"BM10837","Customer Purpose","gen11","2026-09-22","10:35:37","9665315890"
"BM10837","Customer Purpose","gen6","2026-09-22","11:06:44","9421983677"
"BM10837","Customer Purpose","gen21","2026-09-22","12:54:20","9421983677"
"BM10837","Customer Purpose","gen32","2026-09-22","15:41:19","9421983677"
"BM10837","Customer Purpose","gen26","2026-09-22","16:02:08","9421983677"
"BM10837","Customer Purpose","gen35","2026-09-22","16:21:25","9421983677"
"BM10837","Final Vault Closing","gen10","2026-09-22","18:07:32","9665315890"
"BM10837","Customer Purpose","gen1","2026-09-23","10:23:27","9421983677"
"BM10837","Customer Purpose","gen18","2026-09-23","11:13:11","9421983677"
"BM10837","Customer Purpose","gen35","2026-09-23","11:58:44","9665315890"
"BM10837","Customer Purpose","gen30","2026-09-23","12:13:11","9421983677"
"BM10837","Customer Purpose","gen26","2026-09-23","15:13:19","9421983677"
"BM10837","Customer Purpose","gen38","2026-09-23","15:48:55","9665315890"
"BM10837","Customer Purpose","gen6","2026-09-23","16:11:05","9421983677"
"BM10837","Customer Purpose","gen24","2026-09-23","17:24:45","9421983677"
"BM10837","Final Vault Closing","gen21","2026-09-23","18:09:05","9665315890"
"BM10837","Customer Purpose","gen32","2026-09-24","10:03:49","9665315890"
"BM10837","Customer Purpose","gen35","2026-09-24","17:23:38","9421983677"
"BM10837","Final Vault Closing","gen12","2026-09-24","18:01:22","9665315890"
"BM10837","Customer Purpose","gen5","2026-09-25","11:21:51","9665315890"
"BM10837","Customer Purpose","gen2","2026-09-25","12:41:20","9421983677"
"BM10837","Customer Purpose","gen31","2026-09-25","15:22:39","9665315890"
"BM10837","Customer Purpose","gen11","2026-09-25","15:37:11","9665315890"
"BM10837","Customer Purpose","gen22","2026-09-25","15:51:51","9421983677"
"BM10837","Customer Purpose","gen29","2026-09-25","16:48:50","9421983677"
"BM10837","Final Vault Closing","gen26","2026-09-25","17:52:35","9421983677"
"BM10837","Customer Purpose","gen32","2026-09-26","11:45:23","9665315890"
"BM10837","Customer Purpose","gen29","2026-09-26","14:27:55","9665315890"
"BM10837","Customer Purpose","gen4","2026-09-26","14:52:10","9665315890"
"BM10837","Customer Purpose","gen2","2026-09-26","15:30:35","9665315890"
"BM10837","Packet Counting","gen3","2026-09-26","16:42:28","9665315890"
"BM10837","Final Vault Closing","gen49","2026-09-26","18:16:42","9665315890"
"BM10838","Customer Purpose","gen50","2026-09-21","10:40:57","7496858578"
"BM10838","Customer Purpose","gen21","2026-09-21","13:53:48","7496858578"
"BM10838","Customer Purpose","gen20","2026-09-21","16:45:02","7496858578"
"BM10838","Customer Purpose","gen20","2026-09-21","17:20:58","7496858578"
"BM10838","Final Vault Closing","gen43","2026-09-21","17:36:08","7496858578"
"BM10838","Customer Purpose","gen37","2026-09-22","10:18:35","7496858578"
"BM10838","Final Vault Closing","gen","2026-09-22","17:04:15","9780869700"
"BM10838","Customer Purpose","gen11","2026-09-23","15:04:03","9780869700"
"BM10838","Customer Purpose","gen10","2026-09-23","15:04:35",".........."
"BM10838","Customer Purpose","gen23","2026-09-23","16:45:17","8219141067"
"BM10838","Customer Purpose","gen24","2026-09-23","17:37:34","7496858578"
"BM10838","Final Vault Closing","gen23","2026-09-23","18:51:29","7496858578"
"BM10838","Customer Purpose","gen39","2026-09-24","12:31:23","9780869700"
"BM10838","Final Vault Closing","gen38","2026-09-24","17:18:33","8219141067"
"BM10838","Customer Purpose","gen12","2026-09-25","17:06:03","7496858578"
"BM10838","Final Vault Closing","gen2","2026-09-25","17:29:18","9780869700"
"BM10838","Packet Counting","gen18","2026-09-26","12:52:17","7496858578"
"BM10838","Customer Purpose","iifl5","2026-09-26","13:32:36","9780869700"
"BM10838","Customer Purpose","gen9","2026-09-26","14:42:22","9780869700"
"BM10838","Final Vault Closing","gen36","2026-09-26","17:35:32","9780869700"
"BM10839","Final Vault Closing","gen6","2026-09-21","17:18:41","8107886188"
"BM10839","Customer Purpose","gen2","2026-09-24","12:00:58","8107886188"
"BM10839","Final Vault Closing","gen","2026-09-24","18:07:32","8107886188"
"BM10839","Final Vault Closing","gen12","2026-09-25","18:11:51","8107886188"
"BM10839","Customer Purpose","gen22","2026-09-26","16:31:55","8107886188"
"BM10840","Final Vault Closing","gen4","2026-09-24","18:10:56","8005877537"
"BM10840","Final Vault Closing","gen35","2026-09-25","18:09:24","7426072304"
"BM10846","Customer Purpose","gen30","2026-09-21","13:46:26","8340448619"
"BM10846","Customer Purpose","gen20","2026-09-21","16:36:42","8709888970"
"BM10846","Customer Purpose","gen","2026-09-22","11:19:26","8340448619"
"BM10846","Final Vault Closing","gen14","2026-09-22","18:01:06","8340448619"
"BM10846","Final Vault Closing","gen17","2026-09-23","18:03:37","8340448619"
"BM10846","Customer Purpose","gen38","2026-09-24","13:36:46","8340448619"
"BM10846","Final Vault Closing","gen18","2026-09-24","18:08:42","8340448619"
"BM10846","Customer Purpose","gen21","2026-09-25","15:03:24","8340448619"
"BM10846","Customer Purpose","gen49","2026-09-26","14:06:26","8340448619"
"BM10846","Packet Counting","gen4","2026-09-26","16:32:51","8340448619"
"BM10846","Final Vault Closing","gen18","2026-09-26","18:27:23","8340448619"
"BM10847","Customer Purpose","gen9","2026-09-21","12:35:31","8126030903"
"BM10847","Customer Purpose","gen11","2026-09-21","14:47:18","9084896824"
"BM10847","Final Vault Closing","gen24","2026-09-21","18:25:06","7060104101"
"BM10847","Customer Purpose","gen7","2026-09-22","11:46:32","8126030903"
"BM10847","Final Vault Closing","gen7","2026-09-22","18:13:40","7060104101"
"BM10847","Final Vault Closing","gen23","2026-09-23","18:09:49","7060104101"
"BM10847","Customer Purpose","gen39","2026-09-24","15:10:32","8273196317"
"BM10847","Final Vault Closing","gen7","2026-09-24","18:13:27","8273196317"
"BM10847","Customer Purpose","gen33","2026-09-26","11:17:24","8273196317"
"BM10847","Customer Purpose","gen28","2026-09-26","12:49:51","8126030903"
"BM10847","Packet Counting","gen24","2026-09-26","16:04:40","7060104101"
"BM10847","Final Vault Closing","gen11","2026-09-26","18:16:42","8126030903"
"BM10849","Audit Purpose","gen","2026-09-21","11:54:55","9542404383"
"BM10849","Audit Purpose","gen11","2026-09-21","12:50:27","9542404383"
"BM10849","Audit Purpose","gen30","2026-09-21","13:14:05","9542404383"
"BM10849","Customer Purpose","gen","2026-09-21","16:55:31","9542404383"
"BM10849","Customer Purpose","gen14","2026-09-22","13:28:49","9542404383"
"BM10849","Customer Purpose","gen9","2026-09-22","14:49:23","9989671834"
"BM10849","Customer Purpose","gen13","2026-09-22","15:46:16","9542404383"
"BM10849","Customer Purpose","gen41","2026-09-22","17:39:47","9542404383"
"BM10849","Customer Purpose","gen33","2026-09-23","12:49:43","9989671834"
"BM10849","Customer Purpose","gen8","2026-09-23","16:44:47","9542404383"
"BM10849","Customer Purpose","gen14","2026-09-24","12:51:52","9542404383"
"BM10849","Customer Purpose","gen30","2026-09-24","14:57:31","9542404383"
"BM10849","Customer Purpose","gen4","2026-09-24","16:26:45","9989671834"
"BM10849","Final Vault Closing","gen39","2026-09-24","17:44:58","9989671834"
"BM10849","Customer Purpose","gen39","2026-09-25","16:39:20","9542404383"
"BM10849","Customer Purpose","gen33","2026-09-25","17:38:19","9542404383"
"BM10849","Customer Purpose","gen21","2026-09-26","11:26:22","9989671834"
"BM10849","Packet Counting","gen4","2026-09-26","17:12:14","9989671834"
"BM10851","Customer Purpose","gen23","2026-09-26","13:39:16","9303693172"
"BM10851","Final Vault Closing","gen3","2026-09-26","17:53:02","9303693172"
"BM10853","Customer Purpose","gen14","2026-09-21","11:18:39","8469467751"
"BM10853","Customer Purpose","gen13","2026-09-21","14:09:51","8469467751"
"BM10853","Customer Purpose","gen14","2026-09-21","17:36:24","8469467751"
"BM10853","Customer Purpose","gen14","2026-09-21","18:13:30","8469467751"
"BM10853","Final Vault Closing","gen15","2026-09-21","18:57:13","8469467751"
"BM10853","Final Vault Closing","gen21","2026-09-23","18:20:19","8469467751"
"BM10853","Customer Purpose","gen7","2026-09-24","14:59:45","9624928405"
"BM10853","Final Vault Closing","gen","2026-09-24","18:54:24","8469467751"
"BM10853","Final Vault Closing","iifl6","2026-09-25","18:37:33","8469467751"
"BM10853","Packet Counting","gen35","2026-09-26","14:39:12","9624928405"
"BM10853","Final Vault Closing","gen23","2026-09-26","18:18:43","9624928405"
"BM10857","Customer Purpose","gen12","2026-09-21","10:38:34","9977603532"
"BM10857","Customer Purpose","gen4","2026-09-21","10:55:59","9977603532"
"BM10857","Customer Purpose","gen15","2026-09-21","11:10:06","7974344357"
"BM10857","Customer Purpose","gen25","2026-09-21","11:37:20","9977603532"
"BM10857","Customer Purpose","gen22","2026-09-21","12:11:35","9826737280"
"BM10857","Customer Purpose","gen33","2026-09-21","13:10:23","9977603532"
"BM10857","Customer Purpose","gen28","2026-09-21","14:29:32","9826737280"
"BM10857","Customer Purpose","gen26","2026-09-21","15:56:18","9826737280"
"BM10857","Final Vault Closing","gen22","2026-09-21","18:20:27","9826737280"
"BM10857","Customer Purpose","gen2","2026-09-22","10:43:35","9826737280"
"BM10857","Customer Purpose","gen13","2026-09-22","10:55:06","7974344357"
"BM10857","Customer Purpose","gen20","2026-09-22","11:24:33","9977603532"
"BM10857","Customer Purpose","gen2","2026-09-22","11:57:29","9826737280"
"BM10857","Customer Purpose","gen41","2026-09-22","13:25:01","9977603532"
"BM10857","Customer Purpose","gen39","2026-09-22","14:45:16","7974344357"
"BM10857","Customer Purpose","gen25","2026-09-22","15:50:00","7974344357"
"BM10857","Customer Purpose","gen22","2026-09-22","17:21:21","9826737280"
"BM10857","Customer Purpose","gen9","2026-09-22","17:35:45","9977603532"
"BM10857","Customer Purpose","gen18","2026-09-22","18:12:18","9977603532"
"BM10857","Final Vault Closing","gen31","2026-09-22","18:25:19","9826737280"
"BM10857","Customer Purpose","gen1","2026-09-23","11:23:10","9977603532"
"BM10857","Customer Purpose","gen25","2026-09-23","12:14:31","9977603532"
"BM10857","Customer Purpose","gen39","2026-09-23","12:55:26","9977603532"
"BM10857","Final Vault Closing","gen39","2026-09-23","14:07:48","MER PUPOSE"
"BM10857","Customer Purpose","gen38","2026-09-23","14:28:59","7974344357"
"BM10857","Customer Purpose","gen22","2026-09-23","14:59:19","9826737280"
"BM10857","Customer Purpose","gen36","2026-09-23","16:39:29","9977603532"
"BM10857","Final Vault Closing","iifl6","2026-09-23","18:38:26","9826737280"
"BM10857","Customer Purpose","gen11","2026-09-24","13:07:22","9826737280"
"BM10857","Customer Purpose","gen30","2026-09-24","13:36:46","9977603532"
"BM10857","Customer Purpose","gen10","2026-09-24","15:03:42","9977603532"
"BM10857","Customer Purpose","gen3","2026-09-24","15:57:26","9826737280"
"BM10857","Customer Purpose","gen34","2026-09-24","17:43:40","7974344357"
"BM10857","Final Vault Closing","gen21","2026-09-24","18:28:27","7974344357"
"BM10857","Customer Purpose","gen17","2026-09-25","10:36:25","9826737280"
"BM10857","Customer Purpose","gen4","2026-09-25","15:03:26","9977603532"
"BM10857","Customer Purpose","gen9","2026-09-25","16:02:34","9826737280"
"BM10857","Final Vault Closing","iifl6","2026-09-25","18:31:17","9977603532"
"BM10857","Customer Purpose","gen13","2026-09-26","10:58:03","9826737280"
"BM10857","Customer Purpose","gen37","2026-09-26","11:03:04","7974344357"
"BM10857","Customer Purpose","gen10","2026-09-26","12:08:10","7974344357"
"BM10857","Packet Counting","gen20","2026-09-26","13:54:42","9977603532"
"BM10857","Packet Counting","gen21","2026-09-26","14:41:57","7974344357"
"BM10857","Packet Counting","gen19","2026-09-26","15:46:44","9977603532"
"BM10857","Packet Counting","gen49","2026-09-26","16:22:50","9977603532"
"BM10857","Packet Counting","gen36","2026-09-26","16:33:30","7974344357"
"BM10857","Packet Counting","gen29","2026-09-26","17:21:49","7974344357"
"BM10857","Customer Purpose","gen29","2026-09-26","17:55:44","9977603532"
"BM10857","Final Vault Closing","gen29","2026-09-26","18:31:00","9826737280"
"BM10857","Customer Purpose","gen19","2026-09-27","10:36:26","9977603532"
"BM10857","Customer Purpose","gen22","2026-09-27","11:48:56","9826737280"
"BM10857","Customer Purpose","gen9","2026-09-27","12:41:51","9826737280"
"BM10857","Customer Purpose","gen38","2026-09-27","13:16:26","9826737280"
"BM10858","Customer Purpose","gen16","2026-09-21","13:34:01","9945087665"
"BM10858","Customer Purpose","gen2","2026-09-21","13:54:50","8861713355"
"BM10858","Customer Purpose","gen7","2026-09-21","16:04:51","9945087665"
"BM10858","Customer Purpose","gen14","2026-09-21","16:34:20","8861713355"
"BM10858","Customer Purpose","gen22","2026-09-21","17:08:29","8861713355"
"BM10858","Final Vault Closing","gen32","2026-09-21","17:47:16","9945087665"
"BM10858","Customer Purpose","gen50","2026-09-22","12:30:21","9945087665"
"BM10858","Customer Purpose","gen21","2026-09-22","17:19:27","@iifl.com>"
"BM10858","Final Vault Closing","gen34","2026-09-22","18:01:29","9945087665"
"BM10858","Customer Purpose","gen2","2026-09-23","10:35:47","9945087665"
"BM10858","Customer Purpose","gen19","2026-09-23","13:28:02","9945087665"
"BM10858","Customer Purpose","gen36","2026-09-23","17:37:09","8861713355"
"BM10858","Final Vault Closing","gen30","2026-09-23","18:03:13","9945087665"
"BM10858","Customer Purpose","gen36","2026-09-24","12:03:32","8976840403"
"BM10858","Final Vault Closing","gen5","2026-09-24","18:48:13","8792396682"
"BM10858","Customer Purpose","gen18","2026-09-25","10:51:42","9945087665"
"BM10858","Customer Purpose","gen29","2026-09-25","11:33:44","8792396682"
"BM10858","Customer Purpose","gen25","2026-09-25","15:56:46","9945087665"
"BM10858","Customer Purpose","gen25","2026-09-25","16:08:35","9945087665"
"BM10858","Final Vault Closing","gen2","2026-09-25","17:45:11","8792396682"
"BM10858","Customer Purpose","gen17","2026-09-26","10:16:08","9945087665"
"BM10858","Packet Counting","gen8","2026-09-26","12:42:46","8792396682"
"BM10858","Customer Purpose","gen7","2026-09-26","15:15:47","9945087665"
"BM10858","Final Vault Closing","gen19","2026-09-26","18:02:51","9945087665"
"BM10858","Customer Purpose","gen32","2026-09-27","11:22:50","8861713355"
"BM10858","Customer Purpose","gen32","2026-09-27","12:34:20","8861713355"
"BM10859","Customer Purpose","gen33","2026-09-21","11:20:55","9894752553"
"BM10859","Customer Purpose","gen39","2026-09-21","12:11:01","7639031430"
"BM10859","Customer Purpose","gen18","2026-09-21","12:44:58","8015346618"
"BM10859","Customer Purpose","gen26","2026-09-21","13:06:10","8015346618"
"BM10859","Customer Purpose","gen16","2026-09-21","14:10:30","7639031430"
"BM10859","Customer Purpose","gen23","2026-09-21","16:18:03","7639031430"
"BM10859","Customer Purpose","gen15","2026-09-21","16:52:00","7639031430"
"BM10859","Final Vault Closing","gen23","2026-09-21","18:12:51","7639031430"
"BM10859","Customer Purpose","gen24","2026-09-22","10:29:47","7639031430"
"BM10859","Customer Purpose","gen24","2026-09-22","11:32:08","9342488252"
"BM10859","Customer Purpose","gen25","2026-09-22","11:48:03","7639031430"
"BM10859","Customer Purpose","gen17","2026-09-22","13:15:07","7639031430"
"BM10859","Customer Purpose","gen39","2026-09-22","14:08:40","7639031430"
"BM10859","Customer Purpose","gen37","2026-09-22","14:16:37","7639031430"
"BM10859","Customer Purpose","gen2","2026-09-22","14:45:16","7639031430"
"BM10859","Customer Purpose","gen23","2026-09-22","16:00:18","7639031430"
"BM10859","Final Vault Closing","gen37","2026-09-22","17:07:56","7639031430"
"BM10859","Customer Purpose","gen6","2026-09-23","10:14:46","8015346618"
"BM10859","Customer Purpose","gen9","2026-09-23","10:34:40","8015346618"
"BM10859","Audit Purpose","gen16","2026-09-23","11:14:02","7639031430"
"BM10859","Audit Purpose","gen16","2026-09-23","12:13:53","7639031430"
"BM10859","Customer Purpose","gen10","2026-09-23","12:57:54","7639031430"
"BM10859","Audit Purpose","gen20","2026-09-23","14:18:12","9342488252"
"BM10859","Audit Purpose","gen16","2026-09-23","15:13:46","7639031430"
"BM10859","Audit Purpose","gen34","2026-09-23","16:48:12","7639031430"
"BM10859","Final Vault Closing","gen20","2026-09-23","17:55:28","7639031430"
"BM10859","Customer Purpose","gen34","2026-09-24","10:27:32","9342488252"
"BM10859","Customer Purpose","gen22","2026-09-24","11:36:48","7639031430"
"BM10859","Customer Purpose","gen2","2026-09-24","16:22:37","8015346618"
"BM10859","Final Vault Closing","iifl7","2026-09-24","17:51:32","8015346618"
"BM10859","Customer Purpose","gen29","2026-09-25","10:54:41","8015346618"
"BM10859","Customer Purpose","gen3","2026-09-25","12:03:03","7639031430"
"BM10859","Customer Purpose","gen25","2026-09-25","13:54:24","9342488252"
"BM10859","Customer Purpose","gen4","2026-09-25","16:16:02","9342488252"
"BM10859","Final Vault Closing","gen30","2026-09-25","18:01:41","7639031430"
"BM10859","Packet Counting","gen17","2026-09-26","13:22:54","7639031430"
"BM10859","Packet Counting","gen8","2026-09-26","14:06:24","7639031430"
"BM10859","Final Vault Closing","gen23","2026-09-26","17:15:34","7639031430"
"BM10861","Customer Purpose","gen39","2026-09-21","11:08:48","7416357163"
"BM10861","Customer Purpose","gen14","2026-09-21","12:20:50","9381289449"
"BM10861","Customer Purpose","gen15","2026-09-21","16:35:40","9381289449"
"BM10861","Final Vault Closing","iifl4","2026-09-21","19:48:41","8886828668"
"BM10861","Customer Purpose","gen27","2026-09-22","11:34:34","8886828668"
"BM10861","Final Vault Closing","gen12","2026-09-22","18:32:11","8886828668"
"BM10861","Customer Purpose","gen35","2026-09-23","15:35:48","9381289449"
"BM10861","Final Vault Closing","gen2","2026-09-23","17:42:53","9381289449"
"BM10861","Final Vault Closing","gen34","2026-09-24","17:38:47","8886828668"
"BM10861","Customer Purpose","gen5","2026-09-25","10:01:45","8886828668"
"BM10861","Final Vault Closing","gen19","2026-09-25","19:02:58","8886828668"
"BM10861","Packet Counting","gen37","2026-09-26","16:23:17","8886828668"
"BM10861","Customer Purpose","gen33","2026-09-26","17:36:35","8886828668"
"BM10862","Customer Purpose","gen25","2026-09-21","12:20:18",":44
IIFL6"
"BM10862","Customer Purpose","gen1","2026-09-23","14:19:02","8225893773"
"BM10862","Customer Purpose","gen29","2026-09-23","15:31:41","8225893773"
"BM10862","Customer Purpose","gen18","2026-09-23","17:59:47","8225893773"
"BM10862","Final Vault Closing","gen17","2026-09-23","18:30:33","8225893773"
"BM10862","Customer Purpose","gen29","2026-09-24","18:05:20","8225893773"
"BM10862","Final Vault Closing","gen29","2026-09-24","18:47:15","  18:25:32"
"BM10862","Customer Purpose","gen21","2026-09-25","12:00:24","  11:51:17"
"BM10862","Customer Purpose","gen10","2026-09-25","13:23:58","8225893773"
"BM10862","Customer Purpose","gen3","2026-09-25","15:57:54","7974766157"
"BM10862","Final Vault Closing","gen6","2026-09-25","18:33:26","8225893773"
"BM10862","Customer Purpose","iifl5","2026-09-26","15:26:31","8225893773"
"BM10862","Packet Counting","gen29","2026-09-26","16:02:03","  15:48:47"
"BM10862","Packet Counting","gen29","2026-09-26","16:42:53","8225893773"
"BM10862","Packet Counting","gen29","2026-09-26","17:29:03","e 17:08:51"
"BM10862","Final Vault Closing","gen29","2026-09-26","18:21:48","e 18:16:03"
"BM10862","Packet Counting","gen30","2026-09-27","11:45:57","8225893773"
"BM10863","Customer Purpose","gen41","2026-09-21","17:55:43","9347564859"
"BM10863","Final Vault Closing","gen30","2026-09-22","17:49:31","7013096097"
"BM10863","Customer Purpose","gen25","2026-09-23","10:30:23","7013096097"
"BM10863","Final Vault Closing","gen3","2026-09-23","17:49:04","7013096097"
"BM10863","Final Vault Closing","gen36","2026-09-24","17:46:25","9703573841"
"BM10863","Customer Purpose","gen32","2026-09-25","12:37:40","7013096097"
"BM10863","Final Vault Closing","gen4","2026-09-25","17:47:18","9703573841"
"BM10863","Customer Purpose","gen1","2026-09-26","11:25:11","7013096097"
"BM10863","Packet Counting","gen19","2026-09-26","15:06:24","7013096097"
"BM10863","Final Vault Closing","gen10","2026-09-26","17:55:46","7013096097"
"BM10864","Customer Purpose","gen27","2026-09-21","10:58:12","9993399036"
"BM10864","Audit Purpose","gen27","2026-09-21","10:58:51",""
"BM10864","Customer Purpose","gen24","2026-09-21","11:46:13","9993399036"
"BM10864","Customer Purpose","gen27","2026-09-21","13:34:29","9993399036"
"BM10864","Final Vault Closing","gen","2026-09-21","18:31:28","8962263844"
"BM10864","Customer Purpose","gen5","2026-09-22","11:24:06","8962263844"
"BM10864","Customer Purpose","gen27","2026-09-22","12:17:58","8962263844"
"BM10864","Customer Purpose","gen16","2026-09-22","14:03:13","7898346640"
"BM10864","Customer Purpose","gen10","2026-09-22","14:22:45","7898346640"
"BM10864","Customer Purpose","gen7","2026-09-22","15:33:33","7987942867"
"BM10864","Customer Purpose","gen23","2026-09-22","17:22:48","8962263844"
"BM10864","Customer Purpose","gen17","2026-09-22","17:49:56","7987942867"
"BM10864","Final Vault Closing","gen10","2026-09-22","18:13:02","7987942867"
"BM10864","Customer Purpose","gen1","2026-09-23","12:27:53","7987942867"
"BM10864","Customer Purpose","gen23","2026-09-23","13:31:18","8962263844"
"BM10864","Customer Purpose","gen9","2026-09-23","14:13:16","8962263844"
"BM10864","Customer Purpose","gen23","2026-09-23","14:32:29","8962263844"
"BM10864","Customer Purpose","gen31","2026-09-23","15:50:14","8962263844"
"BM10864","Customer Purpose","gen27","2026-09-23","15:58:44","7898346640"
"BM10864","Customer Purpose","gen6","2026-09-23","16:07:44","7987942867"
"BM10864","Customer Purpose","gen","2026-09-23","17:06:53","8962263844"
"BM10864","Customer Purpose","gen21","2026-09-23","17:28:00","7987942867"
"BM10864","Final Vault Closing","gen1","2026-09-23","18:19:58","7987942867"
"BM10864","Customer Purpose","gen24","2026-09-24","11:15:53","7898346640"
"BM10864","Customer Purpose","gen34","2026-09-24","11:56:22","7987942867"
"BM10864","Customer Purpose","gen16","2026-09-24","12:49:56","8962263844"
"BM10864","Customer Purpose","gen32","2026-09-24","13:19:32","7987942867"
"BM10864","Customer Purpose","gen6","2026-09-24","13:52:16","7987942867"
"BM10864","Customer Purpose","gen25","2026-09-24","14:27:58","7987942867"
"BM10864","Customer Purpose","gen36","2026-09-24","14:59:39","7987942867"
"BM10864","Customer Purpose","gen28","2026-09-24","16:13:17","7987942867"
"BM10864","Final Vault Closing","gen39","2026-09-24","18:51:18","7898346640"
"BM10864","Customer Purpose","gen6","2026-09-25","11:02:10","8962263844"
"BM10864","Customer Purpose","gen15","2026-09-25","13:12:49","7898346640"
"BM10864","Customer Purpose","gen26","2026-09-25","17:24:18","7987942867"
"BM10864","Final Vault Closing","gen7","2026-09-25","18:08:08","7987942867"
"BM10864","Packet Counting","gen17","2026-09-26","11:35:30","8962263844"
"BM10864","Packet Counting","gen18","2026-09-26","12:46:05","7987942867"
"BM10864","Customer Purpose","gen28","2026-09-26","13:38:24","7987942867"
"BM10864","Customer Purpose","gen1","2026-09-26","15:41:26","7898346640"
"BM10864","Final Vault Closing","gen34","2026-09-26","18:09:56","7987942867"
"BM10864","Customer Purpose","gen11","2026-09-27","13:09:41","8962263844"
"BM10864","Customer Purpose","gen36","2026-09-27","13:51:23","7987942867"
"BM10865","Customer Purpose","gen20","2026-09-21","10:44:19","7026412077"
"BM10865","Customer Purpose","gen","2026-09-21","15:46:38","8722292715"
"BM10865","Final Vault Closing","gen24","2026-09-21","18:16:32","8722292715"
"BM10865","Customer Purpose","gen","2026-09-22","12:13:57","8722292715"
"BM10865","Final Vault Closing","gen4","2026-09-22","18:13:45","8722292715"
"BM10865","Final Vault Closing","iifl4","2026-09-24","19:31:45","8722292715"
"BM10865","Customer Purpose","gen16","2026-09-25","12:39:37","8722292715"
"BM10865","Final Vault Closing","gen19","2026-09-25","18:21:11","7026412077"
"BM10865","Customer Purpose","gen25","2026-09-26","16:28:55","e 16:26:10"
"BM10865","Packet Counting","gen31","2026-09-26","17:18:52","8722292715"
"BM10865","Final Vault Closing","gen49","2026-09-26","18:14:46","8722292715"
"BM10865","Audit Purpose","gen23","2026-09-27","10:31:50","8722292715"
"BM10865","Audit Purpose","gen37","2026-09-27","13:44:32","7026412077"
"BM10866","Final Vault Closing","gen6","2026-09-23","18:00:01","8865883492"
"BM10866","Final Vault Closing","gen36","2026-09-24","17:37:53","9289693358"
"BM10866","Final Vault Closing","gen36","2026-09-25","17:30:24","8865883492"
"BM10866","Customer Purpose","gen11","2026-09-26","10:53:07","8865883492"
"BM10867","Customer Purpose","gen30","2026-09-21","10:44:59","7667542842"
"BM10867","Final Vault Closing","gen37","2026-09-21","17:40:41","7010900513"
"BM10867","Customer Purpose","gen14","2026-09-22","11:50:24","7667542842"
"BM10867","Customer Purpose","gen37","2026-09-22","12:24:32","7010900513"
"BM10867","Final Vault Closing","iifl2","2026-09-22","19:36:31","3

TIME:"
"BM10867","Final Vault Closing","gen5","2026-09-23","18:48:34","7010900513"
"BM10867","Customer Purpose","gen36","2026-09-24","10:10:46","7667542842"
"BM10867","Final Vault Closing","gen17","2026-09-24","18:55:22","7010900513"
"BM10867","Customer Purpose","gen11","2026-09-25","10:09:28","7010900513"
"BM10867","Packet Counting","gen","2026-09-25","18:37:03","7845788714"
"BM10867","Audit Purpose","gen11","2026-09-26","10:31:25","7667542842"
"BM10867","Audit Purpose","gen3","2026-09-26","11:25:21","7667542842"
"BM10867","Audit Purpose","gen26","2026-09-26","12:49:19","7010900513"
"BM10867","Audit Purpose","gen24","2026-09-26","14:31:00","7845788714"
"BM10867","Final Vault Closing","gen9","2026-09-26","17:45:44","7667542842"
"BM10868","Customer Purpose","gen","2026-09-21","10:32:04","7434914715"
"BM10868","Customer Purpose","gen3","2026-09-21","11:58:58","7434914715"
"BM10868","Customer Purpose","gen43","2026-09-21","13:12:30","7434914715"
"BM10868","Customer Purpose","gen12","2026-09-21","13:58:39","7434914715"
"BM10868","Customer Purpose","gen19","2026-09-21","14:45:34","7434914715"
"BM10868","Final Vault Closing","gen21","2026-09-21","17:54:48","7434914715"
"BM10868","Final Vault Closing","iifl7","2026-09-22","19:11:05","7434914715"
"BM10868","Customer Purpose","gen24","2026-09-23","12:04:30","9898224592"
"BM10868","Final Vault Closing","gen37","2026-09-23","18:59:33","9898224592"
"BM10868","Customer Purpose","iifl7","2026-09-24","19:04:32","9898224592"
"BM10868","Final Vault Closing","iifl1","2026-09-24","20:21:52","9898224592"
"BM10868","Customer Purpose","gen38","2026-09-25","10:41:48","7434914715"
"BM10868","Customer Purpose","gen36","2026-09-25","13:41:47","7434914715"
"BM10868","Customer Purpose","gen32","2026-09-25","14:38:57","9898224592"
"BM10868","Final Vault Closing","gen2","2026-09-25","18:29:53","9898224592"
"BM10868","Packet Counting","gen26","2026-09-26","12:23:56","9898224592"
"BM10868","Customer Purpose","gen6","2026-09-26","16:07:41","9898224592"
"BM10868","Final Vault Closing","gen31","2026-09-26","18:46:01","9898224592"
"BM10870","Customer Purpose","gen20","2026-09-21","17:03:04","9351783910"
"BM10870","Customer Purpose","gen26","2026-09-22","10:46:00","9351783910"
"BM10870","Final Vault Closing","gen17","2026-09-22","18:45:10","9664411213"
"BM10870","Final Vault Closing","gen34","2026-09-23","18:18:24","9351783910"
"BM10870","Final Vault Closing","gen2","2026-09-24","17:58:05","9351783910"
"BM10870","Final Vault Closing","gen6","2026-09-25","17:43:00","9351783910"
"BM10870","Packet Counting","gen49","2026-09-26","16:36:10","9672861600"
"BM10870","Final Vault Closing","gen12","2026-09-26","18:12:47","9126583879"
"BM10871","Customer Purpose","gen26","2026-09-21","11:44:23","7981825242"
"BM10871","Final Vault Closing","gen37","2026-09-21","18:04:01","8790332760"
"BM10871","Customer Purpose","gen33","2026-09-22","11:14:57","8790332760"
"BM10871","Final Vault Closing","gen9","2026-09-22","17:52:24","7981825242"
"BM10871","Customer Purpose","gen37","2026-09-23","12:52:28","7981825242"
"BM10871","Final Vault Closing","gen32","2026-09-23","17:51:05","7981825242"
"BM10871","Customer Purpose","gen10","2026-09-25","17:26:25","8790332760"
"BM10871","Packet Counting","gen6","2026-09-26","16:44:36","8790332760"
"BM10872","Customer Purpose","gen9","2026-09-21","12:27:52","7697414938"
"BM10872","Customer Purpose","gen4","2026-09-21","13:26:45","7697414938"
"BM10872","Customer Purpose","gen50","2026-09-21","17:13:20","7697414938"
"BM10872","Final Vault Closing","gen11","2026-09-21","18:23:03","7697414938"
"BM10872","Customer Purpose","gen25","2026-09-22","16:08:59","8871540294"
"BM10872","Final Vault Closing","gen27","2026-09-22","18:15:48","9826517348"
"BM10872","Customer Purpose","gen","2026-09-23","15:47:42","8871540294"
"BM10872","Final Vault Closing","gen14","2026-09-23","18:23:24","7697414938"
"BM10872","Final Vault Closing","iifl7","2026-09-23","19:37:17","8871540294"
"BM10872","Customer Purpose","gen35","2026-09-24","11:45:20","8871540294"
"BM10872","Customer Purpose","gen39","2026-09-24","13:54:07","7697414938"
"BM10872","Final Vault Closing","gen29","2026-09-24","18:18:27","8871540294"
"BM10872","Customer Purpose","gen7","2026-09-25","16:27:58","7697414938"
"BM10872","Final Vault Closing","gen33","2026-09-25","18:12:22","7697414938"
"BM10872","Packet Counting","gen37","2026-09-26","11:43:57","8871540294"
"BM10872","Packet Counting","gen14","2026-09-26","15:53:22","7697414938"
"BM10872","Final Vault Closing","gen24","2026-09-26","18:27:09","8871540294"
"BM10872","Audit Purpose","gen22","2026-09-27","11:44:09","9826517348"
"BM10872","Audit Purpose","gen10","2026-09-27","12:30:03","9826517348"
"BM10872","Audit Purpose","gen12","2026-09-27","13:52:45","9826517348"
"BM10873","Final Vault Closing","gen30","2026-09-21","17:46:52","9505117700"
"BM10873","Final Vault Closing","gen1","2026-09-22","17:41:16","9490024942"
"BM10873","Customer Purpose","gen37","2026-09-23","16:25:26","9505117700"
"BM10873","Final Vault Closing","iifl4","2026-09-24","18:01:03","9490024942"
"BM10873","Customer Purpose","gen14","2026-09-25","13:59:02","9490024942"
"BM10873","Final Vault Closing","gen4","2026-09-25","17:35:58","9505117700"
"BM10873","Customer Purpose","gen19","2026-09-26","13:21:08","9490024942"
"BM10873","Packet Counting","gen19","2026-09-26","17:17:51","9505117700"
"BM10874","Customer Purpose","gen30","2026-09-21","15:53:32","7893036021"
"BM10874","Final Vault Closing","gen34","2026-09-21","17:56:47","7893036021"
"BM10874","Final Vault Closing","gen16","2026-09-22","17:49:50","7893036021"
"BM10874","Final Vault Closing","gen17","2026-09-23","17:56:44","7893036021"
"BM10874","Final Vault Closing","gen29","2026-09-24","17:57:57","7893036021"
"BM10874","Customer Purpose","gen29","2026-09-25","17:35:08","7893036021"
"BM10874","Final Vault Closing","gen29","2026-09-25","17:46:58","7893036021"
"BM10874","Packet Counting","gen11","2026-09-26","16:07:31","7893036021"
"BM10874","Customer Purpose","gen14","2026-09-27","12:42:18","7893036021"
"BM10884","Final Vault Closing","gen43","2026-09-21","17:26:20","8777410774"
"BM10884","Final Vault Closing","gen9","2026-09-22","16:48:24","8436398827"
"BM10884","Customer Purpose","gen8","2026-09-23","12:01:04","8436398827"
"BM10884","Final Vault Closing","gen33","2026-09-23","17:13:19","7863915356"
"BM10884","Final Vault Closing","gen25","2026-09-24","17:22:31","7863915356"
"BM10884","Final Vault Closing","gen12","2026-09-25","17:53:09","7863915356"
"BM10884","Customer Purpose","gen24","2026-09-26","10:39:16","8777410774"
"BM10884","Packet Counting","gen9","2026-09-26","15:44:05","8436398827"
"BM10884","Final Vault Closing","gen22","2026-09-26","17:25:23","8436398827"
"BM10885","Customer Purpose","gen22","2026-09-21","13:50:38","8794736822"
"BM10885","Final Vault Closing","gen3","2026-09-21","17:32:09","8794736822"
"BM10885","Customer Purpose","gen12","2026-09-22","11:43:02","9913485151"
"BM10885","Customer Purpose","gen50","2026-09-22","12:41:41","8794736822"
"BM10885","Final Vault Closing","gen22","2026-09-22","18:25:26","8794736822"
"BM10885","Customer Purpose","gen19","2026-09-23","17:33:00","9913485151"
"BM10885","Customer Purpose","gen38","2026-09-24","13:40:27","9913485151"
"BM10885","Final Vault Closing","gen21","2026-09-24","17:52:28","8794736822"
"BM10885","Audit Purpose","gen30","2026-09-25","11:33:58","9913485151"
"BM10885","Final Vault Closing","gen31","2026-09-25","17:39:46","9913485151"
"BM10885","Final Vault Closing","gen11","2026-09-26","18:14:07","9913485151"
"BM10886","Customer Purpose","gen35","2026-09-21","11:59:40","9800493082"
"BM10886","Final Vault Closing","gen4","2026-09-21","17:46:14","9800493082"
"BM10886","Final Vault Closing","gen1","2026-09-22","17:55:58","9800493082"
"BM10886","Customer Purpose","gen34","2026-09-23","10:21:38","9800493082"
"BM10886","Final Vault Closing","gen10","2026-09-23","17:58:45","9800493082"
"BM10886","Final Vault Closing","gen5","2026-09-24","17:28:06","9800493082"
"BM10886","Final Vault Closing","gen15","2026-09-25","17:48:32","9547130502"
"BM10886","Customer Purpose","gen36","2026-09-26","10:48:59","9800493082"
"BM10886","Customer Purpose","gen37","2026-09-26","13:06:13","9800493082"
"BM10886","Packet Counting","gen18","2026-09-26","15:18:43","9547130502"
"BM10886","Final Vault Closing","gen21","2026-09-26","17:47:58","9547130502"
"BM10886","Audit Purpose","gen30","2026-09-27","10:30:51","9800493082"
"BM10886","Audit Purpose","gen31","2026-09-27","11:34:44","9800493082"
"BM10886","Audit Purpose","gen10","2026-09-27","12:53:03","9800493082"
"BM10888","Final Vault Closing","gen27","2026-09-21","17:50:27","8421171918"
"BM10888","Final Vault Closing","gen50","2026-09-22","17:38:34","8421171918"
"BM10888","Final Vault Closing","gen39","2026-09-23","17:45:31","8421171918"
"BM10888","Final Vault Closing","gen15","2026-09-24","18:01:51","9527536004"
"BM10888","Customer Purpose","gen33","2026-09-25","15:19:48","9527536004"
"BM10888","Packet Counting","gen38","2026-09-26","16:52:48","9527536004"
"BM10889","Customer Purpose","gen27","2026-09-21","11:23:43","9617278330"
"BM10889","Final Vault Closing","gen11","2026-09-21","18:32:38","9827952827"
"BM10889","Final Vault Closing","gen33","2026-09-22","18:47:42","6266377409"
"BM10889","Final Vault Closing","gen14","2026-09-23","18:29:15","9617278330"
"BM10889","Final Vault Closing","gen39","2026-09-24","18:21:30","9827952827"
"BM10889","Final Vault Closing","gen10","2026-09-25","18:55:07","9827952827"
"BM10889","Packet Counting","gen38","2026-09-26","16:15:35","9617278330"
"BM10889","Final Vault Closing","gen36","2026-09-26","18:22:20","9827952827"
"BM10893","Customer Purpose","gen30","2026-09-21","13:16:02","7979812675"
"BM10893","Final Vault Closing","gen27","2026-09-21","18:18:40","7979812675"
"BM10893","Final Vault Closing","iifl4","2026-09-22","19:38:02","7979812675"
"BM10893","Final Vault Closing","iifl3","2026-09-23","19:46:21","7979812675"
"BM10893","Final Vault Closing","gen31","2026-09-24","18:31:56","7979812675"
"BM10893","Final Vault Closing","gen12","2026-09-25","18:28:38","7979812675"
"BM10893","Packet Counting","gen26","2026-09-26","17:28:48","7979812675"
"BM10894","Customer Purpose","gen17","2026-09-21","11:06:53","9871790719"
"BM10894","Customer Purpose","gen23","2026-09-21","16:44:10","8700641016"
"BM10894","Final Vault Closing","gen11","2026-09-21","18:26:15","9871790719"
"BM10894","Customer Purpose","gen30","2026-09-22","13:22:10","8433489917"
"BM10894","Customer Purpose","gen25","2026-09-22","15:34:24","9871790719"
"BM10894","Final Vault Closing","gen24","2026-09-22","18:20:25","8700641016"
"BM10894","Customer Purpose","gen30","2026-09-23","16:26:36","8700641016"
"BM10894","Final Vault Closing","gen39","2026-09-23","18:11:41","8700641016"
"BM10894","Customer Purpose","gen14","2026-09-24","12:59:11","9871790719"
"BM10894","Customer Purpose","gen4","2026-09-24","13:08:23","9871790719"
"BM10894","Final Vault Closing","gen28","2026-09-24","17:50:16","9871790719"
"BM10894","Customer Purpose","gen3","2026-09-25","12:59:33","9871790719"
"BM10894","Final Vault Closing","gen3","2026-09-25","17:48:17","9871790719"
"BM10894","Customer Purpose","gen19","2026-09-26","15:00:01","9871790719"
"BM10894","Packet Counting","gen6","2026-09-26","15:17:04","8433489917"
"BM10895","Final Vault Closing","gen16","2026-09-21","18:45:26","9360003830"
"BM10895","Final Vault Closing","gen23","2026-09-22","18:00:38","8940832564"
"BM10895","Audit Purpose","gen36","2026-09-23","10:32:06","9360003830"
"BM10895","Audit Purpose","gen11","2026-09-23","11:54:24","9360003830"
"BM10895","Audit Purpose","gen33","2026-09-23","13:11:56","9360003830"
"BM10895","Audit Purpose","gen20","2026-09-23","13:46:21","8940832564"
"BM10895","Audit Purpose","gen","2026-09-23","14:51:40","8940832564"
"BM10895","Audit Purpose","gen27","2026-09-23","16:35:38","8940832564"
"BM10895","Final Vault Closing","gen1","2026-09-23","18:26:10","9360003830"
"BM10895","Customer Purpose","gen6","2026-09-24","10:23:06","9360003830"
"BM10895","Final Vault Closing","iifl1","2026-09-24","20:06:38","8940832564"
"BM10895","Customer Purpose","gen7","2026-09-25","10:58:30","9360003830"
"BM10895","Final Vault Closing","gen23","2026-09-25","18:56:40","9360003830"
"BM10895","Packet Counting","gen34","2026-09-26","17:10:50","9360003830"
"BM10896","Final Vault Closing","gen18","2026-09-21","18:11:38","9952136231"
"BM10896","Customer Purpose","gen19","2026-09-22","11:13:07","9600676459"
"BM10896","Customer Purpose","gen30","2026-09-22","17:08:10","8946010805"
"BM10896","Final Vault Closing","gen2","2026-09-22","18:40:45","9600676459"
"BM10896","Final Vault Closing","gen29","2026-09-23","17:55:03","9952136231"
"BM10896","Customer Purpose","gen6","2026-09-24","11:43:04","8946010805"
"BM10896","Final Vault Closing","iifl7","2026-09-24","20:12:11","ical issue"
"BM10896","Final Vault Closing","gen25","2026-09-25","17:42:01","9952136231"
"BM10900","Final Vault Closing","gen27","2026-09-21","17:52:38","9365162804"
"BM10900","Final Vault Closing","gen27","2026-09-22","18:05:24","6003694856"
"BM10900","Customer Purpose","gen15","2026-09-23","16:17:01","6003694856"
"BM10900","Customer Purpose","gen30","2026-09-23","16:47:13","8486746338"
"BM10900","Final Vault Closing","gen37","2026-09-23","18:07:47","6003694856"
"BM10900","Final Vault Closing","gen36","2026-09-24","17:26:16","9365162804"
"BM10900","Final Vault Closing","gen2","2026-09-25","17:33:31","9365162804"
"BM10900","Packet Counting","gen30","2026-09-26","15:58:43","6003694856"
"BM10900","Packet Counting","gen15","2026-09-26","16:40:54","6003694856"
"BM10903","Customer Purpose","gen17","2026-09-21","15:14:02","9965940747"
"BM10903","Final Vault Closing","gen50","2026-09-21","17:45:04","7639099877"
"BM10903","Customer Purpose","gen35","2026-09-22","13:33:50","9965940747"
"BM10903","Final Vault Closing","gen5","2026-09-22","18:54:27","7639099877"
"BM10903","Customer Purpose","gen37","2026-09-23","13:56:17","9965940747"
"BM10903","Customer Purpose","gen21","2026-09-24","11:01:59","  10:56:42"
"BM10903","Customer Purpose","gen","2026-09-24","14:04:36","9965940747"
"BM10903","Final Vault Closing","iifl7","2026-09-24","19:06:33","9965940747"
"BM10903","Customer Purpose","gen17","2026-09-25","17:26:30","9965940747"
"BM10903","Final Vault Closing","gen24","2026-09-25","18:21:46","9965940747"
"BM10903","Final Vault Closing","gen10","2026-09-26","17:53:52","9965940747"
"BM10903","Audit Purpose","gen6","2026-09-27","10:42:46","9965940747"
"BM10914","Final Vault Closing","gen11","2026-09-21","18:46:30","8870290403"
"BM10914","Customer Purpose","gen11","2026-09-22","13:23:10","8883107910"
"BM10914","Customer Purpose","gen13","2026-09-22","16:00:40","8883107910"
"BM10914","Final Vault Closing","gen2","2026-09-22","18:35:06","TODIAN   2"
"BM10914","Customer Purpose","gen17","2026-09-23","11:06:23","8883107910"
"BM10914","Final Vault Closing","gen31","2026-09-23","18:14:48","8883107910"
"BM10914","Customer Purpose","gen20","2026-09-24","12:13:13","8883107910"
"BM10914","Customer Purpose","gen8","2026-09-24","15:03:03","7904378586"
"BM10914","Customer Purpose","gen21","2026-09-24","17:49:02","7904378586"
"BM10914","Customer Purpose","gen10","2026-09-25","17:30:14","8883107910"
"BM10914","Final Vault Closing","gen4","2026-09-25","18:18:01","8883107910"
"BM10914","Customer Purpose","gen18","2026-09-26","10:53:16","8883107910"
"BM10914","Final Vault Closing","gen32","2026-09-26","18:27:55","8883107910"
"BM10915","Final Vault Closing","gen12","2026-09-21","17:35:51","9064616185"
"BM10915","Customer Purpose","gen30","2026-09-22","15:41:16","8101746640"
"BM10915","Final Vault Closing","gen1","2026-09-22","17:53:09","8101746640"
"BM10915","Final Vault Closing","gen20","2026-09-23","18:11:31","8101746640"
"BM10915","Final Vault Closing","gen15","2026-09-24","18:11:39","8584858841"
"BM10915","Final Vault Closing","gen6","2026-09-25","17:57:42","8101746640"
"BM10915","Packet Counting","gen10","2026-09-26","14:58:31","8101746640"
"BM10915","Final Vault Closing","gen22","2026-09-26","17:38:05","8584858841"
"BM10915","Customer Purpose","iifl7","2026-09-27","10:18:24","8101746640"
"BM10915","Audit Purpose","gen40","2026-09-27","10:52:55","8101746640"
"BM10915","Audit Purpose","gen22","2026-09-27","12:02:04","8101746640"
"BM10917","Final Vault Closing","gen9","2026-09-21","17:56:45","8374484450"
"BM10917","Customer Purpose","gen25","2026-09-22","16:21:23","8374484450"
"BM10917","Final Vault Closing","gen31","2026-09-22","18:00:39","8374484450"
"BM10917","Final Vault Closing","gen29","2026-09-23","18:22:16","ppa Naguru"
"BM10917","Final Vault Closing","gen23","2026-09-24","17:56:40","7013742505"
"BM10917","Customer Purpose","gen30","2026-09-25","14:41:11","8374484450"
"BM10917","Final Vault Closing","gen33","2026-09-25","17:52:18","7013742505"
"BM10917","Packet Counting","gen17","2026-09-26","14:31:56","8374484450"
"BM10918","Customer Purpose","gen32","2026-09-21","10:51:36","9136952737"
"BM10918","Customer Purpose","gen34","2026-09-21","11:11:49","9136952737"
"BM10918","Customer Purpose","gen41","2026-09-21","13:00:39","9136952737"
"BM10918","Final Vault Closing","gen20","2026-09-21","18:27:01","9136952737"
"BM10918","Customer Purpose","gen16","2026-09-22","12:41:32","7506610449"
"BM10918","Customer Purpose","gen4","2026-09-22","13:19:59","7506610449"
"BM10918","Customer Purpose","gen14","2026-09-22","14:30:32","9136952737"
"BM10918","Customer Purpose","gen","2026-09-22","14:42:22","7738495429"
"BM10918","Customer Purpose","gen24","2026-09-22","15:43:13","7506610449"
"BM10918","Customer Purpose","gen31","2026-09-22","17:38:07","9136952737"
"BM10918","Final Vault Closing","gen6","2026-09-22","18:42:23","9136952737"
"BM10918","Customer Purpose","gen17","2026-09-23","11:01:08","7506610449"
"BM10918","Customer Purpose","gen11","2026-09-23","11:33:45","7506610449"
"BM10918","Customer Purpose","gen11","2026-09-23","12:48:19","7506610449"
"BM10918","Customer Purpose","gen28","2026-09-23","16:02:23","9136952737"
"BM10918","Customer Purpose","gen32","2026-09-23","16:26:20","7738495429"
"BM10918","Customer Purpose","gen3","2026-09-23","17:25:22","9136952737"
"BM10918","Customer Purpose","gen35","2026-09-24","10:11:44","9136952737"
"BM10918","Customer Purpose","gen23","2026-09-24","11:08:31","7738495429"
"BM10918","Audit Purpose","gen12","2026-09-24","11:14:58","7738495429"
"BM10918","Audit Purpose","gen11","2026-09-24","12:19:43","9136952737"
"BM10918","Audit Purpose","gen4","2026-09-24","14:22:42","9136952737"
"BM10918","Audit Purpose","gen21","2026-09-24","15:13:14","7738495429"
"BM10918","Audit Purpose","gen19","2026-09-24","18:25:55","9136952737"
"BM10918","Customer Purpose","gen34","2026-09-25","10:10:37","9136952737"
"BM10918","Audit Purpose","gen24","2026-09-25","11:18:01","7738495429"
"BM10918","Audit Purpose","gen20","2026-09-25","13:14:38","7506610449"
"BM10918","Audit Purpose","gen14","2026-09-25","14:29:51","7738495429"
"BM10918","Audit Purpose","gen20","2026-09-25","17:30:59","7738495429"
"BM10918","Audit Purpose","gen21","2026-09-25","17:42:59","7738495429"
"BM10918","Audit Purpose","gen5","2026-09-26","10:31:57","9136952737"
"BM10918","Audit Purpose","gen29","2026-09-26","13:56:13","7738495429"
"BM10918","Audit Purpose","gen32","2026-09-26","15:09:25","7738495429"
"BM10918","Audit Purpose","gen24","2026-09-26","17:07:21","7738495429"
"BM10918","Customer Purpose","gen29","2026-09-26","17:18:08","7506610449"
"BM10918","Audit Purpose","gen10","2026-09-26","17:44:00","9136952737"
"BM10918","Customer Purpose","gen17","2026-09-27","13:42:57","9136952737"
"BM10920","Customer Purpose","gen17","2026-09-21","10:30:29","8825542990"
"BM10920","Final Vault Closing","gen6","2026-09-21","17:55:48","8825542990"
"BM10920","Customer Purpose","gen40","2026-09-22","10:16:46","8825542990"
"BM10920","Customer Purpose","gen39","2026-09-22","17:29:39","8825542990"
"BM10920","Customer Purpose","gen32","2026-09-23","15:43:10","8825542990"
"BM10920","Customer Purpose","gen7","2026-09-24","10:34:01","8825542990"
"BM10920","Final Vault Closing","gen15","2026-09-24","18:38:00","9884298716"
"BM10920","Audit Purpose","gen3","2026-09-25","10:50:11","9884298716"
"BM10920","Audit Purpose","gen8","2026-09-25","11:00:35","8825542990"
"BM10920","Audit Purpose","gen35","2026-09-25","13:00:15","8825542990"
"BM10920","Audit Purpose","gen17","2026-09-25","14:23:06","8825542990"
"BM10920","Audit Purpose","gen35","2026-09-25","15:29:03","8825542990"
"BM10920","Audit Purpose","gen17","2026-09-25","16:42:07","8825542990"
"BM10920","Audit Purpose","gen35","2026-09-25","17:30:29","8825542990"
"BM10920","Final Vault Closing","gen38","2026-09-25","18:28:16","8825542990"
"BM10920","Audit Purpose","gen30","2026-09-26","10:13:09","9884298716"
"BM10920","Customer Purpose","gen6","2026-09-26","10:39:42","8825542990"
"BM10920","Audit Purpose","gen21","2026-09-26","11:58:46","9884298716"
"BM10920","Audit Purpose","gen3","2026-09-26","14:16:01","8825542990"
"BM10920","Audit Purpose","gen1","2026-09-26","15:22:42","8825542990"
"BM10920","Final Vault Closing","gen5","2026-09-26","18:24:28","8825542990"
"BM10924","Final Vault Closing","gen34","2026-09-21","18:29:19","7860382201"
"BM10924","Customer Purpose","gen22","2026-09-22","14:00:33","7860382201"
"BM10924","Final Vault Closing","gen21","2026-09-22","18:03:07","9140997624"
"BM10924","Final Vault Closing","gen25","2026-09-23","18:51:27","7860382201"
"BM10924","Final Vault Closing","gen25","2026-09-24","18:48:12","7860382201"
"BM10924","Customer Purpose","gen21","2026-09-25","13:10:04","9140997624"
"BM10924","Final Vault Closing","gen14","2026-09-25","18:18:22","7860382201"
"BM10924","Packet Counting","gen31","2026-09-26","16:21:31","7860382201"
"BM10924","Customer Purpose","gen34","2026-09-26","17:03:46","7860382201"
"BM10924","Customer Purpose","gen34","2026-09-27","13:53:11","7860382201"
"BM10925","Final Vault Closing","gen29","2026-09-21","18:05:13","9616442375"
"BM10925","Final Vault Closing","gen30","2026-09-22","17:58:18","9616442375"
"BM10925","Final Vault Closing","gen2","2026-09-23","18:02:20","7087235059"
"BM10925","Final Vault Closing","gen29","2026-09-24","18:32:24","7087235059"
"BM10925","Final Vault Closing","gen11","2026-09-25","18:16:32","9616442375"
"BM10925","Final Vault Closing","gen36","2026-09-26","18:08:01","9616442375"
"BM10930","Customer Purpose","gen39","2026-09-21","11:28:15","9939986395"
"BM10930","Final Vault Closing","gen29","2026-09-21","18:48:07","9065283424"
"BM10930","Final Vault Closing","iifl6","2026-09-22","18:17:36","9065283424"
"BM10930","Customer Purpose","gen38","2026-09-23","16:11:10","9939986395"
"BM10930","Final Vault Closing","gen7","2026-09-23","18:28:19","9939986395"
"BM10930","Customer Purpose","gen8","2026-09-24","17:46:44","9798210915"
"BM10930","Final Vault Closing","gen15","2026-09-24","18:34:17","9798210915"
"BM10930","Final Vault Closing","gen14","2026-09-25","18:41:06","9065283424"
"BM10930","Packet Counting","gen11","2026-09-26","16:31:25","9939986395"
"BM10930","Customer Purpose","gen15","2026-09-26","16:54:24","9065283424"
"BM10930","Packet Counting","gen33","2026-09-26","17:32:32","9065283424"
"BM10930","Final Vault Closing","gen24","2026-09-26","18:22:57","9939986395"
"BM10931","Customer Purpose","gen15","2026-09-21","10:58:48","9157568633"
"BM10931","Customer Purpose","gen26","2026-09-21","13:59:33","9157568633"
"BM10931","Audit Purpose","gen11","2026-09-23","12:07:44","9157568633"
"BM10931","Audit Purpose","gen10","2026-09-23","13:11:03","9157568633"
"BM10931","Final Vault Closing","gen7","2026-09-24","17:58:44","9157568633"
"BM10931","Customer Purpose","gen29","2026-09-25","17:24:03","9157568633"
"BM10931","Customer Purpose","gen18","2026-09-26","11:42:38","9157568633"
"BM10931","Customer Purpose","gen3","2026-09-26","15:08:36","9157568633"
"BM10934","Audit Purpose","gen4","2026-09-21","12:31:52","8554037538"
"BM10934","Audit Purpose","gen35","2026-09-21","12:49:08","9359872226"
"BM10934","Audit Purpose","gen16","2026-09-21","13:12:21","9359872226"
"BM10934","Audit Purpose","gen28","2026-09-21","14:38:29","9359872226"
"BM10934","Audit Purpose","gen7","2026-09-21","15:32:58","9359872226"
"BM10934","Audit Purpose","gen","2026-09-21","17:03:57","9359872226"
"BM10934","Audit Purpose","gen15","2026-09-21","17:24:23","9359872226"
"BM10934","Customer Purpose","gen13","2026-09-22","11:53:15","9359872226"
"BM10934","Customer Purpose","gen35","2026-09-22","17:49:23","8554037538"
"BM10934","Final Vault Closing","gen36","2026-09-23","17:32:25","9359872226"
"BM10934","Customer Purpose","gen24","2026-09-24","10:06:09","9359872226"
"BM10934","Customer Purpose","gen15","2026-09-24","13:43:50","9359872226"
"BM10934","Customer Purpose","gen31","2026-09-24","17:04:58","9359872226"
"BM10934","Final Vault Closing","gen10","2026-09-24","18:41:10","9359872226"
"BM10934","Customer Purpose","gen6","2026-09-25","10:34:09","9359872226"
"BM10934","Customer Purpose","gen14","2026-09-25","12:23:15","9359872226"
"BM10934","Customer Purpose","gen2","2026-09-25","15:02:28","9359872226"
"BM10934","Final Vault Closing","gen38","2026-09-25","18:37:19","9359872226"
"BM10934","Customer Purpose","gen1","2026-09-26","10:41:38","8530686174"
"BM10934","Packet Counting","gen37","2026-09-26","18:13:59","8530686174"
"BM10938","Customer Purpose","gen39","2026-09-21","10:13:02","9663321431"
"BM10938","Customer Purpose","gen22","2026-09-21","17:10:39","9663321431"
"BM10938","Customer Purpose","gen26","2026-09-22","10:56:32","9663321431"
"BM10938","Final Vault Closing","gen25","2026-09-22","18:04:44","9663321431"
"BM10938","Final Vault Closing","gen9","2026-09-23","18:05:13","9663321431"
"BM10938","Customer Purpose","gen12","2026-09-24","11:07:54","9663321431"
"BM10938","Customer Purpose","gen15","2026-09-24","15:24:22","9663321431"
"BM10938","Final Vault Closing","gen9","2026-09-24","18:42:12","9663321431"
"BM10938","Customer Purpose","gen32","2026-09-25","11:19:25","9663321431"
"BM10938","Final Vault Closing","gen8","2026-09-25","18:04:40","9663321431"
"BM10938","Packet Counting","gen21","2026-09-26","17:14:12","9663321431"
"BM10938","Customer Purpose","gen6","2026-09-27","10:57:29","9663321431"
"BM10939","Final Vault Closing","gen12","2026-09-21","18:26:10","8108243974"
"BM10939","Customer Purpose","gen27","2026-09-22","13:21:21","8454000783"
"BM10939","Final Vault Closing","gen10","2026-09-22","18:25:35","8454000783"
"BM10939","Customer Purpose","gen29","2026-09-23","10:41:13","9594843684"
"BM10939","Customer Purpose","gen22","2026-09-23","17:49:21","8454000783"
"BM10939","Customer Purpose","gen38","2026-09-24","17:43:17","8454000783"
"BM10939","Customer Purpose","gen4","2026-09-25","10:37:11","8108243974"
"BM10939","Final Vault Closing","gen6","2026-09-25","18:24:32","8454000783"
"BM10939","Packet Counting","gen20","2026-09-26","14:59:33","8108243974"
"BM10939","Customer Purpose","gen33","2026-09-27","12:08:45","8454000783"
"BM10941","Customer Purpose","gen6","2026-09-21","11:02:03","9444279052"
"BM10941","Final Vault Closing","gen43","2026-09-21","18:16:25","8778972016"
"BM10941","Customer Purpose","gen22","2026-09-22","10:27:16","9444279052"
"BM10941","Customer Purpose","gen39","2026-09-22","11:28:35","8778972016"
"BM10941","Customer Purpose","gen14","2026-09-22","18:45:01","9444279052"
"BM10941","Final Vault Closing","gen2","2026-09-22","18:51:00","9444279052"
"BM10941","Customer Purpose","gen31","2026-09-23","11:39:05","8778972016"
"BM10941","Customer Purpose","gen34","2026-09-23","14:28:05","8778972016"
"BM10941","Customer Purpose","gen38","2026-09-23","16:00:43","9444279052"
"BM10941","Customer Purpose","gen36","2026-09-23","16:33:31","8778972016"
"BM10941","Customer Purpose","gen33","2026-09-23","17:36:45","9444279052"
"BM10941","Final Vault Closing","gen39","2026-09-23","18:03:36","9444279052"
"BM10941","Audit Purpose","gen11","2026-09-24","10:26:57","9444279052"
"BM10941","Audit Purpose","gen36","2026-09-24","14:22:36","9444279052"
"BM10941","Final Vault Closing","gen12","2026-09-24","18:21:16","9444279052"
"BM10941","Customer Purpose","gen34","2026-09-25","11:19:27","9444279052"
"BM10941","Packet Counting","gen33","2026-09-25","16:39:13","9444279052"
"BM10941","Final Vault Closing","gen7","2026-09-25","17:52:31","9444279052"
"BM10941","Final Vault Closing","gen33","2026-09-26","18:46:17","8778972016"
"BM10946","Final Vault Closing","gen34","2026-09-21","17:45:32","9742137043"
"BM10946","Final Vault Closing","gen8","2026-09-22","17:48:34","9742137043"
"BM10946","Customer Purpose","gen17","2026-09-23","11:12:21","8970163920"
"BM10946","Final Vault Closing","gen1","2026-09-23","17:52:54","8970163920"
"BM10946","Customer Purpose","gen14","2026-09-24","11:40:05","8970163920"
"BM10946","Final Vault Closing","gen21","2026-09-24","17:59:46","8970163920"
"BM10946","Final Vault Closing","gen28","2026-09-25","17:54:33","8970163920"
"BM10946","Packet Counting","gen29","2026-09-26","15:53:42","9742137043"
"BM10946","Final Vault Closing","gen35","2026-09-26","17:46:10","8970163920"
"BM10947","Customer Purpose","gen43","2026-09-21","11:47:22","8116203846"
"BM10947","Final Vault Closing","gen14","2026-09-21","18:23:51","8116203846"
"BM10947","Customer Purpose","gen12","2026-09-22","12:09:50","7908094515"
"BM10947","Final Vault Closing","gen16","2026-09-22","18:39:24","7908094515"
"BM10947","Customer Purpose","gen24","2026-09-23","13:06:41","8116203846"
"BM10947","Customer Purpose","gen32","2026-09-23","14:55:46","8116203846"
"BM10947","Customer Purpose","gen19","2026-09-23","16:31:54","9733752700"
"BM10947","Final Vault Closing","gen26","2026-09-23","18:36:06","8116203846"
"BM10947","Customer Purpose","gen3","2026-09-24","10:39:56","9733752700"
"BM10947","Customer Purpose","gen10","2026-09-24","13:14:27","9733752700"
"BM10947","Final Vault Closing","gen36","2026-09-24","17:58:02","9733752700"
"BM10947","Customer Purpose","gen39","2026-09-25","16:17:16","9733752700"
"BM10947","Final Vault Closing","gen31","2026-09-25","18:13:18","9733752700"
"BM10947","Customer Purpose","gen49","2026-09-26","12:59:14","7908094515"
"BM10947","Packet Counting","gen25","2026-09-26","16:57:09","9733752700"
"BM10947","Final Vault Closing","iifl5","2026-09-26","18:15:19","9733752700"
"BM10947","Customer Purpose","gen10","2026-09-27","14:31:22","8116203846"
"BM10948","Customer Purpose","gen17","2026-09-21","10:35:55","9437292551"
"BM10948","Final Vault Closing","gen10","2026-09-21","18:19:36","9437292551"
"BM10948","Customer Purpose","gen6","2026-09-22","10:39:40","8260259803"
"BM10948","Other Purpose","gen9","2026-09-22","11:21:37","9437292551"
"BM10948","Other Purpose","gen4","2026-09-22","12:21:34","8260259803"
"BM10948","Other Purpose","gen21","2026-09-22","13:28:08","8260259803"
"BM10948","Final Vault Closing","gen10","2026-09-22","18:19:27","8260259803"
"BM10948","Customer Purpose","gen12","2026-09-23","10:53:27","9437292551"
"BM10948","Final Vault Closing","gen6","2026-09-23","17:49:31","8260259803"
"BM10948","Customer Purpose","gen23","2026-09-24","11:47:52","9668222487"
"BM10948","Customer Purpose","gen8","2026-09-24","15:16:37","8260259803"
"BM10948","Final Vault Closing","iifl7","2026-09-24","17:48:48","8260259803"
"BM10948","Audit Purpose","gen21","2026-09-25","10:36:04","9437292551"
"BM10948","Audit Purpose","gen21","2026-09-25","17:34:21","8260259803"
"BM10948","Customer Purpose","gen31","2026-09-26","17:24:14","9437292551"
"BM10950","Customer Purpose","gen29","2026-09-21","16:40:37","8828615543"
"BM10950","Final Vault Closing","gen36","2026-09-23","18:36:57","8898489523"
"BM10950","Audit Purpose","gen17","2026-09-24","14:55:57","8828615543"
"BM10950","Customer Purpose","gen11","2026-09-24","15:38:58","8828615543"
"BM10950","Customer Purpose","gen37","2026-09-25","13:35:50","8828615543"
"BM10950","Customer Purpose","gen6","2026-09-25","16:31:10","8898489523"
"BM10950","Customer Purpose","gen39","2026-09-25","17:45:04","8898489523"
"BM10950","Packet Counting","gen5","2026-09-26","16:45:35","8898489523"
"BM10953","Other Purpose","gen23","2026-09-21","13:45:07","rity guard"
"BM10953","Customer Purpose","gen24","2026-09-23","12:30:34","9663284515"
"BM10953","Final Vault Closing","gen33","2026-09-23","17:53:11","9663284515"
"BM10953","Customer Purpose","gen19","2026-09-25","11:34:49","9663284515"
"BM10953","Final Vault Closing","gen5","2026-09-25","17:32:42","LLY BY CMS"
"BM10953","Final Vault Closing","gen33","2026-09-26","17:47:24","9663284515"
"BM10954","Final Vault Closing","gen25","2026-09-21","17:58:49","8101132060"
"BM10954","Customer Purpose","gen5","2026-09-22","11:15:13","9733452244"
"BM10954","Final Vault Closing","gen20","2026-09-22","17:49:22","9733452244"
"BM10954","Customer Purpose","gen6","2026-09-23","10:10:55","9733452244"
"BM10954","Customer Purpose","gen3","2026-09-23","10:39:33","8101132060"
"BM10954","Final Vault Closing","gen39","2026-09-23","18:39:51","9733452244"
"BM10954","Customer Purpose","gen13","2026-09-24","12:31:44","9733452244"
"BM10954","Customer Purpose","gen2","2026-09-24","17:12:53","9933688128"
"BM10954","Final Vault Closing","gen28","2026-09-24","17:45:51","8101132060"
"BM10954","Customer Purpose","gen30","2026-09-25","11:39:33","9733452244"
"BM10954","Final Vault Closing","gen31","2026-09-25","17:46:47","9933688128"
"BM10954","Customer Purpose","gen20","2026-09-26","14:06:21","8101132060"
"BM10954","Packet Counting","gen8","2026-09-26","17:54:27","9933688128"
"BM10954","Final Vault Closing","gen4","2026-09-26","18:45:08","9733452244"
"BM10954","Customer Purpose","gen29","2026-09-27","10:45:20","8101132060"
"BM10956","Final Vault Closing","gen37","2026-09-21","18:26:32","6301357090"
"BM10956","Final Vault Closing","gen7","2026-09-22","18:32:49","6301357090"
"BM10956","Other Purpose","gen14","2026-09-23","11:35:56","9121399739"
"BM10956","Final Vault Closing","gen15","2026-09-23","17:46:02","9121399739"
"BM10956","Final Vault Closing","gen11","2026-09-25","18:48:30","  18:45:16"
"BM10956","Packet Counting","gen19","2026-09-26","16:48:45","6301357090"
"BM10967","Customer Purpose","gen10","2026-09-21","11:48:19","7002740940"
"BM10967","Final Vault Closing","gen12","2026-09-21","18:39:11","7002740940"
"BM10967","Final Vault Closing","gen7","2026-09-22","18:44:32","7002740940"
"BM10967","Customer Purpose","gen39","2026-09-23","10:51:57","7002740940"
"BM10967","Customer Purpose","gen7","2026-09-23","13:54:17","7002740940"
"BM10967","Final Vault Closing","gen26","2026-09-23","18:56:53","7002740940"
"BM10967","Other Purpose","gen29","2026-09-24","14:07:19","7002740940"
"BM10967","Final Vault Closing","gen35","2026-09-24","17:47:09","7002740940"
"BM10967","Final Vault Closing","gen3","2026-09-25","18:31:28","7002740940"
"BM10967","Customer Purpose","gen9","2026-09-26","14:52:04","7896931160"
"BM10967","Final Vault Closing","iifl7","2026-09-26","18:11:31","7896931160"
"BM10972","Final Vault Closing","gen15","2026-09-21","17:53:11","8802561345"
"BM10972","Customer Purpose","gen","2026-09-23","17:14:14","7249444418"
"BM10972","Final Vault Closing","gen38","2026-09-23","18:48:14","8858773455"
"BM10972","Customer Purpose","gen16","2026-09-24","11:46:39","8802561345"
"BM10972","Final Vault Closing","gen38","2026-09-24","18:45:04","8858773455"
"BM10972","Customer Purpose","gen1","2026-09-25","15:39:48","8858773455"
"BM10972","Final Vault Closing","gen11","2026-09-25","18:02:39","8858773455"
"BM10972","Packet Counting","gen29","2026-09-26","16:15:30","8802561345"
"BM10973","Customer Purpose","gen43","2026-09-21","12:34:21","8527448274"
"BM10973","Customer Purpose","gen9","2026-09-21","16:13:49","8527448274"
"BM10973","Final Vault Closing","gen25","2026-09-21","18:03:58","8527448274"
"BM10973","Customer Purpose","gen6","2026-09-22","15:31:33","8527448274"
"BM10973","Final Vault Closing","gen35","2026-09-22","17:59:59","8527448274"
"BM10973","Customer Purpose","gen24","2026-09-23","11:07:55","8527448274"
"BM10973","Customer Purpose","gen18","2026-09-23","13:14:19","8527448274"
"BM10973","Customer Purpose","gen17","2026-09-23","14:26:22","8527448274"
"BM10973","Customer Purpose","gen25","2026-09-23","16:35:04","8527448274"
"BM10973","Final Vault Closing","gen35","2026-09-23","18:11:26","8527448274"
"BM10973","Customer Purpose","gen26","2026-09-24","14:54:36","8527448274"
"BM10973","Final Vault Closing","gen30","2026-09-24","17:46:32","8527448274"
"BM10973","Customer Purpose","gen28","2026-09-25","16:44:39","8527448274"
"BM10973","Final Vault Closing","gen24","2026-09-25","17:57:03","8130275971"
"BM10973","Customer Purpose","gen5","2026-09-26","15:36:44","8527448274"
"BM10973","Customer Purpose","gen31","2026-09-26","16:48:37","8527448274"
"BM10973","Packet Counting","gen2","2026-09-26","17:37:46","9999182106"
"BM10975","Customer Purpose","gen28","2026-09-21","15:50:50","7002751935"
"BM10975","Final Vault Closing","gen25","2026-09-21","18:39:36","7002751935"
"BM10975","Customer Purpose","gen1","2026-09-22","16:44:57","8876862291"
"BM10975","Final Vault Closing","gen3","2026-09-22","18:26:40","8876862291"
"BM10975","Customer Purpose","gen","2026-09-23","12:11:55","7002751935"
"BM10975","Final Vault Closing","gen8","2026-09-23","18:17:50","9365967809"
"BM10975","Customer Purpose","gen31","2026-09-24","12:02:31","8876862291"
"BM10975","Final Vault Closing","gen18","2026-09-24","18:06:23","9365967809"
"BM10975","Customer Purpose","gen1","2026-09-25","14:02:50","7002751935"
"BM10975","Customer Purpose","gen9","2026-09-25","17:35:20","7002751935"
"BM10975","Final Vault Closing","gen6","2026-09-25","18:13:22","7002751935"
"BM10975","Customer Purpose","gen24","2026-09-26","13:12:11","9365967809"
"BM10975","Final Vault Closing","gen31","2026-09-26","18:30:43","7002751935"
"BM10975","Customer Purpose","gen6","2026-09-27","12:27:12","7002751935"
"BM10975","Final Vault Closing","gen15","2026-09-27","14:14:15","9365967809"
"BM10992","Customer Purpose","gen50","2026-09-22","15:28:55","9981372749"
"BM10992","Final Vault Closing","iifl7","2026-09-24","18:15:27","9981372749"
"BM10992","Final Vault Closing","gen29","2026-09-25","18:16:26","9340212645"
"BM10992","Packet Counting","gen49","2026-09-26","12:11:49","9340212645"
"BM10995","Customer Purpose","gen24","2026-09-21","13:42:06","9450444391"
"BM10995","Final Vault Closing","gen21","2026-09-22","17:26:41","9450444391"
"BM10995","Customer Purpose","gen17","2026-09-23","17:00:58","9450444391"
"BM10995","Customer Purpose","gen14","2026-09-25","15:13:14","9450444391"
"BM10998","Customer Purpose","gen31","2026-09-22","16:06:42","8103364634"
"BM10998","Final Vault Closing","gen22","2026-09-22","18:21:30","8103364634"
"BM10998","Customer Purpose","gen25","2026-09-23","11:21:01","9109480262"
"BM10998","Final Vault Closing","gen6","2026-09-23","18:24:56","9109480262"
"BM10998","Customer Purpose","gen10","2026-09-24","12:52:57","8103364634"
"BM10998","Final Vault Closing","gen15","2026-09-24","18:20:20","8103364634"
"BM10998","Customer Purpose","gen34","2026-09-25","11:57:38","8103364634"
"BM10998","Customer Purpose","gen34","2026-09-25","16:08:37","9109480262"
"BM10998","Final Vault Closing","gen7","2026-09-25","18:26:48","9109480262"
"BM10998","Packet Counting","gen15","2026-09-26","16:35:34","8103364634"
"BM11007","Audit Purpose","gen23","2026-09-21","11:17:46","7898626743"
"BM11007","Audit Purpose","gen22","2026-09-21","15:10:22","7898626743"
"BM11007","Final Vault Closing","gen9","2026-09-21","18:00:10","8953751350"
"BM11007","Customer Purpose","gen50","2026-09-22","16:42:21","8953751350"
"BM11007","Final Vault Closing","gen39","2026-09-22","17:50:38","8953751350"
"BM11007","Final Vault Closing","gen37","2026-09-23","17:53:57","8953751350"
"BM11007","Customer Purpose","gen17","2026-09-24","16:02:39","8953751350"
"BM11007","Final Vault Closing","gen19","2026-09-24","18:13:44","8953751350"
"BM11007","Customer Purpose","gen5","2026-09-25","11:17:18","8953751350"
"BM11007","Final Vault Closing","gen28","2026-09-25","17:42:10","9131166724"
"BM11007","Packet Counting","gen11","2026-09-26","13:08:51","8953751350"
"BM11009","Final Vault Closing","gen37","2026-09-21","18:16:01","7099190511"
"BM11009","Customer Purpose","gen33","2026-09-22","15:09:38","7099190511"
"BM11009","Final Vault Closing","gen11","2026-09-22","17:54:33","7099190511"
"BM11009","Customer Purpose","gen24","2026-09-23","14:05:44","7099190511"
"BM11009","Final Vault Closing","gen12","2026-09-23","18:23:26","6901677793"
"BM11009","Final Vault Closing","gen23","2026-09-24","18:20:35","6901677793"
"BM11009","Final Vault Closing","gen18","2026-09-25","17:50:07","7099190511"
"BM11009","Final Vault Closing","gen5","2026-09-26","17:16:49","6901677793"
"BM11009","Final Vault Closing","gen16","2026-09-27","14:35:56","7099190511"
"BM11010","Customer Purpose","gen33","2026-09-21","12:35:22","9337716702"
"BM11010","Customer Purpose","gen22","2026-09-21","16:57:55","7873405079"
"BM11010","Customer Purpose","gen7","2026-09-22","10:14:40","7873405079"
"BM11010","Customer Purpose","gen21","2026-09-22","17:39:40","9337716702"
"BM11010","Customer Purpose","gen24","2026-09-23","11:25:36","7894142059"
"BM11010","Final Vault Closing","gen18","2026-09-23","17:42:58","7873405079"
"BM11010","Final Vault Closing","gen","2026-09-24","18:31:05","7894142059"
"BM11010","Customer Purpose","gen6","2026-09-25","11:33:04","7894142059"
"BM11010","Customer Purpose","gen33","2026-09-25","12:41:15","7894142059"
"BM11010","Final Vault Closing","gen33","2026-09-25","18:25:02","7873405079"
"BM11010","Customer Purpose","gen18","2026-09-26","10:34:34","7873405079"
"BM11010","Packet Counting","gen17","2026-09-26","15:42:34","7894142059"
"BM11030","Customer Purpose","gen30","2026-09-21","12:33:22","9963131600"
"BM11030","Final Vault Closing","gen12","2026-09-21","18:03:58","9963131600"
"BM11030","Final Vault Closing","gen8","2026-09-22","18:07:57","9963131600"
"BM11030","Customer Purpose","gen25","2026-09-23","13:51:45","9963131600"
"BM11030","Customer Purpose","gen1","2026-09-23","15:08:47","9963131600"
"BM11030","Final Vault Closing","gen17","2026-09-23","17:51:37","9949629280"
"BM11030","Final Vault Closing","gen29","2026-09-25","17:58:59","9963131600"
"BM11030","Packet Counting","gen10","2026-09-26","14:39:45","9963131600"
"BM11030","Final Vault Closing","gen36","2026-09-26","18:01:10","9963131600"
"BM11031","Final Vault Closing","gen21","2026-09-21","17:46:54","9705604565"
"BM11031","Final Vault Closing","gen9","2026-09-22","17:57:48","8125353584"
"BM11031","Customer Purpose","gen37","2026-09-25","16:41:35","9701216598"
"BM11031","Final Vault Closing","gen25","2026-09-25","17:48:49","9701216598"
"BM11031","Packet Counting","gen10","2026-09-26","16:05:04","9701216598"
"BM11042","Customer Purpose","gen4","2026-09-21","12:21:47","9491816151"
"BM11042","Customer Purpose","gen33","2026-09-21","15:54:42","9491816151"
"BM11042","Final Vault Closing","gen19","2026-09-21","18:13:16","9491816151"
"BM11042","Customer Purpose","gen15","2026-09-22","16:32:13","9948392059"
"BM11042","Final Vault Closing","gen27","2026-09-22","17:52:40","9491816151"
"BM11042","Final Vault Closing","gen35","2026-09-23","17:45:29","9948392059"
"BM11042","Customer Purpose","gen39","2026-09-24","14:35:27","9491816151"
"BM11042","Final Vault Closing","gen35","2026-09-24","17:42:22","9948392059"
"BM11042","Final Vault Closing","gen25","2026-09-25","17:57:38","9491816151"
"BM11042","Packet Counting","gen5","2026-09-26","15:59:46","9948392059"
"BM11042","Final Vault Closing","gen31","2026-09-26","17:51:34","9948392059"
"BM11057","Final Vault Closing","gen21","2026-09-21","18:20:26","9959582794"
"BM11057","Final Vault Closing","gen34","2026-09-22","17:41:01","9959582794"
"BM11057","Final Vault Closing","gen26","2026-09-23","17:56:24","9959582794"
"BM11057","Final Vault Closing","gen","2026-09-24","17:36:37","9959582794"
"BM11057","Final Vault Closing","gen22","2026-09-25","17:47:03","9959582794"
"BM11094","Customer Purpose","gen1","2026-09-21","10:20:43","8580547131"
"BM11094","Final Vault Closing","gen19","2026-09-21","17:43:54","8219907540"
"BM11094","Customer Purpose","gen21","2026-09-22","10:09:25","8219907540"
"BM11094","Final Vault Closing","gen1","2026-09-22","17:37:08","7814171299"
"BM11094","Audit Purpose","gen5","2026-09-23","11:03:40","7814171299"
"BM11094","Audit Purpose","gen21","2026-09-23","13:14:29","8219907540"
"BM11094","Audit Purpose","gen50","2026-09-23","15:23:35","8219907540"
"BM11094","Customer Purpose","gen4","2026-09-24","13:18:32","8219907540"
"BM11094","Customer Purpose","gen16","2026-09-24","15:39:41","7814171299"
"BM11094","Final Vault Closing","gen32","2026-09-24","17:56:40","7814171299"
"BM11094","Customer Purpose","gen35","2026-09-25","10:06:31","8219907540"
"BM11094","Final Vault Closing","gen25","2026-09-25","17:24:27","7814171299"
"BM11094","Customer Purpose","gen11","2026-09-26","14:44:51","7814171299"
"BM11094","Final Vault Closing","admin","2026-09-26","17:57:34","8219907540"
"BM11116","Final Vault Closing","iifl7","2026-09-21","18:58:37","e 17:57:36"
"BM11116","Final Vault Closing","gen18","2026-09-22","18:37:19","8700557505"
"BM11116","Customer Purpose","gen7","2026-09-23","11:43:30","7488778134"
"BM11116","Final Vault Closing","gen24","2026-09-23","17:33:42","7488778134"
"BM11116","Final Vault Closing","gen24","2026-09-24","17:55:41","7488778134"
"BM11116","Customer Purpose","gen","2026-09-25","12:19:54","7488778134"
"BM11116","Final Vault Closing","gen37","2026-09-25","17:26:33","7488778134"
"BM11116","Packet Counting","gen24","2026-09-26","15:11:41","7488778134"
"BM11146","Final Vault Closing","gen2","2026-09-21","17:31:43","8815024218"
"BM11146","Customer Purpose","gen22","2026-09-22","16:17:06","7067136125"
"BM11146","Final Vault Closing","gen39","2026-09-22","17:45:34","7067136125"
"BM11146","Final Vault Closing","gen3","2026-09-23","18:11:54","8815024218"
"BM11146","Customer Purpose","gen21","2026-09-24","14:39:21","7067136125"
"BM11146","Final Vault Closing","gen21","2026-09-24","18:19:17","7067136125"
"BM11146","Final Vault Closing","gen49","2026-09-26","16:00:23","7067136125"
"BM11146","Customer Purpose","gen11","2026-09-27","10:52:02","8815024218"
"BM11146","Customer Purpose","gen19","2026-09-27","13:27:19","8815024218"
"BM11160","Final Vault Closing","gen","2026-09-21","18:18:07","9908997206"
"BM11160","Final Vault Closing","gen27","2026-09-22","17:51:21","9182871688"
"BM11160","Customer Purpose","gen17","2026-09-23","16:49:20","9182871688"
"BM11160","Final Vault Closing","gen27","2026-09-23","18:44:04","9182871688"
"BM11160","Final Vault Closing","gen11","2026-09-24","18:35:16","9959663741"
"BM11160","Customer Purpose","gen35","2026-09-25","11:23:11","9908997206"
"BM11160","Final Vault Closing","gen35","2026-09-25","17:45:54","9908997206"
"BM11160","Packet Counting","gen49","2026-09-26","17:42:34","9908997206"
"BM11160","Final Vault Closing","gen49","2026-09-26","18:32:24","9959663741"
"BM11160","Customer Purpose","gen10","2026-09-27","11:12:31","9908997206"
"BM11175","Final Vault Closing","gen27","2026-09-22","18:49:21","7033650640"
"BM11175","Final Vault Closing","iifl7","2026-09-23","18:54:03","7033650640"
"BM11175","Customer Purpose","gen38","2026-09-24","14:14:29","7033650640"
"BM11175","Final Vault Closing","iifl2","2026-09-24","18:11:01","9973507712"
"BM11175","Final Vault Closing","iifl7","2026-09-25","18:36:12","9708857019"
"BM11175","Final Vault Closing","gen23","2026-09-25","18:39:28","7033650640"
"BM11175","Packet Counting","gen37","2026-09-26","17:38:19","9708857019"
"BM11175","Final Vault Closing","gen23","2026-09-26","18:26:58","7033650640"
"BM11177","Final Vault Closing","gen26","2026-09-21","18:57:43","7854809932"
"BM11177","Final Vault Closing","gen14","2026-09-23","18:07:02","7854809932"
"BM11177","Final Vault Closing","gen28","2026-09-24","18:06:00","7854809932"
"BM11177","Packet Counting","gen32","2026-09-26","13:51:02","6371896103"
"BM11177","Final Vault Closing","gen10","2026-09-26","18:03:35","7854809932"
"BM11213","Final Vault Closing","gen2","2026-09-22","18:19:03","9933384744"
"BM11213","Other Purpose","gen50","2026-09-23","17:46:34","8238610576"
"BM11213","Final Vault Closing","iifl2","2026-09-23","19:43:25","7043532222"
"BM11213","Customer Purpose","gen14","2026-09-24","10:48:12","@iifl.com>"
"BM11213","Final Vault Closing","gen4","2026-09-24","18:16:44","@iifl.com>"
"BM11213","Final Vault Closing","gen20","2026-09-25","18:21:24","7043532222"
"BM11213","Audit Purpose","gen32","2026-09-26","15:57:18","9933384744"
"BM11213","Final Vault Closing","gen6","2026-09-26","18:27:43","7043532222"
"BM11221","Customer Purpose","gen1","2026-09-24","13:58:33","9502542593"
"BM11221","Final Vault Closing","gen24","2026-09-24","17:43:49","9666314531"
"BM11221","Final Vault Closing","gen4","2026-09-25","17:54:58","9502542593"
"BM11221","Final Vault Closing","gen17","2026-09-26","17:44:25","9502542593"
"BM11222","Final Vault Closing","gen21","2026-09-24","16:54:29","9966080235"
"BM11222","Final Vault Closing","iifl7","2026-09-24","17:58:31","9966080235"
"BM11222","Final Vault Closing","gen17","2026-09-24","18:44:14","9966080235"
"BM11222","Final Vault Closing","gen12","2026-09-25","17:29:00","9966080235"
"BM11222","Final Vault Closing","gen19","2026-09-26","17:29:10","9966080235"
"BM11249","Final Vault Closing","gen37","2026-09-24","17:49:45","8238257445"
"BM11249","Final Vault Closing","gen9","2026-09-26","17:40:01","6354188992"
"BM11250","Final Vault Closing","","2026-09-26","18:45:16","ROOM THANE"
"BM11282","Final Vault Closing","iifl4","2026-09-26","18:11:51","MO PURPOSE"
"BM11282","Final Vault Closing","gen36","2026-09-26","18:44:15","8460753907"
"BM1171","Customer Purpose","gen19","2026-09-21","11:29:21","8472995555"
"BM1171","Customer Purpose","gen24","2026-09-21","11:52:03","8472995555"
"BM1171","Customer Purpose","gen33","2026-09-21","13:15:07","9678934910"
"BM1171","Customer Purpose","gen20","2026-09-21","14:39:16","9706170603"
"BM1171","Customer Purpose","gen17","2026-09-21","14:49:04","8472995555"
"BM1171","Customer Purpose","gen16","2026-09-21","17:01:18","8472995555"
"BM1171","Final Vault Closing","gen25","2026-09-21","18:09:34","8472995555"
"BM1171","Customer Purpose","gen23","2026-09-22","10:30:04","9706170603"
"BM1171","Customer Purpose","gen16","2026-09-22","12:45:30","8472995555"
"BM1171","Customer Purpose","gen7","2026-09-22","13:05:36","9706170603"
"BM1171","Customer Purpose","gen8","2026-09-22","13:40:28","9706170603"
"BM1171","Customer Purpose","gen","2026-09-22","14:08:58","9678934910"
"BM1171","Customer Purpose","gen23","2026-09-22","15:07:33","9678934910"
"BM1171","Customer Purpose","gen31","2026-09-22","15:19:42","9678934910"
"BM1171","Customer Purpose","gen9","2026-09-22","16:40:29","9706170603"
"BM1171","Customer Purpose","gen26","2026-09-22","17:02:01","8472995555"
"BM1171","Final Vault Closing","gen16","2026-09-22","18:24:33",""
"BM1171","Customer Purpose","gen30","2026-09-23","10:45:01","8472995555"
"BM1171","Customer Purpose","gen2","2026-09-23","12:35:08","9706170603"
"BM1171","Final Vault Closing","gen26","2026-09-23","18:05:08","9706170603"
"BM1171","Customer Purpose","gen11","2026-09-24","11:23:37","9706170603"
"BM1171","Customer Purpose","gen6","2026-09-24","11:52:45","8472995555"
"BM1171","Customer Purpose","gen","2026-09-24","12:55:48","8472995555"
"BM1171","Customer Purpose","gen38","2026-09-24","13:50:31","9706170603"
"BM1171","Customer Purpose","gen21","2026-09-24","14:19:24","9706170603"
"BM1171","Customer Purpose","gen5","2026-09-24","15:11:58","9706170603"
"BM1171","Customer Purpose","gen6","2026-09-24","16:05:09","9706170603"
"BM1171","Final Vault Closing","gen29","2026-09-24","18:09:33","9706170603"
"BM1171","Customer Purpose","gen25","2026-09-25","11:22:18","9706170603"
"BM1171","Customer Purpose","gen9","2026-09-25","13:46:26","9706170603"
"BM1171","Customer Purpose","gen10","2026-09-25","16:19:25","9706170603"
"BM1171","Customer Purpose","gen39","2026-09-25","17:22:12","9678934910"
"BM1171","Final Vault Closing","gen11","2026-09-25","18:14:49","9678934910"
"BM1171","Customer Purpose","gen24","2026-09-26","10:57:43","9678934910"
"BM1171","Customer Purpose","gen31","2026-09-26","11:16:38","9706170603"
"BM1171","Customer Purpose","gen37","2026-09-26","12:03:20","9706170603"
"BM1171","Customer Purpose","gen8","2026-09-26","12:45:43","9706170603"
"BM1171","Customer Purpose","gen31","2026-09-26","13:29:37","9706170603"
"BM1171","Customer Purpose","gen37","2026-09-26","14:50:10","9706170603"
"BM1171","Packet Counting","gen17","2026-09-26","16:13:01","8472995555"
"BM1171","Final Vault Closing","gen33","2026-09-26","18:01:03","9678934910"
"BM1171","Customer Purpose","gen31","2026-09-27","11:41:27","9706170603"
"BM1171","Customer Purpose","gen8","2026-09-27","12:49:34","9706170603"
"BM1916","Customer Purpose","gen33","2026-09-21","15:58:16","7002644650"
"BM1916","Customer Purpose","iifl6","2026-09-21","17:40:17","7002644650"
"BM1916","Final Vault Closing","iifl6","2026-09-21","18:07:26","7002014554"
"BM1916","Customer Purpose","gen15","2026-09-22","15:56:53","7002644650"
"BM1916","Final Vault Closing","gen18","2026-09-22","18:04:56","7002014554"
"BM1916","Final Vault Closing","iifl6","2026-09-23","18:00:53","7002644650"
"BM1916","Customer Purpose","gen10","2026-09-24","15:11:21","7002014554"
"BM1916","Customer Purpose","gen36","2026-09-24","15:46:01","7002014554"
"BM1916","Final Vault Closing","iifl6","2026-09-24","18:08:55","7002644650"
"BM1916","Customer Purpose","gen38","2026-09-25","13:15:57","7002014554"
"BM1916","Customer Purpose","gen12","2026-09-25","14:04:48","7002644650"
"BM1916","Final Vault Closing","gen15","2026-09-25","18:00:17","7002014554"
"BM1916","Customer Purpose","gen12","2026-09-26","14:36:44","7002644650"
"BM1916","Customer Purpose","gen17","2026-09-26","16:19:42","7002644650"
"BM1916","Final Vault Closing","gen18","2026-09-26","18:04:58","7002644650"
"BM1916","Customer Purpose","gen12","2026-09-27","14:41:52","AL CLOSING"
"BM218","Customer Purpose","gen1","2026-09-21","12:35:46","9321542141"
"BM218","Customer Purpose","gen43","2026-09-21","13:46:29","7977049231"
"BM218","Customer Purpose","gen27","2026-09-21","14:36:44","9321542141"
"BM218","Customer Purpose","gen30","2026-09-21","14:46:55","9321542141"
"BM218","Final Vault Closing","gen14","2026-09-21","18:01:26","9321542141"
"BM218","Customer Purpose","gen37","2026-09-22","10:07:49","7738333559"
"BM218","Customer Purpose","gen6","2026-09-22","10:27:00","9321542141"
"BM218","Customer Purpose","gen11","2026-09-22","14:09:37","7738333559"
"BM218","Customer Purpose","gen30","2026-09-22","14:35:55","7738333559"
"BM218","Customer Purpose","gen31","2026-09-22","15:10:27","9321542141"
"BM218","Customer Purpose","gen37","2026-09-22","16:00:50","9321542141"
"BM218","Customer Purpose","gen2","2026-09-22","17:01:03","7738333559"
"BM218","Customer Purpose","gen33","2026-09-22","18:01:24","7977049231"
"BM218","Customer Purpose","gen31","2026-09-22","18:15:22","9321542141"
"BM218","Final Vault Closing","gen26","2026-09-22","18:40:08","7738333559"
"BM218","Customer Purpose","gen35","2026-09-23","17:28:04","7977049231"
"BM218","Final Vault Closing","gen39","2026-09-23","17:49:18","7977049231"
"BM218","Customer Purpose","gen32","2026-09-24","09:44:54","ch Opening"
"BM218","Customer Purpose","gen33","2026-09-24","11:23:53","9321542141"
"BM218","Customer Purpose","gen2","2026-09-24","11:48:46","7738333559"
"BM218","Customer Purpose","gen12","2026-09-24","15:21:57","9321542141"
"BM218","Customer Purpose","gen37","2026-09-24","16:12:25","9321542141"
"BM218","Customer Purpose","gen39","2026-09-24","17:06:27","9321542141"
"BM218","Customer Purpose","gen22","2026-09-24","18:44:03","9321542141"
"BM218","Final Vault Closing","iifl6","2026-09-24","19:29:01","7738333559"
"BM218","Audit Purpose","gen11","2026-09-25","10:38:22","DIAN.1/2/3"
"BM218","Audit Purpose","gen33","2026-09-25","11:39:20","7738333559"
"BM218","Audit Purpose","gen23","2026-09-25","13:43:14","9321542141"
"BM218","Audit Purpose","gen1","2026-09-25","15:11:55","9321542141"
"BM218","Audit Purpose","gen5","2026-09-25","18:25:47","7738333559"
"BM218","Final Vault Closing","gen9","2026-09-25","18:42:48","7738333559"
"BM218","Customer Purpose","gen20","2026-09-26","12:20:44","7738333559"
"BM218","Packet Counting","gen6","2026-09-26","14:40:27","7738333559"
"BM218","Packet Counting","gen10","2026-09-26","15:09:14","7738333559"
"BM218","Packet Counting","gen33","2026-09-26","16:06:23","7738333559"
"BM218","Final Vault Closing","gen49","2026-09-26","18:08:54","9321542141"
"BM2935","Customer Purpose","gen9","2026-09-21","12:09:14","8011934843"
"BM2935","Customer Purpose","gen10","2026-09-21","13:07:43","8011934843"
"BM2935","Customer Purpose","gen15","2026-09-21","13:47:20","8011934843"
"BM2935","Customer Purpose","gen20","2026-09-21","14:51:49","8011934843"
"BM2935","Customer Purpose","gen17","2026-09-21","15:21:08","8011934843"
"BM2935","Final Vault Closing","gen27","2026-09-21","18:28:18","8011934843"
"BM2935","Customer Purpose","gen29","2026-09-22","10:49:27","8011934843"
"BM2935","Customer Purpose","gen2","2026-09-22","11:19:35","8011934843"
"BM2935","Customer Purpose","gen25","2026-09-22","12:17:28","8011934843"
"BM2935","Customer Purpose","gen30","2026-09-22","13:10:59","8011934843"
"BM2935","Customer Purpose","gen8","2026-09-22","13:24:50","8011934843"
"BM2935","Customer Purpose","gen8","2026-09-22","15:11:02","8011934843"
"BM2935","Customer Purpose","gen32","2026-09-22","16:06:49","8011934843"
"BM2935","Customer Purpose","gen23","2026-09-22","16:51:31","9864178032"
"BM2935","Customer Purpose","gen34","2026-09-22","17:01:34","9864178032"
"BM2935","Customer Purpose","gen1","2026-09-22","17:50:43","9864178032"
"BM2935","Customer Purpose","gen5","2026-09-22","18:01:16","9864178032"
"BM2935","Final Vault Closing","gen6","2026-09-22","18:24:55","8011934843"
"BM2935","Customer Purpose","gen9","2026-09-23","10:52:46","7086302548"
"BM2935","Customer Purpose","gen10","2026-09-23","11:00:09","9864178032"
"BM2935","Customer Purpose","gen39","2026-09-23","12:20:29","8011934843"
"BM2935","Customer Purpose","gen30","2026-09-23","13:55:10","8011934843"
"BM2935","Customer Purpose","gen26","2026-09-23","16:44:41","8011934843"
"BM2935","Customer Purpose","gen29","2026-09-23","16:53:01","9864178032"
"BM2935","Final Vault Closing","gen24","2026-09-23","17:57:12","8011934843"
"BM2935","Customer Purpose","gen1","2026-09-24","11:59:54","8011934843"
"BM2935","Customer Purpose","gen17","2026-09-24","13:39:33","7086302548"
"BM2935","Customer Purpose","gen21","2026-09-24","14:31:11","9864178032"
"BM2935","Customer Purpose","gen13","2026-09-24","15:00:48","9864178032"
"BM2935","Customer Purpose","gen19","2026-09-24","15:52:47","9864178032"
"BM2935","Final Vault Closing","gen13","2026-09-24","18:21:16","8011934843"
"BM2935","Customer Purpose","gen7","2026-09-25","10:14:08","8011934843"
"BM2935","Customer Purpose","gen16","2026-09-25","12:55:39","8011934843"
"BM2935","Customer Purpose","gen2","2026-09-25","14:00:22","9864178032"
"BM2935","Customer Purpose","gen2","2026-09-25","14:25:27","8011934843"
"BM2935","Customer Purpose","gen36","2026-09-25","15:03:11","8011934843"
"BM2935","Customer Purpose","gen2","2026-09-25","16:38:25","8011934843"
"BM2935","Customer Purpose","gen37","2026-09-26","10:34:18","8011934843"
"BM2935","Customer Purpose","gen3","2026-09-26","10:43:30","7086302548"
"BM2935","Customer Purpose","gen3","2026-09-26","11:18:19","8011934843"
"BM2935","Packet Counting","gen24","2026-09-26","13:40:27","9864178032"
"BM2935","Customer Purpose","gen22","2026-09-26","14:45:18","8011934843"
"BM2935","Packet Counting","gen19","2026-09-26","16:16:21","8011934843"
"BM2935","Packet Counting","gen33","2026-09-26","16:58:48","8011934843"
"BM2935","Final Vault Closing","gen33","2026-09-26","17:57:56","8011934843"
"BM2993","Customer Purpose","gen3","2026-09-21","15:44:15","6265375207"
"BM2993","Customer Purpose","gen41","2026-09-21","15:53:16","6265375207"
"BM2993","Customer Purpose","gen43","2026-09-21","16:13:12","7389481486"
"BM2993","Final Vault Closing","gen10","2026-09-21","18:24:57","7389481486"
"BM2993","Customer Purpose","gen25","2026-09-22","11:18:14","6265375207"
"BM2993","Customer Purpose","gen24","2026-09-22","13:09:32","6265375207"
"BM2993","Customer Purpose","gen21","2026-09-22","16:49:15","6265375207"
"BM2993","Customer Purpose","gen4","2026-09-22","17:57:06","6265375207"
"BM2993","Customer Purpose","gen17","2026-09-23","15:19:27","6265375207"
"BM2993","Customer Purpose","gen31","2026-09-23","17:49:26","6265375207"
"BM2993","Customer Purpose","gen17","2026-09-24","10:36:03","6265375207"
"BM2993","Customer Purpose","gen16","2026-09-24","15:35:00","6265375207"
"BM2993","Customer Purpose","gen31","2026-09-24","17:59:03","6265375207"
"BM2993","Customer Purpose","gen12","2026-09-25","15:15:04","6265375207"
"BM2993","Customer Purpose","gen33","2026-09-25","17:23:07","6265375207"
"BM2993","Final Vault Closing","iifl2","2026-09-25","19:17:30","6265375207"
"BM2993","Packet Counting","gen30","2026-09-26","11:09:16","6265375207"
"BM2993","Packet Counting","gen32","2026-09-26","11:53:04","6265375207"
"BM2993","Packet Counting","gen1","2026-09-26","13:53:46","6265375207"
"BM2993","Final Vault Closing","gen10","2026-09-26","18:08:51","6265375207"
"BM2993","Customer Purpose","gen8","2026-09-27","12:06:50","6265375207"
"BM2993","Customer Purpose","gen30","2026-09-27","12:15:06","6265375207"
"BM2993","Customer Purpose","gen19","2026-09-27","13:11:24","6265375207"
"BM3098","Customer Purpose","gen29","2026-09-21","11:01:51","7828164638"
"BM3098","Customer Purpose","gen9","2026-09-21","14:27:18","7828164638"
"BM3098","Customer Purpose","gen11","2026-09-21","15:12:23","7828164638"
"BM3098","Customer Purpose","gen35","2026-09-21","17:01:57","7828164638"
"BM3098","Final Vault Closing","gen3","2026-09-21","18:12:33","7017714140"
"BM3098","Customer Purpose","gen25","2026-09-22","15:10:44","7017714140"
"BM3098","Customer Purpose","gen29","2026-09-22","15:31:47","7017714140"
"BM3098","Customer Purpose","gen12","2026-09-22","16:16:42","7017714140"
"BM3098","Final Vault Closing","gen24","2026-09-22","17:44:33","7017714140"
"BM3098","Customer Purpose","gen28","2026-09-23","16:42:41","7828164638"
"BM3098","Final Vault Closing","gen5","2026-09-23","17:44:46","7828164638"
"BM3098","Customer Purpose","gen16","2026-09-24","15:05:49","7828164638"
"BM3098","Customer Purpose","gen22","2026-09-24","15:13:50","7828164638"
"BM3098","Customer Purpose","gen1","2026-09-24","15:23:08","7828164638"
"BM3098","Final Vault Closing","gen23","2026-09-24","17:42:55","7828164638"
"BM3098","Customer Purpose","gen4","2026-09-25","11:54:20","7828164638"
"BM3098","Customer Purpose","gen15","2026-09-25","14:27:35","7828164638"
"BM3098","Customer Purpose","gen6","2026-09-25","15:27:32","7017714140"
"BM3098","Customer Purpose","gen31","2026-09-25","16:26:18","7828164638"
"BM3098","Final Vault Closing","gen37","2026-09-25","18:09:41","7828164638"
"BM3098","Customer Purpose","gen7","2026-09-26","11:00:51","7828164638"
"BM3098","Packet Counting","gen34","2026-09-26","15:30:32","7828164638"
"BM3098","Final Vault Closing","gen2","2026-09-26","17:57:13","7828164638"
"BM3098","Final Vault Closing","gen15","2026-09-26","18:21:49","7828164638"
"BM3195","Audit Purpose","gen22","2026-09-21","11:07:33","7828359770"
"BM3195","Audit Purpose","gen12","2026-09-21","13:24:56","7828359770"
"BM3195","Audit Purpose","gen10","2026-09-21","15:02:37","7828359770"
"BM3195","Audit Purpose","gen43","2026-09-21","15:48:26","7828359770"
"BM3195","Audit Purpose","gen20","2026-09-21","17:06:51","8962956686"
"BM3195","Final Vault Closing","gen50","2026-09-21","18:14:40","8962956686"
"BM3195","Customer Purpose","gen41","2026-09-22","13:01:44","7828359770"
"BM3195","Customer Purpose","gen18","2026-09-22","15:33:02","8770971636"
"BM3195","Customer Purpose","gen3","2026-09-22","16:31:02","8962956686"
"BM3195","Customer Purpose","gen2","2026-09-22","17:06:31","7828359770"
"BM3195","Final Vault Closing","gen32","2026-09-22","18:18:11","7828359770"
"BM3195","Customer Purpose","gen34","2026-09-23","11:03:58","7828359770"
"BM3195","Customer Purpose","gen7","2026-09-23","11:12:53","8770971636"
"BM3195","Customer Purpose","gen3","2026-09-23","14:16:33","7828359770"
"BM3195","Customer Purpose","gen35","2026-09-23","17:14:59","7828359770"
"BM3195","Final Vault Closing","gen7","2026-09-23","18:34:54","8770971636"
"BM3195","Customer Purpose","gen8","2026-09-24","13:01:59","8962956686"
"BM3195","Customer Purpose","gen1","2026-09-24","13:46:11","8770971636"
"BM3195","Customer Purpose","gen3","2026-09-24","13:55:08","7828359770"
"BM3195","Customer Purpose","gen17","2026-09-24","14:03:57","7828359770"
"BM3195","Final Vault Closing","gen32","2026-09-24","18:32:48","7828359770"
"BM3195","Customer Purpose","gen25","2026-09-25","13:48:22","7828359770"
"BM3195","Final Vault Closing","gen3","2026-09-25","18:16:38","7828359770"
"BM3195","Customer Purpose","gen29","2026-09-26","12:01:26","7828359770"
"BM3195","Packet Counting","gen6","2026-09-26","15:46:11","7828359770"
"BM3195","Customer Purpose","gen10","2026-09-26","17:12:56","7828359770"
"BM3195","Final Vault Closing","gen36","2026-09-26","18:17:17","7828359770"
"BM3463","Customer Purpose","gen18","2026-09-21","14:51:30","9522311118"
"BM3463","Customer Purpose","gen16","2026-09-21","15:33:44","9522311118"
"BM3463","Customer Purpose","gen24","2026-09-21","16:00:47","8349685707"
"BM3463","Customer Purpose","gen4","2026-09-21","16:52:29","9981441349"
"BM3463","Customer Purpose","gen29","2026-09-21","18:33:34","8349685707"
"BM3463","Customer Purpose","gen11","2026-09-22","13:10:20","8349685707"
"BM3463","Customer Purpose","gen17","2026-09-22","13:37:27","8349685707"
"BM3463","Final Vault Closing","gen10","2026-09-22","18:10:23","8349685707"
"BM3463","Customer Purpose","gen11","2026-09-23","11:03:01","8349685707"
"BM3463","Customer Purpose","gen39","2026-09-23","15:37:07","8349685707"
"BM3463","Customer Purpose","gen30","2026-09-23","15:49:16","9522311118"
"BM3463","Customer Purpose","gen1","2026-09-23","16:27:06","9522311118"
"BM3463","Final Vault Closing","gen36","2026-09-23","18:30:31","9981441349"
"BM3463","Customer Purpose","gen16","2026-09-24","11:43:40","8349685707"
"BM3463","Customer Purpose","gen8","2026-09-24","12:09:09","8349685707"
"BM3463","Customer Purpose","gen39","2026-09-24","12:34:56","8349685707"
"BM3463","Customer Purpose","gen29","2026-09-24","14:42:34","9981441349"
"BM3463","Final Vault Closing","gen28","2026-09-24","18:43:50","9522311118"
"BM3463","Customer Purpose","gen15","2026-09-25","11:09:18","8349685707"
"BM3463","Customer Purpose","gen29","2026-09-25","13:20:26","9522311118"
"BM3463","Final Vault Closing","gen26","2026-09-25","18:26:07","9522311118"
"BM3463","Customer Purpose","gen29","2026-09-26","12:10:11","8349685707"
"BM3463","Packet Counting","gen6","2026-09-26","16:01:12","9981441349"
"BM3463","Customer Purpose","gen36","2026-09-26","17:03:16","9981441349"
"BM3463","Final Vault Closing","gen8","2026-09-26","18:22:16","8349685707"
"BM3826","Customer Purpose","gen39","2026-09-21","10:09:55","8486079984"
"BM3826","Customer Purpose","gen17","2026-09-21","12:13:35","7002755431"
"BM3826","Customer Purpose","gen32","2026-09-21","13:06:08","8486079984"
"BM3826","Customer Purpose","gen32","2026-09-21","14:28:34","8486079984"
"BM3826","Customer Purpose","gen37","2026-09-21","16:14:32","8486079984"
"BM3826","Final Vault Closing","iifl3","2026-09-21","19:02:50","8486079984"
"BM3826","Customer Purpose","gen4","2026-09-22","11:09:55","8486079984"
"BM3826","Customer Purpose","gen26","2026-09-22","12:31:50","8486079984"
"BM3826","Customer Purpose","gen41","2026-09-22","12:56:08","7002249821"
"BM3826","Customer Purpose","gen37","2026-09-22","14:06:01","8486079984"
"BM3826","Customer Purpose","gen7","2026-09-22","15:50:12","7002249821"
"BM3826","Customer Purpose","gen35","2026-09-22","16:30:00","8486079984"
"BM3826","Final Vault Closing","gen2","2026-09-22","17:41:34","7002249821"
"BM3826","Customer Purpose","gen26","2026-09-23","12:53:28","7002249821"
"BM3826","Final Vault Closing","gen18","2026-09-23","18:03:48","8486079984"
"BM3826","Customer Purpose","gen31","2026-09-24","10:21:52","8486079984"
"BM3826","Customer Purpose","gen24","2026-09-24","11:04:08","8486079984"
"BM3826","Customer Purpose","gen19","2026-09-24","12:05:02","7002249821"
"BM3826","Customer Purpose","gen9","2026-09-24","12:16:26","8486079984"
"BM3826","Customer Purpose","gen36","2026-09-24","12:57:53","7002249821"
"BM3826","Customer Purpose","gen14","2026-09-24","14:57:55","7002249821"
"BM3826","Customer Purpose","gen11","2026-09-24","16:05:19","7002249821"
"BM3826","Customer Purpose","gen34","2026-09-24","17:03:06","7002249821"
"BM3826","Final Vault Closing","gen38","2026-09-24","18:21:39","7002249821"
"BM3826","Customer Purpose","gen33","2026-09-25","10:51:23","7002249821"
"BM3826","Customer Purpose","gen5","2026-09-25","11:01:38","7002249821"
"BM3826","Customer Purpose","gen","2026-09-25","17:30:17","8486079984"
"BM3826","Final Vault Closing","gen25","2026-09-25","18:19:33","7002249821"
"BM3826","Customer Purpose","gen29","2026-09-26","10:50:00","8486079984"
"BM3826","Customer Purpose","gen10","2026-09-26","11:42:30","7002249821"
"BM3826","Packet Counting","gen24","2026-09-26","11:57:15","8486079984"
"BM3826","Packet Counting","gen18","2026-09-26","12:55:34","8486079984"
"BM3826","Packet Counting","gen1","2026-09-26","14:08:03","8486079984"
"BM3826","Final Vault Closing","gen30","2026-09-26","18:49:32","7002249821"
"BM3826","Customer Purpose","gen8","2026-09-27","13:00:33","7002249821"
"BM3837","Customer Purpose","gen26","2026-09-21","11:09:07","9101049783"
"BM3837","Customer Purpose","gen9","2026-09-21","11:56:56","7002554766"
"BM3837","Customer Purpose","gen21","2026-09-21","12:54:21","7002554766"
"BM3837","Customer Purpose","gen27","2026-09-21","13:14:00","9101049783"
"BM3837","Customer Purpose","gen28","2026-09-21","14:48:10","7002554766"
"BM3837","Customer Purpose","gen29","2026-09-21","15:49:51","9101049783"
"BM3837","Customer Purpose","gen15","2026-09-21","16:43:38","7002554766"
"BM3837","Final Vault Closing","iifl6","2026-09-21","18:58:11","9101049783"
"BM3837","Customer Purpose","gen5","2026-09-22","10:11:05","7002554766"
"BM3837","Customer Purpose","gen32","2026-09-22","10:43:42","7002554766"
"BM3837","Customer Purpose","gen8","2026-09-22","12:12:01","7002554766"
"BM3837","Customer Purpose","gen15","2026-09-22","14:55:13","7002554766"
"BM3837","Final Vault Closing","gen31","2026-09-22","18:34:35","9101049783"
"BM3837","Customer Purpose","gen15","2026-09-23","11:21:13","7002554766"
"BM3837","Audit Purpose","gen34","2026-09-23","11:55:12","9101049783"
"BM3837","Customer Purpose","gen11","2026-09-23","12:21:41","9101049783"
"BM3837","Customer Purpose","gen34","2026-09-23","13:32:37","7002554766"
"BM3837","Customer Purpose","gen26","2026-09-23","15:23:04","9101049783"
"BM3837","Customer Purpose","gen21","2026-09-23","16:06:34","9101049783"
"BM3837","Customer Purpose","gen19","2026-09-23","16:46:03","7002554766"
"BM3837","Customer Purpose","iifl6","2026-09-23","17:40:37","9101049783"
"BM3837","Final Vault Closing","iifl6","2026-09-23","18:28:08","9101049783"
"BM3837","Final Vault Closing","iifl6","2026-09-23","18:45:55","@iifl.com>"
"BM3837","Customer Purpose","gen","2026-09-24","11:39:44","7002554766"
"BM3837","Customer Purpose","iifl6","2026-09-24","13:08:02","9101049783"
"BM3837","Customer Purpose","gen29","2026-09-24","13:45:14","7002554766"
"BM3837","Customer Purpose","gen19","2026-09-24","14:19:36","7002554766"
"BM3837","Customer Purpose","gen","2026-09-24","16:25:17","7002554766"
"BM3837","Customer Purpose","gen38","2026-09-24","17:32:23","7002554766"
"BM3837","Customer Purpose","gen28","2026-09-24","17:56:25","7002554766"
"BM3837","Customer Purpose","gen20","2026-09-24","18:06:48","7002554766"
"BM3837","Final Vault Closing","iifl5","2026-09-24","18:58:18","7002554766"
"BM3837","Customer Purpose","gen24","2026-09-25","11:01:06","7002554766"
"BM3837","Customer Purpose","gen6","2026-09-25","11:52:24","7002554766"
"BM3837","Customer Purpose","gen2","2026-09-25","12:12:52","7002554766"
"BM3837","Customer Purpose","gen","2026-09-25","12:57:43","7002554766"
"BM3837","Customer Purpose","gen15","2026-09-25","13:16:04","7002554766"
"BM3837","Customer Purpose","gen2","2026-09-25","13:54:37","9101049783"
"BM3837","Customer Purpose","gen18","2026-09-25","14:16:26","9101049783"
"BM3837","Customer Purpose","gen12","2026-09-25","15:39:56","9101049783"
"BM3837","Customer Purpose","gen6","2026-09-25","16:39:18","7002554766"
"BM3837","Customer Purpose","gen3","2026-09-25","17:24:04","7002554766"
"BM3837","Final Vault Closing","gen20","2026-09-25","18:27:22","9101049783"
"BM3837","Customer Purpose","gen18","2026-09-26","11:00:13","7002554766"
"BM3837","Customer Purpose","gen35","2026-09-26","11:33:59","7002554766"
"BM3837","Packet Counting","gen2","2026-09-26","12:55:45","7002554766"
"BM3837","Packet Counting","gen30","2026-09-26","13:46:55","7002554766"
"BM3837","Packet Counting","gen23","2026-09-26","14:32:43","7002554766"
"BM3837","Customer Purpose","iifl6","2026-09-26","15:43:59","9101049783"
"BM3837","Final Vault Closing","gen9","2026-09-26","17:57:15","9101049783"
"BM4245","Customer Purpose","gen12","2026-09-21","11:01:10","7002410949"
"BM4245","Customer Purpose","gen24","2026-09-21","13:07:45","7002410949"
"BM4245","Customer Purpose","gen12","2026-09-21","13:41:23","7002410949"
"BM4245","Final Vault Closing","gen20","2026-09-21","17:45:21","7002410949"
"BM4245","Customer Purpose","gen6","2026-09-22","11:01:26","7002410949"
"BM4245","Customer Purpose","gen9","2026-09-22","11:12:05","7002410949"
"BM4245","Customer Purpose","gen","2026-09-22","13:06:25","7002410949"
"BM4245","Customer Purpose","gen12","2026-09-22","13:19:38","7002410949"
"BM4245","Customer Purpose","gen17","2026-09-22","16:09:29","7002410949"
"BM4245","Customer Purpose","gen29","2026-09-22","17:14:22","7002410949"
"BM4245","Customer Purpose","gen2","2026-09-22","17:32:59","7002410949"
"BM4245","Final Vault Closing","gen31","2026-09-22","18:31:37","9395194359"
"BM4245","Customer Purpose","gen3","2026-09-23","10:19:46","9395194359"
"BM4245","Customer Purpose","gen1","2026-09-23","10:31:27","7002410949"
"BM4245","Customer Purpose","gen5","2026-09-23","11:15:56","9395194359"
"BM4245","Customer Purpose","gen16","2026-09-23","11:30:57","7002410949"
"BM4245","Customer Purpose","gen17","2026-09-23","11:41:50","9395194359"
"BM4245","Customer Purpose","gen26","2026-09-23","11:54:34","7002410949"
"BM4245","Customer Purpose","gen36","2026-09-23","12:19:06","9395194359"
"BM4245","Customer Purpose","gen2","2026-09-23","12:29:20","6000843726"
"BM4245","Customer Purpose","gen37","2026-09-23","14:34:40","7002410949"
"BM4245","Final Vault Closing","gen22","2026-09-23","18:16:15","9395194359"
"BM4245","Final Vault Closing","gen35","2026-09-23","18:29:51","9395194359"
"BM4245","Customer Purpose","gen25","2026-09-24","11:54:30","7002410949"
"BM4245","Customer Purpose","gen","2026-09-24","12:04:45","7002410949"
"BM4245","Customer Purpose","gen35","2026-09-24","14:22:34","7002410949"
"BM4245","Customer Purpose","gen26","2026-09-24","14:45:13","6000843726"
"BM4245","Customer Purpose","gen7","2026-09-24","15:16:33","7002410949"
"BM4245","Customer Purpose","gen3","2026-09-24","16:20:32","7002410949"
"BM4245","Final Vault Closing","gen21","2026-09-24","18:26:11","395194359-"
"BM4245","Customer Purpose","gen36","2026-09-25","11:53:53","7002410949"
"BM4245","Customer Purpose","gen14","2026-09-25","12:36:56","7002410949"
"BM4245","Final Vault Closing","gen28","2026-09-25","18:09:59","7002410949"
"BM4245","Customer Purpose","gen19","2026-09-26","10:29:57","7002410949"
"BM4245","Customer Purpose","gen3","2026-09-26","11:57:20","9395194359"
"BM4245","Customer Purpose","gen2","2026-09-26","12:48:40","7002410949"
"BM4245","Customer Purpose","iifl3","2026-09-26","13:04:19","7002410949"
"BM4245","Customer Purpose","gen34","2026-09-26","13:24:34","7002410949"
"BM4245","Customer Purpose","gen15","2026-09-26","13:36:00","7002410949"
"BM4245","Customer Purpose","gen23","2026-09-26","13:46:35","6000843726"
"BM4245","Customer Purpose","gen38","2026-09-26","14:32:17","9395194359"
"BM4245","Customer Purpose","gen10","2026-09-26","15:03:59","7002410949"
"BM4245","Customer Purpose","gen15","2026-09-26","15:43:26","7002410949"
"BM4245","Customer Purpose","gen22","2026-09-26","16:27:15","7002410949"
"BM4245","Customer Purpose","gen29","2026-09-26","16:36:37","9395194359"
"BM4245","Customer Purpose","gen49","2026-09-26","16:45:23","9395194359"
"BM4245","Customer Purpose","gen24","2026-09-26","16:57:45","7002410949"
"BM4245","Customer Purpose","gen7","2026-09-26","17:08:46","7002410949"
"BM4245","Customer Purpose","gen22","2026-09-26","17:22:13","9395194359"
"BM4245","Customer Purpose","gen26","2026-09-26","17:51:58","9395194359"
"BM4245","Final Vault Closing","gen38","2026-09-26","18:17:24","6000843726"
"BM4245","Customer Purpose","gen31","2026-09-27","11:09:29","9395194359"
"BM4479","Audit Purpose","gen35","2026-09-21","11:06:09","8876774068"
"BM4479","Audit Purpose","gen14","2026-09-21","12:57:12","9577201616"
"BM4479","Audit Purpose","gen34","2026-09-21","14:43:50","9577201616"
"BM4479","Audit Purpose","gen30","2026-09-21","16:23:39","9577201616"
"BM4479","Audit Purpose","gen16","2026-09-21","18:04:04","9577201616"
"BM4479","Audit Purpose","gen5","2026-09-22","11:06:32","8876774068"
"BM4479","Audit Purpose","gen16","2026-09-22","12:58:09","8638857925"
"BM4479","Audit Purpose","gen6","2026-09-22","14:31:51","9577201616"
"BM4479","Audit Purpose","gen31","2026-09-22","15:28:09","8876774068"
"BM4479","Audit Purpose","gen7","2026-09-22","16:06:31","9577201616"
"BM4479","Audit Purpose","gen50","2026-09-22","17:10:19","9577201616"
"BM4479","Final Vault Closing","gen2","2026-09-22","18:46:22","9577201616"
"BM4479","Audit Purpose","gen38","2026-09-23","10:23:50","8638857925"
"BM4479","Audit Purpose","gen30","2026-09-23","11:55:52","8638857925"
"BM4479","Audit Purpose","gen","2026-09-23","12:16:00","9577201616"
"BM4479","Audit Purpose","gen16","2026-09-23","14:11:01","9577201616"
"BM4479","Audit Purpose","gen","2026-09-23","16:04:42","9577201616"
"BM4479","Audit Purpose","gen21","2026-09-23","17:22:19","8876774068"
"BM4479","Final Vault Closing","gen11","2026-09-23","18:50:04","8876774068"
"BM4479","Audit Purpose","gen2","2026-09-24","10:42:19","9577201616"
"BM4479","Audit Purpose","gen34","2026-09-24","11:09:01","8876774068"
"BM4479","Audit Purpose","gen29","2026-09-24","13:30:00","8876774068"
"BM4479","Audit Purpose","gen30","2026-09-24","15:38:56","8638857925"
"BM4479","Audit Purpose","gen17","2026-09-24","16:45:55","9577201616"
"BM4479","Customer Purpose","gen21","2026-09-24","17:32:00","9577201616"
"BM4479","Final Vault Closing","gen36","2026-09-24","18:17:19","8876774068"
"BM4479","Customer Purpose","gen17","2026-09-25","11:13:50","8876774068"
"BM4479","Customer Purpose","gen25","2026-09-25","11:27:36","8638857925"
"BM4479","Customer Purpose","gen10","2026-09-25","12:35:34","8638857925"
"BM4479","Customer Purpose","gen25","2026-09-25","14:03:30","7002780511"
"BM4479","Customer Purpose","gen12","2026-09-25","15:50:53","6000795190"
"BM4479","Customer Purpose","gen24","2026-09-25","16:48:54","6000795190"
"BM4479","Customer Purpose","gen29","2026-09-25","16:56:56","7002780511"
"BM4479","Final Vault Closing","gen30","2026-09-25","18:19:24","6000795190"
"BM4479","Customer Purpose","gen33","2026-09-26","11:13:36","6000795190"
"BM4479","Customer Purpose","gen15","2026-09-26","11:59:36","7002780511"
"BM4479","Customer Purpose","gen6","2026-09-26","13:54:01","7002780511"
"BM4479","Customer Purpose","gen30","2026-09-26","15:30:39","7002780511"
"BM4479","Customer Purpose","gen17","2026-09-26","16:34:01","7002780511"
"BM4479","Final Vault Closing","gen7","2026-09-26","18:57:52","6000795190"
"BM4479","Customer Purpose","gen29","2026-09-27","12:00:34","7002780511"
"BM4535","Customer Purpose","gen25","2026-09-21","10:50:32","9403673549"
"BM4535","Customer Purpose","gen3","2026-09-21","11:34:36","9403673549"
"BM4535","Customer Purpose","gen4","2026-09-21","13:11:18","8956571335"
"BM4535","Customer Purpose","gen18","2026-09-21","13:46:40","8956571335"
"BM4535","Customer Purpose","gen20","2026-09-21","14:20:10","9403673549"
"BM4535","Customer Purpose","gen","2026-09-21","17:22:13","8956571335"
"BM4535","Audit Purpose","gen35","2026-09-22","10:56:25","8956571335"
"BM4535","Audit Purpose","gen35","2026-09-22","12:18:37","8956571335"
"BM4535","Audit Purpose","gen19","2026-09-22","13:20:34","9096284090"
"BM4535","Audit Purpose","gen23","2026-09-22","14:10:50","8956571335"
"BM4535","Audit Purpose","gen23","2026-09-22","14:58:47","8956571335"
"BM4535","Audit Purpose","gen23","2026-09-22","15:51:49","8956571335"
"BM4535","Audit Purpose","gen39","2026-09-22","16:50:23","9096284090"
"BM4535","Audit Purpose","gen5","2026-09-22","17:54:38","9096284090"
"BM4535","Audit Purpose","gen25","2026-09-22","18:33:42","9096284090"
"BM4535","Audit Purpose","iifl7","2026-09-22","19:28:03","9096284090"
"BM4535","Customer Purpose","gen37","2026-09-23","12:48:34","9096284090"
"BM4535","Customer Purpose","gen36","2026-09-23","14:05:01","8956571335"
"BM4535","Customer Purpose","gen36","2026-09-23","15:40:33","9096284090"
"BM4535","Customer Purpose","gen14","2026-09-23","16:25:26","8956571335"
"BM4535","Customer Purpose","gen3","2026-09-23","17:15:44","8956571335"
"BM4535","Customer Purpose","gen16","2026-09-24","10:27:02","8956571335"
"BM4535","Customer Purpose","gen32","2026-09-24","14:13:13","9096284090"
"BM4535","Customer Purpose","gen19","2026-09-24","17:12:22","8956571335"
"BM4535","Customer Purpose","gen11","2026-09-24","18:53:40","9096284090"
"BM4535","Customer Purpose","gen5","2026-09-25","10:31:39","8956571335"
"BM4535","Customer Purpose","gen","2026-09-25","11:10:23","8956571335"
"BM4535","Customer Purpose","gen10","2026-09-25","12:14:48","8956571335"
"BM4535","Customer Purpose","gen32","2026-09-25","12:54:58","8956571335"
"BM4535","Customer Purpose","gen10","2026-09-25","14:31:23","8956571335"
"BM4535","Customer Purpose","gen19","2026-09-26","12:06:31","8956571335"
"BM4535","Customer Purpose","gen2","2026-09-26","12:29:09","9096284090"
"BM4535","Other Purpose","gen35","2026-09-26","13:36:58","8956571335"
"BM4535","Customer Purpose","gen15","2026-09-26","14:37:50","8956571335"
"BM4535","Packet Counting","gen17","2026-09-26","15:14:27","9096284090"
"BM4535","Packet Counting","gen24","2026-09-26","16:08:46","8956571335"
"BM4535","Packet Counting","gen3","2026-09-26","17:03:51","8956571335"
"BM4535","Customer Purpose","gen31","2026-09-27","10:12:40","9096284090"
"BM4535","Customer Purpose","gen19","2026-09-27","12:00:24","9096284090"
"BM4535","Customer Purpose","gen17","2026-09-27","13:20:22","8956571335"
"BM4781","Customer Purpose","gen3","2026-09-21","11:29:19","8794850423"
"BM4781","Customer Purpose","gen14","2026-09-21","12:11:38","8794850423"
"BM4781","Customer Purpose","gen16","2026-09-21","13:47:48","7005112100"
"BM4781","Customer Purpose","gen1","2026-09-21","14:45:46","7005112100"
"BM4781","Customer Purpose","gen30","2026-09-21","16:01:33","9862295858"
"BM4781","Final Vault Closing","gen28","2026-09-21","17:57:19","7005112100"
"BM4781","Customer Purpose","gen24","2026-09-22","11:36:46","8794850423"
"BM4781","Customer Purpose","gen29","2026-09-22","13:33:20","8794850423"
"BM4781","Customer Purpose","gen1","2026-09-22","16:14:39","9862295858"
"BM4781","Customer Purpose","gen9","2026-09-22","18:43:16","7005112100"
"BM4781","Customer Purpose","gen31","2026-09-23","11:27:08","8794850423"
"BM4781","Customer Purpose","gen21","2026-09-23","12:57:03","7005112100"
"BM4781","Customer Purpose","gen","2026-09-23","14:02:26","8794850423"
"BM4781","Customer Purpose","gen33","2026-09-23","14:54:33","8794850423"
"BM4781","Customer Purpose","gen50","2026-09-23","17:15:55","8794850423"
"BM4781","Customer Purpose","gen22","2026-09-23","17:44:53","8794850423"
"BM4781","Final Vault Closing","gen17","2026-09-23","18:25:47","7005112100"
"BM4781","Customer Purpose","gen28","2026-09-24","11:30:51","8794850423"
"BM4781","Customer Purpose","gen21","2026-09-24","12:18:58","8794850423"
"BM4781","Customer Purpose","gen28","2026-09-24","13:07:10","8794850423"
"BM4781","Customer Purpose","gen11","2026-09-24","13:39:00","8794850423"
"BM4781","Customer Purpose","gen16","2026-09-24","14:28:12","9862295858"
"BM4781","Customer Purpose","gen6","2026-09-24","15:59:32","8794850423"
"BM4781","Final Vault Closing","gen9","2026-09-24","17:56:06","9862295858"
"BM4781","Customer Purpose","iifl5","2026-09-25","11:30:05","7005112100"
"BM4781","Customer Purpose","gen16","2026-09-25","12:45:01","9862295858"
"BM4781","Customer Purpose","gen11","2026-09-25","13:32:02","9862295858"
"BM4781","Customer Purpose","gen15","2026-09-25","13:56:47","9862295858"
"BM4781","Customer Purpose","gen","2026-09-25","14:21:03","9862295858"
"BM4781","Customer Purpose","gen3","2026-09-25","14:39:15","8794850423"
"BM4781","Final Vault Closing","gen11","2026-09-25","17:58:38","8794850423"
"BM4781","Customer Purpose","gen31","2026-09-26","11:28:12","8794850423"
"BM4781","Customer Purpose","gen18","2026-09-26","12:10:52","9862295858"
"BM4781","Customer Purpose","gen33","2026-09-26","14:35:17","8794850423"
"BM4781","Final Vault Closing","gen30","2026-09-26","17:46:48","8794850423"
"BM4781","Customer Purpose","gen25","2026-09-27","12:30:06","8794850423"
"BM5092","Customer Purpose","gen24","2026-09-21","11:10:07","8130960458"
"BM5092","Audit Purpose","gen41","2026-09-21","11:52:18","9650460282"
"BM5092","Customer Purpose","gen6","2026-09-21","13:41:19","9650460282"
"BM5092","Audit Purpose","gen28","2026-09-21","13:53:00","8130960458"
"BM5092","Audit Purpose","gen23","2026-09-21","14:31:23","9650460282"
"BM5092","Audit Purpose","gen37","2026-09-21","15:16:00","8130960458"
"BM5092","Audit Purpose","gen24","2026-09-21","16:19:26","8130960458"
"BM5092","Audit Purpose","gen17","2026-09-21","17:35:44","8130960458"
"BM5092","Final Vault Closing","gen10","2026-09-21","18:22:59","8130960458"
"BM5092","Audit Purpose","gen41","2026-09-22","11:11:35","8130960458"
"BM5092","Audit Purpose","gen15","2026-09-22","12:23:23","9650460282"
"BM5092","Audit Purpose","gen50","2026-09-22","13:42:18","8368100844"
"BM5092","Audit Purpose","gen32","2026-09-22","14:40:00","8130960458"
"BM5092","Audit Purpose","gen32","2026-09-22","15:13:57","8130960458"
"BM5092","Audit Purpose","gen15","2026-09-22","15:42:57","8368100844"
"BM5092","Audit Purpose","gen16","2026-09-22","16:28:25","8368100844"
"BM5092","Audit Purpose","gen7","2026-09-22","17:23:05","8130960458"
"BM5092","Audit Purpose","gen32","2026-09-22","18:11:01","8130960458"
"BM5092","Final Vault Closing","gen24","2026-09-22","18:46:24","8130960458"
"BM5092","Customer Purpose","gen8","2026-09-23","12:16:58","8368100844"
"BM5092","Customer Purpose","gen31","2026-09-23","13:09:46","8368100844"
"BM5092","Customer Purpose","gen11","2026-09-23","14:52:12","8130960458"
"BM5092","Customer Purpose","gen30","2026-09-23","15:33:50","8368100844"
"BM5092","Customer Purpose","gen15","2026-09-23","16:37:50","8368100844"
"BM5092","Customer Purpose","gen17","2026-09-23","16:45:27","8368100844"
"BM5092","Customer Purpose","gen21","2026-09-23","17:32:49","8130960458"
"BM5092","Final Vault Closing","gen31","2026-09-23","18:38:50","8130960458"
"BM5092","Customer Purpose","gen35","2026-09-24","12:52:31","8368100844"
"BM5092","Customer Purpose","gen17","2026-09-24","14:31:41","8130960458"
"BM5092","Customer Purpose","gen28","2026-09-24","15:18:15","8130960458"
"BM5092","Final Vault Closing","gen32","2026-09-24","18:29:25","8130960458"
"BM5092","Customer Purpose","gen35","2026-09-25","13:07:20","8368100844"
"BM5092","Customer Purpose","gen39","2026-09-25","13:25:29","8130960458"
"BM5092","Customer Purpose","gen36","2026-09-25","13:48:45","8130960458"
"BM5092","Customer Purpose","gen24","2026-09-25","14:04:19","8130960458"
"BM5092","Customer Purpose","gen26","2026-09-25","17:48:14","8130960458"
"BM5092","Final Vault Closing","gen24","2026-09-25","18:54:47","8130960458"
"BM5092","Customer Purpose","gen18","2026-09-26","13:33:51","12:59 LIVE"
"BM5092","Customer Purpose","gen19","2026-09-26","14:35:31","8130960458"
"BM5092","Customer Purpose","gen19","2026-09-26","15:28:31","8130960458"
"BM5092","Customer Purpose","gen19","2026-09-26","17:35:36","8130960458"
"BM5092","Final Vault Closing","admin","2026-09-26","18:19:03","8130960458"
"BM5092","Customer Purpose","gen11","2026-09-27","13:15:48","8130960458"
"BM5092","Customer Purpose","gen11","2026-09-27","14:32:53",": 14:28:04"
"BM5420","Customer Purpose","gen20","2026-09-21","11:06:52","9706402311"
"BM5420","Customer Purpose","gen35","2026-09-21","12:11:16","6003067262"
"BM5420","Customer Purpose","gen3","2026-09-21","13:16:51","7578061006"
"BM5420","Customer Purpose","gen3","2026-09-21","15:38:51","6003067262"
"BM5420","Final Vault Closing","gen","2026-09-21","18:26:51","9706402311"
"BM5420","Customer Purpose","gen3","2026-09-22","11:58:41","7578061006"
"BM5420","Customer Purpose","gen50","2026-09-22","12:55:36","6003067262"
"BM5420","Customer Purpose","gen19","2026-09-22","13:31:33","6003067262"
"BM5420","Customer Purpose","gen3","2026-09-22","14:15:44","6003067262"
"BM5420","Customer Purpose","gen31","2026-09-22","15:30:58","6003067262"
"BM5420","Customer Purpose","gen16","2026-09-22","15:55:27","7578061006"
"BM5420","Customer Purpose","gen26","2026-09-22","16:41:43","6003067262"
"BM5420","Final Vault Closing","gen13","2026-09-22","18:14:33","6003067262"
"BM5420","Customer Purpose","gen30","2026-09-23","10:41:12","6003067262"
"BM5420","Customer Purpose","gen32","2026-09-23","10:59:18","6003067262"
"BM5420","Customer Purpose","gen35","2026-09-23","14:54:52","6003067262"
"BM5420","Final Vault Closing","gen39","2026-09-23","17:54:32","9706402311"
"BM5420","Other Purpose","gen21","2026-09-24","11:22:35","7578061006"
"BM5420","Customer Purpose","gen37","2026-09-24","12:14:03","7578061006"
"BM5420","Customer Purpose","gen13","2026-09-24","14:43:37","6003067262"
"BM5420","Customer Purpose","gen6","2026-09-24","14:51:04","7578061006"
"BM5420","Customer Purpose","gen39","2026-09-24","15:17:29","6003067262"
"BM5420","Customer Purpose","gen19","2026-09-24","15:34:04","6003067262"
"BM5420","Final Vault Closing","gen24","2026-09-24","18:21:44","6003067262"
"BM5420","Customer Purpose","gen21","2026-09-25","11:05:35","6294361247"
"BM5420","Customer Purpose","gen11","2026-09-25","14:14:11","6003067262"
"BM5420","Customer Purpose","gen","2026-09-25","17:08:04","7578061006"
"BM5420","Final Vault Closing","gen26","2026-09-25","18:23:37","6003067262"
"BM5420","Customer Purpose","gen26","2026-09-26","10:49:57","9706402311"
"BM5420","Customer Purpose","gen10","2026-09-26","11:31:35","6003067262"
"BM5420","Customer Purpose","gen8","2026-09-26","11:55:04","6003067262"
"BM5420","Customer Purpose","gen20","2026-09-26","12:31:57","6003067262"
"BM5420","Customer Purpose","gen23","2026-09-26","14:03:09","9706402311"
"BM5420","Customer Purpose","gen18","2026-09-26","14:26:45","9706402311"
"BM5420","Customer Purpose","gen29","2026-09-26","15:35:48","e 15:31:45"
"BM5420","Packet Counting","gen25","2026-09-26","17:04:53","7578061006"
"BM5420","Final Vault Closing","gen2","2026-09-26","18:19:18","9706402311"
"BM5433","Customer Purpose","gen11","2026-09-21","11:53:21","8621021714"
"BM5433","Customer Purpose","gen9","2026-09-21","12:16:07","8621021714"
"BM5433","Customer Purpose","gen11","2026-09-21","15:25:54","8621021714"
"BM5433","Final Vault Closing","gen27","2026-09-21","17:42:23","8621021714"
"BM5433","Customer Purpose","gen32","2026-09-22","11:47:29","8621021714"
"BM5433","Customer Purpose","gen6","2026-09-22","15:39:06","8621021714"
"BM5433","Final Vault Closing","gen37","2026-09-22","17:44:58","8621021714"
"BM5433","Customer Purpose","gen11","2026-09-23","11:18:55","6294064722"
"BM5433","Final Vault Closing","gen20","2026-09-23","18:01:48","8621021714"
"BM5433","Customer Purpose","gen5","2026-09-24","10:26:53","8621021714"
"BM5433","Customer Purpose","gen15","2026-09-24","11:38:44","8621021714"
"BM5433","Customer Purpose","gen12","2026-09-24","12:13:45","8621021714"
"BM5433","Customer Purpose","gen23","2026-09-24","13:46:13","9382638300"
"BM5433","Customer Purpose","gen7","2026-09-24","15:38:05","8621021714"
"BM5433","Customer Purpose","gen23","2026-09-24","17:01:49","9382638300"
"BM5433","Final Vault Closing","gen30","2026-09-24","17:52:08","6294064722"
"BM5433","Customer Purpose","gen30","2026-09-25","15:08:49","8621021714"
"BM5433","Final Vault Closing","gen6","2026-09-25","17:36:15","8621021714"
"BM5433","Customer Purpose","gen7","2026-09-26","10:31:07","6294064722"
"BM5433","Customer Purpose","gen26","2026-09-26","12:45:00","9382638300"
"BM5433","Packet Counting","gen20","2026-09-26","15:46:13","9382638300"
"BM5433","Final Vault Closing","gen23","2026-09-26","17:48:40","9382638300"
"BM5441","Customer Purpose","gen18","2026-09-21","10:50:10","9748093383"
"BM5441","Customer Purpose","gen20","2026-09-21","12:43:09","9681772218"
"BM5441","Customer Purpose","gen14","2026-09-21","14:09:12","9748093383"
"BM5441","Customer Purpose","gen3","2026-09-21","14:57:40","9748093383"
"BM5441","Customer Purpose","gen34","2026-09-21","16:23:47","9748093383"
"BM5441","Final Vault Closing","gen24","2026-09-21","18:08:33","9748093383"
"BM5441","Customer Purpose","gen12","2026-09-22","10:41:32","9748093383"
"BM5441","Customer Purpose","gen10","2026-09-22","11:48:26","9748093383"
"BM5441","Customer Purpose","gen8","2026-09-22","14:24:47","9748093383"
"BM5441","Customer Purpose","gen50","2026-09-22","15:25:35","9748093383"
"BM5441","Final Vault Closing","gen24","2026-09-22","17:49:38","9748093383"
"BM5441","Customer Purpose","gen3","2026-09-23","10:33:17","9748093383"
"BM5441","Customer Purpose","gen25","2026-09-23","11:33:01","9748093383"
"BM5441","Customer Purpose","gen10","2026-09-23","14:56:42","9748093383"
"BM5441","Final Vault Closing","gen23","2026-09-23","17:46:30","9748093383"
"BM5441","Customer Purpose","gen","2026-09-24","11:17:34","9681772218"
"BM5441","Customer Purpose","gen36","2026-09-24","13:48:39","9681772218"
"BM5441","Customer Purpose","gen22","2026-09-24","15:05:53","9681772218"
"BM5441","Final Vault Closing","gen9","2026-09-24","17:59:52","9748093383"
"BM5441","Customer Purpose","gen19","2026-09-25","11:25:19","9748093383"
"BM5441","Customer Purpose","gen34","2026-09-25","12:01:16","9748093383"
"BM5441","Final Vault Closing","gen15","2026-09-25","17:51:39","9681772218"
"BM5441","Packet Counting","gen24","2026-09-26","15:07:01","9681772218"
"BM5441","Final Vault Closing","gen34","2026-09-26","18:00:40","9748093383"
"BM5525","Customer Purpose","gen39","2026-09-21","11:45:50","8013536261"
"BM5525","Customer Purpose","gen9","2026-09-21","12:22:04","8777306566"
"BM5525","Other Purpose","gen20","2026-09-21","12:51:39","8777306566"
"BM5525","Other Purpose","gen17","2026-09-21","13:22:11","9933384744"
"BM5525","Other Purpose","gen1","2026-09-21","14:18:55","8013536261"
"BM5525","Customer Purpose","gen26","2026-09-21","16:00:28","8777306566"
"BM5525","Final Vault Closing","gen17","2026-09-21","18:05:30","8777306566"
"BM5525","Customer Purpose","gen1","2026-09-22","12:53:15","8013536261"
"BM5525","Customer Purpose","gen29","2026-09-22","13:22:38","8013536261"
"BM5525","Customer Purpose","gen24","2026-09-22","13:33:39","9933384744"
"BM5525","Customer Purpose","gen14","2026-09-22","14:08:03","8013536261"
"BM5525","Customer Purpose","gen37","2026-09-22","16:04:45","8013536261"
"BM5525","Customer Purpose","gen36","2026-09-23","11:40:02","8013536261"
"BM5525","Final Vault Closing","gen15","2026-09-23","18:24:08","9933384744"
"BM5525","Customer Purpose","gen16","2026-09-24","10:57:30","8013536261"
"BM5525","Customer Purpose","gen20","2026-09-24","11:20:12","8777306566"
"BM5525","Customer Purpose","gen20","2026-09-24","12:04:09","8013536261"
"BM5525","Customer Purpose","gen30","2026-09-24","12:59:42","8013536261"
"BM5525","Customer Purpose","gen2","2026-09-24","13:54:00","8013536261"
"BM5525","Customer Purpose","gen20","2026-09-24","15:48:30","8777306566"
"BM5525","Customer Purpose","gen17","2026-09-24","16:29:48","8777306566"
"BM5525","Customer Purpose","gen37","2026-09-24","17:52:01","8013536261"
"BM5525","Final Vault Closing","gen17","2026-09-24","18:25:08","8777306566"
"BM5525","Audit Purpose","gen7","2026-09-25","10:36:07","8013536261"
"BM5525","Audit Purpose","gen29","2026-09-25","12:00:55","8777306566"
"BM5525","Audit Purpose","gen15","2026-09-25","14:23:21","8777306566"
"BM5525","Audit Purpose","gen9","2026-09-25","15:03:25","8013536261"
"BM5525","Audit Purpose","gen29","2026-09-25","16:11:15","8777306566"
"BM5525","Audit Purpose","gen23","2026-09-25","16:39:54","8777306566"
"BM5525","Audit Purpose","gen9","2026-09-25","17:28:12","8777306566"
"BM5525","Final Vault Closing","gen10","2026-09-25","17:59:37","8777306566"
"BM5525","Audit Purpose","gen36","2026-09-26","10:34:06","8013536261"
"BM5525","Audit Purpose","gen21","2026-09-26","11:23:00","8777306566"
"BM5525","Audit Purpose","gen29","2026-09-26","12:21:13","8777306566"
"BM5525","Audit Purpose","gen11","2026-09-26","13:37:30","8777306566"
"BM5525","Audit Purpose","gen22","2026-09-26","15:19:21","8777306566"
"BM5525","Audit Purpose","gen26","2026-09-26","16:47:00","9933384744"
"BM5525","Final Vault Closing","gen7","2026-09-26","17:58:31","8013536261"
"BM5579","Customer Purpose","gen29","2026-09-21","10:22:23","8486280584"
"BM5579","Customer Purpose","gen7","2026-09-21","11:55:52","8486280584"
"BM5579","Customer Purpose","gen4","2026-09-21","12:09:59","8136026645"
"BM5579","Customer Purpose","gen14","2026-09-21","12:43:07","8136026645"
"BM5579","Customer Purpose","gen14","2026-09-21","13:21:54","8136026645"
"BM5579","Customer Purpose","gen1","2026-09-21","14:35:56","8486280584"
"BM5579","Customer Purpose","gen14","2026-09-21","16:37:30","8136026645"
"BM5579","Final Vault Closing","gen6","2026-09-21","18:20:20","8486280584"
"BM5579","Customer Purpose","gen39","2026-09-22","10:33:56","8486280584"
"BM5579","Customer Purpose","gen37","2026-09-22","11:23:56","8136026645"
"BM5579","Customer Purpose","gen11","2026-09-22","11:38:02","8486280584"
"BM5579","Customer Purpose","gen","2026-09-22","11:52:08","8136026645"
"BM5579","Customer Purpose","gen4","2026-09-22","12:26:43","8136026645"
"BM5579","Customer Purpose","gen7","2026-09-22","12:55:23","8136026645"
"BM5579","Customer Purpose","gen2","2026-09-22","13:05:56","8136026645"
"BM5579","Customer Purpose","gen5","2026-09-22","16:30:08","8136026645"
"BM5579","Customer Purpose","gen4","2026-09-22","16:53:38","8486280584"
"BM5579","Final Vault Closing","gen32","2026-09-22","17:35:00","8136026645"
"BM5579","Customer Purpose","gen2","2026-09-23","12:41:44","8136026645"
"BM5579","Customer Purpose","gen32","2026-09-23","14:15:24","8136026645"
"BM5579","Customer Purpose","gen16","2026-09-23","15:29:53","8136026645"
"BM5579","Customer Purpose","gen31","2026-09-23","15:59:47","8136026645"
"BM5579","Final Vault Closing","gen10","2026-09-23","18:30:45","8136026645"
"BM5579","Customer Purpose","gen30","2026-09-24","10:44:16","8136026645"
"BM5579","Customer Purpose","gen4","2026-09-24","11:51:15","8136026645"
"BM5579","Customer Purpose","gen14","2026-09-24","12:26:54","8486280584"
"BM5579","Customer Purpose","gen2","2026-09-24","12:38:17","8486280584"
"BM5579","Customer Purpose","gen10","2026-09-24","13:08:16","8136026645"
"BM5579","Customer Purpose","gen11","2026-09-24","17:46:21","8136026645"
"BM5579","Final Vault Closing","gen5","2026-09-24","18:07:32","8486280584"
"BM5579","Customer Purpose","gen23","2026-09-25","10:05:29","8136026645"
"BM5579","Customer Purpose","gen10","2026-09-25","11:40:01","8486280584"
"BM5579","Customer Purpose","gen34","2026-09-25","12:10:38","8486280584"
"BM5579","Customer Purpose","gen10","2026-09-25","12:19:34","8486280584"
"BM5579","Customer Purpose","gen32","2026-09-25","13:59:46","8486280584"
"BM5579","Final Vault Closing","gen12","2026-09-25","18:20:21","8486280584"
"BM5579","Customer Purpose","gen35","2026-09-26","11:26:29","8486280584"
"BM5579","Customer Purpose","gen17","2026-09-26","11:48:10","8136026645"
"BM5579","Customer Purpose","gen14","2026-09-26","12:12:37","8136026645"
"BM5579","Customer Purpose","gen28","2026-09-26","12:38:49","8486280584"
"BM5579","Customer Purpose","gen4","2026-09-26","13:37:27","8136026645"
"BM5579","Customer Purpose","gen20","2026-09-26","15:37:17","8486280584"
"BM5579","Customer Purpose","gen30","2026-09-26","17:08:42","8136026645"
"BM5579","Final Vault Closing","gen2","2026-09-26","18:24:11","8136026645"
"BM5579","Customer Purpose","gen6","2026-09-27","14:51:19","8136026645"
"BM5614","Customer Purpose","gen41","2026-09-21","12:33:38","7978046919"
"BM5614","Customer Purpose","gen29","2026-09-21","13:24:34","7978046919"
"BM5614","Customer Purpose","gen6","2026-09-21","14:38:09","7978046919"
"BM5614","Customer Purpose","gen35","2026-09-21","15:03:45","7978046919"
"BM5614","Customer Purpose","gen4","2026-09-21","16:04:36","7978046919"
"BM5614","Customer Purpose","gen35","2026-09-21","17:14:10","7978046919"
"BM5614","Customer Purpose","gen35","2026-09-22","16:47:43","7978046919"
"BM5614","Customer Purpose","gen11","2026-09-22","17:23:10","7978046919"
"BM5614","Final Vault Closing","gen35","2026-09-22","17:54:56","7978046919"
"BM5614","Customer Purpose","gen23","2026-09-23","11:44:55","7978046919"
"BM5614","Customer Purpose","gen22","2026-09-23","13:25:44","7978046919"
"BM5614","Final Vault Closing","gen32","2026-09-23","18:10:18","7978046919"
"BM5614","Customer Purpose","iifl6","2026-09-24","12:55:02","7978046919"
"BM5614","Other Purpose","gen22","2026-09-24","14:33:25","7978046919"
"BM5614","Customer Purpose","gen30","2026-09-24","17:29:28"," PATTANAIK"
"BM5614","Customer Purpose","gen29","2026-09-25","12:21:07"," PATTANAIK"
"BM5614","Customer Purpose","gen19","2026-09-25","13:17:52","7978046919"
"BM5614","Customer Purpose","gen16","2026-09-25","14:29:01","7978046919"
"BM5614","Customer Purpose","gen25","2026-09-25","16:26:11","7978046919"
"BM5614","Final Vault Closing","gen2","2026-09-25","18:00:32","7978046919"
"BM5614","Customer Purpose","gen25","2026-09-26","11:49:28","7978046919"
"BM5614","Customer Purpose","gen20","2026-09-26","12:43:27","7978046919"
"BM5614","Customer Purpose","gen20","2026-09-26","12:43:53","7978046919"
"BM5614","Customer Purpose","gen29","2026-09-26","15:17:17","8763459497"
"BM5614","Packet Counting","gen36","2026-09-26","16:29:00","8763459497"
"BM5614","Final Vault Closing","gen35","2026-09-26","18:01:49","7978046919"
"BM5614","Packet Counting","gen30","2026-09-27","12:12:41","8763459497"
"BM5614","Packet Counting","gen16","2026-09-27","13:29:02","7978046919"
"BM5673","Customer Purpose","gen25","2026-09-21","11:20:48","9748147421"
"BM5673","Customer Purpose","gen3","2026-09-21","12:18:37","9874823371"
"BM5673","Customer Purpose","gen15","2026-09-21","12:52:08","9874823371"
"BM5673","Customer Purpose","gen7","2026-09-21","13:03:02","9874823371"
"BM5673","Customer Purpose","gen20","2026-09-21","13:33:23","9874823371"
"BM5673","Customer Purpose","gen14","2026-09-21","14:12:59","9874823371"
"BM5673","Customer Purpose","gen2","2026-09-21","16:40:27","9748147421"
"BM5673","Customer Purpose","gen15","2026-09-21","17:02:28","9874823371"
"BM5673","Customer Purpose","gen4","2026-09-21","17:15:20","9748147421"
"BM5673","Final Vault Closing","gen17","2026-09-21","18:21:21","9748147421"
"BM5673","Customer Purpose","gen6","2026-09-22","10:32:28","9748147421"
"BM5673","Audit Purpose","gen15","2026-09-22","11:28:19","9748147421"
"BM5673","Audit Purpose","gen6","2026-09-22","12:32:50","9748147421"
"BM5673","Audit Purpose","gen32","2026-09-22","13:58:32","9874823371"
"BM5673","Audit Purpose","gen15","2026-09-22","15:34:32","9748147421"
"BM5673","Audit Purpose","gen5","2026-09-22","17:02:04","9748147421"
"BM5673","Final Vault Closing","gen31","2026-09-22","18:20:41","9748147421"
"BM5673","Audit Purpose","gen30","2026-09-23","10:51:38","9748147421"
"BM5673","Customer Purpose","gen50","2026-09-23","11:33:06","9748147421"
"BM5673","Audit Purpose","gen50","2026-09-23","11:59:04","9874823371"
"BM5673","Audit Purpose","gen22","2026-09-23","12:55:10","9874823371"
"BM5673","Audit Purpose","gen36","2026-09-23","14:46:50","9874823371"
"BM5673","Audit Purpose","gen27","2026-09-23","16:01:39","9874823371"
"BM5673","Audit Purpose","gen23","2026-09-23","17:06:26","9874823371"
"BM5673","Final Vault Closing","gen2","2026-09-23","18:10:04","9874823371"
"BM5673","Audit Purpose","gen36","2026-09-24","10:52:20","9748147421"
"BM5673","Audit Purpose","gen1","2026-09-24","11:47:22","9748147421"
"BM5673","Customer Purpose","gen29","2026-09-24","12:07:30","9748147421"
"BM5673","Customer Purpose","gen10","2026-09-24","12:18:44","9748147421"
"BM5673","Customer Purpose","gen38","2026-09-24","12:35:15","9748147421"
"BM5673","Customer Purpose","gen21","2026-09-24","13:08:15","9748147421"
"BM5673","Customer Purpose","gen22","2026-09-24","13:28:48","9748147421"
"BM5673","Audit Purpose","gen37","2026-09-24","15:20:05","9748147421"
"BM5673","Audit Purpose","gen29","2026-09-24","16:29:43","9874823371"
"BM5673","Final Vault Closing","gen9","2026-09-24","18:07:06","9748147421"
"BM5673","Customer Purpose","gen","2026-09-25","10:55:20","9874823371"
"BM5673","Customer Purpose","gen21","2026-09-25","12:26:49","9748147421"
"BM5673","Customer Purpose","gen30","2026-09-25","15:04:51","9874823371"
"BM5673","Customer Purpose","gen4","2026-09-25","15:14:23","9748147421"
"BM5673","Customer Purpose","gen12","2026-09-25","15:24:22","9748147421"
"BM5673","Customer Purpose","gen17","2026-09-25","16:46:07","9748147421"
"BM5673","Final Vault Closing","gen24","2026-09-25","18:08:34","9748147421"
"BM5673","Customer Purpose","gen25","2026-09-26","10:31:41","9874823371"
"BM5673","Customer Purpose","gen32","2026-09-26","12:43:37","9748147421"
"BM5673","Customer Purpose","gen31","2026-09-26","13:21:44","9748147421"
"BM5673","Customer Purpose","gen15","2026-09-26","15:25:19","9038840079"
"BM5673","Customer Purpose","gen30","2026-09-26","15:53:25","9038840079"
"BM5673","Customer Purpose","gen2","2026-09-26","17:16:29","9748147421"
"BM5673","Final Vault Closing","gen9","2026-09-26","18:04:59","9874823371"
"BM5673","Packet Counting","gen4","2026-09-27","11:28:16","9748147421"
"BM5673","Packet Counting","gen17","2026-09-27","12:28:03","9748147421"
"BM5673","Customer Purpose","gen37","2026-09-27","13:23:51","9748147421"
"BM5674","Customer Purpose","gen17","2026-09-21","16:10:20","9127111819"
"BM5674","Final Vault Closing","gen2","2026-09-21","18:22:15","6003263445"
"BM5674","Customer Purpose","gen7","2026-09-21","18:51:14","9127111819"
"BM5674","Customer Purpose","gen35","2026-09-22","12:59:18","6003263445"
"BM5674","Customer Purpose","gen5","2026-09-22","13:56:34","9127111819"
"BM5674","Customer Purpose","gen22","2026-09-22","15:03:24","6003263445"
"BM5674","Customer Purpose","gen24","2026-09-22","16:31:24","6003263445"
"BM5674","Customer Purpose","gen21","2026-09-22","16:39:58","6003263445"
"BM5674","Final Vault Closing","gen","2026-09-22","17:37:32","6003263445"
"BM5674","Customer Purpose","gen17","2026-09-23","14:42:08","6003263445"
"BM5674","Customer Purpose","gen17","2026-09-23","16:37:25","6003263445"
"BM5674","Customer Purpose","gen36","2026-09-23","17:11:40","9127111819"
"BM5674","Final Vault Closing","iifl6","2026-09-23","18:04:51","9127111819"
"BM5674","Customer Purpose","gen19","2026-09-24","11:15:44","6001421282"
"BM5674","Customer Purpose","gen22","2026-09-24","12:28:37","6003263445"
"BM5674","Customer Purpose","gen10","2026-09-24","13:34:32","6003263445"
"BM5674","Customer Purpose","gen21","2026-09-24","17:00:48","6001421282"
"BM5674","Final Vault Closing","gen14","2026-09-24","17:37:25","9127111819"
"BM5674","Customer Purpose","gen22","2026-09-25","11:59:53","6003263445"
"BM5674","Customer Purpose","gen34","2026-09-25","13:26:37","9127111819"
"BM5674","Customer Purpose","gen17","2026-09-25","13:49:40","9127111819"
"BM5674","Customer Purpose","gen32","2026-09-25","14:12:05","6003263445"
"BM5674","Customer Purpose","gen8","2026-09-25","14:45:24","9127111819"
"BM5674","Customer Purpose","gen31","2026-09-25","16:19:27","6003263445"
"BM5674","Customer Purpose","gen21","2026-09-25","16:30:56","6003263445"
"BM5674","Customer Purpose","gen2","2026-09-25","17:25:30","9127111819"
"BM5674","Final Vault Closing","iifl6","2026-09-25","17:59:27","9127111819"
"BM5674","Final Vault Closing","gen12","2026-09-25","18:00:50","9127111819"
"BM5674","Customer Purpose","gen14","2026-09-26","12:59:50","9127111819"
"BM5674","Customer Purpose","gen21","2026-09-26","14:27:41","9127111819"
"BM5674","Packet Counting","gen22","2026-09-26","15:48:53","6003263445"
"BM5674","Packet Counting","gen15","2026-09-26","17:06:27","6003263445"
"BM5674","Customer Purpose","gen4","2026-09-27","12:24:15","9127111819"
"BM5674","Customer Purpose","gen19","2026-09-27","13:50:05","9127111819"
"BM5727","Customer Purpose","gen11","2026-09-21","11:04:48","9127148241"
"BM5727","Customer Purpose","gen19","2026-09-21","13:43:15","9706263693"
"BM5727","Customer Purpose","gen27","2026-09-21","15:27:32","8638856386"
"BM5727","Final Vault Closing","gen11","2026-09-21","18:31:07","9127148241"
"BM5727","Customer Purpose","gen3","2026-09-22","11:24:51","9706263693"
"BM5727","Customer Purpose","gen23","2026-09-22","15:39:31","9706263693"
"BM5727","Customer Purpose","gen","2026-09-22","17:17:35","9127148241"
"BM5727","Customer Purpose","gen11","2026-09-22","17:59:19","9127148241"
"BM5727","Final Vault Closing","gen31","2026-09-22","18:41:33","9127148241"
"BM5727","Customer Purpose","gen14","2026-09-23","16:58:31","9127148241"
"BM5727","Final Vault Closing","gen2","2026-09-23","18:18:19","9127148241"
"BM5727","Customer Purpose","gen9","2026-09-24","11:46:17","9127148241"
"BM5727","Customer Purpose","gen39","2026-09-24","12:50:01","8638856386"
"BM5727","Customer Purpose","gen26","2026-09-24","13:45:24","8638856386"
"BM5727","Customer Purpose","gen7","2026-09-24","15:04:30","8638856386"
"BM5727","Customer Purpose","gen38","2026-09-24","16:15:14","9127148241"
"BM5727","Final Vault Closing","gen5","2026-09-24","18:14:40","8638856386"
"BM5727","Customer Purpose","gen15","2026-09-25","12:01:07","8638856386"
"BM5727","Customer Purpose","gen1","2026-09-25","14:34:10","9127148241"
"BM5727","Final Vault Closing","iifl3","2026-09-25","19:40:59","9127148241"
"BM5727","Packet Counting","gen4","2026-09-26","14:02:12","8638856386"
"BM5727","Packet Counting","gen38","2026-09-26","14:54:14","9127148241"
"BM5727","Customer Purpose","gen21","2026-09-26","17:24:29","9127148241"
"BM5727","Final Vault Closing","iifl2","2026-09-26","18:22:46","8638856386"
"BM5727","Customer Purpose","gen19","2026-09-27","13:18:08","9127148241"
"BM5728","Customer Purpose","gen2","2026-09-21","11:06:28","8972434638"
"BM5728","Customer Purpose","gen18","2026-09-21","12:21:02","8972434638"
"BM5728","Customer Purpose","gen26","2026-09-21","14:11:51","9734584696"
"BM5728","Customer Purpose","gen20","2026-09-21","16:59:48","9734584696"
"BM5728","Final Vault Closing","gen19","2026-09-21","18:24:52","9734584696"
"BM5728","Customer Purpose","gen9","2026-09-22","12:39:18","8972434638"
"BM5728","Customer Purpose","gen9","2026-09-22","13:57:22","8972434638"
"BM5728","Final Vault Closing","gen8","2026-09-22","18:00:23","9734584696"
"BM5728","Customer Purpose","gen4","2026-09-23","11:22:22","8972434638"
"BM5728","Customer Purpose","gen21","2026-09-23","11:38:33","8509223280"
"BM5728","Customer Purpose","gen34","2026-09-23","12:07:57","8972434638"
"BM5728","Customer Purpose","gen8","2026-09-23","13:35:59","8509223280"
"BM5728","Customer Purpose","gen30","2026-09-23","15:05:24","8509223280"
"BM5728","Customer Purpose","gen32","2026-09-23","16:34:49","8509223280"
"BM5728","Final Vault Closing","gen27","2026-09-23","17:59:38","8972434638"
"BM5728","Customer Purpose","gen17","2026-09-24","16:22:49","8509223280"
"BM5728","Final Vault Closing","gen1","2026-09-24","18:32:48","8972434638"
"BM5728","Customer Purpose","gen6","2026-09-25","11:05:40","8972434638"
"BM5728","Customer Purpose","gen28","2026-09-25","12:57:27","9734584696"
"BM5728","Final Vault Closing","gen25","2026-09-25","18:16:19","8972434638"
"BM5728","Customer Purpose","gen12","2026-09-26","10:59:33","8972434638"
"BM5728","Customer Purpose","gen11","2026-09-26","11:39:38","8509223280"
"BM5728","Customer Purpose","gen10","2026-09-26","13:05:10","9734584696"
"BM5728","Packet Counting","gen26","2026-09-26","13:32:10","9734584696"
"BM5728","Final Vault Closing","gen7","2026-09-26","17:39:20","8972434638"
"BM5729","Customer Purpose","gen41","2026-09-21","10:33:35","7001616451"
"BM5729","Customer Purpose","gen17","2026-09-21","13:09:26","9733785827"
"BM5729","Customer Purpose","gen37","2026-09-21","15:39:00","9733785827"
"BM5729","Customer Purpose","gen35","2026-09-21","16:49:59","9733785827"
"BM5729","Final Vault Closing","gen7","2026-09-21","18:22:45","9733785827"
"BM5729","Customer Purpose","gen16","2026-09-22","11:28:22","7001616451"
"BM5729","Customer Purpose","gen33","2026-09-22","12:35:21","7001616451"
"BM5729","Customer Purpose","gen33","2026-09-22","14:28:44","7001616451"
"BM5729","Customer Purpose","gen10","2026-09-22","16:09:24","7001616451"
"BM5729","Final Vault Closing","gen31","2026-09-22","18:12:13","9733785827"
"BM5729","Customer Purpose","gen23","2026-09-23","13:23:45","7001616451"
"BM5729","Customer Purpose","gen8","2026-09-23","13:56:40","7001616451"
"BM5729","Final Vault Closing","gen","2026-09-23","17:57:02","9733785827"
"BM5729","Customer Purpose","gen5","2026-09-24","11:03:10","9733785827"
"BM5729","Customer Purpose","gen23","2026-09-24","12:13:05","7001616451"
"BM5729","Customer Purpose","gen4","2026-09-24","15:39:00","7001616451"
"BM5729","Final Vault Closing","gen36","2026-09-24","17:42:58","9733785827"
"BM5729","Customer Purpose","gen15","2026-09-25","13:07:02","7001616451"
"BM5729","Customer Purpose","gen11","2026-09-25","17:30:36","7001616451"
"BM5729","Final Vault Closing","gen6","2026-09-25","18:06:59","7001616451"
"BM5729","Customer Purpose","gen18","2026-09-26","11:59:05","9733785827"
"BM5729","Packet Counting","gen24","2026-09-26","14:12:48","7001616451"
"BM5729","Packet Counting","gen1","2026-09-26","15:05:18","9733785827"
"BM5729","Packet Counting","gen4","2026-09-26","16:02:14","9733785827"
"BM5729","Final Vault Closing","gen15","2026-09-26","17:35:46","7001616451"
"BM5729","Customer Purpose","gen4","2026-09-27","13:19:14","9733785827"
"BM5731","Audit Purpose","gen50","2026-09-21","10:23:31","9830567480"
"BM5731","Audit Purpose","gen9","2026-09-21","14:01:31","9830567480"
"BM5731","Audit Purpose","gen10","2026-09-21","15:19:40","9830567480"
"BM5731","Audit Purpose","gen22","2026-09-21","17:35:41","9830567480"
"BM5731","Audit Purpose","gen3","2026-09-21","18:32:17","USTOODIAN."
"BM5731","Final Vault Closing","gen6","2026-09-21","18:44:04","9836550767"
"BM5731","Customer Purpose","gen9","2026-09-22","12:49:12","9836550767"
"BM5731","Customer Purpose","gen32","2026-09-22","15:24:59","9681037251"
"BM5731","Customer Purpose","gen34","2026-09-22","16:15:19","9836550767"
"BM5731","Final Vault Closing","gen33","2026-09-22","17:43:21","9836550767"
"BM5731","Customer Purpose","gen7","2026-09-23","15:41:39","9836550767"
"BM5731","Final Vault Closing","gen11","2026-09-23","18:00:19","9836550767"
"BM5731","Customer Purpose","gen7","2026-09-24","11:08:50","9836550767"
"BM5731","Customer Purpose","gen29","2026-09-24","14:59:22","9681037251"
"BM5731","Customer Purpose","gen20","2026-09-24","17:17:15","9836550767"
"BM5731","Final Vault Closing","gen26","2026-09-24","18:05:53","9681037251"
"BM5731","Customer Purpose","gen31","2026-09-25","10:15:58","9681037251"
"BM5731","Customer Purpose","gen10","2026-09-25","18:42:42","9681037251"
"BM5731","Customer Purpose","gen21","2026-09-26","11:54:24","9836550767"
"BM5731","Audit Purpose","gen37","2026-09-26","14:34:54","9836550767"
"BM5731","Packet Counting","gen7","2026-09-26","15:44:56","9836550767"
"BM5731","Final Vault Closing","gen38","2026-09-26","17:35:12","9836550767"
"BM5731","Customer Purpose","gen31","2026-09-27","11:59:36","9836550767"
"BM5771","Customer Purpose","gen7","2026-09-21","11:31:33","6372849214"
"BM5771","Customer Purpose","gen23","2026-09-21","12:02:58","6372849214"
"BM5771","Customer Purpose","gen4","2026-09-21","13:17:40","6372849214"
"BM5771","Customer Purpose","gen3","2026-09-21","14:19:10","6372849214"
"BM5771","Customer Purpose","gen17","2026-09-21","15:54:10","6372849214"
"BM5771","Customer Purpose","gen24","2026-09-21","16:26:07","6372849214"
"BM5771","Final Vault Closing","gen32","2026-09-21","17:51:11","6372849214"
"BM5771","Customer Purpose","gen2","2026-09-22","11:03:50","6372849214"
"BM5771","Customer Purpose","gen30","2026-09-22","11:51:19","6372849214"
"BM5771","Customer Purpose","gen10","2026-09-22","12:09:12","6372849214"
"BM5771","Customer Purpose","gen15","2026-09-22","12:58:20","7609024463"
"BM5771","Packet Counting","gen23","2026-09-22","13:27:42","6372849214"
"BM5771","Customer Purpose","gen41","2026-09-22","16:17:18","7609024463"
"BM5771","Customer Purpose","gen","2026-09-22","17:08:58","7377970403"
"BM5771","Customer Purpose","gen27","2026-09-22","17:30:08","6372849214"
"BM5771","Final Vault Closing","gen18","2026-09-22","17:55:41","7609024463"
"BM5771","Customer Purpose","gen7","2026-09-23","11:17:09","6372849214"
"BM5771","Customer Purpose","gen25","2026-09-23","11:42:39","7609024463"
"BM5771","Customer Purpose","gen35","2026-09-23","12:50:27","6372849214"
"BM5771","Customer Purpose","gen17","2026-09-23","14:46:30","7377970403"
"BM5771","Customer Purpose","gen11","2026-09-23","16:11:49","6372849214"
"BM5771","Customer Purpose","gen14","2026-09-23","16:53:43","6372849214"
"BM5771","Final Vault Closing","gen33","2026-09-23","17:45:46","7609024463"
"BM5771","Customer Purpose","gen32","2026-09-24","10:37:53","7609024463"
"BM5771","Customer Purpose","gen37","2026-09-24","11:20:08","7609024463"
"BM5771","Customer Purpose","gen","2026-09-24","12:59:33","ot operate"
"BM5771","Customer Purpose","gen1","2026-09-24","13:29:26","6372849214"
"BM5771","Customer Purpose","gen7","2026-09-24","13:38:43","6372849214"
"BM5771","Customer Purpose","gen16","2026-09-24","13:50:22","7377970403"
"BM5771","Customer Purpose","gen23","2026-09-24","16:05:30","7377970403"
"BM5771","Customer Purpose","gen14","2026-09-24","16:32:35","7377970403"
"BM5771","Final Vault Closing","gen36","2026-09-24","18:05:33","7609024463"
"BM5771","Customer Purpose","gen","2026-09-25","10:31:40","6372849214"
"BM5771","Customer Purpose","gen38","2026-09-25","13:06:34","6372849214"
"BM5771","Customer Purpose","gen11","2026-09-25","13:25:58","6372849214"
"BM5771","Customer Purpose","gen23","2026-09-25","14:33:51","7377970403"
"BM5771","Customer Purpose","gen5","2026-09-25","16:33:35","6372849214"
"BM5771","Customer Purpose","gen29","2026-09-25","16:59:54","6372849214"
"BM5771","Final Vault Closing","gen28","2026-09-25","17:58:34","6372849214"
"BM5771","Customer Purpose","gen21","2026-09-26","10:57:06","7609024463"
"BM5771","Customer Purpose","gen17","2026-09-26","11:53:50","7609024463"
"BM5771","Customer Purpose","gen7","2026-09-26","14:03:09","6372849214"
"BM5771","Customer Purpose","gen38","2026-09-26","14:25:50","6372849214"
"BM5771","Customer Purpose","gen23","2026-09-26","14:46:40","7377970403"
"BM5771","Packet Counting","gen11","2026-09-26","15:39:58","6372849214"
"BM5771","Final Vault Closing","gen49","2026-09-26","18:26:12","6372849214"
"BM5771","Customer Purpose","gen19","2026-09-27","10:16:00","7609024463"
"BM5776","Customer Purpose","gen11","2026-09-21","10:39:09","9674261849"
"BM5776","Customer Purpose","gen1","2026-09-21","11:41:50","9674261849"
"BM5776","Customer Purpose","gen27","2026-09-21","15:40:41","9804125421"
"BM5776","Customer Purpose","gen37","2026-09-21","15:58:10","9674261849"
"BM5776","Customer Purpose","gen37","2026-09-21","15:58:19",""
"BM5776","Final Vault Closing","gen37","2026-09-21","18:10:57","8240387255"
"BM5776","Customer Purpose","gen9","2026-09-22","10:14:15","9674261849"
"BM5776","Customer Purpose","gen40","2026-09-22","11:47:17","9674261849"
"BM5776","Customer Purpose","gen7","2026-09-22","12:36:11","9804125421"
"BM5776","Customer Purpose","gen31","2026-09-22","13:34:08","8240387255"
"BM5776","Customer Purpose","gen34","2026-09-22","17:04:47","9674261849"
"BM5776","Final Vault Closing","gen6","2026-09-22","18:14:56","8240387255"
"BM5776","Customer Purpose","gen11","2026-09-23","11:31:13","9674261849"
"BM5776","Customer Purpose","gen24","2026-09-23","11:35:51","9804125421"
"BM5776","Final Vault Closing","gen26","2026-09-23","18:09:03","9804125421"
"BM5776","Customer Purpose","gen10","2026-09-24","12:33:29","9674261849"
"BM5776","Customer Purpose","gen22","2026-09-24","15:25:55","8240387255"
"BM5776","Customer Purpose","gen","2026-09-24","17:20:30","9674261849"
"BM5776","Final Vault Closing","gen39","2026-09-24","18:02:02","9674261849"
"BM5776","Customer Purpose","gen3","2026-09-25","10:59:39","8240387255"
"BM5776","Customer Purpose","gen35","2026-09-25","15:35:32","8240387255"
"BM5776","Final Vault Closing","gen11","2026-09-25","18:07:35","8240387255"
"BM5776","Customer Purpose","gen2","2026-09-26","11:00:10","9674261849"
"BM5776","Customer Purpose","gen17","2026-09-26","13:13:40","9804125421"
"BM5776","Customer Purpose","gen18","2026-09-26","14:33:38","8240387255"
"BM5776","Packet Counting","gen6","2026-09-26","15:54:53","9674261849"
"BM5776","Packet Counting","gen14","2026-09-26","16:48:38","9804125421"
"BM5776","Packet Counting","gen17","2026-09-26","17:04:33","9804125421"
"BM5776","Final Vault Closing","gen26","2026-09-26","18:05:45","9674261849"
"BM5776","Customer Purpose","gen10","2026-09-27","12:02:28","8240387255"
"BM5777","Customer Purpose","gen6","2026-09-21","12:08:22","9064030081"
"BM5777","Customer Purpose","gen32","2026-09-21","12:37:45","9064030081"
"BM5777","Customer Purpose","gen35","2026-09-21","13:45:18","7029098589"
"BM5777","Customer Purpose","gen18","2026-09-21","15:05:44","9064030081"
"BM5777","Customer Purpose","gen26","2026-09-21","16:39:31","9064030081"
"BM5777","Final Vault Closing","gen11","2026-09-21","18:04:49","9064030081"
"BM5777","Audit Purpose","gen35","2026-09-22","10:32:35","9064030081"
"BM5777","Audit Purpose","gen50","2026-09-22","11:53:23","9064030081"
"BM5777","Audit Purpose","gen25","2026-09-22","12:56:56","9064030081"
"BM5777","Audit Purpose","gen39","2026-09-22","13:54:27","9064030081"
"BM5777","Audit Purpose","gen17","2026-09-22","14:40:41","9064030081"
"BM5777","Audit Purpose","gen32","2026-09-22","15:21:38","7029098589"
"BM5777","Audit Purpose","gen14","2026-09-22","16:42:53","9635676687"
"BM5777","Audit Purpose","gen17","2026-09-22","18:03:03","9064030081"
"BM5777","Audit Purpose","gen21","2026-09-23","10:23:44","9064030081"
"BM5777","Audit Purpose","gen50","2026-09-23","12:20:44","9064030081"
"BM5777","Audit Purpose","gen29","2026-09-23","14:05:58","7029098589"
"BM5777","Audit Purpose","gen33","2026-09-23","14:50:34","9064030081"
"BM5777","Audit Purpose","gen26","2026-09-23","17:01:36","7029098589"
"BM5777","Audit Purpose","gen27","2026-09-23","17:48:25","7029098589"
"BM5777","Audit Purpose","gen26","2026-09-24","10:22:31","9064030081"
"BM5777","Audit Purpose","gen21","2026-09-24","12:11:30","7029098589"
"BM5777","Audit Purpose","gen30","2026-09-24","13:05:27","9064030081"
"BM5777","Audit Purpose","gen15","2026-09-24","14:08:03","9064030081"
"BM5777","Audit Purpose","gen29","2026-09-24","15:28:50","9064030081"
"BM5777","Final Vault Closing","gen2","2026-09-24","17:53:57","9064030081"
"BM5777","Customer Purpose","gen16","2026-09-25","11:13:07","9064030081"
"BM5777","Final Vault Closing","gen14","2026-09-25","17:34:08","9064030081"
"BM5777","Customer Purpose","gen3","2026-09-26","14:34:17","7029098589"
"BM5777","Customer Purpose","gen26","2026-09-26","15:22:09","7029098589"
"BM5777","Final Vault Closing","gen19","2026-09-26","17:48:21","7029098589"
"BM5777","Customer Purpose","gen30","2026-09-27","11:39:44","9064030081"
"BM5786","Customer Purpose","gen7","2026-09-21","11:16:30","8787591429"
"BM5786","Customer Purpose","gen14","2026-09-21","12:51:56","8787591429"
"BM5786","Customer Purpose","gen34","2026-09-21","13:30:13","8787591429"
"BM5786","Customer Purpose","gen9","2026-09-21","13:55:18","8787591429"
"BM5786","Customer Purpose","gen12","2026-09-21","15:20:35","8787591429"
"BM5786","Final Vault Closing","gen2","2026-09-21","18:14:22","8787591429"
"BM5786","Customer Purpose","gen9","2026-09-22","11:00:00","9362056057"
"BM5786","Customer Purpose","gen24","2026-09-22","11:56:43","9362056057"
"BM5786","Customer Purpose","gen11","2026-09-22","13:32:13","9362056057"
"BM5786","Customer Purpose","gen3","2026-09-22","14:05:51","9362056057"
"BM5786","Customer Purpose","gen4","2026-09-22","15:26:15","9362056057"
"BM5786","Final Vault Closing","gen30","2026-09-22","17:54:31","7640064576"
"BM5786","Customer Purpose","gen1","2026-09-23","11:26:36","8787591429"
"BM5786","Customer Purpose","gen8","2026-09-23","12:28:58","8787591429"
"BM5786","Customer Purpose","gen37","2026-09-23","14:11:18","9362056057"
"BM5786","Customer Purpose","gen16","2026-09-23","16:18:31","8787591429"
"BM5786","Final Vault Closing","iifl7","2026-09-23","17:59:35","8787591429"
"BM5786","Customer Purpose","gen23","2026-09-24","11:28:22","8787591429"
"BM5786","Customer Purpose","gen25","2026-09-24","12:25:41","9362056057"
"BM5786","Customer Purpose","iifl4","2026-09-24","13:11:55","9362056057"
"BM5786","Customer Purpose","gen12","2026-09-24","13:36:47","9362056057"
"BM5786","Customer Purpose","gen16","2026-09-24","14:09:56","8787591429"
"BM5786","Final Vault Closing","gen12","2026-09-24","17:57:20","9362056057"
"BM5786","Audit Purpose","gen5","2026-09-25","10:27:50","9362056057"
"BM5786","Audit Purpose","gen31","2026-09-25","10:42:12","8787591429"
"BM5786","Audit Purpose","gen8","2026-09-25","12:12:56","8787591429"
"BM5786","Audit Purpose","gen14","2026-09-25","14:11:27","8787591429"
"BM5786","Audit Purpose","gen33","2026-09-25","14:45:43","8787591429"
"BM5786","Audit Purpose","gen6","2026-09-25","16:02:52","8787591429"
"BM5786","Audit Purpose","gen6","2026-09-25","16:04:01","8787591429"
"BM5786","Audit Purpose","gen17","2026-09-25","18:04:44","8787591429"
"BM5786","Audit Purpose","gen9","2026-09-26","10:34:11","8787591429"
"BM5786","Audit Purpose","gen34","2026-09-26","11:54:13","8787591429"
"BM5786","Audit Purpose","gen31","2026-09-26","13:27:16","7640064576"
"BM5786","Audit Purpose","gen2","2026-09-26","14:38:01","8787591429"
"BM5786","Final Vault Closing","gen21","2026-09-26","18:06:02","7640064576"
"BM5786","Customer Purpose","gen14","2026-09-27","10:49:26","8787591429"
"BM5792","Customer Purpose","gen29","2026-09-21","11:12:11","8479972109"
"BM5792","Customer Purpose","gen39","2026-09-21","11:54:18","8479972109"
"BM5792","Customer Purpose","gen43","2026-09-21","12:31:01","8910112821"
"BM5792","Customer Purpose","gen9","2026-09-21","12:53:26","8479972109"
"BM5792","Customer Purpose","gen10","2026-09-21","13:12:00","8479972109"
"BM5792","Customer Purpose","gen4","2026-09-21","16:15:46","8910112821"
"BM5792","Final Vault Closing","gen12","2026-09-21","18:52:13","8910112821"
"BM5792","Customer Purpose","gen9","2026-09-22","11:07:28","8910112821"
"BM5792","Customer Purpose","gen11","2026-09-22","13:26:54","8479972109"
"BM5792","Other Purpose","gen27","2026-09-22","13:33:34","8479972109"
"BM5792","Other Purpose","gen41","2026-09-22","15:55:56","8479972109"
"BM5792","Final Vault Closing","gen34","2026-09-22","18:30:08","8910112821"
"BM5792","Customer Purpose","gen14","2026-09-23","10:23:02","8479972109"
"BM5792","Customer Purpose","gen31","2026-09-23","11:50:29","8479972109"
"BM5792","Customer Purpose","gen15","2026-09-23","16:22:04","8910112821"
"BM5792","Final Vault Closing","gen7","2026-09-23","18:40:29","8910112821"
"BM5792","Customer Purpose","gen11","2026-09-24","11:16:55","8479972109"
"BM5792","Customer Purpose","gen30","2026-09-24","12:57:38","8479972109"
"BM5792","Customer Purpose","gen10","2026-09-24","14:28:04","8479972109"
"BM5792","Customer Purpose","gen34","2026-09-24","14:42:49","8479972109"
"BM5792","Customer Purpose","gen21","2026-09-24","15:28:14","8479972109"
"BM5792","Final Vault Closing","gen17","2026-09-24","18:13:16","8479972109"
"BM5792","Customer Purpose","gen6","2026-09-25","11:30:59","8479972109"
"BM5792","Customer Purpose","gen38","2026-09-25","12:44:36","8910112821"
"BM5792","Customer Purpose","gen20","2026-09-25","15:05:43","8910112821"
"BM5792","Customer Purpose","gen21","2026-09-25","16:57:56","8910112821"
"BM5792","Final Vault Closing","gen15","2026-09-25","18:13:07","8910112821"
"BM5792","Customer Purpose","gen29","2026-09-26","11:05:30","8910112821"
"BM5792","Customer Purpose","gen37","2026-09-26","13:19:01","8479972109"
"BM5792","Customer Purpose","gen9","2026-09-26","13:57:59","8479972109"
"BM5792","Customer Purpose","gen37","2026-09-26","14:53:48","8479972109"
"BM5792","Customer Purpose","gen14","2026-09-26","16:40:32","8479972109"
"BM5792","Customer Purpose","gen15","2026-09-26","17:56:15","8910112821"
"BM5792","Final Vault Closing","gen2","2026-09-26","18:12:11","8479972109"
"BM5792","Customer Purpose","gen14","2026-09-27","11:14:37","8910112821"
"BM5797","Customer Purpose","gen37","2026-09-21","10:51:27","9861537906"
"BM5797","Customer Purpose","gen35","2026-09-21","15:27:23","7205439671"
"BM5797","Customer Purpose","gen41","2026-09-21","17:16:46","7205439671"
"BM5797","Final Vault Closing","gen32","2026-09-21","18:14:15","7205439671"
"BM5797","Customer Purpose","gen30","2026-09-22","12:52:07","9861537906"
"BM5797","Customer Purpose","gen13","2026-09-22","13:09:35","9861537906"
"BM5797","Customer Purpose","gen37","2026-09-22","16:26:16","6371073969"
"BM5797","Final Vault Closing","gen7","2026-09-22","18:09:06",""
"BM5797","Customer Purpose","gen6","2026-09-23","16:31:01","8619173268"
"BM5797","Final Vault Closing","gen6","2026-09-23","17:56:02","9861537906"
"BM5797","Customer Purpose","gen38","2026-09-24","13:55:31","6371073969"
"BM5797","Final Vault Closing","gen30","2026-09-24","18:06:23","9861537906"
"BM5797","Customer Purpose","gen11","2026-09-25","16:08:09","9861537906"
"BM5797","Final Vault Closing","gen10","2026-09-25","17:53:29","9861537906"
"BM5797","Customer Purpose","gen21","2026-09-26","11:31:48","9861537906"
"BM5797","Packet Counting","gen11","2026-09-26","11:45:11","9861537906"
"BM5797","Packet Counting","gen1","2026-09-26","12:40:08","9861537906"
"BM5797","Customer Purpose","gen17","2026-09-26","14:44:39","6371073969"
"BM5797","Final Vault Closing","gen25","2026-09-26","17:52:45","6371073969"
"BM5801","Audit Purpose","gen1","2026-09-21","11:28:29","8456083637"
"BM5801","Customer Purpose","gen18","2026-09-21","13:00:10","8456083637"
"BM5801","Audit Purpose","gen29","2026-09-21","13:46:08","8456083637"
"BM5801","Audit Purpose","gen32","2026-09-21","14:56:02","8456083637"
"BM5801","Audit Purpose","gen23","2026-09-21","15:33:44","9861808181"
"BM5801","Audit Purpose","gen6","2026-09-21","16:08:03","8456083637"
"BM5801","Audit Purpose","gen37","2026-09-21","17:15:12","8456083637"
"BM5801","Final Vault Closing","gen15","2026-09-21","19:00:17","9937664687"
"BM5801","Audit Purpose","gen10","2026-09-22","11:29:21","8456083637"
"BM5801","Audit Purpose","gen18","2026-09-22","12:33:18","8456083637"
"BM5801","Audit Purpose","gen13","2026-09-22","13:24:32","9861808181"
"BM5801","Audit Purpose","gen9","2026-09-22","15:31:48","8456083637"
"BM5801","Audit Purpose","gen34","2026-09-22","16:23:14","8456083637"
"BM5801","Audit Purpose","gen32","2026-09-22","17:30:45","9937664687"
"BM5801","Audit Purpose","gen9","2026-09-22","18:14:55","8456083637"
"BM5801","Final Vault Closing","gen35","2026-09-22","18:46:10","9937664687"
"BM5801","Customer Purpose","gen37","2026-09-23","12:00:29","8456083637"
"BM5801","Customer Purpose","gen9","2026-09-23","13:21:35","8456083637"
"BM5801","Customer Purpose","gen19","2026-09-23","15:55:13","8456083637"
"BM5801","Final Vault Closing","gen25","2026-09-23","18:31:49","8456083637"
"BM5801","Audit Purpose","gen34","2026-09-24","11:01:04","8456083637"
"BM5801","Customer Purpose","gen37","2026-09-24","11:32:06","8456083637"
"BM5801","Audit Purpose","iifl7","2026-09-24","12:39:25","8456083637"
"BM5801","Customer Purpose","gen29","2026-09-24","13:35:54","9937664687"
"BM5801","Customer Purpose","gen5","2026-09-24","13:53:32","8456083637"
"BM5801","Audit Purpose","gen3","2026-09-24","14:02:47","9937664687"
"BM5801","Customer Purpose","gen10","2026-09-24","15:21:30","8456083637"
"BM5801","Customer Purpose","gen15","2026-09-24","15:47:39","9937664687"
"BM5801","Customer Purpose","gen2","2026-09-24","16:14:37","8456083637"
"BM5801","Final Vault Closing","gen38","2026-09-24","18:48:28","8456083637"
"BM5801","Customer Purpose","gen23","2026-09-25","11:23:49","9861808181"
"BM5801","Customer Purpose","gen21","2026-09-25","12:02:49","8456083637"
"BM5801","Customer Purpose","gen11","2026-09-25","13:16:14","8456083637"
"BM5801","Customer Purpose","gen6","2026-09-25","13:46:03","8456083637"
"BM5801","Customer Purpose","gen4","2026-09-25","15:33:31","9861808181"
"BM5801","Customer Purpose","gen10","2026-09-25","15:48:43","9861808181"
"BM5801","Customer Purpose","gen2","2026-09-25","18:22:01","9861808181"
"BM5801","Final Vault Closing","gen14","2026-09-25","18:45:40","8456083637"
"BM5801","Customer Purpose","gen31","2026-09-26","11:23:41","8456083637"
"BM5801","Customer Purpose","gen29","2026-09-26","11:30:25","9937664687"
"BM5801","Customer Purpose","gen35","2026-09-26","12:15:21","9937664687"
"BM5801","Customer Purpose","gen29","2026-09-26","13:02:50","9937664687"
"BM5801","Customer Purpose","gen18","2026-09-26","13:20:57","8456083637"
"BM5801","Customer Purpose","gen23","2026-09-26","15:03:27","9861808181"
"BM5801","Customer Purpose","gen9","2026-09-26","15:23:02","9937664687"
"BM5801","Packet Counting","gen23","2026-09-26","16:46:53","9861808181"
"BM5801","Customer Purpose","gen35","2026-09-26","17:54:11","9937664687"
"BM5801","Customer Purpose","gen3","2026-09-26","18:14:19","9861808181"
"BM5801","Customer Purpose","gen1","2026-09-26","18:25:46","8456083637"
"BM5801","Customer Purpose","gen24","2026-09-27","11:28:15","8456083637"
"BM5801","Customer Purpose","gen14","2026-09-27","11:34:47","8456083637"
"BM5801","Customer Purpose","gen4","2026-09-27","11:42:15","8456083637"
"BM5801","Packet Counting","gen4","2026-09-27","12:09:45","9861808181"
"BM5809","Customer Purpose","gen25","2026-09-21","12:05:04","7085311019"
"BM5809","Customer Purpose","gen14","2026-09-21","12:47:37","7005288249"
"BM5809","Customer Purpose","gen","2026-09-21","13:57:25","8794687629"
"BM5809","Customer Purpose","gen32","2026-09-21","15:22:48","7005288249"
"BM5809","Customer Purpose","gen50","2026-09-21","17:01:31","7005288249"
"BM5809","Final Vault Closing","","2026-09-21","18:31:53","E 18:22:45"
"BM5809","Customer Purpose","gen7","2026-09-22","12:01:59","7085311019"
"BM5809","Customer Purpose","gen34","2026-09-22","13:14:17","7085311019"
"BM5809","Customer Purpose","gen34","2026-09-22","13:30:51","8794687629"
"BM5809","Customer Purpose","gen3","2026-09-22","14:56:47","8794687629"
"BM5809","Customer Purpose","gen41","2026-09-22","15:47:54","7085311019"
"BM5809","Final Vault Closing","gen29","2026-09-22","18:26:50","8794687629"
"BM5809","Customer Purpose","gen11","2026-09-23","11:46:52","7005288249"
"BM5809","Customer Purpose","gen34","2026-09-23","14:33:11","8794687629"
"BM5809","Customer Purpose","gen39","2026-09-23","16:14:50","8794687629"
"BM5809","Final Vault Closing","iifl2","2026-09-23","19:08:05",": 18:58:46"
"BM5809","Customer Purpose","gen31","2026-09-24","10:08:36","8794687629"
"BM5809","Customer Purpose","gen11","2026-09-24","13:51:04","7005288249"
"BM5809","Customer Purpose","gen39","2026-09-24","14:17:15","7005288249"
"BM5809","Customer Purpose","gen12","2026-09-24","15:28:43","7005288249"
"BM5809","Customer Purpose","gen39","2026-09-24","15:57:13","8794687629"
"BM5809","Customer Purpose","gen14","2026-09-24","18:29:22","7085311019"
"BM5809","Final Vault Closing","iifl6","2026-09-24","19:05:20","7005288249"
"BM5809","Customer Purpose","gen7","2026-09-25","12:03:40","7005288249"
"BM5809","Customer Purpose","gen2","2026-09-25","13:50:28","7085311019"
"BM5809","Customer Purpose","gen11","2026-09-25","15:17:24","8794687629"
"BM5809","Customer Purpose","gen6","2026-09-25","16:20:02","7085311019"
"BM5809","Customer Purpose","gen7","2026-09-25","17:29:53","7005288249"
"BM5809","Final Vault Closing","iifl5","2026-09-25","19:10:43"," 700528849"
"BM5809","Audit Purpose","gen3","2026-09-26","10:35:46","7085311019"
"BM5809","Audit Purpose","gen8","2026-09-26","10:52:32","8794687629"
"BM5809","Audit Purpose","gen3","2026-09-26","11:45:54","8794687629"
"BM5809","Audit Purpose","gen6","2026-09-26","12:39:17","7085311019"
"BM5809","Audit Purpose","gen31","2026-09-26","13:18:12","8794687629"
"BM5809","Audit Purpose","gen32","2026-09-26","13:58:58","7085311019"
"BM5809","Audit Purpose","gen15","2026-09-26","14:50:12","8794687629"
"BM5809","Audit Purpose","gen29","2026-09-26","15:41:04","7085311019"
"BM5809","Audit Purpose","gen35","2026-09-26","16:25:02","8794687629"
"BM5809","Audit Purpose","gen38","2026-09-26","17:19:23","8794687629"
"BM5809","Audit Purpose","gen3","2026-09-26","17:47:13","7085311019"
"BM5809","Audit Purpose","gen31","2026-09-27","10:46:21","8794687629"
"BM5809","Audit Purpose","gen6","2026-09-27","11:43:03","7085311019"
"BM5809","Audit Purpose","gen11","2026-09-27","12:19:24","7085311019"
"BM5809","Audit Purpose","gen33","2026-09-27","13:01:04","7085311019"
"BM5809","Audit Purpose","gen9","2026-09-27","14:10:15","7085311019"
"BM5810","Audit Purpose","gen6","2026-09-21","10:40:45",": 10:33:35"
"BM5810","Audit Purpose","gen39","2026-09-21","12:02:07","9775320435"
"BM5810","Audit Purpose","gen7","2026-09-21","14:19:03","7478400792"
"BM5810","Audit Purpose","gen2","2026-09-21","14:53:10","7478400792"
"BM5810","Customer Purpose","gen32","2026-09-21","16:35:34","7478400792"
"BM5810","Final Vault Closing","gen15","2026-09-21","17:57:48","9775320435"
"BM5810","Customer Purpose","gen27","2026-09-22","12:11:16","6296691210"
"BM5810","Customer Purpose","gen39","2026-09-22","12:25:28","7478400792"
"BM5810","Customer Purpose","gen3","2026-09-22","13:31:59","7478400792"
"BM5810","Customer Purpose","gen5","2026-09-22","14:27:56","7478400792"
"BM5810","Final Vault Closing","gen7","2026-09-22","16:55:50","7478400792"
"BM5810","Customer Purpose","gen36","2026-09-23","12:37:57","7478400792"
"BM5810","Final Vault Closing","gen32","2026-09-23","17:46:48","7478400792"
"BM5810","Customer Purpose","gen16","2026-09-24","11:02:29","7478400792"
"BM5810","Customer Purpose","gen36","2026-09-24","12:42:03","9775320435"
"BM5810","Customer Purpose","gen10","2026-09-24","17:15:48","7478400792"
"BM5810","Final Vault Closing","gen11","2026-09-25","17:36:00","9775320435"
"BM5810","Customer Purpose","gen15","2026-09-26","11:08:36","7478400792"
"BM5810","Customer Purpose","gen26","2026-09-26","12:28:27","7478400792"
"BM5810","Customer Purpose","gen49","2026-09-26","13:10:21","7478400792"
"BM5810","Customer Purpose","gen17","2026-09-26","13:16:38","6296691210"
"BM5810","Packet Counting","gen23","2026-09-26","16:04:38","7478400792"
"BM5811","Customer Purpose","gen19","2026-09-21","10:31:29","9563086700"
"BM5811","Customer Purpose","gen24","2026-09-21","12:15:30","9563086700"
"BM5811","Customer Purpose","gen4","2026-09-21","13:51:15","9563086700"
"BM5811","Customer Purpose","gen7","2026-09-21","16:16:59","9563086700"
"BM5811","Customer Purpose","gen10","2026-09-21","17:37:32","9563086700"
"BM5811","Final Vault Closing","gen22","2026-09-21","18:55:43","9051162802"
"BM5811","Customer Purpose","gen16","2026-09-22","10:28:10","9051162802"
"BM5811","Customer Purpose","gen27","2026-09-22","11:45:03","9051162802"
"BM5811","Customer Purpose","gen39","2026-09-22","12:59:44","9051162802"
"BM5811","Customer Purpose","gen11","2026-09-22","13:34:48","9051162802"
"BM5811","Customer Purpose","gen9","2026-09-22","14:58:47","9038459712"
"BM5811","Customer Purpose","gen18","2026-09-22","16:12:41","9038459712"
"BM5811","Customer Purpose","gen13","2026-09-22","17:31:08","9051162802"
"BM5811","Final Vault Closing","gen29","2026-09-22","18:13:06","9051162802"
"BM5811","Customer Purpose","gen3","2026-09-23","11:40:34","9563086700"
"BM5811","Customer Purpose","gen16","2026-09-23","16:34:07","9051162802"
"BM5811","Final Vault Closing","gen10","2026-09-23","18:03:27","9038459712"
"BM5811","Customer Purpose","gen23","2026-09-24","10:46:17","9051162802"
"BM5811","Customer Purpose","gen16","2026-09-24","12:24:22","9038459712"
"BM5811","Customer Purpose","gen","2026-09-24","13:21:24","9563086700"
"BM5811","Customer Purpose","gen26","2026-09-24","17:07:01","9051162802"
"BM5811","Final Vault Closing","gen10","2026-09-24","18:13:19","9051162802"
"BM5811","Customer Purpose","gen20","2026-09-25","10:55:16","9038459712"
"BM5811","Other Purpose","gen24","2026-09-25","13:28:35","9038459712"
"BM5811","Customer Purpose","gen32","2026-09-25","13:52:34","9051162802"
"BM5811","Other Purpose","gen29","2026-09-25","14:39:32","9051162802"
"BM5811","Customer Purpose","gen24","2026-09-25","15:33:30","9563086700"
"BM5811","Customer Purpose","gen21","2026-09-25","16:02:17","9051162802"
"BM5811","Final Vault Closing","gen11","2026-09-25","18:10:05","9051162802"
"BM5811","Customer Purpose","gen4","2026-09-26","10:53:21","9038459712"
"BM5811","Customer Purpose","gen17","2026-09-26","13:04:19","9038459712"
"BM5811","Customer Purpose","gen32","2026-09-26","14:24:52","9038459712"
"BM5811","Customer Purpose","gen20","2026-09-26","14:39:10","9563086700"
"BM5811","Packet Counting","gen36","2026-09-26","16:01:37","9563086700"
"BM5811","Packet Counting","gen31","2026-09-26","17:11:37","9051162802"
"BM5811","Final Vault Closing","gen7","2026-09-26","17:50:55","9051162802"
"BM5833","Customer Purpose","gen43","2026-09-21","10:33:23","9439228948"
"BM5833","Customer Purpose","gen","2026-09-21","17:35:24","9439228948"
"BM5833","Customer Purpose","gen19","2026-09-22","12:08:53","8984911353"
"BM5833","Final Vault Closing","gen33","2026-09-22","17:36:23","7077708754"
"BM5833","Customer Purpose","gen21","2026-09-23","13:05:53","9439228948"
"BM5833","Customer Purpose","gen3","2026-09-23","14:48:52","7077708754"
"BM5833","Final Vault Closing","gen5","2026-09-23","17:47:11","7077708754"
"BM5833","Final Vault Closing","gen35","2026-09-24","17:50:21","8984911353"
"BM5833","Customer Purpose","gen","2026-09-25","10:58:56","7077708754"
"BM5833","Customer Purpose","gen16","2026-09-25","11:50:32","8984911353"
"BM5833","Final Vault Closing","gen","2026-09-25","17:56:40","9439228948"
"BM5833","Customer Purpose","gen35","2026-09-26","12:39:42","8984911353"
"BM5833","Packet Counting","gen26","2026-09-26","15:05:27","7077708754"
"BM5833","Packet Counting","gen26","2026-09-26","16:14:12","7077708754"
"BM5833","Final Vault Closing","gen12","2026-09-26","17:46:42","8984911353"
"BM5833","Customer Purpose","gen8","2026-09-27","11:25:40","7077708754"
"BM5842","Customer Purpose","gen22","2026-09-21","10:32:43","radip Seth"
"BM5842","Customer Purpose","gen1","2026-09-21","12:59:09","9563582910"
"BM5842","Customer Purpose","gen33","2026-09-21","15:15:23","7478214911"
"BM5842","Customer Purpose","gen43","2026-09-21","16:18:11","7478214911"
"BM5842","Customer Purpose","gen20","2026-09-21","16:50:45","7478214911"
"BM5842","Final Vault Closing","gen7","2026-09-21","18:03:28","9563582910"
"BM5842","Customer Purpose","gen20","2026-09-22","11:28:11","7478214911"
"BM5842","Customer Purpose","gen26","2026-09-22","12:22:44","9563582910"
"BM5842","Customer Purpose","gen","2026-09-22","12:48:51","7478214911"
"BM5842","Customer Purpose","gen16","2026-09-22","13:55:09","6290097509"
"BM5842","Customer Purpose","gen31","2026-09-22","16:01:48","6290097509"
"BM5842","Customer Purpose","gen6","2026-09-22","16:33:16","9563582910"
"BM5842","Final Vault Closing","gen50","2026-09-22","17:54:06","7478214911"
"BM5842","Customer Purpose","gen1","2026-09-23","10:20:23","7478214911"
"BM5842","Customer Purpose","gen37","2026-09-23","14:46:24","7478214911"
"BM5842","Customer Purpose","gen36","2026-09-23","16:10:33","7478214911"
"BM5842","Customer Purpose","gen27","2026-09-23","16:38:42","7478214911"
"BM5842","Final Vault Closing","gen11","2026-09-23","18:14:55","7478214911"
"BM5842","Customer Purpose","gen6","2026-09-24","11:17:55","7478214911"
"BM5842","Customer Purpose","gen","2026-09-24","14:13:29","9563582910"
"BM5842","Customer Purpose","gen15","2026-09-24","16:27:14","7478214911"
"BM5842","Customer Purpose","gen23","2026-09-24","16:47:46","6290097509"
"BM5842","Final Vault Closing","gen13","2026-09-24","18:24:54","7478214911"
"BM5842","Audit Purpose","gen5","2026-09-25","10:58:48","7478214911"
"BM5842","Audit Purpose","gen24","2026-09-25","12:27:24","6290097509"
"BM5842","Audit Purpose","gen37","2026-09-25","13:17:31","9563582910"
"BM5842","Audit Purpose","gen10","2026-09-25","15:08:06","9563582910"
"BM5842","Audit Purpose","gen33","2026-09-25","16:51:43","7478214911"
"BM5842","Audit Purpose","gen35","2026-09-25","18:06:50","7478214911"
"BM5842","Audit Purpose","gen5","2026-09-25","18:20:18","7478214911"
"BM5842","Audit Purpose","gen49","2026-09-26","10:30:58","6290097509"
"BM5842","Audit Purpose","gen10","2026-09-26","12:13:46","7478214911"
"BM5842","Audit Purpose","gen11","2026-09-26","13:23:49","6290097509"
"BM5842","Audit Purpose","gen18","2026-09-26","14:16:10","6290097509"
"BM5842","Audit Purpose","gen23","2026-09-26","15:19:23","6290097509"
"BM5842","Audit Purpose","gen1","2026-09-26","16:44:47","9563582910"
"BM5842","Audit Purpose","gen34","2026-09-26","17:35:23","7478214911"
"BM5842","Audit Purpose","gen6","2026-09-26","18:18:09","6290097509"
"BM5842","Customer Purpose","gen24","2026-09-27","11:01:54","6290097509"
"BM5842","Customer Purpose","gen10","2026-09-27","13:05:00","7478214911"
"BM5849","Customer Purpose","gen3","2026-09-21","10:03:31","8328945228"
"BM5849","Customer Purpose","gen1","2026-09-21","13:10:26","9178381864"
"BM5849","Customer Purpose","gen32","2026-09-21","14:23:15","8249134708"
"BM5849","Customer Purpose","gen23","2026-09-21","17:49:27","9178381864"
"BM5849","Final Vault Closing","gen2","2026-09-21","18:28:59","8328945228"
"BM5849","Customer Purpose","gen39","2026-09-22","12:13:54","8249134708"
"BM5849","Customer Purpose","gen19","2026-09-22","12:25:15","9178381864"
"BM5849","Customer Purpose","gen35","2026-09-22","12:42:55","9178381864"
"BM5849","Customer Purpose","gen25","2026-09-22","14:17:45","8249134708"
"BM5849","Customer Purpose","gen21","2026-09-22","15:07:57","9178381864"
"BM5849","Final Vault Closing","gen23","2026-09-22","18:59:42","9178381864"
"BM5849","Customer Purpose","gen29","2026-09-23","12:13:22","8328945228"
"BM5849","Customer Purpose","gen37","2026-09-23","13:03:07","9178381864"
"BM5849","Customer Purpose","gen8","2026-09-23","14:03:25","8249134708"
"BM5849","Customer Purpose","gen39","2026-09-23","14:11:22","8249134708"
"BM5849","Customer Purpose","gen24","2026-09-23","14:16:24","9178381864"
"BM5849","Final Vault Closing","gen35","2026-09-23","18:51:13","9178381864"
"BM5849","Customer Purpose","gen16","2026-09-24","12:12:29","9178381864"
"BM5849","Customer Purpose","gen10","2026-09-24","13:30:27","8249134708"
"BM5849","Customer Purpose","gen32","2026-09-24","16:11:47","8328945228"
"BM5849","Customer Purpose","gen32","2026-09-24","16:50:43","8328945228"
"BM5849","Final Vault Closing","gen30","2026-09-24","18:56:54","9178381864"
"BM5849","Customer Purpose","gen10","2026-09-25","11:54:01","8328945228"
"BM5849","Customer Purpose","gen15","2026-09-25","13:53:01","9178381864"
"BM5849","Customer Purpose","gen36","2026-09-25","15:48:45","8249134708"
"BM5849","Customer Purpose","gen32","2026-09-25","16:45:28","9178381864"
"BM5849","Final Vault Closing","gen11","2026-09-25","18:59:29","8328945228"
"BM5849","Customer Purpose","gen37","2026-09-26","10:07:11","8328945228"
"BM5849","Customer Purpose","iifl5","2026-09-26","13:28:23","9178381864"
"BM5849","Customer Purpose","gen6","2026-09-26","16:13:59","8249134708"
"BM5849","Final Vault Closing","gen31","2026-09-26","18:15:51","9178381864"
"BM5888","Customer Purpose","gen","2026-09-21","12:29:19","7007475077"
"BM5888","Customer Purpose","gen21","2026-09-21","13:45:44","7007475077"
"BM5888","Customer Purpose","gen41","2026-09-21","14:22:28","7007475077"
"BM5888","Customer Purpose","gen27","2026-09-21","14:39:24","7007475077"
"BM5888","Customer Purpose","gen27","2026-09-21","15:46:46","7007475077"
"BM5888","Customer Purpose","gen25","2026-09-21","16:12:02","7007475077"
"BM5888","Customer Purpose","gen30","2026-09-21","16:28:30","7007475077"
"BM5888","Customer Purpose","gen14","2026-09-21","16:48:12","7007475077"
"BM5888","Customer Purpose","gen6","2026-09-21","17:05:29","7007475077"
"BM5888","Customer Purpose","gen","2026-09-21","17:14:37","ot operate"
"BM5888","Customer Purpose","gen43","2026-09-21","18:22:52","7007475077"
"BM5888","Final Vault Closing","gen19","2026-09-21","18:35:33","7007475077"
"BM5888","Customer Purpose","gen32","2026-09-22","14:15:55","7007475077"
"BM5888","Final Vault Closing","iifl5","2026-09-22","18:54:13","E 18:12:08"
"BM5888","Customer Purpose","gen4","2026-09-23","11:32:27","8840113237"
"BM5888","Customer Purpose","gen8","2026-09-23","12:23:57","9670562210"
"BM5888","Customer Purpose","gen11","2026-09-23","12:35:24","8840113237"
"BM5888","Customer Purpose","gen31","2026-09-23","14:39:00","9670562210"
"BM5888","Customer Purpose","gen10","2026-09-23","16:28:58","9670562210"
"BM5888","Customer Purpose","gen30","2026-09-23","16:55:59","8840113237"
"BM5888","Customer Purpose","gen","2026-09-23","17:09:51","9670562210"
"BM5888","Customer Purpose","gen26","2026-09-23","17:35:38","9670562210"
"BM5888","Customer Purpose","gen10","2026-09-23","17:52:49","9670562210"
"BM5888","Final Vault Closing","gen1","2026-09-23","18:03:56","9670562210"
"BM5888","Customer Purpose","gen22","2026-09-24","12:34:27","9670562210"
"BM5888","Customer Purpose","gen4","2026-09-24","16:45:41","7007475077"
"BM5888","Customer Purpose","gen4","2026-09-24","16:50:13","8840113237"
"BM5888","Customer Purpose","gen34","2026-09-24","17:50:58","8840113237"
"BM5888","Customer Purpose","gen11","2026-09-24","18:02:04","8840113237"
"BM5888","Customer Purpose","gen36","2026-09-24","18:23:58","8840113237"
"BM5888","Final Vault Closing","gen19","2026-09-24","18:34:57","8840113237"
"BM5888","Final Vault Closing","iifl2","2026-09-24","19:12:25","8840113237"
"BM5888","Customer Purpose","gen5","2026-09-25","14:12:08","9670562210"
"BM5888","Customer Purpose","gen28","2026-09-25","15:04:28","9670562210"
"BM5888","Customer Purpose","gen31","2026-09-25","15:14:04","8840113237"
"BM5888","Customer Purpose","gen33","2026-09-25","15:26:01","9670562210"
"BM5888","Final Vault Closing","gen2","2026-09-25","18:13:29","8840113237"
"BM5888","Customer Purpose","gen6","2026-09-26","15:41:58","9670562210"
"BM5888","Customer Purpose","gen20","2026-09-26","16:25:06","8840113237"
"BM5888","Customer Purpose","gen36","2026-09-26","17:25:11","8840113237"
"BM5888","Final Vault Closing","gen7","2026-09-26","18:30:16","8840113237"
"BM5901","Customer Purpose","gen26","2026-09-21","11:28:46","7278210043"
"BM5901","Customer Purpose","gen19","2026-09-21","14:20:09","8777272050"
"BM5901","Final Vault Closing","gen37","2026-09-21","17:45:48","7278210043"
"BM5901","Customer Purpose","gen","2026-09-22","11:44:17","8777272050"
"BM5901","Customer Purpose","gen11","2026-09-22","13:13:31","8777272050"
"BM5901","Customer Purpose","gen1","2026-09-22","13:19:33","7278210043"
"BM5901","Customer Purpose","gen33","2026-09-22","17:04:00","8777272050"
"BM5901","Final Vault Closing","gen1","2026-09-22","18:08:48","7001198768"
"BM5901","Customer Purpose","gen36","2026-09-23","11:19:12","7001198768"
"BM5901","Customer Purpose","gen35","2026-09-23","14:11:29","8777272050"
"BM5901","Final Vault Closing","gen38","2026-09-23","17:48:27","7278210043"
"BM5901","Customer Purpose","gen6","2026-09-24","11:04:35","8777272050"
"BM5901","Customer Purpose","gen38","2026-09-24","11:27:25","7278210043"
"BM5901","Final Vault Closing","gen","2026-09-24","17:39:25","8777272050"
"BM5901","Customer Purpose","gen16","2026-09-25","12:59:16","7001198768"
"BM5901","Customer Purpose","gen36","2026-09-25","15:15:52","8777272050"
"BM5901","Final Vault Closing","gen3","2026-09-25","17:44:30","7278210043"
"BM5901","Packet Counting","gen37","2026-09-26","13:12:06","7278210043"
"BM5901","Customer Purpose","gen23","2026-09-26","15:45:41","7001198768"
"BM5901","Final Vault Closing","gen3","2026-09-26","17:35:29","7278210043"
"BM5901","Customer Purpose","gen24","2026-09-27","11:15:07","8777272050"
"BM5905","Customer Purpose","gen16","2026-09-21","11:13:11","8630162123"
"BM5905","Customer Purpose","gen18","2026-09-21","11:46:34","8630162123"
"BM5905","Customer Purpose","gen30","2026-09-21","12:14:05","8630162123"
"BM5905","Customer Purpose","gen25","2026-09-21","12:55:28","8630162123"
"BM5905","Customer Purpose","gen23","2026-09-21","13:03:27","8630162123"
"BM5905","Customer Purpose","gen32","2026-09-21","18:30:22","8630162123"
"BM5905","Final Vault Closing","gen26","2026-09-21","18:42:10","8630162123"
"BM5905","Customer Purpose","gen14","2026-09-22","11:28:51","8630162123"
"BM5905","Customer Purpose","gen50","2026-09-22","12:45:59","8630162123"
"BM5905","Customer Purpose","gen31","2026-09-22","13:51:08","8630162123"
"BM5905","Customer Purpose","gen5","2026-09-22","14:24:33","8630162123"
"BM5905","Customer Purpose","gen3","2026-09-22","16:04:39","8630162123"
"BM5905","Customer Purpose","gen20","2026-09-22","16:19:53","8630162123"
"BM5905","Customer Purpose","gen8","2026-09-22","16:28:27","8630162123"
"BM5905","Customer Purpose","gen6","2026-09-22","16:36:20","8630162123"
"BM5905","Final Vault Closing","gen8","2026-09-22","18:12:45","8630162123"
"BM5905","Customer Purpose","gen9","2026-09-23","13:17:13","8630162123"
"BM5905","Customer Purpose","gen33","2026-09-23","15:27:03","8630162123"
"BM5905","Final Vault Closing","iifl7","2026-09-23","18:30:39","8630162123"
"BM5905","Customer Purpose","gen28","2026-09-24","12:17:28","9389836551"
"BM5905","Customer Purpose","gen12","2026-09-24","13:17:28","8630162123"
"BM5905","Customer Purpose","gen19","2026-09-24","15:39:55","8630162123"
"BM5905","Customer Purpose","gen16","2026-09-24","16:14:58","8630162123"
"BM5905","Final Vault Closing","gen9","2026-09-24","18:14:57","8630162123"
"BM5905","Customer Purpose","gen35","2026-09-25","11:30:20","8630162123"
"BM5905","Customer Purpose","gen34","2026-09-25","11:42:44","8630162123"
"BM5905","Customer Purpose","gen29","2026-09-25","14:06:42","8630162123"
"BM5905","Customer Purpose","gen28","2026-09-25","15:07:35","8630162123"
"BM5905","Customer Purpose","gen35","2026-09-25","15:45:53","8630162123"
"BM5905","Customer Purpose","gen15","2026-09-25","16:04:34","8630162123"
"BM5905","Customer Purpose","gen29","2026-09-25","16:22:55","9389836551"
"BM5905","Final Vault Closing","gen24","2026-09-25","18:22:14","8630162123"
"BM5905","Customer Purpose","gen36","2026-09-26","12:24:52","8630162123"
"BM5905","Packet Counting","gen38","2026-09-26","14:59:23","8630162123"
"BM5905","Final Vault Closing","gen36","2026-09-26","18:14:10","8630162123"
"BM5905","Customer Purpose","gen36","2026-09-27","10:46:17","8630162123"
"BM5905","Customer Purpose","gen37","2026-09-27","10:54:50","8630162123"
"BM5905","Customer Purpose","gen16","2026-09-27","11:04:50","9389836551"
"BM5905","Customer Purpose","gen30","2026-09-27","11:42:08","9389836551"
"BM5905","Customer Purpose","gen39","2026-09-27","11:51:54","9389836551"
"BM5905","Customer Purpose","gen29","2026-09-27","12:15:15","8630162123"
"BM5905","Customer Purpose","gen33","2026-09-27","13:05:15","8630162123"
"BM5905","Customer Purpose","gen10","2026-09-27","13:14:29","8630162123"
"BM5905","Customer Purpose","gen11","2026-09-27","13:23:04","9643089464"
"BM5905","Customer Purpose","gen11","2026-09-27","13:31:19","9389836551"
"BM5908","Customer Purpose","gen32","2026-09-21","12:23:20","9126583879"
"BM5908","Customer Purpose","gen6","2026-09-21","14:16:47","9126583879"
"BM5908","Customer Purpose","gen3","2026-09-21","15:57:19","9126583879"
"BM5908","Final Vault Closing","gen21","2026-09-21","18:12:53","9126583879"
"BM5908","Customer Purpose","gen34","2026-09-22","13:18:03","8926639938"
"BM5908","Customer Purpose","gen14","2026-09-22","16:21:54","8926639938"
"BM5908","Final Vault Closing","gen39","2026-09-22","17:55:04","9126583879"
"BM5908","Customer Purpose","gen8","2026-09-23","15:59:36","7319506882"
"BM5908","Final Vault Closing","gen25","2026-09-23","18:12:57","8926639938"
"BM5908","Customer Purpose","gen23","2026-09-24","12:27:23","7319506882"
"BM5908","Final Vault Closing","gen2","2026-09-24","18:00:57","8926639938"
"BM5908","Final Vault Closing","gen2","2026-09-24","18:01:38",""
"BM5908","Customer Purpose","gen24","2026-09-25","15:15:40","7319506882"
"BM5908","Final Vault Closing","gen49","2026-09-25","17:52:46","8926639938"
"BM5908","Customer Purpose","gen6","2026-09-26","10:50:05","7319506882"
"BM5908","Customer Purpose","gen34","2026-09-26","13:17:00","9126583879"
"BM5908","Packet Counting","gen24","2026-09-26","15:19:46","9126583879"
"BM5908","Final Vault Closing","gen12","2026-09-26","18:08:03","9126583879"
"BM5939","Customer Purpose","gen22","2026-09-21","10:26:42","8697029717"
"BM5939","Customer Purpose","gen35","2026-09-21","11:16:18","9804222920"
"BM5939","Customer Purpose","gen11","2026-09-21","13:41:18","8697029717"
"BM5939","Customer Purpose","gen11","2026-09-21","15:32:49","8697029717"
"BM5939","Customer Purpose","gen34","2026-09-21","16:20:00","8697029717"
"BM5939","Customer Purpose","gen22","2026-09-21","16:53:45","8697029717"
"BM5939","Final Vault Closing","gen43","2026-09-21","18:58:57","9804222920"
"BM5939","Customer Purpose","gen37","2026-09-22","12:05:56","8697029717"
"BM5939","Customer Purpose","gen16","2026-09-22","13:06:51","9804222920"
"BM5939","Customer Purpose","gen34","2026-09-22","14:26:27","8697029717"
"BM5939","Customer Purpose","gen24","2026-09-22","16:24:40","9830891212"
"BM5939","Customer Purpose","gen34","2026-09-22","16:55:24","9804222920"
"BM5939","Customer Purpose","gen39","2026-09-23","13:50:13","8697029717"
"BM5939","Customer Purpose","gen20","2026-09-23","16:39:14","9804222920"
"BM5939","Final Vault Closing","gen29","2026-09-23","18:09:40","8697029717"
"BM5939","Customer Purpose","gen36","2026-09-24","12:50:07","8697029717"
"BM5939","Final Vault Closing","gen7","2026-09-24","17:53:17","8697029717"
"BM5939","Customer Purpose","gen6","2026-09-25","11:47:47","9804222920"
"BM5939","Customer Purpose","gen8","2026-09-25","14:07:25","8697029717"
"BM5939","Customer Purpose","gen6","2026-09-25","16:33:29","9804222920"
"BM5939","Final Vault Closing","gen49","2026-09-25","17:34:45","8697029717"
"BM5939","Customer Purpose","gen2","2026-09-26","12:51:09","9804222920"
"BM5939","Customer Purpose","gen26","2026-09-26","13:15:05","9804222920"
"BM5939","Customer Purpose","gen24","2026-09-26","14:50:04","8697029717"
"BM5939","Final Vault Closing","gen1","2026-09-26","18:00:42","8697029717"
"BM5939","Packet Counting","gen11","2026-09-27","12:13:32","8697029717"
"BM5939","Packet Counting","gen9","2026-09-27","13:05:52","8697029717"
"BM5940","Customer Purpose","gen22","2026-09-21","10:17:43","8334966966"
"BM5940","Customer Purpose","gen23","2026-09-21","11:45:55","9064390825"
"BM5940","Customer Purpose","gen6","2026-09-21","13:55:47","9547876096"
"BM5940","Customer Purpose","gen22","2026-09-21","14:13:03","8334966966"
"BM5940","Customer Purpose","gen32","2026-09-21","14:39:07","9547876096"
"BM5940","Customer Purpose","gen18","2026-09-21","15:01:01","9547876096"
"BM5940","Customer Purpose","gen50","2026-09-21","17:15:58","8334966966"
"BM5940","Final Vault Closing","gen23","2026-09-21","17:33:05","9064390825"
"BM5940","Customer Purpose","gen1","2026-09-22","11:23:16","9547876096"
"BM5940","Customer Purpose","gen21","2026-09-22","11:37:59","9547876096"
"BM5940","Customer Purpose","gen18","2026-09-22","12:55:28","9547876096"
"BM5940","Customer Purpose","gen35","2026-09-22","13:04:01","9547876096"
"BM5940","Customer Purpose","gen27","2026-09-22","14:23:01","9547876096"
"BM5940","Customer Purpose","gen50","2026-09-22","15:50:10","9547876096"
"BM5940","Final Vault Closing","gen25","2026-09-22","17:50:04","9064390825"
"BM5940","Customer Purpose","gen12","2026-09-23","11:39:39","9547876096"
"BM5940","Customer Purpose","gen16","2026-09-23","12:05:17","9547876096"
"BM5940","Customer Purpose","gen24","2026-09-23","13:02:13","9064390825"
"BM5940","Customer Purpose","gen7","2026-09-23","15:45:31","9547876096"
"BM5940","Final Vault Closing","gen50","2026-09-23","17:42:22","8334966966"
"BM5940","Customer Purpose","gen32","2026-09-24","11:09:44","8334966966"
"BM5940","Customer Purpose","gen16","2026-09-24","12:36:09","8334966966"
"BM5940","Customer Purpose","gen15","2026-09-24","15:21:07","9547876096"
"BM5940","Customer Purpose","gen22","2026-09-24","16:23:05","9547876096"
"BM5940","Final Vault Closing","gen20","2026-09-24","18:35:39","9547876096"
"BM5940","Customer Purpose","gen34","2026-09-25","11:06:34","8334966966"
"BM5940","Customer Purpose","gen30","2026-09-25","13:41:28","8334966966"
"BM5940","Final Vault Closing","gen2","2026-09-25","17:39:31","9064390825"
"BM5940","Customer Purpose","gen6","2026-09-26","13:57:30","9547876096"
"BM5940","Customer Purpose","gen24","2026-09-26","15:22:45","8334966966"
"BM5940","Customer Purpose","gen20","2026-09-26","15:40:15","9547876096"
"BM5940","Packet Counting","gen30","2026-09-26","17:13:15","8334966966"
"BM5987","Customer Purpose","gen16","2026-09-21","10:38:04","7980582081"
"BM5987","Customer Purpose","gen14","2026-09-21","11:52:07","8961388603"
"BM5987","Customer Purpose","gen32","2026-09-21","13:00:27","8961388603"
"BM5987","Final Vault Closing","gen17","2026-09-21","18:02:04","8961388603"
"BM5987","Customer Purpose","gen39","2026-09-22","10:48:50","8961388603"
"BM5987","Customer Purpose","gen12","2026-09-22","13:05:25","8961388603"
"BM5987","Customer Purpose","gen15","2026-09-22","16:02:56","7980582081"
"BM5987","Customer Purpose","gen34","2026-09-22","17:19:39","6291565450"
"BM5987","Final Vault Closing","gen10","2026-09-22","17:53:21","6291565450"
"BM5987","Customer Purpose","gen17","2026-09-23","10:54:58","8961388603"
"BM5987","Customer Purpose","gen19","2026-09-23","13:04:07","8961388603"
"BM5987","Customer Purpose","gen31","2026-09-23","15:04:45","6291565450"
"BM5987","Final Vault Closing","gen19","2026-09-23","17:49:40","8961388603"
"BM5987","Customer Purpose","gen30","2026-09-24","11:22:47","8961388603"
"BM5987","Customer Purpose","gen7","2026-09-24","12:30:35","8961388603"
"BM5987","Customer Purpose","gen25","2026-09-24","13:02:08","8961388603"
"BM5987","Customer Purpose","gen17","2026-09-24","13:12:48","8961388603"
"BM5987","Customer Purpose","gen38","2026-09-24","13:46:04","8961388603"
"BM5987","Final Vault Closing","gen10","2026-09-24","18:26:47","6291565450"
"BM5987","Customer Purpose","gen4","2026-09-25","15:30:04","8961388603"
"BM5987","Customer Purpose","gen39","2026-09-25","16:22:52","7980582081"
"BM5987","Final Vault Closing","gen33","2026-09-25","18:20:02","6291565450"
"BM5987","Customer Purpose","gen11","2026-09-26","10:38:20","8961388603"
"BM5987","Customer Purpose","gen8","2026-09-26","10:58:46","8961388603"
"BM5987","Customer Purpose","gen36","2026-09-26","11:35:08","8961388603"
"BM5987","Customer Purpose","gen29","2026-09-26","13:29:55","8961388603"
"BM5987","Customer Purpose","gen3","2026-09-26","14:27:49","8961388603"
"BM5987","Customer Purpose","gen3","2026-09-26","15:38:05","7980582081"
"BM5987","Packet Counting","gen7","2026-09-26","16:42:03","8961388603"
"BM5987","Packet Counting","gen25","2026-09-26","17:30:39","8961388603"
"BM5987","Customer Purpose","gen18","2026-09-26","17:55:13","8961388603"
"BM5987","Final Vault Closing","gen14","2026-09-26","18:45:57","8961388603"
"BM5987","Customer Purpose","gen30","2026-09-27","11:22:43","7980582081"
"BM5993","Customer Purpose","gen32","2026-09-21","11:21:35","7978875761"
"BM5993","Customer Purpose","gen9","2026-09-21","11:37:26","7978875761"
"BM5993","Customer Purpose","gen17","2026-09-21","13:31:38","7978875761"
"BM5993","Audit Purpose","gen2","2026-09-21","17:09:24","7978875761"
"BM5993","Final Vault Closing","gen30","2026-09-21","18:33:15","7978875761"
"BM5993","Audit Purpose","gen50","2026-09-22","10:28:29","7978875761"
"BM5993","Audit Purpose","gen5","2026-09-22","11:52:44","6371504026"
"BM5993","Audit Purpose","gen12","2026-09-22","13:11:40","6371504026"
"BM5993","Audit Purpose","gen22","2026-09-22","13:53:20","6371504026"
"BM5993","Audit Purpose","gen15","2026-09-22","14:22:05","6371504026"
"BM5993","Audit Purpose","gen33","2026-09-22","15:45:32","6371504026"
"BM5993","Audit Purpose","gen","2026-09-22","16:57:10","6371504026"
"BM5993","Audit Purpose","gen11","2026-09-22","18:15:28","6371504026"
"BM5993","Audit Purpose","gen14","2026-09-23","10:29:01","7978875761"
"BM5993","Audit Purpose","gen19","2026-09-23","11:37:43","7978875761"
"BM5993","Audit Purpose","gen","2026-09-23","12:23:01","6371504026"
"BM5993","Customer Purpose","gen29","2026-09-23","13:19:27","7978875761"
"BM5993","Audit Purpose","gen20","2026-09-23","13:31:59","6371504026"
"BM5993","Audit Purpose","gen27","2026-09-23","17:43:36","7978875761"
"BM5993","Audit Purpose","gen36","2026-09-24","10:26:59","6371504026"
"BM5993","Customer Purpose","gen36","2026-09-24","14:15:13","7978875761"
"BM5993","Final Vault Closing","gen12","2026-09-24","18:47:33","7978875761"
"BM5993","Audit Purpose","gen12","2026-09-25","11:34:45","7978875761"
"BM5993","Customer Purpose","gen29","2026-09-25","14:14:27","7978875761"
"BM5993","Final Vault Closing","gen26","2026-09-25","18:29:30","7978875761"
"BM5993","Packet Counting","gen3","2026-09-26","10:58:02","7978875761"
"BM5993","Customer Purpose","gen18","2026-09-26","11:55:54","7978875761"
"BM5993","Final Vault Closing","gen6","2026-09-26","18:08:05","7978875761"
"BM5993","Audit Purpose","gen19","2026-09-27","10:41:27","6371504026"
"BM5993","Audit Purpose","gen17","2026-09-27","12:24:40","6371504026"
"BM5993","Audit Purpose","gen4","2026-09-27","13:40:06","6371504026"
"BM5995","Customer Purpose","gen1","2026-09-21","12:52:10","9953636699"
"BM5995","Customer Purpose","gen26","2026-09-21","14:29:43","9953636699"
"BM5995","Customer Purpose","gen","2026-09-21","15:17:20","9953636699"
"BM5995","Final Vault Closing","gen17","2026-09-21","18:33:55","9760877807"
"BM5995","Customer Purpose","gen13","2026-09-22","13:19:23","9760877807"
"BM5995","Customer Purpose","gen9","2026-09-22","14:46:52","9760877807"
"BM5995","Customer Purpose","gen31","2026-09-22","17:19:57","9953636699"
"BM5995","Customer Purpose","gen50","2026-09-22","17:52:06","9953636699"
"BM5995","Customer Purpose","gen50","2026-09-22","18:10:25","9953636699"
"BM5995","Final Vault Closing","iifl6","2026-09-22","18:45:02","9953636699"
"BM5995","Customer Purpose","gen50","2026-09-23","10:52:22","9953636699"
"BM5995","Customer Purpose","gen50","2026-09-23","13:00:31","9953636699"
"BM5995","Customer Purpose","gen31","2026-09-23","14:44:10","9953636699"
"BM5995","Customer Purpose","gen11","2026-09-23","15:19:30","9953636699"
"BM5995","Customer Purpose","gen35","2026-09-23","16:28:42","9760877807"
"BM5995","Customer Purpose","gen25","2026-09-23","18:09:00","9953636699"
"BM5995","Final Vault Closing","iifl4","2026-09-23","19:11:38","9953636699"
"BM5995","Customer Purpose","gen1","2026-09-24","10:37:14","9953636699"
"BM5995","Customer Purpose","gen10","2026-09-24","13:23:55","9760877807"
"BM5995","Customer Purpose","gen8","2026-09-24","16:44:42","9760877807"
"BM5995","Customer Purpose","gen26","2026-09-24","17:10:17","9953636699"
"BM5995","Final Vault Closing","gen11","2026-09-24","18:16:16","9760877807"
"BM5995","Customer Purpose","gen35","2026-09-25","11:41:44","9760877807"
"BM5995","Customer Purpose","gen3","2026-09-25","13:13:52","9760877807"
"BM5995","Customer Purpose","gen35","2026-09-25","15:07:34","9760877807"
"BM5995","Customer Purpose","gen30","2026-09-25","17:31:39","9953636699"
"BM5995","Final Vault Closing","gen11","2026-09-25","18:20:25","9953636699"
"BM5995","Customer Purpose","gen36","2026-09-26","12:00:31","9953636699"
"BM5995","Customer Purpose","gen33","2026-09-26","15:35:17","9953636699"
"BM5995","Final Vault Closing","gen21","2026-09-26","18:30:45","9953636699"
"BM5995","Customer Purpose","gen30","2026-09-27","13:12:55","9760877807"
"BM6008","Customer Purpose","gen39","2026-09-21","12:32:41","8236071523"
"BM6008","Customer Purpose","gen24","2026-09-21","13:48:27","7647092632"
"BM6008","Customer Purpose","gen11","2026-09-21","14:40:05","9907155066"
"BM6008","Customer Purpose","gen33","2026-09-21","17:03:13","7647092632"
"BM6008","Final Vault Closing","gen25","2026-09-21","18:35:03","7647092632"
"BM6008","Audit Purpose","gen33","2026-09-22","10:37:50","9907155066"
"BM6008","Audit Purpose","gen35","2026-09-22","11:05:05","7647092632"
"BM6008","Audit Purpose","gen10","2026-09-22","13:53:12","8236071523"
"BM6008","Audit Purpose","gen22","2026-09-22","14:52:03","7647092632"
"BM6008","Audit Purpose","gen6","2026-09-22","16:27:12","7647092632"
"BM6008","Audit Purpose","gen7","2026-09-22","17:33:02","7647092632"
"BM6008","Audit Purpose","gen13","2026-09-22","18:24:06","7647092632"
"BM6008","Audit Purpose","gen39","2026-09-23","10:38:28","7647092632"
"BM6008","Audit Purpose","gen15","2026-09-23","12:04:25","8236071523"
"BM6008","Audit Purpose","gen50","2026-09-23","13:40:16","8236071523"
"BM6008","Audit Purpose","gen32","2026-09-23","15:06:52","7647092632"
"BM6008","Audit Purpose","gen5","2026-09-23","18:40:46","8236071523"
"BM6008","Audit Purpose","gen31","2026-09-24","11:03:01","7647092632"
"BM6008","Audit Purpose","iifl6","2026-09-24","12:45:22","7647092632"
"BM6008","Audit Purpose","gen8","2026-09-24","15:11:07","7647092632"
"BM6008","Audit Purpose","gen32","2026-09-24","16:44:31","7647092632"
"BM6008","Final Vault Closing","gen17","2026-09-24","19:02:02","7647092632"
"BM6008","Audit Purpose","gen11","2026-09-25","10:55:19","7647092632"
"BM6008","Audit Purpose","gen1","2026-09-25","12:07:51","7647092632"
"BM6008","Audit Purpose","gen14","2026-09-25","12:46:28","7647092632"
"BM6008","Customer Purpose","gen36","2026-09-25","15:30:22","7647092632"
"BM6008","Audit Purpose","gen3","2026-09-25","15:44:08","7647092632"
"BM6008","Audit Purpose","gen18","2026-09-25","18:02:40","8236071523"
"BM6008","Packet Counting","gen20","2026-09-26","11:10:37","7647092632"
"BM6008","Packet Counting","gen8","2026-09-26","11:59:50","9907155066"
"BM6008","Customer Purpose","gen29","2026-09-26","13:48:14","7647092632"
"BM6008","Final Vault Closing","gen38","2026-09-26","18:40:00","7647092632"
"BM6040","Customer Purpose","gen30","2026-09-21","11:15:15","8617064312"
"BM6040","Customer Purpose","gen34","2026-09-21","11:28:26","8617064312"
"BM6040","Customer Purpose","gen41","2026-09-21","13:05:24","8617064312"
"BM6040","Customer Purpose","gen37","2026-09-21","13:24:46","8617064312"
"BM6040","Customer Purpose","gen","2026-09-21","13:46:46","8617064312"
"BM6040","Customer Purpose","gen10","2026-09-21","14:26:36","8617064312"
"BM6040","Customer Purpose","gen7","2026-09-21","15:16:45","8617064312"
"BM6040","Customer Purpose","gen37","2026-09-21","15:24:55","8617064312"
"BM6040","Customer Purpose","gen1","2026-09-21","16:02:30","9674253633"
"BM6040","Final Vault Closing","gen7","2026-09-21","17:34:56","9674253633"
"BM6040","Customer Purpose","gen18","2026-09-22","11:27:00","9674253633"
"BM6040","Customer Purpose","gen41","2026-09-22","13:14:36","8617064312"
"BM6040","Customer Purpose","gen39","2026-09-22","13:44:17","9674253633"
"BM6040","Customer Purpose","gen26","2026-09-22","14:15:52","8617064312"
"BM6040","Customer Purpose","gen3","2026-09-22","17:10:01","8617064312"
"BM6040","Final Vault Closing","gen6","2026-09-22","17:51:58","9674253633"
"BM6040","Customer Purpose","gen27","2026-09-23","10:51:21","9674253633"
"BM6040","Customer Purpose","gen37","2026-09-23","12:59:15","9674253633"
"BM6040","Customer Purpose","gen16","2026-09-23","15:44:03","8617064312"
"BM6040","Final Vault Closing","gen5","2026-09-23","18:01:18","9674253633"
"BM6040","Customer Purpose","gen16","2026-09-24","10:45:29","8617064312"
"BM6040","Customer Purpose","gen22","2026-09-24","11:32:41","9674253633"
"BM6040","Customer Purpose","gen8","2026-09-24","12:15:45","8617064312"
"BM6040","Customer Purpose","gen3","2026-09-24","12:55:43","8617064312"
"BM6040","Customer Purpose","gen36","2026-09-24","13:04:22","8617064312"
"BM6040","Customer Purpose","gen22","2026-09-24","13:16:13","8617064312"
"BM6040","Customer Purpose","gen9","2026-09-24","14:14:21","9674253633"
"BM6040","Customer Purpose","gen14","2026-09-24","14:33:47","9674253633"
"BM6040","Final Vault Closing","gen22","2026-09-24","17:45:20","9674253633"
"BM6040","Customer Purpose","gen15","2026-09-25","10:48:03","8617064312"
"BM6040","Customer Purpose","gen","2026-09-25","11:26:08","9674253633"
"BM6040","Customer Purpose","gen25","2026-09-25","12:23:38","9674253633"
"BM6040","Customer Purpose","gen16","2026-09-25","13:59:27","9674253633"
"BM6040","Customer Purpose","gen29","2026-09-25","14:35:51","8617064312"
"BM6040","Final Vault Closing","gen7","2026-09-25","17:49:17","9674253633"
"BM6040","Customer Purpose","gen18","2026-09-26","10:50:02","8617064312"
"BM6040","Customer Purpose","gen37","2026-09-26","13:09:56","9674253633"
"BM6040","Final Vault Closing","gen3","2026-09-26","17:31:52","9674253633"
"BM6041","Customer Purpose","gen27","2026-09-21","11:14:02","8328907599"
"BM6041","Customer Purpose","gen32","2026-09-21","11:51:47","8328907599"
"BM6041","Customer Purpose","gen","2026-09-21","12:40:25","6370630664"
"BM6041","Customer Purpose","gen19","2026-09-21","13:13:11","8328907599"
"BM6041","Final Vault Closing","gen22","2026-09-21","17:55:53","8328907599"
"BM6041","Audit Purpose","gen30","2026-09-22","10:51:20","8328907599"
"BM6041","Audit Purpose","gen23","2026-09-22","13:41:26","8328907599"
"BM6041","Audit Purpose","gen21","2026-09-22","15:32:19","8328907599"
"BM6041","Audit Purpose","gen15","2026-09-22","16:53:48","7008134199"
"BM6041","Final Vault Closing","gen2","2026-09-22","17:47:37","6370630664"
"BM6041","Final Vault Closing","gen1","2026-09-22","18:23:49","@iifl.com>"
"BM6041","Customer Purpose","gen21","2026-09-23","10:42:11","6370630664"
"BM6041","Customer Purpose","gen50","2026-09-23","13:04:01","6370630664"
"BM6041","Customer Purpose","gen23","2026-09-23","13:12:14","6370630664"
"BM6041","Customer Purpose","gen50","2026-09-23","14:43:15","6370630664"
"BM6041","Customer Purpose","gen31","2026-09-23","17:27:20","7008134199"
"BM6041","Final Vault Closing","gen16","2026-09-23","18:33:47","7008134199"
"BM6041","Customer Purpose","gen6","2026-09-24","14:06:29","8328907599"
"BM6041","Customer Purpose","gen14","2026-09-24","14:41:23","8328907599"
"BM6041","Final Vault Closing","gen14","2026-09-24","17:58:08","8328907599"
"BM6041","Customer Purpose","gen30","2026-09-25","11:23:31","6370630664"
"BM6041","Customer Purpose","gen36","2026-09-25","16:31:53","8328907599"
"BM6041","Final Vault Closing","gen37","2026-09-25","18:50:29","8328907599"
"BM6041","Customer Purpose","gen29","2026-09-26","13:38:29","6370630664"
"BM6041","Packet Counting","gen25","2026-09-26","14:12:15","7008134199"
"BM6041","Packet Counting","gen3","2026-09-26","15:02:48","8328907599"
"BM6041","Customer Purpose","gen4","2026-09-26","15:23:57","8328907599"
"BM6041","Packet Counting","gen7","2026-09-26","17:19:00","7008134199"
"BM6041","Customer Purpose","gen36","2026-09-27","11:16:38","7008134199"
"BM6043","Customer Purpose","gen41","2026-09-21","11:02:29","6371400735"
"BM6043","Customer Purpose","gen30","2026-09-21","11:36:04","8596824792"
"BM6043","Customer Purpose","gen39","2026-09-21","12:20:51","6371400735"
"BM6043","Customer Purpose","gen9","2026-09-21","15:50:46","8596824792"
"BM6043","Customer Purpose","gen15","2026-09-21","17:47:53","6371400735"
"BM6043","Final Vault Closing","gen1","2026-09-21","18:24:53","6371400735"
"BM6043","Customer Purpose","gen6","2026-09-22","11:17:39","6371400735"
"BM6043","Customer Purpose","gen30","2026-09-22","11:40:18","6371400735"
"BM6043","Customer Purpose","gen26","2026-09-22","12:14:22","6371400735"
"BM6043","Customer Purpose","gen33","2026-09-22","12:47:16","6371400735"
"BM6043","Customer Purpose","gen11","2026-09-22","13:36:52","6371400735"
"BM6043","Customer Purpose","gen27","2026-09-22","14:36:40","8596824792"
"BM6043","Customer Purpose","gen6","2026-09-22","15:56:48",": 15:50:41"
"BM6043","Customer Purpose","gen18","2026-09-22","16:33:32","6371400735"
"BM6043","Final Vault Closing","gen7","2026-09-22","17:47:24","6371400735"
"BM6043","Customer Purpose","gen31","2026-09-23","10:46:56","8596824792"
"BM6043","Customer Purpose","gen24","2026-09-23","13:28:47","8596824792"
"BM6043","Final Vault Closing","gen2","2026-09-23","17:45:01","6371400735"
"BM6043","Customer Purpose","gen11","2026-09-24","13:17:09","6371400735"
"BM6043","Customer Purpose","gen38","2026-09-24","16:28:01","8596824792"
"BM6043","Final Vault Closing","gen12","2026-09-24","17:54:16","6371400735"
"BM6043","Customer Purpose","gen31","2026-09-25","11:38:47","6371400735"
"BM6043","Customer Purpose","gen10","2026-09-25","12:58:55","6371400735"
"BM6043","Final Vault Closing","iifl7","2026-09-25","17:55:08","6371400735"
"BM6043","Customer Purpose","gen3","2026-09-26","10:50:03","9861076535"
"BM6043","Packet Counting","gen9","2026-09-26","11:08:54","6371400735"
"BM6043","Packet Counting","gen21","2026-09-26","12:05:56","9861076535"
"BM6043","Packet Counting","gen36","2026-09-26","13:17:50","6371400735"
"BM6043","Packet Counting","gen31","2026-09-26","13:55:18","9861076535"
"BM6043","Final Vault Closing","gen6","2026-09-26","17:40:07","6371400735"
"BM6043","Customer Purpose","gen16","2026-09-27","12:14:05","8596824792"
"BM6043","Customer Purpose","gen9","2026-09-27","14:25:06","6371400735"
"BM6046","Customer Purpose","gen25","2026-09-21","11:11:49","7505148781"
"BM6046","Customer Purpose","gen41","2026-09-21","12:18:46","7599762637"
"BM6046","Customer Purpose","gen3","2026-09-21","13:30:00","7599762637"
"BM6046","Customer Purpose","gen32","2026-09-21","14:15:39","7599762637"
"BM6046","Customer Purpose","gen23","2026-09-21","14:22:46","7599762637"
"BM6046","Customer Purpose","gen20","2026-09-21","14:33:07","7599762637"
"BM6046","Customer Purpose","gen22","2026-09-21","15:14:34","7599762637"
"BM6046","Customer Purpose","gen15","2026-09-21","16:46:40","8572891158"
"BM6046","Customer Purpose","gen37","2026-09-21","17:06:46","7599762637"
"BM6046","Customer Purpose","gen7","2026-09-21","18:15:05","AL CLOSING"
"BM6046","Customer Purpose","gen16","2026-09-22","10:50:04","8572891158"
"BM6046","Customer Purpose","gen26","2026-09-22","12:01:01","7505148781"
"BM6046","Customer Purpose","gen22","2026-09-22","12:14:15","7505148781"
"BM6046","Customer Purpose","gen4","2026-09-22","13:15:16","7505148781"
"BM6046","Customer Purpose","gen2","2026-09-22","13:52:56","7599762637"
"BM6046","Customer Purpose","gen35","2026-09-22","14:22:36","8572891158"
"BM6046","Customer Purpose","gen34","2026-09-22","14:29:27","7505148781"
"BM6046","Customer Purpose","gen21","2026-09-22","16:35:29","8572891158"
"BM6046","Customer Purpose","gen32","2026-09-22","17:18:27","8572891158"
"BM6046","Final Vault Closing","gen11","2026-09-22","18:31:33","8572891158"
"BM6046","Customer Purpose","gen37","2026-09-23","11:06:41","8572891158"
"BM6046","Customer Purpose","gen10","2026-09-23","12:39:03","7599762637"
"BM6046","Customer Purpose","gen30","2026-09-23","13:08:32","7505148781"
"BM6046","Customer Purpose","gen17","2026-09-23","14:52:52","7599762637"
"BM6046","Customer Purpose","gen16","2026-09-23","15:08:01","8572891158"
"BM6046","Customer Purpose","gen17","2026-09-23","16:21:35","8572891158"
"BM6046","Final Vault Closing","gen21","2026-09-23","18:31:43","8572891158"
"BM6046","Customer Purpose","gen6","2026-09-24","11:23:00","8572891158"
"BM6046","Customer Purpose","gen28","2026-09-24","11:55:47","7599762637"
"BM6046","Customer Purpose","gen30","2026-09-24","12:14:38","7505148781"
"BM6046","Customer Purpose","gen14","2026-09-24","14:23:45","7599762637"
"BM6046","Customer Purpose","gen37","2026-09-24","15:15:33","7505148781"
"BM6046","Final Vault Closing","gen3","2026-09-24","18:26:01","7505148781"
"BM6046","Customer Purpose","gen25","2026-09-25","10:59:46","7599762637"
"BM6046","Customer Purpose","gen1","2026-09-25","11:09:41","7599762637"
"BM6046","Customer Purpose","gen21","2026-09-25","11:26:53","7599762637"
"BM6046","Customer Purpose","gen17","2026-09-25","11:37:12","8572891158"
"BM6046","Customer Purpose","gen34","2026-09-25","12:59:50","8572891158"
"BM6046","Customer Purpose","gen35","2026-09-25","13:50:28","8572891158"
"BM6046","Customer Purpose","gen31","2026-09-25","15:03:29","  14:55:19"
"BM6046","Customer Purpose","gen1","2026-09-25","16:16:34","8572891158"
"BM6046","Final Vault Closing","gen29","2026-09-25","18:11:39","7599762637"
"BM6046","Customer Purpose","gen5","2026-09-26","12:26:26","7505148781"
"BM6046","Customer Purpose","gen22","2026-09-26","12:36:04","7505148781"
"BM6046","Customer Purpose","gen28","2026-09-26","13:03:44","7505148781"
"BM6046","Packet Counting","gen6","2026-09-26","14:50:22","7505148781"
"BM6046","Packet Counting","gen34","2026-09-26","16:16:09","8572891158"
"BM6046","Packet Counting","gen49","2026-09-26","17:37:23","7599762637"
"BM6046","Final Vault Closing","gen18","2026-09-26","18:30:01","7505148781"
"BM6046","Customer Purpose","gen11","2026-09-27","12:16:43","7599762637"
"BM6060","Customer Purpose","gen26","2026-09-21","11:14:35","6371966288"
"BM6060","Customer Purpose","gen22","2026-09-21","11:41:24","6371966288"
"BM6060","Customer Purpose","gen26","2026-09-21","12:52:39","6371966288"
"BM6060","Customer Purpose","gen17","2026-09-21","13:28:44","9938753916"
"BM6060","Customer Purpose","gen11","2026-09-21","13:52:16","9938753916"
"BM6060","Customer Purpose","gen10","2026-09-21","15:41:03","6371966288"
"BM6060","Customer Purpose","gen41","2026-09-21","16:20:34","9938753916"
"BM6060","Final Vault Closing","gen14","2026-09-21","18:19:44","9938753916"
"BM6060","Customer Purpose","gen27","2026-09-22","11:47:06","6371966288"
"BM6060","Customer Purpose","gen41","2026-09-22","13:30:04","9861614459"
"BM6060","Customer Purpose","gen30","2026-09-22","16:10:12","9861614459"
"BM6060","Final Vault Closing","gen2","2026-09-22","18:21:51","9861614459"
"BM6060","Customer Purpose","gen17","2026-09-23","10:15:46","9938753916"
"BM6060","Customer Purpose","gen19","2026-09-23","11:51:45","9861614459"
"BM6060","Customer Purpose","gen33","2026-09-23","13:14:50","9938753916"
"BM6060","Customer Purpose","gen50","2026-09-23","13:45:46","6371966288"
"BM6060","Customer Purpose","gen","2026-09-23","16:10:47","9938753916"
"BM6060","Final Vault Closing","gen11","2026-09-23","17:43:59","9938753916"
"BM6060","Customer Purpose","gen15","2026-09-24","11:02:06","9938753916"
"BM6060","Customer Purpose","gen12","2026-09-24","13:32:05","9861614459"
"BM6060","Customer Purpose","gen3","2026-09-24","14:05:45","9938753916"
"BM6060","Customer Purpose","gen21","2026-09-24","14:53:46","9938753916"
"BM6060","Final Vault Closing","gen38","2026-09-24","17:46:31","6371966288"
"BM6060","Customer Purpose","gen3","2026-09-25","10:55:17","6371966288"
"BM6060","Customer Purpose","gen7","2026-09-25","11:04:23","9861614459"
"BM6060","Customer Purpose","gen6","2026-09-25","11:59:57","6371966288"
"BM6060","Customer Purpose","gen28","2026-09-25","13:02:46","9861614459"
"BM6060","Customer Purpose","gen31","2026-09-25","15:19:05","9861614459"
"BM6060","Final Vault Closing","gen31","2026-09-25","18:04:37","6371966288"
"BM6060","Customer Purpose","gen6","2026-09-26","10:56:23","9861614459"
"BM6060","Customer Purpose","gen11","2026-09-26","11:55:21","9861614459"
"BM6060","Customer Purpose","gen11","2026-09-26","12:14:31","9861614459"
"BM6060","Customer Purpose","gen34","2026-09-26","13:30:10","9938753916"
"BM6060","Customer Purpose","gen22","2026-09-26","15:05:21","9861614459"
"BM6060","Final Vault Closing","gen2","2026-09-26","18:07:27","9938753916"
"BM6060","Customer Purpose","gen25","2026-09-27","10:09:34","9861614459"
"BM6060","Customer Purpose","gen35","2026-09-27","12:39:09","6371966288"
"BM6076","Customer Purpose","gen29","2026-09-21","10:41:01","8650744164"
"BM6076","Customer Purpose","gen22","2026-09-21","10:49:47","8650744164"
"BM6076","Customer Purpose","gen33","2026-09-21","11:15:02","9897846416"
"BM6076","Customer Purpose","gen7","2026-09-21","11:36:29","9897846416"
"BM6076","Customer Purpose","gen20","2026-09-21","11:46:29","8650744164"
"BM6076","Customer Purpose","gen17","2026-09-21","12:26:22","9897846416"
"BM6076","Customer Purpose","gen19","2026-09-21","13:20:36","8650744164"
"BM6076","Customer Purpose","gen28","2026-09-21","13:28:13","9897846416"
"BM6076","Customer Purpose","gen9","2026-09-21","13:39:09","9897846416"
"BM6076","Customer Purpose","gen7","2026-09-21","13:49:40","9897846416"
"BM6076","Customer Purpose","gen","2026-09-21","15:22:30","8650744164"
"BM6076","Customer Purpose","gen41","2026-09-21","15:39:31","8650744164"
"BM6076","Customer Purpose","gen27","2026-09-21","16:13:57","9897846416"
"BM6076","Customer Purpose","gen17","2026-09-21","17:05:25","8650744164"
"BM6076","Customer Purpose","gen28","2026-09-21","17:18:07","8650744164"
"BM6076","Final Vault Closing","gen26","2026-09-21","18:13:40","9897846416"
"BM6076","Customer Purpose","gen2","2026-09-22","11:09:02","8650744164"
"BM6076","Customer Purpose","gen3","2026-09-22","12:39:04","8650744164"
"BM6076","Customer Purpose","gen13","2026-09-22","13:03:59","8650744164"
"BM6076","Customer Purpose","gen22","2026-09-22","14:41:33","8650744164"
"BM6076","Customer Purpose","gen15","2026-09-22","14:52:11","8650744164"
"BM6076","Customer Purpose","gen4","2026-09-22","15:09:15","8650744164"
"BM6076","Customer Purpose","gen14","2026-09-22","15:41:57","8650744164"
"BM6076","Customer Purpose","gen24","2026-09-22","15:52:55","8650744164"
"BM6076","Customer Purpose","gen9","2026-09-22","16:03:52","8650744164"
"BM6076","Customer Purpose","gen4","2026-09-22","16:37:20","9897846416"
"BM6076","Customer Purpose","gen1","2026-09-22","17:34:01","8650744164"
"BM6076","Customer Purpose","gen21","2026-09-22","17:49:15","8650744164"
"BM6076","Final Vault Closing","gen1","2026-09-22","18:35:16","8650744164"
"BM6076","Customer Purpose","gen1","2026-09-23","10:55:00","8650744164"
"BM6076","Customer Purpose","gen16","2026-09-23","11:38:06","8650744164"
"BM6076","Customer Purpose","gen15","2026-09-23","13:42:38","9719526705"
"BM6076","Customer Purpose","gen37","2026-09-23","13:51:49","8650744164"
"BM6076","Customer Purpose","gen38","2026-09-23","15:36:01","9719526705"
"BM6076","Customer Purpose","gen8","2026-09-23","15:44:13","8650744164"
"BM6076","Customer Purpose","gen7","2026-09-23","15:58:14","8650744164"
"BM6076","Customer Purpose","gen27","2026-09-23","16:09:39","8650744164"
"BM6076","Customer Purpose","gen6","2026-09-24","10:38:31","8650744164"
"BM6076","Customer Purpose","gen29","2026-09-24","10:56:15","9719526705"
"BM6076","Customer Purpose","gen22","2026-09-24","11:48:13","8650744164"
"BM6076","Customer Purpose","gen30","2026-09-24","12:26:59","9719526705"
"BM6076","Customer Purpose","gen30","2026-09-24","12:34:38","9719526705"
"BM6076","Customer Purpose","gen37","2026-09-24","12:45:10","8650744164"
"BM6076","Customer Purpose","gen35","2026-09-24","12:55:14","8650744164"
"BM6076","Customer Purpose","gen17","2026-09-24","13:07:10","8650744164"
"BM6076","Customer Purpose","gen17","2026-09-24","13:15:17","8650744164"
"BM6076","Customer Purpose","gen4","2026-09-24","13:32:16","8650744164"
"BM6076","Packet Counting","gen13","2026-09-24","13:51:51","8650744164"
"BM6076","Customer Purpose","gen13","2026-09-24","14:26:17","8650744164"
"BM6076","Customer Purpose","gen22","2026-09-24","15:11:05","8650744164"
"BM6076","Packet Counting","gen24","2026-09-24","15:22:14","8650744164"
"BM6076","Packet Counting","gen17","2026-09-24","16:06:11","8650744164"
"BM6076","Packet Counting","gen28","2026-09-24","17:28:38","8650744164"
"BM6076","Final Vault Closing","gen3","2026-09-24","18:18:30","8650744164"
"BM6076","Customer Purpose","gen49","2026-09-25","10:42:25","9897846416"
"BM6076","Customer Purpose","gen10","2026-09-25","10:50:31","8650744164"
"BM6076","Customer Purpose","gen14","2026-09-25","11:06:42","8650744164"
"BM6076","Customer Purpose","gen36","2026-09-25","11:14:26","9897846416"
"BM6076","Customer Purpose","gen14","2026-09-25","11:39:32","8650744164"
"BM6076","Customer Purpose","gen35","2026-09-25","12:38:03","9719526705"
"BM6076","Customer Purpose","gen32","2026-09-25","12:59:50","8650744164"
"BM6076","Customer Purpose","gen1","2026-09-25","13:28:33","9897846416"
"BM6076","Customer Purpose","gen10","2026-09-25","15:22:42","9897846416"
"BM6076","Customer Purpose","gen34","2026-09-25","15:32:28","8650744164"
"BM6076","Customer Purpose","gen37","2026-09-25","16:23:41","9897846416"
"BM6076","Final Vault Closing","gen39","2026-09-25","18:29:01","8650744164"
"BM6076","Customer Purpose","gen29","2026-09-26","11:06:25","9897846416"
"BM6076","Packet Counting","gen49","2026-09-26","14:17:10","9897846416"
"BM6076","Packet Counting","gen17","2026-09-26","14:24:15","     13:30"
"BM6076","Packet Counting","gen14","2026-09-26","15:25:49","9897846416"
"BM6076","Packet Counting","gen49","2026-09-26","16:23:57","9897846416"
"BM6076","Packet Counting","gen49","2026-09-26","17:13:21","9897846416"
"BM6076","Final Vault Closing","gen14","2026-09-26","18:48:57","9897846416"
"BM6076","Customer Purpose","gen10","2026-09-27","11:26:34","9897846416"
"BM6076","Customer Purpose","gen10","2026-09-27","11:51:48","9897846416"
"BM6076","Customer Purpose","gen10","2026-09-27","12:11:26","9897846416"
"BM6076","Customer Purpose","gen4","2026-09-27","12:27:01","9897846416"
"BM6076","Packet Counting","gen30","2026-09-27","12:55:39","9897846416"
"BM6088","Customer Purpose","gen39","2026-09-21","10:48:48","8350025958"
"BM6088","Customer Purpose","gen22","2026-09-21","11:43:38","9088723145"
"BM6088","Customer Purpose","gen41","2026-09-21","12:42:39","8001240511"
"BM6088","Customer Purpose","gen17","2026-09-21","13:36:04","9088723145"
"BM6088","Customer Purpose","gen28","2026-09-21","14:03:09","9088723145"
"BM6088","Customer Purpose","gen22","2026-09-21","15:23:29","8001240511"
"BM6088","Customer Purpose","gen50","2026-09-21","16:55:31","9088723145"
"BM6088","Final Vault Closing","gen22","2026-09-21","17:43:34","8001240511"
"BM6088","Customer Purpose","gen16","2026-09-22","11:46:46","8001240511"
"BM6088","Customer Purpose","gen30","2026-09-22","12:23:59","9088723145"
"BM6088","Customer Purpose","gen37","2026-09-22","12:50:25","8001240511"
"BM6088","Customer Purpose","gen14","2026-09-22","13:59:53","9088723145"
"BM6088","Customer Purpose","gen16","2026-09-22","16:11:18","9088723145"
"BM6088","Final Vault Closing","gen21","2026-09-22","17:33:42","8001240511"
"BM6088","Customer Purpose","gen11","2026-09-23","11:09:38","8350025958"
"BM6088","Customer Purpose","gen8","2026-09-23","13:18:28","8001240511"
"BM6088","Customer Purpose","gen3","2026-09-23","14:22:34","8350025958"
"BM6088","Customer Purpose","gen1","2026-09-23","15:04:36","8350025958"
"BM6088","Final Vault Closing","gen31","2026-09-23","17:57:50","8350025958"
"BM6088","Customer Purpose","gen9","2026-09-24","11:28:43","8001240511"
"BM6088","Customer Purpose","gen8","2026-09-24","12:20:32","8350025958"
"BM6088","Customer Purpose","gen25","2026-09-24","12:57:00","8001240511"
"BM6088","Customer Purpose","gen11","2026-09-24","13:31:17","8001240511"
"BM6088","Customer Purpose","gen13","2026-09-24","15:21:25","8001240511"
"BM6088","Customer Purpose","gen7","2026-09-24","16:05:19","9088723145"
"BM6088","Final Vault Closing","gen10","2026-09-24","17:43:59","9088723145"
"BM6088","Customer Purpose","gen29","2026-09-25","13:38:38","8350025958"
"BM6088","Final Vault Closing","gen4","2026-09-25","17:44:46","9088723145"
"BM6088","Customer Purpose","gen24","2026-09-26","11:32:22","8001240511"
"BM6088","Customer Purpose","gen7","2026-09-26","12:13:14","9088723145"
"BM6088","Customer Purpose","gen21","2026-09-26","12:44:15","8350025958"
"BM6088","Customer Purpose","gen10","2026-09-26","13:30:12","9088723145"
"BM6088","Packet Counting","gen36","2026-09-26","15:36:20","9088723145"
"BM6088","Packet Counting","gen36","2026-09-26","16:39:11","8350025958"
"BM6088","Final Vault Closing","gen3","2026-09-26","17:55:35","8001240511"
"BM6088","Customer Purpose","gen22","2026-09-27","10:12:30","9088723145"
"BM6092","Customer Purpose","gen19","2026-09-21","10:12:10","9078392074"
"BM6092","Customer Purpose","gen14","2026-09-21","10:45:50","9078392074"
"BM6092","Customer Purpose","gen16","2026-09-21","12:02:12","9348823876"
"BM6092","Customer Purpose","gen26","2026-09-21","12:36:34","9937875795"
"BM6092","Customer Purpose","gen30","2026-09-21","13:03:08","9078392074"
"BM6092","Customer Purpose","gen30","2026-09-21","13:49:45","9937875795"
"BM6092","Customer Purpose","gen43","2026-09-21","15:55:07","9937875795"
"BM6092","Final Vault Closing","gen6","2026-09-21","18:35:57","9937875795"
"BM6092","Customer Purpose","gen8","2026-09-22","11:13:42","9937875795"
"BM6092","Customer Purpose","gen3","2026-09-22","12:02:06","9937875795"
"BM6092","Customer Purpose","gen33","2026-09-22","12:50:42","9348823876"
"BM6092","Customer Purpose","gen32","2026-09-22","13:44:54","9348823876"
"BM6092","Customer Purpose","gen19","2026-09-22","13:59:29","9937875795"
"BM6092","Customer Purpose","gen12","2026-09-22","17:12:08","9078392074"
"BM6092","Final Vault Closing","gen21","2026-09-22","18:51:17","9348823876"
"BM6092","Customer Purpose","gen38","2026-09-23","10:08:51","9937875795"
"BM6092","Customer Purpose","gen35","2026-09-23","11:04:45","9078392074"
"BM6092","Customer Purpose","gen35","2026-09-23","12:12:27","9348823876"
"BM6092","Customer Purpose","gen10","2026-09-23","15:47:14","9078392074"
"BM6092","Customer Purpose","gen26","2026-09-23","16:16:20","9348823876"
"BM6092","Final Vault Closing","gen38","2026-09-23","18:08:56","9348823876"
"BM6092","Customer Purpose","gen13","2026-09-24","11:49:47","9348823876"
"BM6092","Customer Purpose","gen25","2026-09-24","13:49:00","9937875795"
"BM6092","Customer Purpose","gen21","2026-09-24","15:42:38","9078392074"
"BM6092","Final Vault Closing","gen","2026-09-24","17:58:54","9348823876"
"BM6092","Customer Purpose","gen28","2026-09-25","10:50:33","9937875795"
"BM6092","Customer Purpose","gen32","2026-09-25","11:26:47","9348823876"
"BM6092","Customer Purpose","gen32","2026-09-25","12:46:48","9078392074"
"BM6092","Customer Purpose","gen7","2026-09-25","14:07:11","9348823876"
"BM6092","Customer Purpose","gen3","2026-09-25","15:47:42","9348823876"
"BM6092","Final Vault Closing","gen","2026-09-25","17:27:23","9078392074"
"BM6092","Customer Purpose","gen25","2026-09-26","10:59:49","9937875795"
"BM6092","Customer Purpose","gen6","2026-09-26","11:43:45","9937875795"
"BM6092","Customer Purpose","gen49","2026-09-26","12:56:43","9937875795"
"BM6092","Packet Counting","gen30","2026-09-26","15:24:57","9348823876"
"BM6092","Packet Counting","gen15","2026-09-26","16:14:51","9348823876"
"BM6092","Packet Counting","gen19","2026-09-26","17:00:38","9937875795"
"BM6092","Final Vault Closing","gen14","2026-09-26","17:57:45","9348823876"
"BM6092","Customer Purpose","gen17","2026-09-27","13:23:06","9937875795"
"BM6093","Customer Purpose","gen6","2026-09-21","10:56:28","7008512942"
"BM6093","Customer Purpose","gen10","2026-09-21","12:18:09","9777368257"
"BM6093","Customer Purpose","gen14","2026-09-21","13:17:52","9777368257"
"BM6093","Customer Purpose","gen9","2026-09-21","14:39:49","7008512942"
"BM6093","Customer Purpose","gen19","2026-09-21","15:26:27","9777368257"
"BM6093","Customer Purpose","gen7","2026-09-21","16:35:22","9777368257"
"BM6093","Final Vault Closing","gen14","2026-09-21","18:11:55","7008512942"
"BM6093","Customer Purpose","gen12","2026-09-22","10:32:20","9777368257"
"BM6093","Customer Purpose","gen3","2026-09-22","11:19:42","9777368257"
"BM6093","Customer Purpose","gen1","2026-09-22","12:03:15","7749941087"
"BM6093","Customer Purpose","gen35","2026-09-22","13:36:06","7008512942"
"BM6093","Customer Purpose","gen50","2026-09-22","15:55:06","7008512942"
"BM6093","Final Vault Closing","gen7","2026-09-22","18:00:37","9777368257"
"BM6093","Customer Purpose","gen21","2026-09-23","12:09:15","9777368257"
"BM6093","Final Vault Closing","gen50","2026-09-23","17:50:19","9777368257"
"BM6093","Customer Purpose","gen22","2026-09-24","11:04:16","9777368257"
"BM6093","Customer Purpose","gen2","2026-09-24","11:52:37","7008512942"
"BM6093","Customer Purpose","gen15","2026-09-24","12:33:21","9777368257"
"BM6093","Customer Purpose","gen11","2026-09-24","13:47:29","9777368257"
"BM6093","Audit Purpose","gen15","2026-09-24","14:38:56","9777368257"
"BM6093","Audit Purpose","gen36","2026-09-24","16:07:42","9777368257"
"BM6093","Audit Purpose","gen26","2026-09-24","17:42:04","9777368257"
"BM6093","Final Vault Closing","gen10","2026-09-24","18:30:24","9777368257"
"BM6093","Audit Purpose","gen14","2026-09-25","10:33:13","7008512942"
"BM6093","Audit Purpose","gen18","2026-09-25","13:59:01","7008512942"
"BM6093","Final Vault Closing","gen7","2026-09-25","18:22:44","9777368257"
"BM6093","Customer Purpose","gen5","2026-09-26","12:03:49","9777368257"
"BM6093","Packet Counting","gen17","2026-09-26","12:23:24","9777368257"
"BM6093","Customer Purpose","gen18","2026-09-26","13:28:32","7008512942"
"BM6093","Packet Counting","gen32","2026-09-26","13:40:05","9777368257"
"BM6093","Packet Counting","gen26","2026-09-26","15:13:51","9777368257"
"BM6093","Packet Counting","gen2","2026-09-26","16:05:10","9777368257"
"BM6093","Final Vault Closing","iifl6","2026-09-26","18:22:32","9777368257"
"BM6093","Customer Purpose","gen29","2026-09-27","10:39:19","7008512942"
"BM6093","Packet Counting","gen31","2026-09-27","13:03:37","7008512942"
"BM6093","Packet Counting","gen4","2026-09-27","13:49:25","7008512942"
"BM6103","Customer Purpose","gen16","2026-09-21","11:28:43","9126033967"
"BM6103","Customer Purpose","gen9","2026-09-21","13:01:02","8617541454"
"BM6103","Customer Purpose","gen30","2026-09-21","14:42:40","9800953948"
"BM6103","Final Vault Closing","iifl4","2026-09-21","18:25:46","9126033967"
"BM6103","Customer Purpose","gen4","2026-09-22","10:12:01","8617541454"
"BM6103","Customer Purpose","gen31","2026-09-22","12:31:46","9126033967"
"BM6103","Customer Purpose","gen23","2026-09-22","17:10:01","9126033967"
"BM6103","Final Vault Closing","gen26","2026-09-22","17:53:36","9126033967"
"BM6103","Customer Purpose","gen28","2026-09-23","10:04:40","8617541454"
"BM6103","Other Purpose","gen5","2026-09-23","10:13:44","8617541454"
"BM6103","Audit Purpose","gen7","2026-09-23","11:22:13","8617541454"
"BM6103","Customer Purpose","gen31","2026-09-23","13:15:15","9126033967"
"BM6103","Audit Purpose","gen38","2026-09-23","15:40:27","8617541454"
"BM6103","Audit Purpose","gen35","2026-09-23","16:49:28","9126033967"
"BM6103","Audit Purpose","gen21","2026-09-23","18:49:21","9126033967"
"BM6103","Audit Purpose","gen9","2026-09-24","10:59:23","8617541454"
"BM6103","Audit Purpose","gen36","2026-09-24","11:34:31","8617541454"
"BM6103","Audit Purpose","gen6","2026-09-24","12:35:19","8617541454"
"BM6103","Audit Purpose","gen8","2026-09-24","14:20:03","8617541454"
"BM6103","Audit Purpose","gen35","2026-09-24","15:59:29","8617541454"
"BM6103","Audit Purpose","gen24","2026-09-24","16:34:43","9800953948"
"BM6103","Audit Purpose","gen24","2026-09-24","17:28:57","9126033967"
"BM6103","Audit Purpose","gen26","2026-09-24","18:19:10","8617541454"
"BM6103","Customer Purpose","gen15","2026-09-25","11:25:37","8617541454"
"BM6103","Customer Purpose","gen25","2026-09-25","12:19:22","8617541454"
"BM6103","Final Vault Closing","gen2","2026-09-25","17:48:45","8617541454"
"BM6103","Customer Purpose","gen4","2026-09-26","11:20:32","8617541454"
"BM6103","Customer Purpose","gen37","2026-09-26","13:28:57","8617541454"
"BM6103","Customer Purpose","gen28","2026-09-26","13:44:59","8617541454"
"BM6103","Packet Counting","gen36","2026-09-26","15:18:19","8617541454"
"BM6103","Packet Counting","gen18","2026-09-26","16:27:38","8617541454"
"BM6103","Packet Counting","gen19","2026-09-26","17:21:44","8617541454"
"BM6103","Final Vault Closing","gen24","2026-09-26","17:59:18","8617541454"
"BM6104","Customer Purpose","gen7","2026-09-21","10:54:04","9548491388"
"BM6104","Customer Purpose","gen23","2026-09-21","16:09:50","8477846400"
"BM6104","Final Vault Closing","gen2","2026-09-21","17:51:21","8477846400"
"BM6104","Customer Purpose","gen8","2026-09-22","11:21:10","8477846400"
"BM6104","Customer Purpose","gen10","2026-09-22","12:44:08","8477846400"
"BM6104","Customer Purpose","gen32","2026-09-22","14:35:52","9548491388"
"BM6104","Customer Purpose","gen4","2026-09-22","17:45:22","8477846400"
"BM6104","Final Vault Closing","gen13","2026-09-22","17:57:59","8477846400"
"BM6104","Customer Purpose","gen28","2026-09-23","13:46:46","8477846400"
"BM6104","Customer Purpose","gen2","2026-09-23","14:06:00","8477846400"
"BM6104","Final Vault Closing","gen24","2026-09-23","18:17:00","9548491388"
"BM6104","Customer Purpose","gen30","2026-09-24","11:57:37","8477846400"
"BM6104","Customer Purpose","iifl6","2026-09-24","12:48:47","8477846400"
"BM6104","Customer Purpose","gen21","2026-09-24","13:35:45","9548491388"
"BM6104","Final Vault Closing","gen6","2026-09-24","18:04:00","9548491388"
"BM6104","Customer Purpose","gen26","2026-09-25","10:50:58","9548491388"
"BM6104","Final Vault Closing","iifl6","2026-09-25","18:03:50","9548491388"
"BM6104","Customer Purpose","gen34","2026-09-26","10:54:46","9548491388"
"BM6104","Customer Purpose","gen28","2026-09-26","12:44:06","8477846400"
"BM6104","Customer Purpose","gen28","2026-09-26","14:46:32","9548491388"
"BM6104","Packet Counting","gen32","2026-09-26","14:52:44","9548491388"
"BM6127","Audit Purpose","gen3","2026-09-21","10:17:25","9365058449"
"BM6127","Audit Purpose","gen27","2026-09-21","11:49:06","9365058449"
"BM6127","Audit Purpose","gen17","2026-09-21","13:26:01","8822559266"
"BM6127","Audit Purpose","gen11","2026-09-21","13:55:00","8822559266"
"BM6127","Audit Purpose","gen34","2026-09-21","14:54:54","8822559266"
"BM6127","Customer Purpose","gen17","2026-09-21","16:57:34","IT PURPOSE"
"BM6127","Audit Purpose","gen28","2026-09-21","18:23:22","8822559266"
"BM6127","Audit Purpose","gen17","2026-09-22","10:26:42","7086180952"
"BM6127","Audit Purpose","gen","2026-09-22","11:08:40","9365058449"
"BM6127","Audit Purpose","gen23","2026-09-22","12:10:12","7086180952"
"BM6127","Audit Purpose","gen23","2026-09-22","13:19:46","7086180952"
"BM6127","Audit Purpose","gen10","2026-09-22","13:58:42","7086180952"
"BM6127","Audit Purpose","gen24","2026-09-22","16:05:08","8822559266"
"BM6127","Final Vault Closing","gen27","2026-09-22","18:30:16","9365058449"
"BM6127","Audit Purpose","gen11","2026-09-23","10:28:02","8822559266"
"BM6127","Audit Purpose","gen10","2026-09-23","12:49:57","8822559266"
"BM6127","Audit Purpose","gen29","2026-09-23","13:58:50","8822559266"
"BM6127","Audit Purpose","gen2","2026-09-23","14:04:39","9365058449"
"BM6127","Audit Purpose","gen19","2026-09-23","14:44:19","8822559266"
"BM6127","Audit Purpose","gen38","2026-09-23","15:45:26","7086180952"
"BM6127","Audit Purpose","gen7","2026-09-23","17:02:31","8822559266"
"BM6127","Final Vault Closing","gen26","2026-09-23","18:28:29","9365058449"
"BM6127","Audit Purpose","gen19","2026-09-24","10:17:17","8822559266"
"BM6127","Audit Purpose","gen16","2026-09-24","11:40:09","9365058449"
"BM6127","Audit Purpose","gen20","2026-09-24","13:30:11","8822559266"
"BM6127","Audit Purpose","gen36","2026-09-24","16:00:16","8822559266"
"BM6127","Audit Purpose","gen11","2026-09-24","17:59:35","7086180952"
"BM6127","Final Vault Closing","gen","2026-09-24","18:33:55","8822559266"
"BM6127","Audit Purpose","gen49","2026-09-25","10:08:43","9365058449"
"BM6127","Audit Purpose","gen36","2026-09-25","11:23:51","8822559266"
"BM6127","Audit Purpose","gen30","2026-09-25","12:21:38","8822559266"
"BM6127","Audit Purpose","gen11","2026-09-25","13:44:49","9365058449"
"BM6127","Audit Purpose","gen34","2026-09-25","14:13:14","9365058449"
"BM6127","Audit Purpose","gen37","2026-09-25","16:08:33","8822559266"
"BM6127","Audit Purpose","gen38","2026-09-25","16:54:08","9365058449"
"BM6127","Final Vault Closing","gen2","2026-09-25","18:07:55","9365058449"
"BM6127","Customer Purpose","gen25","2026-09-26","10:09:53","9365058449"
"BM6127","Customer Purpose","gen4","2026-09-26","11:14:01","9365058449"
"BM6127","Customer Purpose","gen8","2026-09-26","11:47:12","9365058449"
"BM6127","Customer Purpose","gen24","2026-09-26","13:46:00","7086180952"
"BM6127","Packet Counting","gen9","2026-09-26","17:10:36","9365058449"
"BM6127","Customer Purpose","gen10","2026-09-27","10:49:30","9365058449"
"BM6127","Customer Purpose","gen15","2026-09-27","11:07:24","7086180952"
"BM6127","Customer Purpose","gen40","2026-09-27","12:08:01","9365058449"
"BM6127","Customer Purpose","gen8","2026-09-27","13:08:05","9365058449"
"BM6129","Customer Purpose","gen32","2026-09-21","10:10:07","7008187367"
"BM6129","Customer Purpose","gen17","2026-09-21","11:24:35","9090156813"
"BM6129","Customer Purpose","gen18","2026-09-21","11:56:24","9090156813"
"BM6129","Customer Purpose","gen11","2026-09-21","12:56:14","9090156813"
"BM6129","Customer Purpose","gen37","2026-09-21","13:29:53","9090156813"
"BM6129","Customer Purpose","gen15","2026-09-21","16:01:25","9090156813"
"BM6129","Final Vault Closing","gen22","2026-09-21","18:01:46","7008187367"
"BM6129","Customer Purpose","gen21","2026-09-22","10:59:23","9090156813"
"BM6129","Customer Purpose","gen12","2026-09-22","11:55:49","9090156813"
"BM6129","Customer Purpose","gen31","2026-09-22","13:39:55","7008187367"
"BM6129","Customer Purpose","gen10","2026-09-22","15:07:02","7008187367"
"BM6129","Final Vault Closing","gen","2026-09-22","17:46:41","9090156813"
"BM6129","Customer Purpose","gen11","2026-09-23","11:04:37","9090156813"
"BM6129","Customer Purpose","gen1","2026-09-23","12:15:11","9090156813"
"BM6129","Customer Purpose","gen38","2026-09-23","14:01:21","9090156813"
"BM6129","Final Vault Closing","gen12","2026-09-23","17:51:24","9090156813"
"BM6129","Customer Purpose","gen8","2026-09-24","12:03:21","9090156813"
"BM6129","Customer Purpose","gen1","2026-09-24","13:11:59","9090156813"
"BM6129","Customer Purpose","gen14","2026-09-24","15:19:06","9090156813"
"BM6129","Customer Purpose","gen32","2026-09-24","15:43:54","9853751864"
"BM6129","Customer Purpose","gen31","2026-09-24","17:24:14","9090156813"
"BM6129","Final Vault Closing","gen30","2026-09-24","17:57:49","9090156813"
"BM6129","Customer Purpose","gen38","2026-09-25","10:47:52","9090156813"
"BM6129","Customer Purpose","gen38","2026-09-25","12:49:07","7008187367"
"BM6129","Customer Purpose","gen17","2026-09-25","13:44:55","9090156813"
"BM6129","Customer Purpose","gen3","2026-09-25","14:19:36","9090156813"
"BM6129","Customer Purpose","gen8","2026-09-25","14:27:32","9853751864"
"BM6129","Final Vault Closing","gen12","2026-09-25","18:16:19","9090156813"
"BM6129","Customer Purpose","gen36","2026-09-26","11:31:50","9090156813"
"BM6129","Customer Purpose","gen36","2026-09-26","14:39:55","9090156813"
"BM6129","Packet Counting","gen1","2026-09-26","16:16:31","9090156813"
"BM6129","Packet Counting","gen30","2026-09-26","16:54:35","9090156813"
"BM6129","Final Vault Closing","gen23","2026-09-26","18:01:33","9853751864"
"BM6132","Customer Purpose","gen30","2026-09-21","11:24:55","6294363657"
"BM6132","Customer Purpose","gen2","2026-09-21","12:52:20","6294363657"
"BM6132","Customer Purpose","gen","2026-09-21","15:53:41","6297729203"
"BM6132","Customer Purpose","gen14","2026-09-21","16:28:59","6297729203"
"BM6132","Final Vault Closing","gen14","2026-09-21","18:06:54","6297729203"
"BM6132","Customer Purpose","gen41","2026-09-22","11:15:47","6294363657"
"BM6132","Customer Purpose","gen17","2026-09-22","12:02:29","6294363657"
"BM6132","Customer Purpose","gen16","2026-09-22","12:50:45","6294363657"
"BM6132","Customer Purpose","gen3","2026-09-22","14:26:49","6294363657"
"BM6132","Customer Purpose","gen3","2026-09-22","17:00:35","6294363657"
"BM6132","Customer Purpose","gen32","2026-09-23","10:15:51","6297729203"
"BM6132","Customer Purpose","gen19","2026-09-23","11:08:46","6297729203"
"BM6132","Customer Purpose","gen33","2026-09-23","12:44:38","6294363657"
"BM6132","Customer Purpose","gen35","2026-09-23","13:57:12","6297729203"
"BM6132","Customer Purpose","gen1","2026-09-23","15:02:05","7384097943"
"BM6132","Customer Purpose","gen3","2026-09-23","17:59:33","6297729203"
"BM6132","Customer Purpose","gen","2026-09-23","18:47:25","6297729203"
"BM6132","Customer Purpose","gen29","2026-09-24","10:36:18","6294363657"
"BM6132","Customer Purpose","gen30","2026-09-24","11:11:24","7384097943"
"BM6132","Customer Purpose","gen9","2026-09-24","11:53:30","6294363657"
"BM6132","Customer Purpose","gen5","2026-09-24","12:12:55","6294363657"
"BM6132","Customer Purpose","gen","2026-09-24","14:19:04","6294363657"
"BM6132","Customer Purpose","gen3","2026-09-24","16:12:08","6297729203"
"BM6132","Customer Purpose","gen5","2026-09-24","17:34:20","6297729203"
"BM6132","Customer Purpose","gen16","2026-09-25","11:38:08","6297729203"
"BM6132","Customer Purpose","gen2","2026-09-25","12:55:05","6294363657"
"BM6132","Customer Purpose","gen12","2026-09-25","13:56:54","6297729203"
"BM6132","Final Vault Closing","gen35","2026-09-25","17:59:51","6297729203"
"BM6132","Customer Purpose","gen17","2026-09-26","10:48:58","6294363657"
"BM6132","Customer Purpose","gen5","2026-09-26","11:57:56","6294363657"
"BM6132","Customer Purpose","gen22","2026-09-26","12:55:43","7384097943"
"BM6132","Customer Purpose","gen30","2026-09-26","13:43:03","6294363657"
"BM6132","Packet Counting","gen1","2026-09-26","14:43:11","6297729203"
"BM6132","Packet Counting","gen18","2026-09-26","16:06:25","6297729203"
"BM6132","Customer Purpose","gen24","2026-09-26","17:35:29","6297729203"
"BM6132","Customer Purpose","gen4","2026-09-26","17:55:23","6297729203"
"BM6132","Customer Purpose","gen6","2026-09-27","12:48:02","6297729203"
"BM6132","Customer Purpose","gen25","2026-09-27","14:17:17","6294363657"
"BM6142","Customer Purpose","gen1","2026-09-21","10:48:03","9613789823"
"BM6142","Customer Purpose","gen23","2026-09-21","10:58:34","9613789823"
"BM6142","Customer Purpose","gen15","2026-09-21","11:20:44","9613789823"
"BM6142","Customer Purpose","gen33","2026-09-21","11:34:55","9613789823"
"BM6142","Customer Purpose","gen30","2026-09-21","12:10:08","9613789823"
"BM6142","Customer Purpose","gen11","2026-09-21","12:25:29","6000926012"
"BM6142","Customer Purpose","gen25","2026-09-21","12:49:41","9613789823"
"BM6142","Customer Purpose","gen24","2026-09-21","14:00:15","9613789823"
"BM6142","Customer Purpose","gen22","2026-09-21","14:24:09","9613789823"
"BM6142","Customer Purpose","gen35","2026-09-21","16:34:15","9613789823"
"BM6142","Customer Purpose","gen30","2026-09-21","16:58:14","6000926012"
"BM6142","Packet Counting","gen50","2026-09-21","17:39:08","9613789823"
"BM6142","Final Vault Closing","gen26","2026-09-21","19:00:57","6000926012"
"BM6142","Customer Purpose","gen9","2026-09-22","10:22:16","6000926012"
"BM6142","Customer Purpose","gen13","2026-09-22","12:11:22","6000926012"
"BM6142","Customer Purpose","gen15","2026-09-22","12:30:24","9613789823"
"BM6142","Customer Purpose","gen20","2026-09-22","13:02:55","9613789823"
"BM6142","Customer Purpose","gen2","2026-09-22","14:51:09","9613789823"
"BM6142","Customer Purpose","gen6","2026-09-22","15:10:55","9613789823"
"BM6142","Customer Purpose","gen25","2026-09-22","15:27:46","6000926012"
"BM6142","Customer Purpose","gen26","2026-09-22","17:49:23","6000926012"
"BM6142","Customer Purpose","gen50","2026-09-22","18:28:40","6000926012"
"BM6142","Final Vault Closing","iifl2","2026-09-22","19:17:27","6000926012"
"BM6142","Customer Purpose","gen2","2026-09-23","10:12:34","9613789823"
"BM6142","Customer Purpose","gen50","2026-09-23","12:13:41","6000926012"
"BM6142","Customer Purpose","gen2","2026-09-23","12:21:22","9613789823"
"BM6142","Customer Purpose","gen2","2026-09-23","16:37:06","6000926012"
"BM6142","Customer Purpose","gen29","2026-09-23","16:48:30","6000926012"
"BM6142","Customer Purpose","gen1","2026-09-23","17:50:07","6000926012"
"BM6142","Customer Purpose","gen","2026-09-23","18:37:36","9678051048"
"BM6142","Final Vault Closing","gen31","2026-09-23","18:56:11","6000926012"
"BM6142","Customer Purpose","gen19","2026-09-24","10:33:29","6000926012"
"BM6142","Customer Purpose","gen19","2026-09-24","11:37:16","6000926012"
"BM6142","Customer Purpose","gen","2026-09-24","11:59:36","9613789823"
"BM6142","Customer Purpose","gen19","2026-09-24","12:15:41","6000926012"
"BM6142","Customer Purpose","gen26","2026-09-24","12:36:47","6000926012"
"BM6142","Customer Purpose","iifl6","2026-09-24","13:01:48","6000926012"
"BM6142","Other Purpose","gen16","2026-09-24","14:05:26","9613789823"
"BM6142","Customer Purpose","gen6","2026-09-24","14:59:07","6000926012"
"BM6142","Customer Purpose","gen12","2026-09-24","15:08:32","6000926012"
"BM6142","Customer Purpose","gen2","2026-09-24","15:20:25","6000926012"
"BM6142","Packet Counting","gen36","2026-09-24","15:37:10","9613789823"
"BM6142","Customer Purpose","gen17","2026-09-24","16:40:04","6000926012"
"BM6142","Customer Purpose","gen30","2026-09-24","17:22:26","9613789823"
"BM6142","Final Vault Closing","gen31","2026-09-24","18:36:43","9613789823"
"BM6142","Customer Purpose","gen1","2026-09-25","10:54:00","6000926012"
"BM6142","Customer Purpose","gen32","2026-09-25","11:31:23","9613789823"
"BM6142","Packet Counting","gen33","2026-09-25","12:12:03","9613789823"
"BM6142","Packet Counting","gen4","2026-09-25","13:24:53","6000926012"
"BM6142","Customer Purpose","gen17","2026-09-25","14:37:55","8420459619"
"BM6142","Final Vault Closing","iifl2","2026-09-25","19:42:59","9613789823"
"BM6142","Customer Purpose","gen36","2026-09-26","10:55:37","9613789823"
"BM6142","Customer Purpose","gen31","2026-09-26","11:51:55","6000926012"
"BM6142","Customer Purpose","gen28","2026-09-26","12:30:56","6000926012"
"BM6142","Customer Purpose","gen2","2026-09-26","13:04:09","6000926012"
"BM6142","Customer Purpose","gen37","2026-09-26","13:46:51","6000926012"
"BM6142","Customer Purpose","gen21","2026-09-26","14:11:32","9613789823"
"BM6142","Customer Purpose","gen11","2026-09-26","15:34:32","6000926012"
"BM6142","Customer Purpose","gen11","2026-09-26","16:04:21","9613789823"
"BM6142","Final Vault Closing","gen24","2026-09-26","18:58:45","6000926012"
"BM6142","Customer Purpose","gen14","2026-09-27","12:39:31","9613789823"
"BM6142","Customer Purpose","gen8","2026-09-27","14:43:57","9613789823"
"BM6147","Audit Purpose","gen16","2026-09-21","10:31:43","7908006729"
"BM6147","Audit Purpose","gen","2026-09-21","13:03:20","7908006729"
"BM6147","Audit Purpose","gen17","2026-09-21","15:36:56","7908006729"
"BM6147","Audit Purpose","gen2","2026-09-21","17:25:02","7908006729"
"BM6147","Final Vault Closing","gen7","2026-09-21","17:53:01","7908006729"
"BM6147","Customer Purpose","gen33","2026-09-22","11:30:36","7908006729"
"BM6147","Customer Purpose","gen16","2026-09-22","12:28:30","7908006729"
"BM6147","Customer Purpose","gen25","2026-09-22","13:58:45","7908006729"
"BM6147","Customer Purpose","gen33","2026-09-22","14:26:34","7548087108"
"BM6147","Customer Purpose","gen31","2026-09-22","15:24:06","7548087108"
"BM6147","Customer Purpose","gen5","2026-09-22","16:13:53","7908006729"
"BM6147","Final Vault Closing","gen12","2026-09-22","18:01:37","7908006729"
"BM6147","Customer Purpose","gen38","2026-09-23","10:30:33","7908006729"
"BM6147","Customer Purpose","gen36","2026-09-23","12:49:13","7548087108"
"BM6147","Customer Purpose","gen16","2026-09-23","13:01:32","7548087108"
"BM6147","Customer Purpose","gen23","2026-09-23","14:22:50","7548087108"
"BM6147","Final Vault Closing","gen2","2026-09-23","17:51:26","7908006729"
"BM6147","Customer Purpose","gen12","2026-09-24","10:38:22","7548087108"
"BM6147","Customer Purpose","gen","2026-09-24","12:40:13","7548087108"
"BM6147","Customer Purpose","gen17","2026-09-24","15:02:46","7908006729"
"BM6147","Final Vault Closing","gen11","2026-09-24","17:52:27","7908006729"
"BM6147","Customer Purpose","gen18","2026-09-25","10:56:41","7908006729"
"BM6147","Customer Purpose","gen31","2026-09-25","15:08:25","7548087108"
"BM6147","Customer Purpose","gen21","2026-09-25","15:54:43","7548087108"
"BM6147","Final Vault Closing","gen4","2026-09-25","18:05:50","7908006729"
"BM6147","Customer Purpose","gen25","2026-09-26","10:13:18","7908006729"
"BM6147","Customer Purpose","gen21","2026-09-26","11:39:16","9732310297"
"BM6147","Customer Purpose","gen31","2026-09-26","13:13:46","7548087108"
"BM6147","Customer Purpose","gen3","2026-09-26","14:02:44","9732310297"
"BM6147","Customer Purpose","gen38","2026-09-26","14:41:06","7908006729"
"BM6147","Packet Counting","gen14","2026-09-26","15:41:16","7908006729"
"BM6147","Packet Counting","gen21","2026-09-26","16:31:46","7548087108"
"BM6147","Packet Counting","gen28","2026-09-26","16:43:05","7908006729"
"BM6147","Customer Purpose","gen17","2026-09-26","17:34:34","7908006729"
"BM6147","Final Vault Closing","gen4","2026-09-26","18:06:31","7908006729"
"BM6153","Customer Purpose","gen22","2026-09-21","10:24:58","9348581836"
"BM6153","Customer Purpose","gen26","2026-09-21","11:22:40","9348581836"
"BM6153","Customer Purpose","gen23","2026-09-21","11:42:53","9348581836"
"BM6153","Customer Purpose","gen17","2026-09-21","12:09:42","9348581836"
"BM6153","Customer Purpose","gen1","2026-09-21","12:41:40","9348581836"
"BM6153","Customer Purpose","gen25","2026-09-21","13:57:49","8917394287"
"BM6153","Customer Purpose","gen41","2026-09-21","15:43:33","9348581836"
"BM6153","Customer Purpose","gen23","2026-09-21","16:33:00","8917394287"
"BM6153","Final Vault Closing","gen11","2026-09-21","17:57:39","9348581836"
"BM6153","Customer Purpose","gen12","2026-09-22","11:27:21","8917394287"
"BM6153","Customer Purpose","gen21","2026-09-22","13:09:57","8917394287"
"BM6153","Customer Purpose","gen17","2026-09-22","13:31:17","8917394287"
"BM6153","Customer Purpose","gen26","2026-09-22","14:06:41","9348581836"
"BM6153","Customer Purpose","gen10","2026-09-22","16:07:08","9348581836"
"BM6153","Final Vault Closing","gen6","2026-09-22","17:33:33","9348581836"
"BM6153","Customer Purpose","gen4","2026-09-23","10:37:37","9348581836"
"BM6153","Customer Purpose","gen4","2026-09-23","12:29:25","8917394287"
"BM6153","Final Vault Closing","gen34","2026-09-23","17:41:09","9348581836"
"BM6153","Customer Purpose","gen9","2026-09-24","12:07:46","8917394287"
"BM6153","Customer Purpose","gen26","2026-09-24","15:20:06","9348581836"
"BM6153","Final Vault Closing","gen30","2026-09-24","17:55:10","8917394287"
"BM6153","Customer Purpose","gen17","2026-09-25","10:25:05","8114361805"
"BM6153","Final Vault Closing","gen19","2026-09-25","17:58:28","8114361805"
"BM6153","Customer Purpose","gen32","2026-09-26","11:18:44","9348581836"
"BM6153","Customer Purpose","gen35","2026-09-26","12:24:42","8114361805"
"BM6153","Audit Purpose","gen49","2026-09-26","15:34:40","8114361805"
"BM6153","Audit Purpose","gen18","2026-09-26","15:52:57","8114361805"
"BM6153","Audit Purpose","gen34","2026-09-26","16:53:47","9348581836"
"BM6153","Final Vault Closing","gen15","2026-09-26","18:04:51","8114361805"
"BM6153","Audit Purpose","gen24","2026-09-27","10:41:48","8114361805"
"BM6153","Customer Purpose","gen33","2026-09-27","12:15:08","8114361805"
"BM6176","Customer Purpose","gen32","2026-09-21","12:54:10","8859657725"
"BM6176","Customer Purpose","gen4","2026-09-21","15:08:41","8859657725"
"BM6176","Customer Purpose","gen3","2026-09-21","15:16:02","8859657725"
"BM6176","Final Vault Closing","gen1","2026-09-21","18:34:28","8859657725"
"BM6176","Customer Purpose","gen22","2026-09-22","10:57:49","8859657725"
"BM6176","Customer Purpose","gen15","2026-09-22","11:36:35","8859657725"
"BM6176","Customer Purpose","gen2","2026-09-22","12:05:24","9897006883"
"BM6176","Customer Purpose","gen27","2026-09-22","12:13:11","8859657725"
"BM6176","Final Vault Closing","gen22","2026-09-22","18:40:56","8859657725"
"BM6176","Customer Purpose","gen14","2026-09-23","11:40:30","8859657725"
"BM6176","Customer Purpose","gen22","2026-09-23","11:50:44","8859657725"
"BM6176","Customer Purpose","gen34","2026-09-23","11:59:30","8859657725"
"BM6176","Customer Purpose","gen11","2026-09-23","12:15:17","8859657725"
"BM6176","Customer Purpose","gen16","2026-09-23","14:17:14","8859657725"
"BM6176","Customer Purpose","gen17","2026-09-23","16:11:05","8859657725"
"BM6176","Customer Purpose","gen8","2026-09-23","17:18:53","8868043312"
"BM6176","Final Vault Closing","iifl5","2026-09-23","18:12:22","8859657725"
"BM6176","Customer Purpose","gen26","2026-09-24","10:51:56","9897006883"
"BM6176","Customer Purpose","gen33","2026-09-24","12:27:29","8868043312"
"BM6176","Customer Purpose","gen20","2026-09-24","13:04:46","8859657725"
"BM6176","Customer Purpose","gen24","2026-09-24","13:47:58","8868043312"
"BM6176","Customer Purpose","gen19","2026-09-24","15:17:24","8868043312"
"BM6176","Customer Purpose","gen6","2026-09-24","16:07:16","9897006883"
"BM6176","Customer Purpose","gen5","2026-09-24","17:39:53","9897006883"
"BM6176","Final Vault Closing","gen31","2026-09-24","18:02:41","9897006883"
"BM6176","Audit Purpose","gen1","2026-09-25","12:19:06","8859657725"
"BM6176","Audit Purpose","gen32","2026-09-25","12:51:37","8859657725"
"BM6176","Audit Purpose","gen12","2026-09-25","13:32:32","9897006883"
"BM6176","Audit Purpose","gen23","2026-09-25","14:06:05","8859657725"
"BM6176","Audit Purpose","gen29","2026-09-25","14:51:24","8859657725"
"BM6176","Audit Purpose","gen36","2026-09-25","16:02:36","8859657725"
"BM6176","Audit Purpose","gen25","2026-09-25","16:42:24","8859657725"
"BM6176","Audit Purpose","gen2","2026-09-25","17:36:10","8859657725"
"BM6176","Final Vault Closing","gen30","2026-09-25","18:08:36","8859657725"
"BM6176","Audit Purpose","gen10","2026-09-26","10:48:44","8859657725"
"BM6176","Audit Purpose","gen49","2026-09-26","11:27:48","8859657725"
"BM6176","Audit Purpose","gen25","2026-09-26","12:05:01","8859657725"
"BM6176","Audit Purpose","gen18","2026-09-26","12:41:31","8859657725"
"BM6176","Audit Purpose","gen18","2026-09-26","13:25:49","8859657725"
"BM6176","Audit Purpose","gen7","2026-09-26","14:21:48","8859657725"
"BM6176","Audit Purpose","gen38","2026-09-26","14:44:15","8859657725"
"BM6176","Audit Purpose","gen28","2026-09-26","15:20:09","8859657725"
"BM6176","Audit Purpose","gen3","2026-09-26","16:04:29","8859657725"
"BM6176","Audit Purpose","gen21","2026-09-26","16:34:58","8868043312"
"BM6176","Audit Purpose","gen37","2026-09-26","17:12:58","8859657725"
"BM6176","Final Vault Closing","gen14","2026-09-26","18:21:43","9897006883"
"BM6176","Customer Purpose","gen8","2026-09-27","11:47:15","8868043312"
"BM6176","Customer Purpose","gen37","2026-09-27","12:40:20","9897006883"
"BM6176","Customer Purpose","gen30","2026-09-27","14:15:00","8859657725"
"BM6176","Customer Purpose","gen37","2026-09-27","14:38:34","8859657725"
"BM6188","Customer Purpose","gen32","2026-09-21","11:10:29","8013725678"
"BM6188","Customer Purpose","gen1","2026-09-21","11:24:55","9153118161"
"BM6188","Customer Purpose","gen3","2026-09-21","11:50:01","8013725678"
"BM6188","Customer Purpose","gen19","2026-09-21","12:34:38","8013725678"
"BM6188","Customer Purpose","gen6","2026-09-21","13:48:56","9153118161"
"BM6188","Customer Purpose","gen35","2026-09-21","14:12:50","8013725678"
"BM6188","Customer Purpose","gen27","2026-09-21","14:25:57","9153118161"
"BM6188","Audit Purpose","gen35","2026-09-21","15:21:43","8013725678"
"BM6188","Customer Purpose","gen29","2026-09-21","16:14:13","8293323039"
"BM6188","Audit Purpose","gen26","2026-09-21","16:29:14","8013725678"
"BM6188","Final Vault Closing","gen11","2026-09-21","18:21:15","9153118161"
"BM6188","Audit Purpose","gen1","2026-09-22","10:19:35","8293323039"
"BM6188","Audit Purpose","gen30","2026-09-22","10:59:42","8013725678"
"BM6188","Customer Purpose","gen21","2026-09-22","12:24:40","8293323039"
"BM6188","Customer Purpose","gen35","2026-09-22","12:52:46","8293323039"
"BM6188","Customer Purpose","gen9","2026-09-22","13:49:56","8293323039"
"BM6188","Customer Purpose","gen24","2026-09-22","14:00:25","8293323039"
"BM6188","Customer Purpose","gen17","2026-09-22","14:34:45","8013725678"
"BM6188","Customer Purpose","gen","2026-09-22","14:54:40","8013725678"
"BM6188","Customer Purpose","gen32","2026-09-22","15:29:46","8293323039"
"BM6188","Customer Purpose","gen2","2026-09-22","15:51:44","8013725678"
"BM6188","Customer Purpose","gen16","2026-09-22","17:14:58","8013725678"
"BM6188","Final Vault Closing","gen22","2026-09-22","17:32:20","8013725678"
"BM6188","Customer Purpose","gen31","2026-09-23","11:48:19","8293323039"
"BM6188","Customer Purpose","gen9","2026-09-23","12:36:40","8013725678"
"BM6188","Customer Purpose","gen37","2026-09-23","13:15:16","8013725678"
"BM6188","Customer Purpose","gen37","2026-09-23","14:00:41","8293323039"
"BM6188","Customer Purpose","gen36","2026-09-23","14:22:02","8293323039"
"BM6188","Customer Purpose","gen32","2026-09-23","15:13:31","8013725678"
"BM6188","Customer Purpose","gen7","2026-09-23","16:05:35","8013725678"
"BM6188","Final Vault Closing","gen28","2026-09-23","17:12:46","8013725678"
"BM6188","Customer Purpose","gen21","2026-09-24","10:51:56","9153118161"
"BM6188","Customer Purpose","gen17","2026-09-24","11:24:52","9153118161"
"BM6188","Customer Purpose","gen28","2026-09-24","11:35:42","8293323039"
"BM6188","Customer Purpose","gen34","2026-09-24","12:51:28","8013725678"
"BM6188","Customer Purpose","gen4","2026-09-24","15:57:26","9153118161"
"BM6188","Customer Purpose","gen38","2026-09-24","16:21:12","8013725678"
"BM6188","Customer Purpose","gen36","2026-09-24","17:02:56","8013725678"
"BM6188","Customer Purpose","gen26","2026-09-25","10:30:42","9153118161"
"BM6188","Customer Purpose","gen25","2026-09-25","10:53:55","8293323039"
"BM6188","Customer Purpose","gen26","2026-09-25","11:35:36","8293323039"
"BM6188","Customer Purpose","gen16","2026-09-25","12:26:08","8293323039"
"BM6188","Customer Purpose","gen38","2026-09-25","13:02:41","8293323039"
"BM6188","Customer Purpose","gen4","2026-09-25","13:30:44","8013725678"
"BM6188","Customer Purpose","gen6","2026-09-25","13:56:49","8013725678"
"BM6188","Customer Purpose","gen17","2026-09-25","15:04:56","8013725678"
"BM6188","Customer Purpose","gen23","2026-09-25","15:13:26","8293323039"
"BM6188","Customer Purpose","gen17","2026-09-25","15:40:14","8013725678"
"BM6188","Customer Purpose","gen23","2026-09-25","17:24:08","8293323039"
"BM6188","Customer Purpose","gen17","2026-09-26","10:57:21","8293323039"
"BM6188","Customer Purpose","gen8","2026-09-26","12:13:37","8293323039"
"BM6188","Customer Purpose","gen49","2026-09-26","12:47:59","9153118161"
"BM6188","Customer Purpose","gen24","2026-09-26","13:31:36","8293323039"
"BM6188","Final Vault Closing","gen9","2026-09-26","17:15:00","9153118161"
"BM6188","Packet Counting","gen33","2026-09-27","10:46:03","8013725678"
"BM6188","Customer Purpose","gen40","2026-09-27","12:02:35","8013725678"
"BM6188","Packet Counting","gen30","2026-09-27","12:40:33","8293323039"
"BM6188","Packet Counting","gen12","2026-09-27","13:35:07","8013725678"
"BM6188","Packet Counting","gen9","2026-09-27","14:30:42","8013725678"
"BM6195","Customer Purpose","gen6","2026-09-21","10:37:34","8001363621"
"BM6195","Customer Purpose","gen16","2026-09-21","10:59:28","8001363621"
"BM6195","Customer Purpose","gen12","2026-09-21","11:42:05","8001363621"
"BM6195","Customer Purpose","gen37","2026-09-21","12:07:39","8001363621"
"BM6195","Customer Purpose","gen2","2026-09-21","12:29:45","8001363621"
"BM6195","Customer Purpose","gen23","2026-09-21","13:20:20","9748786289"
"BM6195","Customer Purpose","gen16","2026-09-21","14:34:29","8001363621"
"BM6195","Customer Purpose","gen3","2026-09-21","17:21:57","8001363621"
"BM6195","Final Vault Closing","gen24","2026-09-21","18:01:06","9748786289"
"BM6195","Customer Purpose","gen32","2026-09-22","11:05:41","9748786289"
"BM6195","Customer Purpose","gen30","2026-09-22","11:54:41","8001363621"
"BM6195","Customer Purpose","gen25","2026-09-22","12:23:23","9748786289"
"BM6195","Customer Purpose","gen21","2026-09-22","12:51:41","8001363621"
"BM6195","Customer Purpose","gen4","2026-09-22","13:25:10","8001363621"
"BM6195","Customer Purpose","gen15","2026-09-22","14:46:40","8001363621"
"BM6195","Customer Purpose","gen21","2026-09-22","16:51:58","8001363621"
"BM6195","Other Purpose","gen6","2026-09-22","17:43:55","8001363621"
"BM6195","Final Vault Closing","gen24","2026-09-22","18:03:17","9748786289"
"BM6195","Customer Purpose","gen23","2026-09-23","11:52:11","8001363621"
"BM6195","Customer Purpose","gen11","2026-09-23","15:41:35","8001363621"
"BM6195","Final Vault Closing","gen7","2026-09-23","17:38:56","8001363621"
"BM6195","Customer Purpose","gen30","2026-09-24","10:51:37","8001363621"
"BM6195","Customer Purpose","gen25","2026-09-24","11:36:07","8001363621"
"BM6195","Customer Purpose","gen30","2026-09-24","11:51:15","8001363621"
"BM6195","Customer Purpose","gen17","2026-09-24","12:21:04","8001363621"
"BM6195","Customer Purpose","gen36","2026-09-24","13:01:12","8001363621"
"BM6195","Customer Purpose","gen22","2026-09-24","13:20:19","8001363621"
"BM6195","Customer Purpose","gen19","2026-09-24","13:50:34","8001363621"
"BM6195","Customer Purpose","gen3","2026-09-24","14:16:43","9748786289"
"BM6195","Customer Purpose","gen7","2026-09-24","15:11:01","8001363621"
"BM6195","Customer Purpose","gen30","2026-09-24","15:25:55","8001363621"
"BM6195","Final Vault Closing","gen31","2026-09-24","17:45:14","8001363621"
"BM6195","Customer Purpose","gen31","2026-09-25","10:50:58","8001363621"
"BM6195","Customer Purpose","gen37","2026-09-25","15:34:43","9748786289"
"BM6195","Customer Purpose","gen4","2026-09-25","15:45:18","8001363621"
"BM6195","Customer Purpose","gen","2026-09-25","15:56:31","8001363621"
"BM6195","Final Vault Closing","gen15","2026-09-25","18:06:29","8001363621"
"BM6195","Customer Purpose","gen34","2026-09-26","10:32:08","9748786289"
"BM6195","Customer Purpose","gen22","2026-09-26","11:06:31","8001363621"
"BM6195","Customer Purpose","gen32","2026-09-26","11:42:33","9748786289"
"BM6195","Customer Purpose","gen15","2026-09-26","12:10:44","9748786289"
"BM6195","Customer Purpose","gen10","2026-09-26","12:39:43","9748786289"
"BM6195","Customer Purpose","gen29","2026-09-26","13:24:08","8001363621"
"BM6195","Customer Purpose","gen2","2026-09-26","14:02:45","8001363621"
"BM6195","Packet Counting","gen31","2026-09-26","15:06:55","8001363621"
"BM6195","Packet Counting","gen26","2026-09-26","16:02:12","9748786289"
"BM6195","Packet Counting","gen37","2026-09-26","17:51:30","8001363621"
"BM6195","Customer Purpose","gen30","2026-09-27","12:45:15","8001363621"
"BM6215","Customer Purpose","gen11","2026-09-21","11:17:40","7905189449"
"BM6215","Customer Purpose","gen9","2026-09-21","11:45:43","7905189449"
"BM6215","Customer Purpose","gen10","2026-09-21","13:25:56"," OPEN DOOR"
"BM6215","Customer Purpose","gen22","2026-09-21","17:27:37","7905189449"
"BM6215","Final Vault Closing","gen26","2026-09-21","18:30:41","7905189449"
"BM6215","Customer Purpose","gen6","2026-09-22","11:30:32","7905189449"
"BM6215","Customer Purpose","gen41","2026-09-22","12:19:18","7905189449"
"BM6215","Customer Purpose","gen41","2026-09-22","14:24:18","7905189449"
"BM6215","Final Vault Closing","iifl6","2026-09-22","18:31:04","7905189449"
"BM6215","Customer Purpose","gen11","2026-09-23","13:45:39","7905189449"
"BM6215","Customer Purpose","gen31","2026-09-23","15:08:13","9807991791"
"BM6215","Customer Purpose","gen10","2026-09-23","16:05:59","7905189449"
"BM6215","Final Vault Closing","gen10","2026-09-23","18:23:37","7905189449"
"BM6215","Customer Purpose","gen8","2026-09-24","11:00:28","7905189449"
"BM6215","Customer Purpose","gen12","2026-09-24","11:58:39","9807991791"
"BM6215","Audit Purpose","gen9","2026-09-24","14:10:34","9807991791"
"BM6215","Audit Purpose","gen19","2026-09-24","14:39:38",""
"BM6215","Audit Purpose","gen19","2026-09-24","14:47:11","  14:37:10"
"BM6215","Customer Purpose","gen29","2026-09-24","15:56:08","7905189449"
"BM6215","Customer Purpose","gen24","2026-09-24","16:26:08","9807991791"
"BM6215","Final Vault Closing","gen35","2026-09-24","18:22:20","7905189449"
"BM6215","Customer Purpose","gen39","2026-09-25","12:19:16","7905189449"
"BM6215","Audit Purpose","gen1","2026-09-25","13:51:47","7905189449"
"BM6215","Audit Purpose","gen21","2026-09-25","14:36:43","9807991791"
"BM6215","Audit Purpose","gen30","2026-09-25","16:52:11","7905189449"
"BM6215","Final Vault Closing","gen10","2026-09-25","18:07:50","7905189449"
"BM6215","Packet Counting","gen28","2026-09-26","16:09:34","6307867384"
"BM6215","Customer Purpose","gen31","2026-09-26","17:08:07","6307867384"
"BM6215","Final Vault Closing","gen34","2026-09-26","18:24:39","6307867384"
"BM6226","Customer Purpose","gen24","2026-09-21","10:45:59","8638914450"
"BM6226","Customer Purpose","gen16","2026-09-21","14:38:31","8822874301"
"BM6226","Final Vault Closing","gen27","2026-09-21","17:48:09","8638914450"
"BM6226","Customer Purpose","gen13","2026-09-22","13:17:45","8638914450"
"BM6226","Customer Purpose","gen28","2026-09-22","13:35:24","8822874301"
"BM6226","Customer Purpose","gen11","2026-09-22","14:13:10","8822874301"
"BM6226","Customer Purpose","gen6","2026-09-22","14:59:26","8638914450"
"BM6226","Customer Purpose","gen33","2026-09-22","16:10:13","8822874301"
"BM6226","Customer Purpose","gen50","2026-09-22","16:35:19","8638914450"
"BM6226","Final Vault Closing","gen17","2026-09-22","18:35:39","8638914450"
"BM6226","Customer Purpose","gen50","2026-09-23","12:02:24","8638914450"
"BM6226","Customer Purpose","gen10","2026-09-23","17:17:19","8638914450"
"BM6226","Final Vault Closing","gen38","2026-09-23","18:12:17","8638914450"
"BM6226","Customer Purpose","gen5","2026-09-24","15:06:14","8638914450"
"BM6226","Customer Purpose","gen17","2026-09-24","15:46:21","8822874301"
"BM6226","Customer Purpose","gen13","2026-09-24","17:09:54","8638914450"
"BM6226","Final Vault Closing","gen34","2026-09-24","18:35:48","8638914450"
"BM6226","Customer Purpose","gen21","2026-09-25","13:28:22","8638914450"
"BM6226","Customer Purpose","gen23","2026-09-25","15:31:01","8822874301"
"BM6226","Final Vault Closing","gen30","2026-09-25","18:32:09","8822874301"
"BM6226","Audit Purpose","gen32","2026-09-26","10:48:12","8822874301"
"BM6226","Audit Purpose","gen4","2026-09-26","11:39:41","8638914450"
"BM6226","Customer Purpose","gen33","2026-09-26","14:58:51","8638914450"
"BM6226","Final Vault Closing","gen4","2026-09-26","17:36:54","8638914450"
"BM6235","Customer Purpose","gen14","2026-09-21","12:44:44","6397010735"
"BM6235","Customer Purpose","gen2","2026-09-21","13:58:01","9759133332"
"BM6235","Customer Purpose","gen22","2026-09-21","16:47:40","9639773365"
"BM6235","Final Vault Closing","gen17","2026-09-21","18:23:52","9759133332"
"BM6235","Customer Purpose","gen17","2026-09-22","10:49:05","6397010735"
"BM6235","Customer Purpose","gen12","2026-09-22","11:37:39","6397010735"
"BM6235","Customer Purpose","gen3","2026-09-22","11:50:46","9639773365"
"BM6235","Customer Purpose","gen30","2026-09-22","14:42:39","9639773365"
"BM6235","Customer Purpose","gen12","2026-09-22","14:54:48","9759133332"
"BM6235","Customer Purpose","gen2","2026-09-22","15:30:18","9759133332"
"BM6235","Customer Purpose","gen24","2026-09-22","17:47:05","9639773365"
"BM6235","Final Vault Closing","gen24","2026-09-22","18:17:25","6397010735"
"BM6235","Customer Purpose","gen","2026-09-23","10:57:43","9759133332"
"BM6235","Customer Purpose","gen2","2026-09-23","14:45:28","9639773365"
"BM6235","Customer Purpose","gen7","2026-09-23","16:26:33","9639773365"
"BM6235","Final Vault Closing","gen18","2026-09-23","18:16:06","6397010735"
"BM6235","Customer Purpose","gen31","2026-09-24","10:53:57","9639773365"
"BM6235","Customer Purpose","gen4","2026-09-24","13:39:24","6397010735"
"BM6235","Customer Purpose","gen24","2026-09-24","17:25:31","9639773365"
"BM6235","Final Vault Closing","gen31","2026-09-24","18:27:46","6397010735"
"BM6235","Customer Purpose","gen9","2026-09-25","10:51:24","6397010735"
"BM6235","Audit Purpose","gen","2026-09-25","11:36:12","6397010735"
"BM6235","Audit Purpose","gen14","2026-09-25","14:05:02","9639773365"
"BM6235","Customer Purpose","gen8","2026-09-25","14:16:45","9639773365"
"BM6235","Audit Purpose","gen15","2026-09-25","15:52:45","6397010735"
"BM6235","Customer Purpose","gen7","2026-09-25","16:14:44","9639773365"
"BM6235","Audit Purpose","gen22","2026-09-25","17:33:41","9639773365"
"BM6235","Final Vault Closing","gen","2026-09-25","18:21:04","6397010735"
"BM6235","Audit Purpose","gen12","2026-09-26","10:39:23","6397010735"
"BM6235","Audit Purpose","gen20","2026-09-26","12:16:02","6397010735"
"BM6235","Customer Purpose","gen1","2026-09-26","12:58:23","9759133332"
"BM6235","Audit Purpose","gen5","2026-09-26","14:41:33","6397010735"
"BM6235","Audit Purpose","gen24","2026-09-26","15:59:23","6397010735"
"BM6235","Audit Purpose","gen23","2026-09-26","17:54:52","9639773365"
"BM6235","Audit Purpose","gen33","2026-09-27","10:38:28","9759133332"
"BM6235","Audit Purpose","gen40","2026-09-27","13:05:10","9639773365"
"BM6239","Customer Purpose","gen7","2026-09-21","12:19:15","8274972625"
"BM6239","Customer Purpose","gen10","2026-09-21","12:59:46","8274972625"
"BM6239","Customer Purpose","gen17","2026-09-21","14:23:52","7003358136"
"BM6239","Final Vault Closing","gen4","2026-09-21","18:27:24","8274972625"
"BM6239","Customer Purpose","gen1","2026-09-22","12:26:31","8274972625"
"BM6239","Customer Purpose","gen13","2026-09-22","13:21:23","8274972625"
"BM6239","Customer Purpose","gen23","2026-09-22","15:04:45","8274972625"
"BM6239","Final Vault Closing","gen4","2026-09-22","17:48:23","8274972625"
"BM6239","Customer Purpose","gen1","2026-09-23","11:52:05","7003358136"
"BM6239","Customer Purpose","gen30","2026-09-23","12:52:22","8274972625"
"BM6239","Customer Purpose","gen27","2026-09-23","14:16:57","8274972625"
"BM6239","Customer Purpose","gen9","2026-09-23","14:49:57","7003358136"
"BM6239","Customer Purpose","gen7","2026-09-23","17:15:05","7003358136"
"BM6239","Customer Purpose","gen11","2026-09-23","18:07:50","7003358136"
"BM6239","Customer Purpose","gen17","2026-09-24","11:17:21","8274972625"
"BM6239","Customer Purpose","gen35","2026-09-24","13:59:30","7003358136"
"BM6239","Customer Purpose","gen32","2026-09-24","14:43:14","7003358136"
"BM6239","Final Vault Closing","gen36","2026-09-24","17:53:36","7003358136"
"BM6239","Customer Purpose","gen34","2026-09-25","13:52:17","7003358136"
"BM6239","Final Vault Closing","gen21","2026-09-25","17:57:47","7003358136"
"BM6239","Customer Purpose","gen25","2026-09-26","12:17:13","7003358136"
"BM6239","Packet Counting","gen2","2026-09-26","17:05:00","7003358136"
"BM6239","Packet Counting","iifl4","2026-09-26","17:52:47","8274972625"
"BM6260","Customer Purpose","gen9","2026-09-21","10:52:59","8709298610"
"BM6260","Customer Purpose","gen43","2026-09-21","11:02:14","6206055183"
"BM6260","Customer Purpose","gen27","2026-09-21","13:18:49","8709298610"
"BM6260","Customer Purpose","gen30","2026-09-21","14:53:59","8709298610"
"BM6260","Customer Purpose","gen32","2026-09-21","15:05:33","8825315295"
"BM6260","Final Vault Closing","gen50","2026-09-21","18:45:25","8709298610"
"BM6260","Customer Purpose","gen23","2026-09-22","13:14:00","6206055183"
"BM6260","Customer Purpose","gen18","2026-09-22","14:08:33","8709298610"
"BM6260","Customer Purpose","gen34","2026-09-22","14:23:15","8709298610"
"BM6260","Customer Purpose","gen17","2026-09-22","14:52:35","8709298610"
"BM6260","Customer Purpose","gen4","2026-09-22","15:46:21","6206055183"
"BM6260","Customer Purpose","gen31","2026-09-22","16:24:04","6206055183"
"BM6260","Customer Purpose","gen7","2026-09-22","17:53:18","8709298610"
"BM6260","Final Vault Closing","gen9","2026-09-22","18:36:41","8709298610"
"BM6260","Customer Purpose","gen9","2026-09-23","10:44:03","6206055183"
"BM6260","Customer Purpose","gen7","2026-09-23","16:57:29","6206055183"
"BM6260","Customer Purpose","gen11","2026-09-23","17:18:59","6206055183"
"BM6260","Final Vault Closing","gen21","2026-09-23","18:28:19","8709298610"
"BM6260","Customer Purpose","gen2","2026-09-24","12:52:41","8709298610"
"BM6260","Customer Purpose","gen39","2026-09-24","14:26:15","6206055183"
"BM6260","Customer Purpose","gen5","2026-09-24","15:37:20","6206055183"
"BM6260","Customer Purpose","gen1","2026-09-24","15:48:13","6206055183"
"BM6260","Final Vault Closing","gen26","2026-09-24","18:25:11","6206055183"
"BM6260","Customer Purpose","gen16","2026-09-25","11:58:18","8709298610"
"BM6260","Customer Purpose","gen12","2026-09-25","13:04:18","8709298610"
"BM6260","Customer Purpose","gen11","2026-09-25","15:28:38","6206055183"
"BM6260","Customer Purpose","gen49","2026-09-25","17:24:08","8709298610"
"BM6260","Final Vault Closing","gen2","2026-09-25","18:36:05","6206055183"
"BM6260","Audit Purpose","gen4","2026-09-26","11:49:20","8709298610"
"BM6260","Audit Purpose","iifl6","2026-09-26","13:07:50","6206055183"
"BM6260","Packet Counting","gen33","2026-09-26","14:27:34","6206055183"
"BM6260","Audit Purpose","gen4","2026-09-26","16:50:57","8709298610"
"BM6260","Audit Purpose","iifl2","2026-09-26","19:04:35","6206055183"
"BM6260","Customer Purpose","gen36","2026-09-27","11:35:20","6206055183"
"BM6260","Audit Purpose","gen8","2026-09-27","14:35:15","6206055183"
"BM6261","Customer Purpose","gen11","2026-09-21","10:54:44","8984198095"
"BM6261","Customer Purpose","gen27","2026-09-21","12:19:58","8984198095"
"BM6261","Customer Purpose","gen34","2026-09-21","13:15:52","9777749545"
"BM6261","Customer Purpose","gen11","2026-09-21","13:40:04","8984198095"
"BM6261","Customer Purpose","gen27","2026-09-21","15:03:32","8984198095"
"BM6261","Customer Purpose","gen4","2026-09-21","15:37:20","8984198095"
"BM6261","Final Vault Closing","gen14","2026-09-21","18:36:03","9777749545"
"BM6261","Customer Purpose","gen5","2026-09-22","10:54:17","8984198095"
"BM6261","Customer Purpose","gen18","2026-09-22","11:20:30","8984198095"
"BM6261","Customer Purpose","gen4","2026-09-22","12:31:48","8984198095"
"BM6261","Customer Purpose","gen17","2026-09-22","16:29:24","8984198095"
"BM6261","Customer Purpose","gen31","2026-09-22","16:42:10","9861038002"
"BM6261","Final Vault Closing","gen3","2026-09-22","18:40:54","9861038002"
"BM6261","Customer Purpose","gen11","2026-09-23","11:12:46","9777749545"
"BM6261","Customer Purpose","gen5","2026-09-23","14:07:46","8984198095"
"BM6261","Customer Purpose","gen3","2026-09-23","15:12:15","8984198095"
"BM6261","Final Vault Closing","gen35","2026-09-23","18:01:14","8984198095"
"BM6261","Customer Purpose","gen23","2026-09-24","11:56:20","9861038002"
"BM6261","Customer Purpose","gen35","2026-09-24","13:28:25","8984198095"
"BM6261","Customer Purpose","gen23","2026-09-24","15:58:27","9861038002"
"BM6261","Final Vault Closing","gen31","2026-09-24","17:52:42","8984198095"
"BM6261","Customer Purpose","gen22","2026-09-25","12:17:08","9777749545"
"BM6261","Customer Purpose","gen2","2026-09-25","12:32:20","9777749545"
"BM6261","Customer Purpose","gen29","2026-09-25","13:51:14","8984198095"
"BM6261","Final Vault Closing","gen32","2026-09-25","17:51:51","8984198095"
"BM6261","Customer Purpose","gen49","2026-09-26","10:50:07","9861038002"
"BM6261","Packet Counting","gen30","2026-09-26","11:18:21","9777749545"
"BM6261","Packet Counting","gen30","2026-09-26","12:13:45","9777749545"
"BM6261","Customer Purpose","gen31","2026-09-26","13:10:33","9777749545"
"BM6261","Customer Purpose","gen10","2026-09-26","14:54:41","9777749545"
"BM6261","Customer Purpose","gen24","2026-09-26","15:47:45","9861038002"
"BM6261","Customer Purpose","gen4","2026-09-26","16:36:57","9861038002"
"BM6261","Final Vault Closing","iifl7","2026-09-26","17:45:49","9861038002"
"BM6264","Customer Purpose","gen17","2026-09-21","11:50:21","7278328601"
"BM6264","Customer Purpose","gen37","2026-09-21","12:28:05","7278328601"
"BM6264","Customer Purpose","gen10","2026-09-21","12:55:22","7278328601"
"BM6264","Customer Purpose","gen6","2026-09-21","15:30:37","7278328601"
"BM6264","Customer Purpose","gen22","2026-09-21","16:40:08","7278328601"
"BM6264","Final Vault Closing","gen26","2026-09-21","18:03:22","7278328601"
"BM6264","Customer Purpose","gen9","2026-09-22","12:14:52","7439071462"
"BM6264","Customer Purpose","gen41","2026-09-22","12:52:23","7439071462"
"BM6264","Final Vault Closing","gen","2026-09-22","18:30:07","7278328601"
"BM6264","Customer Purpose","gen31","2026-09-23","10:13:08","7439071462"
"BM6264","Customer Purpose","gen50","2026-09-23","11:52:33","8697744549"
"BM6264","Customer Purpose","gen30","2026-09-23","13:31:38","7278328601"
"BM6264","Final Vault Closing","gen50","2026-09-23","18:21:48","7439071462"
"BM6264","Customer Purpose","gen34","2026-09-24","11:39:53","7278328601"
"BM6264","Customer Purpose","gen17","2026-09-24","13:18:36","7278328601"
"BM6264","Customer Purpose","gen34","2026-09-24","14:26:35","7278328601"
"BM6264","Customer Purpose","gen7","2026-09-24","15:08:12","7278328601"
"BM6264","Customer Purpose","gen17","2026-09-24","15:22:01","7278328601"
"BM6264","Customer Purpose","gen17","2026-09-24","16:08:51","8697744549"
"BM6264","Packet Counting","gen35","2026-09-24","16:26:45","8697744549"
"BM6264","Final Vault Closing","gen19","2026-09-24","18:07:39","7278328601"
"BM6264","Customer Purpose","gen4","2026-09-25","11:51:58","7278328601"
"BM6264","Customer Purpose","gen23","2026-09-25","13:31:10","7439071462"
"BM6264","Customer Purpose","gen16","2026-09-25","14:45:22","7439071462"
"BM6264","Customer Purpose","gen3","2026-09-25","17:01:06","7439071462"
"BM6264","Customer Purpose","gen11","2026-09-25","17:50:35","7439071462"
"BM6264","Final Vault Closing","gen1","2026-09-25","18:42:16","7278328601"
"BM6264","Packet Counting","gen15","2026-09-26","13:21:03","7278328601"
"BM6264","Packet Counting","gen20","2026-09-26","15:52:54","7439071462"
"BM6264","Packet Counting","gen2","2026-09-26","16:39:32","7278328601"
"BM6264","Packet Counting","gen20","2026-09-26","17:17:26","7278328601"
"BM6264","Final Vault Closing","gen5","2026-09-26","18:14:56","7278328601"
"BM6264","Customer Purpose","gen8","2026-09-27","10:43:29","7439071462"
"BM6264","Customer Purpose","gen31","2026-09-27","11:43:56","7439071462"
"BM6265","Customer Purpose","gen25","2026-09-21","11:27:06","7076393576"
"BM6265","Final Vault Closing","gen41","2026-09-21","18:57:17","7076393576"
"BM6265","Customer Purpose","gen4","2026-09-22","11:21:15","7001789926"
"BM6265","Customer Purpose","gen4","2026-09-22","11:54:13","7001789926"
"BM6265","Customer Purpose","gen28","2026-09-22","13:27:01","7076393576"
"BM6265","Customer Purpose","gen29","2026-09-22","13:59:48","7076393576"
"BM6265","Customer Purpose","gen","2026-09-22","16:24:11","7001789926"
"BM6265","Final Vault Closing","gen50","2026-09-22","17:45:18","7076393576"
"BM6265","Customer Purpose","gen20","2026-09-23","12:27:15","7001789926"
"BM6265","Customer Purpose","gen","2026-09-23","16:25:00","9800672538"
"BM6265","Final Vault Closing","gen28","2026-09-23","17:31:26","7001789926"
"BM6265","Customer Purpose","gen17","2026-09-24","10:28:51","7001789926"
"BM6265","Customer Purpose","gen26","2026-09-24","10:56:57","7076393576"
"BM6265","Customer Purpose","gen10","2026-09-24","11:43:14","7076393576"
"BM6265","Customer Purpose","gen17","2026-09-24","12:02:03","7001789926"
"BM6265","Customer Purpose","gen23","2026-09-24","13:55:53","7076393576"
"BM6265","Customer Purpose","gen29","2026-09-24","14:11:48","7001789926"
"BM6265","Customer Purpose","gen31","2026-09-24","14:52:08","7076393576"
"BM6265","Customer Purpose","gen29","2026-09-24","16:35:11","7001789926"
"BM6265","Final Vault Closing","gen26","2026-09-24","18:12:21","7001789926"
"BM6265","Customer Purpose","gen32","2026-09-25","12:16:13","7076393576"
"BM6265","Customer Purpose","gen39","2026-09-25","13:51:55","7001789926"
"BM6265","Customer Purpose","gen29","2026-09-25","14:00:54","7001789926"
"BM6265","Final Vault Closing","gen22","2026-09-25","18:24:23","7076393576"
"BM6265","Customer Purpose","gen24","2026-09-26","10:30:48","7001789926"
"BM6265","Customer Purpose","gen21","2026-09-26","12:46:15","7076393576"
"BM6265","Customer Purpose","gen11","2026-09-26","13:15:40","7001789926"
"BM6265","Customer Purpose","gen30","2026-09-26","14:06:02","7001789926"
"BM6265","Customer Purpose","gen1","2026-09-26","15:46:38","7001789926"
"BM6265","Packet Counting","gen5","2026-09-26","16:33:07","7076393576"
"BM6265","Packet Counting","gen9","2026-09-26","17:25:18","7001789926"
"BM6265","Final Vault Closing","iifl5","2026-09-26","19:31:37","7076393576"
"BM6265","Customer Purpose","gen23","2026-09-27","10:57:30","7001789926"
"BM6265","Customer Purpose","gen25","2026-09-27","11:36:34","7001789926"
"BM6265","Customer Purpose","gen4","2026-09-27","11:50:06","7001789926"
"BM6266","Customer Purpose","gen16","2026-09-21","11:07:47","9933388864"
"BM6266","Customer Purpose","gen41","2026-09-21","12:00:21","9933388864"
"BM6266","Customer Purpose","gen20","2026-09-21","12:13:18","9933388864"
"BM6266","Customer Purpose","gen30","2026-09-21","13:42:36","9933388864"
"BM6266","Final Vault Closing","gen","2026-09-21","18:08:42","9933388864"
"BM6266","Customer Purpose","gen2","2026-09-22","10:30:09","9933388864"
"BM6266","Customer Purpose","gen4","2026-09-22","11:35:00","7001605125"
"BM6266","Customer Purpose","gen39","2026-09-22","11:57:31","7001605125"
"BM6266","Customer Purpose","gen33","2026-09-22","12:57:25","7001605125"
"BM6266","Customer Purpose","gen17","2026-09-22","13:23:49","9933388864"
"BM6266","Customer Purpose","gen33","2026-09-22","17:10:30","7001605125"
"BM6266","Final Vault Closing","gen6","2026-09-22","17:47:13","7001605125"
"BM6266","Customer Purpose","gen21","2026-09-23","10:58:00","9933388864"
"BM6266","Customer Purpose","gen50","2026-09-23","13:42:40","9933388864"
"BM6266","Customer Purpose","gen10","2026-09-23","16:59:11","9800355696"
"BM6266","Final Vault Closing","gen36","2026-09-23","18:11:37","7001605125"
"BM6266","Other Purpose","gen29","2026-09-24","11:15:41","7001605125"
"BM6266","Customer Purpose","gen17","2026-09-24","12:07:57","7001605125"
"BM6266","Customer Purpose","gen2","2026-09-24","13:49:35","7001605125"
"BM6266","Customer Purpose","gen7","2026-09-24","16:15:51","7001605125"
"BM6266","Final Vault Closing","gen14","2026-09-24","18:07:29","7001605125"
"BM6266","Customer Purpose","gen30","2026-09-25","11:58:18","7001605125"
"BM6266","Customer Purpose","gen2","2026-09-25","14:18:17","9933388864"
"BM6266","Customer Purpose","gen29","2026-09-25","14:22:52","9933388864"
"BM6266","Customer Purpose","gen12","2026-09-25","16:58:26","9800355696"
"BM6266","Customer Purpose","gen32","2026-09-25","16:58:39","9933388864"
"BM6266","Customer Purpose","gen37","2026-09-25","17:31:57","7001605125"
"BM6266","Final Vault Closing","gen28","2026-09-25","17:56:26","7001605125"
"BM6266","Customer Purpose","gen11","2026-09-26","13:06:15","9800355696"
"BM6266","Customer Purpose","gen11","2026-09-26","13:44:08","9800355696"
"BM6266","Packet Counting","gen22","2026-09-26","14:56:23","9800355696"
"BM6266","Packet Counting","gen37","2026-09-26","15:40:47","8822568553"
"BM6266","Packet Counting","gen7","2026-09-26","16:35:12","7001605125"
"BM6266","Final Vault Closing","gen10","2026-09-26","18:10:37","7001605125"
"BM6267","Customer Purpose","gen39","2026-09-21","10:45:13","8900233534"
"BM6267","Customer Purpose","gen22","2026-09-21","11:30:36","7557020162"
"BM6267","Customer Purpose","gen24","2026-09-21","11:39:46","9734443937"
"BM6267","Customer Purpose","gen19","2026-09-21","12:22:14","7557020162"
"BM6267","Customer Purpose","gen16","2026-09-21","14:22:01","9734443937"
"BM6267","Customer Purpose","gen1","2026-09-21","17:42:49","7557020162"
"BM6267","Final Vault Closing","gen1","2026-09-21","18:14:25","8900233534"
"BM6267","Customer Purpose","gen18","2026-09-22","11:02:14","7557020162"
"BM6267","Customer Purpose","gen25","2026-09-22","12:28:42","7557020162"
"BM6267","Customer Purpose","gen1","2026-09-22","13:36:17","7557020162"
"BM6267","Customer Purpose","gen7","2026-09-22","14:29:58","8900233534"
"BM6267","Customer Purpose","gen14","2026-09-22","16:03:59","7557020162"
"BM6267","Customer Purpose","gen3","2026-09-22","16:13:12"," CUSTODIAN"
"BM6267","Final Vault Closing","gen16","2026-09-22","18:09:02","8900233534"
"BM6267","Customer Purpose","gen29","2026-09-23","10:33:45","7557020162"
"BM6267","Customer Purpose","gen2","2026-09-23","14:40:22","8900233534"
"BM6267","Customer Purpose","gen30","2026-09-23","14:50:24","9734443937"
"BM6267","Customer Purpose","gen25","2026-09-23","18:48:38","7557020162"
"BM6267","Customer Purpose","gen8","2026-09-24","11:34:32","8900233534"
"BM6267","Customer Purpose","gen20","2026-09-24","12:09:13","8900233534"
"BM6267","Customer Purpose","","2026-09-24","12:51:40","8900233534"
"BM6267","Customer Purpose","gen32","2026-09-24","13:47:48","8900233534"
"BM6267","Customer Purpose","gen6","2026-09-24","14:17:37","9734443937"
"BM6267","Final Vault Closing","iifl7","2026-09-24","18:08:21","8900233534"
"BM6267","Customer Purpose","gen9","2026-09-25","11:33:51","8900233534"
"BM6267","Customer Purpose","gen26","2026-09-25","17:29:54","9734443937"
"BM6267","Customer Purpose","gen5","2026-09-26","11:12:37","7557020162"
"BM6267","Packet Counting","gen9","2026-09-26","11:19:33","7557020162"
"BM6267","Packet Counting","gen23","2026-09-26","12:08:33","9734443937"
"BM6267","Customer Purpose","gen2","2026-09-26","12:36:21","9734443937"
"BM6267","Final Vault Closing","gen4","2026-09-26","18:10:27","7557020162"
"BM6274","Customer Purpose","gen11","2026-09-21","10:50:06","8415991465"
"BM6274","Customer Purpose","gen6","2026-09-21","12:26:18","8974494313"
"BM6274","Customer Purpose","gen11","2026-09-21","13:47:03","8415991465"
"BM6274","Customer Purpose","gen7","2026-09-21","14:44:55","9378092249"
"BM6274","Final Vault Closing","gen50","2026-09-21","18:37:46","8974494313"
"BM6274","Customer Purpose","gen27","2026-09-22","11:21:23","8974494313"
"BM6274","Customer Purpose","gen27","2026-09-22","13:04:34","8974494313"
"BM6274","Customer Purpose","gen6","2026-09-22","14:12:56","8974494313"
"BM6274","Customer Purpose","gen35","2026-09-22","14:26:59","8974494313"
"BM6274","Customer Purpose","gen8","2026-09-22","14:58:58","8974494313"
"BM6274","Customer Purpose","gen25","2026-09-22","15:22:11","9378092249"
"BM6274","Final Vault Closing","gen27","2026-09-22","18:21:14","8415991465"
"BM6274","Customer Purpose","gen16","2026-09-23","12:45:42","9378092249"
"BM6274","Customer Purpose","gen35","2026-09-23","13:52:51","8974494313"
"BM6274","Customer Purpose","gen31","2026-09-23","14:01:33","8974494313"
"BM6274","Customer Purpose","gen32","2026-09-23","15:37:58","8974494313"
"BM6274","Customer Purpose","gen25","2026-09-23","18:02:19","9378092249"
"BM6274","Final Vault Closing","gen8","2026-09-23","19:00:18","8974494313"
"BM6274","Audit Purpose","gen37","2026-09-24","10:44:54","8974494313"
"BM6274","Audit Purpose","gen19","2026-09-24","11:12:02","9378092249"
"BM6274","Audit Purpose","gen19","2026-09-24","11:56:58","9378092249"
"BM6274","Audit Purpose","gen2","2026-09-24","13:39:13","9378092249"
"BM6274","Audit Purpose","gen17","2026-09-24","14:28:16","9378092249"
"BM6274","Audit Purpose","gen31","2026-09-24","16:05:29","9378092249"
"BM6274","Audit Purpose","gen21","2026-09-24","17:15:46","8974494313"
"BM6274","Final Vault Closing","gen20","2026-09-24","18:24:26","8974494313"
"BM6274","Audit Purpose","gen","2026-09-25","10:51:54","9378092249"
"BM6274","Audit Purpose","gen15","2026-09-25","12:22:08","8415991465"
"BM6274","Audit Purpose","gen4","2026-09-25","13:11:58","9378092249"
"BM6274","Audit Purpose","gen24","2026-09-25","14:07:06","8415991465"
"BM6274","Audit Purpose","gen29","2026-09-25","15:24:00","9378092249"
"BM6274","Audit Purpose","gen2","2026-09-25","16:33:28","9378092249"
"BM6274","Audit Purpose","gen10","2026-09-25","17:01:48","9378092249"
"BM6274","Final Vault Closing","gen24","2026-09-25","18:30:32","8415991465"
"BM6274","Audit Purpose","gen35","2026-09-26","10:37:35","8974494313"
"BM6274","Audit Purpose","gen29","2026-09-26","11:10:26","9378092249"
"BM6274","Audit Purpose","gen14","2026-09-26","12:01:29","8974494313"
"BM6274","Audit Purpose","gen19","2026-09-26","13:02:33","9378092249"
"BM6274","Audit Purpose","gen23","2026-09-26","13:59:15","8415991465"
"BM6274","Audit Purpose","gen14","2026-09-26","15:31:14","8974494313"
"BM6274","Audit Purpose","gen8","2026-09-26","16:32:03","8974494313"
"BM6274","Final Vault Closing","gen6","2026-09-26","18:24:43","8974494313"
"BM6274","Audit Purpose","gen1","2026-09-27","11:15:54","8415991465"
"BM6274","Audit Purpose","gen22","2026-09-27","12:55:27","8974494313"
"BM6282","Customer Purpose","gen19","2026-09-21","14:33:53","9351637625"
"BM6282","Customer Purpose","gen20","2026-09-21","16:18:44","9351637625"
"BM6282","Customer Purpose","gen7","2026-09-21","17:31:33","9351637625"
"BM6282","Final Vault Closing","gen24","2026-09-21","18:38:44","9785312667"
"BM6282","Final Vault Closing","gen32","2026-09-21","18:43:44","9785312667"
"BM6282","Audit Purpose","gen33","2026-09-22","11:07:04","9351637625"
"BM6282","Audit Purpose","gen","2026-09-22","12:25:30","9351637625"
"BM6282","Customer Purpose","gen23","2026-09-22","15:24:14","8503088823"
"BM6282","Customer Purpose","gen7","2026-09-22","16:45:31","9351637625"
"BM6282","Final Vault Closing","iifl5","2026-09-22","19:04:34","8503088823"
"BM6282","Customer Purpose","gen11","2026-09-23","10:58:26","9351637625"
"BM6282","Customer Purpose","gen11","2026-09-23","12:43:01","9351637625"
"BM6282","Customer Purpose","gen11","2026-09-23","14:41:13","8503088823"
"BM6282","Customer Purpose","gen14","2026-09-23","16:08:45","8503088823"
"BM6282","Final Vault Closing","gen30","2026-09-23","18:21:20","9351637625"
"BM6282","Customer Purpose","gen25","2026-09-24","11:27:19","9785312667"
"BM6282","Customer Purpose","gen17","2026-09-24","14:43:52","9351637625"
"BM6282","Final Vault Closing","gen6","2026-09-24","18:22:24","9351637625"
"BM6282","Customer Purpose","gen23","2026-09-25","11:17:15","9351637625"
"BM6282","Customer Purpose","gen39","2026-09-25","13:38:51","9351637625"
"BM6282","Customer Purpose","gen29","2026-09-25","15:37:26","8503088823"
"BM6282","Customer Purpose","gen11","2026-09-25","17:25:14","9351637625"
"BM6282","Customer Purpose","gen36","2026-09-25","18:31:25","9351637625"
"BM6282","Final Vault Closing","iifl5","2026-09-25","19:16:36","9785312667"
"BM6282","Customer Purpose","gen30","2026-09-26","11:00:07","9351637625"
"BM6282","Customer Purpose","gen28","2026-09-26","11:48:00","9351637625"
"BM6282","Customer Purpose","gen1","2026-09-26","12:16:31","9351637625"
"BM6282","Customer Purpose","gen21","2026-09-26","12:36:37","9785312667"
"BM6282","Customer Purpose","gen5","2026-09-26","13:43:03","9785312667"
"BM6282","Customer Purpose","gen20","2026-09-26","15:19:00","9351637625"
"BM6282","Customer Purpose","gen18","2026-09-26","16:48:45","9785312667"
"BM6282","Packet Counting","gen35","2026-09-26","17:10:45","8503088823"
"BM6282","Final Vault Closing","gen32","2026-09-26","18:13:55","9785312667"
"BM6282","Customer Purpose","gen5","2026-09-27","11:16:38","9351637625"
"BM6282","Customer Purpose","gen17","2026-09-27","12:13:33","9351637625"
"BM6282","Customer Purpose","gen9","2026-09-27","13:54:48","9785312667"
"BM6290","Customer Purpose","gen24","2026-09-21","11:16:36","8337004941"
"BM6290","Customer Purpose","gen14","2026-09-21","12:15:34","9038580819"
"BM6290","Customer Purpose","gen30","2026-09-21","16:05:21","9038580819"
"BM6290","Final Vault Closing","gen25","2026-09-21","18:17:27","8436553713"
"BM6290","Customer Purpose","gen11","2026-09-22","10:33:26","9038580819"
"BM6290","Customer Purpose","gen31","2026-09-22","13:36:17","9038580819"
"BM6290","Customer Purpose","gen6","2026-09-22","14:16:02","9038580819"
"BM6290","Customer Purpose","gen39","2026-09-22","14:33:44","9038580819"
"BM6290","Customer Purpose","gen1","2026-09-22","17:28:57","9038580819"
"BM6290","Final Vault Closing","gen27","2026-09-22","18:18:32","8436553713"
"BM6290","Customer Purpose","gen24","2026-09-23","11:19:23","8436553713"
"BM6290","Customer Purpose","gen50","2026-09-23","15:07:26","9038580819"
"BM6290","Customer Purpose","gen15","2026-09-23","16:45:10","9038580819"
"BM6290","Final Vault Closing","gen3","2026-09-23","18:28:19","9038580819"
"BM6290","Customer Purpose","gen29","2026-09-24","12:26:09","8436553713"
"BM6290","Customer Purpose","gen24","2026-09-24","13:16:23","9038580819"
"BM6290","Customer Purpose","gen16","2026-09-24","16:21:46","8436553713"
"BM6290","Final Vault Closing","gen5","2026-09-24","17:42:35","9038580819"
"BM6290","Customer Purpose","gen32","2026-09-25","10:54:58","9038580819"
"BM6290","Customer Purpose","gen22","2026-09-25","13:14:36","8337004941"
"BM6290","Customer Purpose","gen39","2026-09-25","13:46:50","8337004941"
"BM6290","Final Vault Closing","gen2","2026-09-25","18:03:50","8436553713"
"BM6290","Customer Purpose","gen18","2026-09-26","12:58:05","9038580819"
"BM6290","Customer Purpose","gen25","2026-09-26","13:47:39","8337004941"
"BM6290","Packet Counting","gen33","2026-09-26","15:12:17","9038580819"
"BM6290","Packet Counting","gen10","2026-09-26","15:52:57","9038580819"
"BM6290","Packet Counting","","2026-09-26","16:44:38","9038580819"
"BM6290","Final Vault Closing","gen3","2026-09-26","17:59:13","9038580819"
"BM6290","Customer Purpose","gen10","2026-09-27","11:40:17","9038580819"
"BM6290","Packet Counting","gen17","2026-09-27","12:32:49","8337004941"
"BM6290","Packet Counting","gen16","2026-09-27","13:34:07","8337004941"
"BM6290","Packet Counting","gen5","2026-09-27","14:15:26","8337004941"
"BM6295","Customer Purpose","gen3","2026-09-21","11:38:56","6296993289"
"BM6295","Customer Purpose","gen","2026-09-21","15:32:55","8617210921"
"BM6295","Customer Purpose","gen35","2026-09-21","16:58:10","6296993289"
"BM6295","Final Vault Closing","gen16","2026-09-21","18:40:45","6296993289"
"BM6295","Customer Purpose","gen29","2026-09-22","14:22:25","9242874490"
"BM6295","Customer Purpose","gen29","2026-09-22","17:57:27"," - 15 : 43"
"BM6295","Final Vault Closing","gen30","2026-09-22","18:39:15","9242874490"
"BM6295","Customer Purpose","gen29","2026-09-23","11:53:35","6296993289"
"BM6295","Customer Purpose","gen13","2026-09-23","13:11:00","- 12:44:16"
"BM6295","Customer Purpose","gen15","2026-09-23","13:51:06","9242874490"
"BM6295","Final Vault Closing","gen29","2026-09-23","18:38:06","6296993289"
"BM6295","Customer Purpose","gen14","2026-09-24","11:01:41","9242874490"
"BM6295","Customer Purpose","gen37","2026-09-24","12:08:19","6296993289"
"BM6295","Customer Purpose","gen37","2026-09-24","13:24:57","6296993289"
"BM6295","Customer Purpose","gen14","2026-09-24","15:15:52","9242874490"
"BM6295","Final Vault Closing","gen14","2026-09-24","18:10:16","9242874490"
"BM6295","Customer Purpose","gen13","2026-09-25","10:23:33","- 10:18:56"
"BM6295","Customer Purpose","gen36","2026-09-25","14:50:33","6296993289"
"BM6295","Final Vault Closing","gen4","2026-09-25","17:57:24","6296993289"
"BM6295","Customer Purpose","gen28","2026-09-26","10:39:48","9242874490"
"BM6295","Customer Purpose","gen49","2026-09-26","12:36:04","8617210921"
"BM6295","Customer Purpose","gen14","2026-09-26","14:18:32","6296993289"
"BM6295","Packet Counting","gen49","2026-09-26","16:27:03","8617210921"
"BM6295","Final Vault Closing","gen49","2026-09-26","17:44:22","8617210921"
"BM6296","Customer Purpose","gen34","2026-09-21","11:54:17","8167086885"
"BM6296","Customer Purpose","gen12","2026-09-21","14:13:36","6294591202"
"BM6296","Customer Purpose","gen19","2026-09-21","15:48:39","8167086885"
"BM6296","Customer Purpose","gen22","2026-09-21","15:57:53","6294591202"
"BM6296","Final Vault Closing","gen27","2026-09-21","18:37:54","9679855805"
"BM6296","Customer Purpose","gen11","2026-09-22","11:51:21","9679855805"
"BM6296","Customer Purpose","gen9","2026-09-22","13:03:34","6294591202"
"BM6296","Customer Purpose","gen50","2026-09-22","13:58:53","6294591202"
"BM6296","Customer Purpose","gen31","2026-09-22","15:38:39","6294591202"
"BM6296","Customer Purpose","gen34","2026-09-22","17:24:56","6294591202"
"BM6296","Final Vault Closing","gen12","2026-09-22","18:13:54","6294591202"
"BM6296","Customer Purpose","gen23","2026-09-23","11:22:00","9679855805"
"BM6296","Customer Purpose","gen2","2026-09-23","13:49:26","8167086885"
"BM6296","Final Vault Closing","gen2","2026-09-23","18:28:50","6294591202"
"BM6296","Customer Purpose","gen36","2026-09-24","12:44:29","8167086885"
"BM6296","Customer Purpose","gen12","2026-09-24","14:44:36","6294591202"
"BM6296","Customer Purpose","gen21","2026-09-24","16:36:01","9679855805"
"BM6296","Customer Purpose","gen3","2026-09-24","16:46:24","9679855805"
"BM6296","Final Vault Closing","gen1","2026-09-24","18:21:54","8167086885"
"BM6296","Customer Purpose","gen6","2026-09-25","10:27:06","8167086885"
"BM6296","Final Vault Closing","gen24","2026-09-25","18:00:32","9679855805"
"BM6296","Customer Purpose","gen31","2026-09-26","10:26:26","9679855805"
"BM6296","Customer Purpose","gen24","2026-09-26","10:44:41","9679855805"
"BM6296","Customer Purpose","gen1","2026-09-26","11:36:33","6294591202"
"BM6296","Packet Counting","gen32","2026-09-26","14:49:15","9679855805"
"BM6296","Packet Counting","gen12","2026-09-26","15:39:55","8167086885"
"BM6296","Packet Counting","gen8","2026-09-26","16:13:29","6294591202"
"BM6296","Final Vault Closing","iifl7","2026-09-26","18:24:01","8167086885"
"BM6296","Customer Purpose","gen36","2026-09-27","12:07:08","6294591202"
"BM6298","Customer Purpose","gen9","2026-09-21","10:45:33","8583932493"
"BM6298","Customer Purpose","gen9","2026-09-21","11:51:22","8583932493"
"BM6298","Customer Purpose","gen16","2026-09-21","13:21:07","7890163352"
"BM6298","Customer Purpose","gen6","2026-09-21","14:20:53","9748819117"
"BM6298","Customer Purpose","gen19","2026-09-21","16:07:22","7890163352"
"BM6298","Final Vault Closing","gen25","2026-09-21","17:53:59","8583932493"
"BM6298","Customer Purpose","gen39","2026-09-22","10:41:53","8583932493"
"BM6298","Customer Purpose","gen41","2026-09-22","12:37:21","7890163352"
"BM6298","Customer Purpose","gen8","2026-09-22","13:28:44","7890163352"
"BM6298","Customer Purpose","gen3","2026-09-22","15:29:39","7890163352"
"BM6298","Customer Purpose","gen31","2026-09-22","16:19:22","7890163352"
"BM6298","Final Vault Closing","gen30","2026-09-22","17:52:06","9748819117"
"BM6298","Customer Purpose","gen35","2026-09-23","10:47:08","8583932493"
"BM6298","Customer Purpose","gen34","2026-09-23","11:48:24","9748819117"
"BM6298","Customer Purpose","gen30","2026-09-23","13:39:50","7890163352"
"BM6298","Customer Purpose","gen1","2026-09-23","15:13:23","7890163352"
"BM6298","Customer Purpose","gen5","2026-09-23","17:05:02","7890163352"
"BM6298","Final Vault Closing","iifl2","2026-09-23","19:09:15","IME: 18:17"
"BM6298","Customer Purpose","gen35","2026-09-24","11:04:10","7890163352"
"BM6298","Customer Purpose","gen3","2026-09-24","11:57:30","7890163352"
"BM6298","Customer Purpose","gen31","2026-09-24","13:08:54","8583932493"
"BM6298","Customer Purpose","gen23","2026-09-24","13:49:58","9748819117"
"BM6298","Customer Purpose","gen30","2026-09-24","16:27:00","8583932493"
"BM6298","Final Vault Closing","gen37","2026-09-24","17:59:24","8583932493"
"BM6298","Customer Purpose","gen30","2026-09-25","10:49:03","7890163352"
"BM6298","Final Vault Closing","gen23","2026-09-25","17:43:08","8583932493"
"BM6298","Customer Purpose","gen35","2026-09-26","11:11:35","7890163352"
"BM6298","Customer Purpose","gen10","2026-09-26","11:52:18","7890163352"
"BM6298","Customer Purpose","gen17","2026-09-26","15:03:36","8583932493"
"BM6298","Customer Purpose","gen2","2026-09-26","17:42:47","8583932493"
"BM6298","Customer Purpose","gen31","2026-09-27","12:02:23","8583932493"
"BM6298","Customer Purpose","gen31","2026-09-27","14:04:12","7890163352"
"BM6313","Customer Purpose","gen11","2026-09-21","10:44:49","7906211587"
"BM6313","Customer Purpose","gen37","2026-09-21","12:10:27","7906211587"
"BM6313","Customer Purpose","gen2","2026-09-21","12:57:48","7906211587"
"BM6313","Customer Purpose","gen43","2026-09-21","13:20:45","7906211587"
"BM6313","Customer Purpose","gen35","2026-09-21","13:41:20","7906211587"
"BM6313","Customer Purpose","gen20","2026-09-21","14:22:31","8755798074"
"BM6313","Customer Purpose","gen19","2026-09-21","16:28:55","7906211587"
"BM6313","Customer Purpose","gen32","2026-09-21","16:44:50","7906211587"
"BM6313","Customer Purpose","gen3","2026-09-21","17:17:48","8755798074"
"BM6313","Final Vault Closing","gen22","2026-09-21","18:16:30","7906211587"
"BM6313","Customer Purpose","gen7","2026-09-22","10:31:08","8755798074"
"BM6313","Customer Purpose","gen2","2026-09-22","11:30:49","8755798074"
"BM6313","Customer Purpose","gen27","2026-09-22","12:08:04","8755798074"
"BM6313","Customer Purpose","gen17","2026-09-22","13:40:10","8755798074"
"BM6313","Customer Purpose","gen11","2026-09-22","14:48:10","8755798074"
"BM6313","Customer Purpose","gen37","2026-09-22","18:01:40","8755798074"
"BM6313","Customer Purpose","gen11","2026-09-23","11:05:59","7906211587"
"BM6313","Customer Purpose","gen7","2026-09-23","16:11:05","7906211587"
"BM6313","Final Vault Closing","gen21","2026-09-23","18:40:18","7017967624"
"BM6313","Customer Purpose","gen","2026-09-24","11:12:51","7906211587"
"BM6313","Customer Purpose","gen20","2026-09-24","11:24:06","7906211587"
"BM6313","Customer Purpose","gen32","2026-09-24","13:56:42","7906211587"
"BM6313","Customer Purpose","gen39","2026-09-24","14:07:00","7906211587"
"BM6313","Customer Purpose","gen25","2026-09-24","14:21:33","8755798074"
"BM6313","Customer Purpose","gen38","2026-09-24","14:30:15","7906211587"
"BM6313","Customer Purpose","gen38","2026-09-24","14:37:53","7906211587"
"BM6313","Customer Purpose","gen9","2026-09-24","14:44:30","7906211587"
"BM6313","Customer Purpose","gen10","2026-09-24","14:53:40","7906211587"
"BM6313","Customer Purpose","gen16","2026-09-24","15:01:56","7017967624"
"BM6313","Customer Purpose","gen28","2026-09-24","15:15:11","7906211587"
"BM6313","Customer Purpose","gen23","2026-09-24","15:24:23","7017967624"
"BM6313","Customer Purpose","gen36","2026-09-24","16:27:19","7906211587"
"BM6313","Customer Purpose","gen37","2026-09-24","17:06:29","7906211587"
"BM6313","Customer Purpose","gen35","2026-09-24","18:17:42","7906211587"
"BM6313","Final Vault Closing","iifl4","2026-09-24","19:37:30","7906211587"
"BM6313","Customer Purpose","gen3","2026-09-25","10:35:31","7906211587"
"BM6313","Customer Purpose","gen29","2026-09-25","12:10:27","7906211587"
"BM6313","Customer Purpose","gen10","2026-09-25","12:40:46","7906211587"
"BM6313","Customer Purpose","gen37","2026-09-25","13:26:22","7906211587"
"BM6313","Customer Purpose","gen12","2026-09-25","14:09:46","7906211587"
"BM6313","Customer Purpose","gen24","2026-09-25","14:52:58","7906211587"
"BM6313","Customer Purpose","gen22","2026-09-25","15:47:47","7906211587"
"BM6313","Customer Purpose","gen33","2026-09-25","17:57:50","7906211587"
"BM6313","Other Purpose","gen","2026-09-25","18:28:58","8755798074"
"BM6313","Final Vault Closing","gen12","2026-09-25","18:33:59","7906211587"
"BM6313","Customer Purpose","gen21","2026-09-26","11:02:43","7017967624"
"BM6313","Packet Counting","gen29","2026-09-26","11:44:39","8755798074"
"BM6313","Customer Purpose","gen25","2026-09-26","13:51:38","7906211587"
"BM6313","Customer Purpose","gen36","2026-09-26","14:44:24","8755798074"
"BM6313","Final Vault Closing","gen10","2026-09-26","18:05:58","8755798074"
"BM6313","Customer Purpose","gen30","2026-09-27","12:48:43","8755798074"
"BM6313","Customer Purpose","gen37","2026-09-27","13:50:07","7906211587"
"BM6324","Customer Purpose","gen22","2026-09-21","10:54:03","9759139795"
"BM6324","Customer Purpose","gen10","2026-09-21","12:39:29","9759139795"
"BM6324","Customer Purpose","gen22","2026-09-21","12:59:51","9758222772"
"BM6324","Customer Purpose","gen16","2026-09-21","13:27:50","9758222772"
"BM6324","Audit Purpose","gen","2026-09-21","14:53:30","9759139795"
"BM6324","Audit Purpose","gen9","2026-09-21","15:46:10","9758222772"
"BM6324","Audit Purpose","gen24","2026-09-21","15:56:25","9997748766"
"BM6324","Audit Purpose","gen22","2026-09-21","16:50:32","9758222772"
"BM6324","Final Vault Closing","gen32","2026-09-21","18:11:11","9758222772"
"BM6324","Audit Purpose","gen23","2026-09-22","10:40:42","9759139795"
"BM6324","Audit Purpose","gen3","2026-09-22","11:40:31","9758222772"
"BM6324","Audit Purpose","gen2","2026-09-22","12:50:02","9758222772"
"BM6324","Audit Purpose","gen14","2026-09-22","13:35:45","9758222772"
"BM6324","Audit Purpose","gen33","2026-09-22","14:42:44","9758222772"
"BM6324","Audit Purpose","gen1","2026-09-22","15:59:36","9759139795"
"BM6324","Audit Purpose","gen31","2026-09-22","16:39:53","9997748766"
"BM6324","Audit Purpose","gen35","2026-09-22","17:11:04","9758222772"
"BM6324","Final Vault Closing","gen22","2026-09-22","18:19:16","9758222772"
"BM6324","Audit Purpose","gen2","2026-09-23","10:52:43","9759139795"
"BM6324","Audit Purpose","gen26","2026-09-23","11:40:21","9759139795"
"BM6324","Audit Purpose","gen1","2026-09-23","12:06:31","9759139795"
"BM6324","Audit Purpose","gen5","2026-09-23","12:35:19","9997748766"
"BM6324","Audit Purpose","gen30","2026-09-23","13:36:44","9759139795"
"BM6324","Audit Purpose","gen7","2026-09-23","15:16:36","9997748766"
"BM6324","Customer Purpose","gen31","2026-09-23","15:39:17","9759139795"
"BM6324","Audit Purpose","gen5","2026-09-23","17:01:32","9997748766"
"BM6324","Audit Purpose","gen35","2026-09-23","17:40:46","9759139795"
"BM6324","Audit Purpose","gen50","2026-09-23","18:10:15","9997748766"
"BM6324","Audit Purpose","gen5","2026-09-24","10:43:00","9759139795"
"BM6324","Audit Purpose","gen38","2026-09-24","11:43:07","9759139795"
"BM6324","Audit Purpose","gen39","2026-09-24","13:03:20","9997748766"
"BM6324","Audit Purpose","gen21","2026-09-24","13:30:32","9759139795"
"BM6324","Audit Purpose","gen32","2026-09-24","14:27:12","9997748766"
"BM6324","Customer Purpose","gen6","2026-09-24","15:15:51","9997748766"
"BM6324","Customer Purpose","gen31","2026-09-24","15:27:28","9997748766"
"BM6324","Customer Purpose","gen15","2026-09-24","15:59:10","9997748766"
"BM6324","Customer Purpose","gen21","2026-09-24","16:23:33","9997748766"
"BM6324","Final Vault Closing","gen6","2026-09-24","18:29:52","9759139795"
"BM6324","Customer Purpose","gen4","2026-09-25","12:00:57","9759139795"
"BM6324","Customer Purpose","gen20","2026-09-25","13:22:07","9997748766"
"BM6324","Customer Purpose","gen22","2026-09-25","13:35:29","9759139795"
"BM6324","Customer Purpose","gen30","2026-09-25","13:45:36","9997748766"
"BM6324","Customer Purpose","gen9","2026-09-25","14:01:30","9997748766"
"BM6324","Customer Purpose","gen9","2026-09-25","14:15:09","9997748766"
"BM6324","Customer Purpose","gen33","2026-09-25","14:52:38","9997748766"
"BM6324","Customer Purpose","gen12","2026-09-25","15:09:27","9997748766"
"BM6324","Customer Purpose","gen14","2026-09-25","15:18:43","9997748766"
"BM6324","Customer Purpose","gen25","2026-09-25","15:29:16","9759139795"
"BM6324","Final Vault Closing","gen6","2026-09-25","18:17:00","9997748766"
"BM6324","Customer Purpose","gen6","2026-09-26","10:44:02","9997748766"
"BM6324","Customer Purpose","gen11","2026-09-26","12:08:04","9759139795"
"BM6324","Customer Purpose","gen25","2026-09-26","14:43:09","9997748766"
"BM6324","Final Vault Closing","gen7","2026-09-26","17:25:56","9997748766"
"BM6324","Customer Purpose","gen22","2026-09-27","14:05:00","9997748766"
"BM6330","Customer Purpose","gen35","2026-09-21","11:31:44","9954828967"
"BM6330","Customer Purpose","gen4","2026-09-21","11:55:56","6002198833"
"BM6330","Customer Purpose","iifl4","2026-09-21","13:35:57","6002198833"
"BM6330","Customer Purpose","gen18","2026-09-21","14:17:21","9954828967"
"BM6330","Customer Purpose","gen6","2026-09-21","15:59:35","6002198833"
"BM6330","Final Vault Closing","gen34","2026-09-21","17:52:47","8876106595"
"BM6330","Customer Purpose","gen5","2026-09-22","11:11:18","6002198833"
"BM6330","Customer Purpose","gen","2026-09-22","14:49:31","9954828967"
"BM6330","Customer Purpose","gen23","2026-09-22","16:32:51","8876106595"
"BM6330","Customer Purpose","gen22","2026-09-22","17:13:41","8876106595"
"BM6330","Final Vault Closing","gen33","2026-09-22","18:10:14","9954828967"
"BM6330","Customer Purpose","gen37","2026-09-23","11:09:40","6002198833"
"BM6330","Customer Purpose","gen19","2026-09-23","12:03:03","6002198833"
"BM6330","Customer Purpose","gen27","2026-09-23","12:53:03","9954828967"
"BM6330","Final Vault Closing","gen2","2026-09-23","18:00:38","9954828967"
"BM6330","Customer Purpose","gen10","2026-09-24","11:48:31","9954828967"
"BM6330","Customer Purpose","gen11","2026-09-24","13:27:30","9954828967"
"BM6330","Customer Purpose","gen35","2026-09-24","14:26:39","9954828967"
"BM6330","Customer Purpose","gen17","2026-09-24","14:59:50","6002198833"
"BM6330","Customer Purpose","gen10","2026-09-24","15:15:24","9954828967"
"BM6330","Customer Purpose","gen6","2026-09-24","16:48:30","9954828967"
"BM6330","Customer Purpose","gen28","2026-09-24","17:33:44","6002198833"
"BM6330","Final Vault Closing","gen36","2026-09-24","18:30:26","6002198833"
"BM6330","Customer Purpose","gen24","2026-09-25","16:58:48","9954828967"
"BM6330","Final Vault Closing","iifl7","2026-09-25","18:12:24","9954828967"
"BM6330","Customer Purpose","gen18","2026-09-26","10:43:38","8876106595"
"BM6330","Customer Purpose","gen24","2026-09-26","11:40:58","9954828967"
"BM6330","Customer Purpose","gen35","2026-09-26","12:47:06","6002198833"
"BM6330","Customer Purpose","gen29","2026-09-26","13:16:48","8876106595"
"BM6330","Customer Purpose","gen6","2026-09-26","14:03:21","6002198833"
"BM6330","Customer Purpose","gen17","2026-09-26","14:27:48","6002198833"
"BM6330","Customer Purpose","gen34","2026-09-26","15:54:32","8876106595"
"BM6330","Customer Purpose","gen36","2026-09-26","17:16:54","6002198833"
"BM6330","Final Vault Closing","gen9","2026-09-26","18:08:43","8876106595"
"BM6330","Customer Purpose","gen38","2026-09-27","11:00:41","8876106595"
"BM6330","Customer Purpose","gen8","2026-09-27","14:50:51","9954828967"
"BM6337","Customer Purpose","gen","2026-09-21","11:01:03","8389933130"
"BM6337","Customer Purpose","gen6","2026-09-21","11:40:24","8389933130"
"BM6337","Customer Purpose","gen1","2026-09-21","12:21:26","6355395173"
"BM6337","Customer Purpose","gen17","2026-09-21","12:29:07","9932986981"
"BM6337","Customer Purpose","gen14","2026-09-21","13:25:59","8389933130"
"BM6337","Customer Purpose","gen17","2026-09-21","14:53:31","6355395173"
"BM6337","Customer Purpose","gen12","2026-09-21","15:26:14","6355395173"
"BM6337","Customer Purpose","gen9","2026-09-21","16:05:12","6355395173"
"BM6337","Customer Purpose","gen6","2026-09-21","16:33:48","6355395173"
"BM6337","Final Vault Closing","gen9","2026-09-21","17:52:47","8389933130"
"BM6337","Customer Purpose","gen16","2026-09-22","11:00:14","6355395173"
"BM6337","Customer Purpose","gen4","2026-09-22","11:47:55","9932986981"
"BM6337","Customer Purpose","gen30","2026-09-22","12:36:28","9932986981"
"BM6337","Customer Purpose","gen30","2026-09-22","14:55:39","9932986981"
"BM6337","Customer Purpose","gen14","2026-09-22","15:54:51","6355395173"
"BM6337","Final Vault Closing","gen16","2026-09-22","18:00:13","9932986981"
"BM6337","Customer Purpose","gen12","2026-09-23","10:57:47","6355395173"
"BM6337","Customer Purpose","gen30","2026-09-23","13:29:27","9932986981"
"BM6337","Customer Purpose","gen37","2026-09-23","14:49:06","8389933130"
"BM6337","Customer Purpose","gen9","2026-09-23","17:52:45","8389933130"
"BM6337","Customer Purpose","gen24","2026-09-24","10:53:39","6355395173"
"BM6337","Customer Purpose","gen22","2026-09-24","11:23:12","9932986981"
"BM6337","Customer Purpose","gen2","2026-09-24","12:26:28","8389933130"
"BM6337","Customer Purpose","gen25","2026-09-24","12:45:21","9932986981"
"BM6337","Customer Purpose","gen1","2026-09-24","13:22:58","9932986981"
"BM6337","Customer Purpose","gen6","2026-09-24","15:05:22","9932986981"
"BM6337","Customer Purpose","gen11","2026-09-24","15:47:33","6355395173"
"BM6337","Customer Purpose","gen13","2026-09-24","16:38:35","6355395173"
"BM6337","Customer Purpose","gen17","2026-09-24","16:59:47","6355395173"
"BM6337","Final Vault Closing","gen28","2026-09-24","18:09:34","6355395173"
"BM6337","Audit Purpose","gen22","2026-09-25","11:46:06","8389933130"
"BM6337","Audit Purpose","gen29","2026-09-25","12:17:00","9932986981"
"BM6337","Audit Purpose","gen11","2026-09-25","13:03:28","9932986981"
"BM6337","Audit Purpose","gen33","2026-09-25","14:20:05","6355395173"
"BM6337","Audit Purpose","gen33","2026-09-25","15:32:15","6355395173"
"BM6337","Audit Purpose","gen31","2026-09-25","18:24:13","9932986981"
"BM6337","Audit Purpose","gen21","2026-09-26","10:16:33","9932986981"
"BM6337","Audit Purpose","gen26","2026-09-26","11:32:31","9932986981"
"BM6337","Audit Purpose","gen49","2026-09-26","13:03:07","6355395173"
"BM6337","Audit Purpose","gen15","2026-09-26","14:16:10","9932986981"
"BM6337","Audit Purpose","gen19","2026-09-26","15:59:15","9932986981"
"BM6337","Audit Purpose","gen21","2026-09-26","17:19:26","6355395173"
"BM6337","Audit Purpose","gen8","2026-09-26","17:34:38","6355395173"
"BM6337","Audit Purpose","gen19","2026-09-26","17:55:41","6355395173"
"BM6337","Audit Purpose","gen4","2026-09-27","10:26:48","6355395173"
"BM6337","Audit Purpose","gen11","2026-09-27","11:45:30","8389933130"
"BM6337","Audit Purpose","gen4","2026-09-27","13:31:17","6355395173"
"BM6345","Audit Purpose","gen12","2026-09-21","10:46:31","8509890245"
"BM6345","Audit Purpose","gen18","2026-09-21","12:15:01","7550820144"
"BM6345","Audit Purpose","gen11","2026-09-21","14:10:04","7550820144"
"BM6345","Audit Purpose","gen24","2026-09-21","15:29:54","7550820144"
"BM6345","Audit Purpose","gen32","2026-09-21","16:28:23","7550820144"
"BM6345","Audit Purpose","gen2","2026-09-21","18:16:27","8509890245"
"BM6345","Audit Purpose","gen6","2026-09-22","10:14:48","8509890245"
"BM6345","Audit Purpose","gen24","2026-09-22","11:53:23","8509890245"
"BM6345","Audit Purpose","gen41","2026-09-22","13:11:59","8509890245"
"BM6345","Audit Purpose","gen23","2026-09-22","15:19:57","9647582600"
"BM6345","Audit Purpose","gen1","2026-09-22","17:16:29","8509890245"
"BM6345","Audit Purpose","gen27","2026-09-22","17:40:31","7550820144"
"BM6345","Audit Purpose","gen36","2026-09-23","10:14:19","8509890245"
"BM6345","Audit Purpose","gen30","2026-09-23","11:39:10","7550820144"
"BM6345","Audit Purpose","gen11","2026-09-23","12:28:15","8509890245"
"BM6345","Audit Purpose","gen5","2026-09-23","12:58:35","8509890245"
"BM6345","Audit Purpose","gen27","2026-09-23","13:15:40","7550820144"
"BM6345","Audit Purpose","gen2","2026-09-23","13:58:46","8509890245"
"BM6345","Audit Purpose","gen36","2026-09-23","16:50:18","7550820144"
"BM6345","Final Vault Closing","gen31","2026-09-23","18:58:20","9647582600"
"BM6345","Audit Purpose","gen17","2026-09-24","10:22:29","7550820144"
"BM6345","Audit Purpose","gen30","2026-09-24","12:50:56","7550820144"
"BM6345","Audit Purpose","gen21","2026-09-24","16:00:40","8509890245"
"BM6345","Audit Purpose","gen14","2026-09-24","16:43:27","8509890245"
"BM6345","Final Vault Closing","gen26","2026-09-24","18:32:29","8509890245"
"BM6345","Customer Purpose","gen","2026-09-25","10:28:06","8509890245"
"BM6345","Customer Purpose","gen","2026-09-25","11:17:03","8509890245"
"BM6345","Customer Purpose","gen29","2026-09-25","14:44:32","7550820144"
"BM6345","Customer Purpose","gen18","2026-09-25","17:30:46","8509890245"
"BM6345","Final Vault Closing","gen6","2026-09-25","17:45:29","8509890245"
"BM6345","Packet Counting","gen3","2026-09-26","11:51:20","8509890245"
"BM6345","Packet Counting","iifl7","2026-09-26","12:42:32","7550820144"
"BM6345","Packet Counting","gen6","2026-09-26","13:41:28","8509890245"
"BM6345","Final Vault Closing","gen11","2026-09-26","18:27:18","8509890245"
"BM6345","Customer Purpose","gen40","2026-09-27","10:22:00","7550820144"
"BM6345","Customer Purpose","gen40","2026-09-27","13:36:26","7550820144"
"BM6349","Customer Purpose","gen41","2026-09-21","10:39:00","9568689351"
"BM6349","Customer Purpose","gen50","2026-09-21","11:00:38","9568689351"
"BM6349","Customer Purpose","gen21","2026-09-21","12:44:17","9568689351"
"BM6349","Customer Purpose","gen24","2026-09-21","13:34:32","9568689351"
"BM6349","Customer Purpose","gen20","2026-09-21","14:15:13","9759288002"
"BM6349","Customer Purpose","gen4","2026-09-21","15:19:15","9568689351"
"BM6349","Final Vault Closing","gen6","2026-09-21","18:26:35","9759288002"
"BM6349","Customer Purpose","gen32","2026-09-22","11:19:50","9568689351"
"BM6349","Customer Purpose","gen21","2026-09-22","12:39:11","9568689351"
"BM6349","Customer Purpose","gen1","2026-09-22","13:16:48","9568689351"
"BM6349","Customer Purpose","gen28","2026-09-22","13:32:06","9568689351"
"BM6349","Customer Purpose","gen7","2026-09-22","13:58:28","9568689351"
"BM6349","Customer Purpose","gen31","2026-09-22","14:57:21","9568689351"
"BM6349","Customer Purpose","gen21","2026-09-22","16:06:55","9568689351"
"BM6349","Customer Purpose","gen23","2026-09-22","16:55:56","9568689351"
"BM6349","Customer Purpose","gen37","2026-09-22","17:14:44","9568689351"
"BM6349","Final Vault Closing","gen13","2026-09-22","18:31:43","9568689351"
"BM6349","Customer Purpose","gen7","2026-09-23","10:40:45","9568689351"
"BM6349","Customer Purpose","gen34","2026-09-23","10:56:37","9568689351"
"BM6349","Customer Purpose","gen11","2026-09-23","12:14:01","9568689351"
"BM6349","Customer Purpose","gen16","2026-09-23","16:08:51","9568689351"
"BM6349","Final Vault Closing","gen11","2026-09-23","18:27:43","9568689351"
"BM6349","Customer Purpose","gen15","2026-09-24","12:25:29","9759288002"
"BM6349","Customer Purpose","gen19","2026-09-24","14:09:26","9759288002"
"BM6349","Final Vault Closing","gen6","2026-09-24","18:08:17","9568689351"
"BM6349","Customer Purpose","gen39","2026-09-25","10:42:09","9568689351"
"BM6349","Customer Purpose","gen34","2026-09-25","17:35:48","9568689351"
"BM6349","Final Vault Closing","gen29","2026-09-25","18:23:56","9568689351"
"BM6349","Packet Counting","gen18","2026-09-26","14:52:40","9568689351"
"BM6349","Packet Counting","gen36","2026-09-26","15:42:17","9568689351"
"BM6349","Final Vault Closing","gen17","2026-09-26","18:25:29","9759288002"
"BM6349","Customer Purpose","gen19","2026-09-27","13:42:14","9568689351"
"BM6358","Customer Purpose","gen20","2026-09-21","11:32:17","7017226807"
"BM6358","Customer Purpose","gen","2026-09-21","11:45:49","9808491039"
"BM6358","Customer Purpose","gen4","2026-09-21","17:22:24","9808491039"
"BM6358","Final Vault Closing","gen28","2026-09-21","18:30:55","9808491039"
"BM6358","Customer Purpose","gen14","2026-09-22","11:19:34","7017226807"
"BM6358","Customer Purpose","gen6","2026-09-22","11:40:09","7017226807"
"BM6358","Customer Purpose","gen18","2026-09-22","11:53:24","9808491039"
"BM6358","Customer Purpose","gen2","2026-09-22","12:02:16","7017226807"
"BM6358","Customer Purpose","gen6","2026-09-22","14:00:36","7017226807"
"BM6358","Customer Purpose","gen12","2026-09-22","14:18:11","9808491039"
"BM6358","Final Vault Closing","gen24","2026-09-22","18:32:30","7017226807"
"BM6358","Customer Purpose","gen1","2026-09-23","10:52:03","9808491039"
"BM6358","Customer Purpose","gen23","2026-09-23","15:46:57","9808491039"
"BM6358","Customer Purpose","gen35","2026-09-23","17:33:16","9808491039"
"BM6358","Final Vault Closing","iifl4","2026-09-23","19:48:16","7017226807"
"BM6358","Customer Purpose","gen36","2026-09-24","11:29:24","9808491039"
"BM6358","Customer Purpose","gen4","2026-09-24","13:26:05","7017226807"
"BM6358","Customer Purpose","gen29","2026-09-24","16:12:37","7017226807"
"BM6358","Final Vault Closing","iifl5","2026-09-24","19:07:23","7017226807"
"BM6358","Customer Purpose","gen21","2026-09-25","13:15:45","7017226807"
"BM6358","Customer Purpose","gen20","2026-09-25","14:35:14","9808491039"
"BM6358","Customer Purpose","gen11","2026-09-25","18:05:28","7017226807"
"BM6358","Final Vault Closing","gen10","2026-09-25","18:59:05","7017226807"
"BM6358","Packet Counting","gen3","2026-09-26","14:20:30","7017226807"
"BM6358","Customer Purpose","gen29","2026-09-26","18:45:59","9808491039"
"BM6382","Customer Purpose","gen20","2026-09-21","15:07:35","9332578990"
"BM6382","Final Vault Closing","gen17","2026-09-21","17:47:12","9332578990"
"BM6382","Customer Purpose","gen22","2026-09-22","11:35:53","8777279628"
"BM6382","Customer Purpose","gen22","2026-09-22","13:48:56","9332578990"
"BM6382","Customer Purpose","gen16","2026-09-22","14:56:28","8926808262"
"BM6382","Customer Purpose","gen16","2026-09-22","15:34:07","8926808262"
"BM6382","Customer Purpose","gen15","2026-09-22","15:48:23","9332578990"
"BM6382","Final Vault Closing","gen27","2026-09-22","17:34:14","8926808262"
"BM6382","Customer Purpose","gen30","2026-09-23","12:47:15","9332578990"
"BM6382","Final Vault Closing","gen28","2026-09-23","17:45:55","9332578990"
"BM6382","Customer Purpose","gen28","2026-09-24","12:11:37","9332578990"
"BM6382","Customer Purpose","gen4","2026-09-24","13:12:38","9332578990"
"BM6382","Customer Purpose","gen19","2026-09-24","14:25:49","9332578990"
"BM6382","Customer Purpose","gen14","2026-09-24","15:13:33","9332578990"
"BM6382","Final Vault Closing","gen17","2026-09-24","17:40:32","9332578990"
"BM6382","Customer Purpose","gen29","2026-09-25","13:44:47","9332578990"
"BM6382","Final Vault Closing","gen35","2026-09-25","17:48:20","9332578990"
"BM6382","Customer Purpose","gen4","2026-09-26","10:45:52","8777279628"
"BM6382","Customer Purpose","gen17","2026-09-26","12:09:36","8926808262"
"BM6382","Customer Purpose","gen29","2026-09-26","14:59:07","8926808262"
"BM6382","Final Vault Closing","gen11","2026-09-26","17:34:27","8777279628"
"BM6382","Packet Counting","gen29","2026-09-27","14:00:47","8777279628"
"BM6388","Customer Purpose","gen30","2026-09-21","11:53:15","6396197035"
"BM6388","Customer Purpose","gen6","2026-09-21","12:05:23","6396197035"
"BM6388","Packet Counting","gen19","2026-09-21","12:29:14","8077179855"
"BM6388","Customer Purpose","gen24","2026-09-21","13:45:22","6396197035"
"BM6388","Customer Purpose","gen21","2026-09-21","14:08:21","6396197035"
"BM6388","Customer Purpose","gen9","2026-09-21","14:17:54","6396197035"
"BM6388","Customer Purpose","gen35","2026-09-21","15:36:13","6396197035"
"BM6388","Customer Purpose","gen37","2026-09-21","15:55:40","6396197035"
"BM6388","Final Vault Closing","gen","2026-09-21","18:23:34","6396197035"
"BM6388","Customer Purpose","gen4","2026-09-22","10:54:33","6396197035"
"BM6388","Customer Purpose","gen29","2026-09-22","13:42:19","8077179855"
"BM6388","Customer Purpose","gen6","2026-09-22","13:49:52","6396197035"
"BM6388","Customer Purpose","gen13","2026-09-22","14:24:48","6396197035"
"BM6388","Customer Purpose","gen29","2026-09-22","16:23:56","9935700899"
"BM6388","Final Vault Closing","gen8","2026-09-22","18:17:35","6396197035"
"BM6388","Customer Purpose","gen24","2026-09-23","12:18:47","6396197035"
"BM6388","Customer Purpose","gen29","2026-09-23","13:52:19","6396197035"
"BM6388","Customer Purpose","gen30","2026-09-23","15:36:33","8077179855"
"BM6388","Customer Purpose","gen31","2026-09-23","16:12:22","6396197035"
"BM6388","Customer Purpose","gen16","2026-09-23","16:29:42","8077179855"
"BM6388","Final Vault Closing","gen17","2026-09-23","18:22:00","8077179855"
"BM6388","Customer Purpose","gen36","2026-09-24","13:53:11","6396197035"
"BM6388","Customer Purpose","gen31","2026-09-24","14:01:57","6396197035"
"BM6388","Customer Purpose","gen36","2026-09-24","15:29:37","6396197035"
"BM6388","Customer Purpose","gen37","2026-09-24","17:09:24","6396197035"
"BM6388","Final Vault Closing","gen12","2026-09-24","18:26:48","6396197035"
"BM6388","Customer Purpose","gen","2026-09-25","11:45:28","6396197035"
"BM6388","Customer Purpose","gen15","2026-09-25","15:46:11","6396197035"
"BM6388","Customer Purpose","gen14","2026-09-25","15:59:23","6396197035"
"BM6388","Customer Purpose","gen21","2026-09-25","16:10:49","6396197035"
"BM6388","Customer Purpose","gen4","2026-09-25","16:25:16","6396197035"
"BM6388","Customer Purpose","gen6","2026-09-25","16:56:08","6396197035"
"BM6388","Final Vault Closing","gen9","2026-09-25","18:19:58","8077179855"
"BM6388","Packet Counting","gen37","2026-09-26","17:03:38","9935700899"
"BM6388","Final Vault Closing","gen1","2026-09-26","18:29:39","8077179855"
"BM6392","Customer Purpose","gen","2026-09-21","11:14:57","8794779817"
"BM6392","Customer Purpose","gen29","2026-09-21","11:46:45","8794779817"
"BM6392","Customer Purpose","gen43","2026-09-21","12:19:12","8794779817"
"BM6392","Customer Purpose","gen26","2026-09-21","12:40:28","8794779817"
"BM6392","Customer Purpose","gen19","2026-09-21","13:35:58","8794779817"
"BM6392","Customer Purpose","gen14","2026-09-21","14:49:47","9774072002"
"BM6392","Customer Purpose","gen35","2026-09-21","15:11:03","9774072002"
"BM6392","Customer Purpose","gen50","2026-09-21","16:37:57","9774072002"
"BM6392","Customer Purpose","gen3","2026-09-21","17:12:57","9774072002"
"BM6392","Final Vault Closing","gen3","2026-09-21","17:47:38","9774072002"
"BM6392","Customer Purpose","gen1","2026-09-22","11:12:22","8794779817"
"BM6392","Customer Purpose","gen21","2026-09-22","12:02:04","9774072002"
"BM6392","Customer Purpose","gen21","2026-09-22","14:17:42","7005208637"
"BM6392","Customer Purpose","gen1","2026-09-22","14:29:40","8794779817"
"BM6392","Final Vault Closing","gen21","2026-09-22","18:43:16","8794779817"
"BM6392","Customer Purpose","gen32","2026-09-23","10:40:57","8794779817"
"BM6392","Customer Purpose","gen26","2026-09-23","11:13:22","8794779817"
"BM6392","Customer Purpose","gen34","2026-09-23","13:29:18","8794779817"
"BM6392","Customer Purpose","gen6","2026-09-23","16:24:03","9774072002"
"BM6392","Final Vault Closing","gen5","2026-09-23","17:56:58","9774072002"
"BM6392","Customer Purpose","gen16","2026-09-24","10:38:36","9774072002"
"BM6392","Customer Purpose","gen21","2026-09-24","11:50:11","7005208637"
"BM6392","Customer Purpose","gen9","2026-09-24","12:36:06","9774072002"
"BM6392","Customer Purpose","gen20","2026-09-24","13:07:47","8794779817"
"BM6392","Customer Purpose","gen31","2026-09-24","14:03:26","9774072002"
"BM6392","Customer Purpose","gen1","2026-09-24","14:17:49","7005208637"
"BM6392","Customer Purpose","gen15","2026-09-24","14:52:36","7005208637"
"BM6392","Customer Purpose","gen9","2026-09-24","16:08:17","9774072002"
"BM6392","Customer Purpose","gen17","2026-09-24","17:02:49","7005208637"
"BM6392","Final Vault Closing","gen4","2026-09-24","18:44:05","8794779817"
"BM6392","Customer Purpose","gen24","2026-09-25","10:57:26","7005208637"
"BM6392","Customer Purpose","gen1","2026-09-25","12:00:01","7005208637"
"BM6392","Customer Purpose","gen32","2026-09-25","13:48:10","9774072002"
"BM6392","Customer Purpose","gen2","2026-09-25","14:50:09","9774072002"
"BM6392","Customer Purpose","gen29","2026-09-25","15:33:04","9774072002"
"BM6392","Customer Purpose","gen26","2026-09-25","16:47:54","9774072002"
"BM6392","Final Vault Closing","gen10","2026-09-25","18:24:31","9774072002"
"BM6392","Packet Counting","gen1","2026-09-26","12:10:35","9774072002"
"BM6392","Packet Counting","gen49","2026-09-26","12:51:46","7005208637"
"BM6392","Packet Counting","gen2","2026-09-26","13:46:55","9774072002"
"BM6392","Packet Counting","gen29","2026-09-26","14:06:44","9774072002"
"BM6392","Packet Counting","gen17","2026-09-26","15:23:39","9774072002"
"BM6392","Final Vault Closing","gen8","2026-09-26","18:10:18","9774072002"
"BM6392","Customer Purpose","gen8","2026-09-27","11:12:09","9774072002"
"BM6417","Customer Purpose","gen25","2026-09-21","11:53:00","7037570537"
"BM6417","Customer Purpose","gen18","2026-09-21","12:55:58","7037570537"
"BM6417","Customer Purpose","gen6","2026-09-21","14:51:05","9548024131"
"BM6417","Customer Purpose","gen33","2026-09-21","15:26:39","7037570537"
"BM6417","Customer Purpose","gen","2026-09-21","15:40:16","7037570537"
"BM6417","Customer Purpose","gen30","2026-09-21","15:57:35","7037570537"
"BM6417","Customer Purpose","gen35","2026-09-21","17:08:48","7037570537"
"BM6417","Final Vault Closing","gen22","2026-09-21","18:33:14","7037570537"
"BM6417","Customer Purpose","gen12","2026-09-22","11:52:00","7037570537"
"BM6417","Customer Purpose","gen2","2026-09-22","13:55:57","9548024131"
"BM6417","Customer Purpose","gen9","2026-09-22","14:32:22","9548024131"
"BM6417","Customer Purpose","gen18","2026-09-22","16:06:19","7037570537"
"BM6417","Customer Purpose","gen39","2026-09-22","16:58:23","7037570537"
"BM6417","Customer Purpose","gen37","2026-09-22","17:34:03","7037570537"
"BM6417","Final Vault Closing","gen2","2026-09-22","18:23:22","7037570537"
"BM6417","Customer Purpose","gen24","2026-09-23","10:38:15","7037570537"
"BM6417","Customer Purpose","gen30","2026-09-23","11:27:21","7037570537"
"BM6417","Audit Purpose","gen29","2026-09-23","12:00:27","7037570537"
"BM6417","Audit Purpose","gen23","2026-09-23","12:15:19","7037570537"
"BM6417","Customer Purpose","gen24","2026-09-23","15:37:19","7037570537"
"BM6417","Customer Purpose","gen21","2026-09-23","16:42:52","9548024131"
"BM6417","Final Vault Closing","gen10","2026-09-23","18:15:11","7037570537"
"BM6417","Customer Purpose","gen21","2026-09-24","14:45:36","9548024131"
"BM6417","Customer Purpose","gen30","2026-09-24","15:18:16","9548024131"
"BM6417","Customer Purpose","gen38","2026-09-24","15:53:38","9548024131"
"BM6417","Final Vault Closing","gen17","2026-09-24","18:47:49","9548024131"
"BM6417","Customer Purpose","gen35","2026-09-25","12:48:31","7037570537"
"BM6417","Final Vault Closing","gen17","2026-09-25","17:58:30","7037570537"
"BM6417","Customer Purpose","gen33","2026-09-26","11:27:48","7037570537"
"BM6417","Customer Purpose","gen26","2026-09-26","11:36:57","7037570537"
"BM6417","Customer Purpose","gen26","2026-09-26","11:46:16","7037570537"
"BM6417","Customer Purpose","gen8","2026-09-26","12:07:41","9548024131"
"BM6417","Customer Purpose","gen49","2026-09-26","12:54:29","9548024131"
"BM6417","Customer Purpose","gen18","2026-09-26","13:05:55","9548024131"
"BM6417","Customer Purpose","gen12","2026-09-26","13:18:25","9548024131"
"BM6417","Packet Counting","gen26","2026-09-26","14:48:06","9548024131"
"BM6417","Packet Counting","gen49","2026-09-26","15:38:55","9548024131"
"BM6417","Final Vault Closing","gen36","2026-09-26","18:04:48","9548024131"
"BM6438","Final Vault Closing","","2026-09-21","18:03:19","6003668348"
"BM6438","Audit Purpose","gen17","2026-09-22","10:38:04","7576074379"
"BM6438","Customer Purpose","gen50","2026-09-22","12:05:16","7576074379"
"BM6438","Customer Purpose","gen9","2026-09-22","12:25:16","6002146391"
"BM6438","Audit Purpose","gen26","2026-09-22","12:42:09","7576074379"
"BM6438","Customer Purpose","gen27","2026-09-22","13:26:08","7576074379"
"BM6438","Customer Purpose","gen22","2026-09-22","16:31:36","6002146391"
"BM6438","Final Vault Closing","gen31","2026-09-22","17:55:12","7576074379"
"BM6438","Customer Purpose","gen26","2026-09-23","11:23:26","7576074379"
"BM6438","Customer Purpose","gen39","2026-09-23","12:15:44","6002146391"
"BM6438","Customer Purpose","gen31","2026-09-23","15:27:10","6002146391"
"BM6438","Final Vault Closing","gen7","2026-09-23","18:13:47","6003668348"
"BM6438","Customer Purpose","gen1","2026-09-24","11:01:06","6002146391"
"BM6438","Customer Purpose","gen7","2026-09-24","12:22:47","6003668348"
"BM6438","Customer Purpose","gen12","2026-09-24","13:24:11","7576074379"
"BM6438","Customer Purpose","gen38","2026-09-24","15:07:36","6003668348"
"BM6438","Customer Purpose","gen39","2026-09-24","15:28:38","6002146391"
"BM6438","Customer Purpose","gen34","2026-09-24","17:09:51","7576074379"
"BM6438","Customer Purpose","gen24","2026-09-24","17:51:49","7576074379"
"BM6438","Final Vault Closing","gen38","2026-09-24","18:21:16","7576074379"
"BM6438","Customer Purpose","gen14","2026-09-25","11:46:38","7576074379"
"BM6438","Customer Purpose","gen23","2026-09-25","13:09:28","7576074379"
"BM6438","Customer Purpose","gen35","2026-09-25","16:38:24","7576074379"
"BM6438","Final Vault Closing","gen11","2026-09-25","17:47:52","7576074379"
"BM6438","Customer Purpose","gen23","2026-09-26","10:56:48","7576074379"
"BM6438","Customer Purpose","gen23","2026-09-26","12:00:17","7576074379"
"BM6438","Customer Purpose","gen5","2026-09-26","12:14:42","6003668348"
"BM6438","Customer Purpose","gen10","2026-09-26","12:25:05","6003668348"
"BM6438","Customer Purpose","gen28","2026-09-26","13:01:42","7576074379"
"BM6438","Customer Purpose","gen28","2026-09-26","16:32:45","6003668348"
"BM6438","Other Purpose","gen4","2026-09-26","17:29:00","
Dismantle"
"BM6438","Final Vault Closing","gen2","2026-09-26","17:52:00","6002146391"
"BM6593","Customer Purpose","gen34","2026-09-21","10:58:04","8822663052"
"BM6593","Customer Purpose","gen9","2026-09-21","11:33:12","8822663052"
"BM6593","Customer Purpose","gen37","2026-09-21","13:21:12","8822663052"
"BM6593","Final Vault Closing","gen20","2026-09-21","17:24:26","9395160773"
"BM6593","Final Vault Closing","iifl5","2026-09-21","20:49:03","8822663052"
"BM6593","Customer Purpose","gen8","2026-09-22","10:21:07","7002190263"
"BM6593","Customer Purpose","gen50","2026-09-22","11:27:49","7002190263"
"BM6593","Customer Purpose","gen17","2026-09-22","12:16:24","9395160773"
"BM6593","Customer Purpose","gen10","2026-09-22","13:06:26","9395160773"
"BM6593","Customer Purpose","gen13","2026-09-22","13:31:30","9395160773"
"BM6593","Customer Purpose","gen2","2026-09-22","15:09:05","9395160773"
"BM6593","Customer Purpose","gen25","2026-09-22","15:17:50","9395160773"
"BM6593","Customer Purpose","gen12","2026-09-22","16:12:41","7002190263"
"BM6593","Final Vault Closing","gen6","2026-09-22","17:59:41","7002190263"
"BM6593","Customer Purpose","gen29","2026-09-23","11:09:46","8822663052"
"BM6593","Customer Purpose","gen31","2026-09-23","13:18:21","9395160773"
"BM6593","Customer Purpose","gen21","2026-09-23","13:27:14","9395160773"
"BM6593","Customer Purpose","gen11","2026-09-23","14:50:40","8822663052"
"BM6593","Audit Purpose","gen8","2026-09-23","15:50:33","7002190263"
"BM6593","Audit Purpose","gen31","2026-09-23","16:51:20","8822663052"
"BM6593","Final Vault Closing","gen35","2026-09-23","17:49:30","8822663052"
"BM6593","Customer Purpose","gen4","2026-09-24","10:35:56","8822663052"
"BM6593","Customer Purpose","gen37","2026-09-24","11:16:11","7002190263"
"BM6593","Customer Purpose","gen14","2026-09-24","12:47:16","8822663052"
"BM6593","Customer Purpose","gen26","2026-09-24","13:00:38","7002190263"
"BM6593","Customer Purpose","gen25","2026-09-24","13:59:13","8822663052"
"BM6593","Customer Purpose","gen32","2026-09-24","15:36:16","8822663052"
"BM6593","Customer Purpose","gen39","2026-09-24","16:03:18","8822663052"
"BM6593","Customer Purpose","gen38","2026-09-24","16:54:16","8822663052"
"BM6593","Customer Purpose","gen8","2026-09-24","17:07:39","9395160773"
"BM6593","Customer Purpose","gen7","2026-09-24","17:16:31","8822663052"
"BM6593","Customer Purpose","gen37","2026-09-24","17:26:16","8822663052"
"BM6593","Final Vault Closing","gen36","2026-09-24","17:56:22","9395160773"
"BM6593","Customer Purpose","gen7","2026-09-25","11:57:31","8822663052"
"BM6593","Customer Purpose","gen33","2026-09-25","15:06:19","9395160773"
"BM6593","Customer Purpose","gen29","2026-09-25","16:53:04","9395160773"
"BM6593","Final Vault Closing","gen21","2026-09-25","17:48:51","8822663052"
"BM6593","Customer Purpose","gen12","2026-09-26","10:55:57","9395160773"
"BM6593","Customer Purpose","gen8","2026-09-26","11:38:48","7002190263"
"BM6593","Customer Purpose","gen32","2026-09-26","12:34:52","8822663052"
"BM6593","Customer Purpose","gen8","2026-09-26","12:49:08","7002190263"
"BM6593","Customer Purpose","gen28","2026-09-26","12:58:04","8822663052"
"BM6593","Customer Purpose","gen11","2026-09-26","13:53:26","8822663052"
"BM6593","Customer Purpose","gen17","2026-09-26","15:00:53","9395160773"
"BM6593","Customer Purpose","gen23","2026-09-26","16:07:49","9395160773"
"BM6593","Final Vault Closing","gen21","2026-09-26","17:46:02","9395160773"
"BM6593","Customer Purpose","gen10","2026-09-27","10:28:26","7002190263"
"BM6593","Customer Purpose","gen30","2026-09-27","14:27:52","8822663052"
"BM6593","Final Vault Closing","gen31","2026-09-27","14:35:56","8822663052"
"BM6594","Customer Purpose","gen30","2026-09-21","10:43:23","8755114001"
"BM6594","Customer Purpose","gen41","2026-09-21","11:30:41","7078880020"
"BM6594","Customer Purpose","gen39","2026-09-21","11:51:05","7078880020"
"BM6594","Customer Purpose","gen27","2026-09-21","13:02:53","7078880020"
"BM6594","Customer Purpose","gen7","2026-09-21","14:59:00","8755114001"
"BM6594","Customer Purpose","gen28","2026-09-21","15:13:50","7078880020"
"BM6594","Customer Purpose","gen1","2026-09-21","16:18:25","7078880020"
"BM6594","Customer Purpose","gen17","2026-09-21","16:33:02","7078880020"
"BM6594","Customer Purpose","gen20","2026-09-22","11:39:04","7078880020"
"BM6594","Customer Purpose","gen10","2026-09-22","12:14:22","7078880020"
"BM6594","Customer Purpose","gen35","2026-09-22","12:47:26","9997785196"
"BM6594","Customer Purpose","gen29","2026-09-22","13:29:05","7078880020"
"BM6594","Customer Purpose","gen30","2026-09-22","13:50:39","7078880020"
"BM6594","Customer Purpose","gen39","2026-09-22","14:30:30","7078880020"
"BM6594","Customer Purpose","gen39","2026-09-22","15:17:14","9997785196"
"BM6594","Customer Purpose","gen10","2026-09-22","15:44:46","9997785196"
"BM6594","Customer Purpose","gen11","2026-09-22","17:30:36","9997785196"
"BM6594","Customer Purpose","gen8","2026-09-22","17:53:17","7078880020"
"BM6594","Final Vault Closing","gen8","2026-09-22","18:25:29","7078880020"
"BM6594","Customer Purpose","gen22","2026-09-23","10:56:19","7078880020"
"BM6594","Customer Purpose","gen18","2026-09-23","11:05:36","9997785196"
"BM6594","Customer Purpose","gen1","2026-09-23","11:14:04","9997785196"
"BM6594","Customer Purpose","gen1","2026-09-23","11:38:49","9997785196"
"BM6594","Customer Purpose","gen12","2026-09-23","17:48:09","9997785196"
"BM6594","Customer Purpose","gen36","2026-09-24","11:09:43","9997785196"
"BM6594","Customer Purpose","gen21","2026-09-24","11:27:51","9997785196"
"BM6594","Customer Purpose","gen22","2026-09-24","12:37:48","7078880020"
"BM6594","Customer Purpose","gen9","2026-09-24","13:50:31","7078880020"
"BM6594","Customer Purpose","gen31","2026-09-24","14:06:50","9997785196"
"BM6594","Customer Purpose","gen15","2026-09-24","15:10:41","9997785196"
"BM6594","Customer Purpose","gen17","2026-09-24","16:12:34","9997785196"
"BM6594","Customer Purpose","gen6","2026-09-24","16:55:29","9997785196"
"BM6594","Customer Purpose","gen26","2026-09-24","17:18:03","9997785196"
"BM6594","Customer Purpose","gen32","2026-09-24","17:53:46","9997785196"
"BM6594","Customer Purpose","gen1","2026-09-24","18:25:48","9997785196"
"BM6594","Final Vault Closing","gen36","2026-09-24","18:48:55","9997785196"
"BM6594","Customer Purpose","gen3","2026-09-25","10:29:57","9997785196"
"BM6594","Customer Purpose","gen10","2026-09-25","11:18:52","9997785196"
"BM6594","Customer Purpose","gen","2026-09-25","12:01:39","9997785196"
"BM6594","Customer Purpose","gen7","2026-09-25","12:29:50","9997785196"
"BM6594","Customer Purpose","gen23","2026-09-25","15:22:27","8755114001"
"BM6594","Customer Purpose","gen2","2026-09-25","16:26:09","9997785196"
"BM6594","Final Vault Closing","gen23","2026-09-25","17:49:13","9997785196"
"BM6594","Customer Purpose","gen15","2026-09-26","13:40:09","9997785196"
"BM6594","Customer Purpose","gen10","2026-09-26","14:26:15","7078880020"
"BM6594","Customer Purpose","gen14","2026-09-26","15:36:17","9997785196"
"BM6594","Customer Purpose","gen24","2026-09-26","16:21:04","7078880020"
"BM6594","Final Vault Closing","gen11","2026-09-26","18:29:52","7078880020"
"BM6594","Packet Counting","gen8","2026-09-27","11:53:29","8755114001"
"BM6594","Customer Purpose","gen8","2026-09-27","12:25:40","7078880020"
"BM6594","Packet Counting","gen35","2026-09-27","12:31:56","9997785196"
"BM6594","Customer Purpose","gen36","2026-09-27","13:37:30","7078880020"
"BM6615","Customer Purpose","gen4","2026-09-21","11:10:36","7086871875"
"BM6615","Customer Purpose","gen21","2026-09-21","11:44:57","8011642539"
"BM6615","Customer Purpose","gen35","2026-09-21","12:04:14","8761914779"
"BM6615","Customer Purpose","gen10","2026-09-21","12:14:15","8761914779"
"BM6615","Customer Purpose","gen10","2026-09-21","12:24:33","8761914779"
"BM6615","Customer Purpose","gen2","2026-09-21","14:34:30","8761914779"
"BM6615","Customer Purpose","gen11","2026-09-21","15:09:36","8011642539"
"BM6615","Customer Purpose","gen30","2026-09-21","16:14:01","7086871875"
"BM6615","Customer Purpose","gen43","2026-09-21","16:57:18","8761914779"
"BM6615","Final Vault Closing","gen11","2026-09-21","17:54:17","8011642539"
"BM6615","Customer Purpose","gen2","2026-09-22","11:00:00","8761914779"
"BM6615","Customer Purpose","gen30","2026-09-22","11:28:37","8761914779"
"BM6615","Customer Purpose","gen20","2026-09-22","11:51:33","7086871875"
"BM6615","Customer Purpose","gen27","2026-09-22","12:38:33","8761914779"
"BM6615","Customer Purpose","gen35","2026-09-22","13:08:49","8761914779"
"BM6615","Customer Purpose","gen31","2026-09-22","13:56:43","7086871875"
"BM6615","Final Vault Closing","gen33","2026-09-22","17:48:21","8761914779"
"BM6615","Customer Purpose","gen","2026-09-23","11:56:49","7086871875"
"BM6615","Customer Purpose","gen","2026-09-23","12:38:15","7086871875"
"BM6615","Customer Purpose","gen21","2026-09-23","17:36:42","7086871875"
"BM6615","Final Vault Closing","gen","2026-09-23","18:21:19","8761914779"
"BM6615","Customer Purpose","gen11","2026-09-24","10:08:28","8011642539"
"BM6615","Customer Purpose","gen7","2026-09-24","10:47:39","8011642539"
"BM6615","Customer Purpose","gen8","2026-09-24","11:30:06","8011642539"
"BM6615","Customer Purpose","gen6","2026-09-24","12:24:19","8011642539"
"BM6615","Customer Purpose","gen","2026-09-24","12:53:47","7086871875"
"BM6615","Customer Purpose","gen23","2026-09-24","13:38:11","7086871875"
"BM6615","Customer Purpose","gen36","2026-09-24","14:54:49","8761914779"
"BM6615","Customer Purpose","gen6","2026-09-24","15:43:29","7086871875"
"BM6615","Customer Purpose","gen22","2026-09-24","16:31:50","8761914779"
"BM6615","Final Vault Closing","gen9","2026-09-24","18:11:59","7086871875"
"BM6615","Customer Purpose","gen21","2026-09-25","10:52:46","7086871875"
"BM6615","Customer Purpose","gen20","2026-09-25","13:25:32","8761914779"
"BM6615","Final Vault Closing","gen26","2026-09-25","17:32:08","7086871875"
"BM6615","Customer Purpose","gen25","2026-09-26","11:30:44","8761914779"
"BM6615","Customer Purpose","gen4","2026-09-26","11:42:48","7086871875"
"BM6615","Customer Purpose","gen22","2026-09-26","12:47:28","7086871875"
"BM6615","Customer Purpose","gen30","2026-09-26","13:36:47","8011642539"
"BM6615","Customer Purpose","gen22","2026-09-26","14:06:18","8011642539"
"BM6615","Customer Purpose","gen5","2026-09-26","15:24:59","7086871875"
"BM6615","Customer Purpose","gen11","2026-09-26","16:26:41","7086871875"
"BM6615","Final Vault Closing","gen14","2026-09-26","18:05:17","8761914779"
"BM6618","Customer Purpose","gen6","2026-09-21","11:07:38","6000201228"
"BM6618","Customer Purpose","gen12","2026-09-21","13:35:33","6000201228"
"BM6618","Customer Purpose","gen28","2026-09-21","13:47:33","9365597098"
"BM6618","Customer Purpose","gen34","2026-09-21","14:39:20","6001802412"
"BM6618","Customer Purpose","gen32","2026-09-21","14:50:41","6001802412"
"BM6618","Customer Purpose","gen17","2026-09-21","16:17:51","6000201228"
"BM6618","Final Vault Closing","gen35","2026-09-21","18:45:06","6000201228"
"BM6618","Customer Purpose","gen5","2026-09-22","12:27:38","6000201228"
"BM6618","Customer Purpose","gen8","2026-09-22","14:17:13","9365597098"
"BM6618","Customer Purpose","gen4","2026-09-22","14:30:57","9365597098"
"BM6618","Customer Purpose","gen22","2026-09-22","14:38:44","6001802412"
"BM6618","Customer Purpose","gen50","2026-09-22","15:22:50","6001802412"
"BM6618","Customer Purpose","iifl6","2026-09-22","17:06:07","98
 gen18"
"BM6618","Final Vault Closing","gen29","2026-09-22","17:50:23","6000201228"
"BM6618","Customer Purpose","gen26","2026-09-23","10:52:16","6001802412"
"BM6618","Customer Purpose","gen12","2026-09-23","12:39:40","6001802412"
"BM6618","Customer Purpose","gen30","2026-09-23","13:15:19","6001802412"
"BM6618","Customer Purpose","gen8","2026-09-23","13:29:33","9365597098"
"BM6618","Customer Purpose","gen2","2026-09-23","14:49:04","6000201228"
"BM6618","Customer Purpose","gen7","2026-09-23","15:50:43","9365597098"
"BM6618","Final Vault Closing","gen17","2026-09-23","17:40:34","6001802412"
"BM6618","Customer Purpose","gen25","2026-09-24","10:36:57","9365597098"
"BM6618","Customer Purpose","gen11","2026-09-24","12:25:34","6001802412"
"BM6618","Customer Purpose","gen6","2026-09-24","13:02:29","6000201228"
"BM6618","Customer Purpose","gen4","2026-09-24","16:14:02","6000201228"
"BM6618","Customer Purpose","gen17","2026-09-24","17:19:18","9365597098"
"BM6618","Final Vault Closing","gen7","2026-09-24","18:05:10","6000201228"
"BM6618","Customer Purpose","gen11","2026-09-25","13:11:59","6001802412"
"BM6618","Customer Purpose","gen12","2026-09-25","14:16:34","6000201228"
"BM6618","Customer Purpose","gen7","2026-09-25","15:10:17","6001802412"
"BM6618","Customer Purpose","gen28","2026-09-25","16:05:09","9365597098"
"BM6618","Customer Purpose","gen5","2026-09-25","16:40:51","9365597098"
"BM6618","Final Vault Closing","gen7","2026-09-25","17:55:52","6000201228"
"BM6618","Customer Purpose","gen17","2026-09-26","10:34:48","6000201228"
"BM6618","Customer Purpose","gen9","2026-09-26","13:03:58","9365597098"
"BM6618","Customer Purpose","gen20","2026-09-26","13:45:49","9365597098"
"BM6618","Customer Purpose","gen37","2026-09-26","15:19:17","9365597098"
"BM6618","Customer Purpose","gen33","2026-09-26","16:00:30","9365597098"
"BM6618","Packet Counting","gen21","2026-09-26","17:30:18","9365597098"
"BM6618","Packet Counting","gen9","2026-09-26","18:24:57","9365597098"
"BM6618","Customer Purpose","gen30","2026-09-27","11:33:50","9365597098"
"BM6620","Customer Purpose","gen2","2026-09-21","16:30:45","9625892843"
"BM6620","Final Vault Closing","gen6","2026-09-21","18:10:06","9625892843"
"BM6620","Customer Purpose","gen22","2026-09-22","12:07:28","7979938094"
"BM6620","Customer Purpose","gen10","2026-09-22","15:10:55","7979938094"
"BM6620","Customer Purpose","gen32","2026-09-22","15:38:16","9625892843"
"BM6620","Final Vault Closing","gen11","2026-09-22","18:11:38","8076428245"
"BM6620","Customer Purpose","gen18","2026-09-23","13:07:24","7979938094"
"BM6620","Customer Purpose","gen17","2026-09-23","13:25:30","7979938094"
"BM6620","Customer Purpose","gen","2026-09-23","14:41:02","7979938094"
"BM6620","Customer Purpose","gen23","2026-09-23","18:37:11","8076428245"
"BM6620","Audit Purpose","gen5","2026-09-24","12:23:59","7979938094"
"BM6620","Audit Purpose","gen21","2026-09-24","12:47:45","7979938094"
"BM6620","Audit Purpose","gen9","2026-09-24","13:55:28","7979938094"
"BM6620","Audit Purpose","gen17","2026-09-24","14:14:43","7979938094"
"BM6620","Audit Purpose","gen30","2026-09-24","14:53:00","9625892843"
"BM6620","Audit Purpose","gen4","2026-09-24","16:07:04","9625892843"
"BM6620","Audit Purpose","gen38","2026-09-24","17:28:17","7979938094"
"BM6620","Final Vault Closing","gen2","2026-09-24","18:12:30","7979938094"
"BM6620","Audit Purpose","gen16","2026-09-25","11:32:49","8076428245"
"BM6620","Customer Purpose","gen28","2026-09-25","11:51:46","9625892843"
"BM6620","Customer Purpose","gen21","2026-09-25","12:53:33","7979938094"
"BM6620","Audit Purpose","gen14","2026-09-25","13:53:25","9625892843"
"BM6620","Audit Purpose","gen7","2026-09-25","15:57:07","7979938094"
"BM6620","Audit Purpose","gen7","2026-09-25","16:47:08","7979938094"
"BM6620","Audit Purpose","gen10","2026-09-25","17:46:28","7979938094"
"BM6620","Final Vault Closing","gen49","2026-09-25","18:18:37","7979938094"
"BM6620","Customer Purpose","gen36","2026-09-26","11:55:06","7979938094"
"BM6620","Final Vault Closing","gen38","2026-09-26","18:05:29","9625892843"
"BM6641","Customer Purpose","gen37","2026-09-21","10:34:31","6900418733"
"BM6641","Customer Purpose","gen30","2026-09-21","12:00:07","6900418733"
"BM6641","Customer Purpose","gen22","2026-09-21","13:06:10","8178407495"
"BM6641","Customer Purpose","gen25","2026-09-21","13:48:23","6900418733"
"BM6641","Customer Purpose","gen19","2026-09-21","15:36:58","6900418733"
"BM6641","Final Vault Closing","gen9","2026-09-21","17:48:25","6900418733"
"BM6641","Customer Purpose","gen30","2026-09-22","11:12:26","9706364411"
"BM6641","Customer Purpose","gen24","2026-09-22","12:11:24","8178407495"
"BM6641","Customer Purpose","gen25","2026-09-22","12:39:52","6900418733"
"BM6641","Customer Purpose","gen27","2026-09-22","12:49:54","6900418733"
"BM6641","Customer Purpose","gen30","2026-09-22","14:48:50","8178407495"
"BM6641","Customer Purpose","gen3","2026-09-22","15:08:44","8178407495"
"BM6641","Customer Purpose","gen10","2026-09-22","15:19:09","8178407495"
"BM6641","Customer Purpose","gen16","2026-09-22","16:38:42","9706364411"
"BM6641","Final Vault Closing","gen21","2026-09-22","18:07:33","8178407495"
"BM6641","Customer Purpose","gen26","2026-09-23","12:05:40","6900418733"
"BM6641","Customer Purpose","gen16","2026-09-23","14:29:21","8178407495"
"BM6641","Final Vault Closing","gen3","2026-09-23","17:45:50","6900418733"
"BM6641","Customer Purpose","gen21","2026-09-24","10:42:11","9706364411"
"BM6641","Customer Purpose","gen23","2026-09-24","11:41:38","9706364411"
"BM6641","Customer Purpose","gen20","2026-09-24","13:22:11","8178407495"
"BM6641","Customer Purpose","gen24","2026-09-24","15:51:56","8178407495"
"BM6641","Customer Purpose","gen12","2026-09-24","16:06:17","9706364411"
"BM6641","Final Vault Closing","gen4","2026-09-24","18:07:05","6900418733"
"BM6641","Customer Purpose","gen7","2026-09-25","10:40:48","9706364411"
"BM6641","Customer Purpose","gen8","2026-09-25","11:31:51","9706364411"
"BM6641","Customer Purpose","gen36","2026-09-25","13:32:43","6900418733"
"BM6641","Customer Purpose","gen37","2026-09-25","15:52:51","6900418733"
"BM6641","Final Vault Closing","gen20","2026-09-25","18:05:36","6900418733"
"BM6641","Customer Purpose","gen24","2026-09-26","11:01:36","6900418733"
"BM6641","Customer Purpose","gen36","2026-09-26","11:42:41","6900418733"
"BM6641","Customer Purpose","iifl6","2026-09-26","13:17:39","9706364411"
"BM6641","Customer Purpose","gen25","2026-09-26","14:49:05","8178407495"
"BM6641","Customer Purpose","gen49","2026-09-26","15:03:19","6900418733"
"BM6641","Customer Purpose","gen33","2026-09-26","16:29:26","6900418733"
"BM6641","Final Vault Closing","gen17","2026-09-26","17:42:39","9706364411"
"BM6641","Customer Purpose","gen6","2026-09-27","12:04:34","9706364411"
"BM6641","Final Vault Closing","gen25","2026-09-27","14:31:15","9706364411"
"BM6649","Customer Purpose","gen9","2026-09-21","14:23:16","9634505614"
"BM6649","Customer Purpose","gen19","2026-09-21","14:52:45","9634505614"
"BM6649","Final Vault Closing","gen2","2026-09-21","18:09:26","8178153289"
"BM6649","Customer Purpose","gen37","2026-09-22","13:02:26","8449130883"
"BM6649","Customer Purpose","gen24","2026-09-22","17:19:57","8449130883"
"BM6649","Final Vault Closing","gen10","2026-09-22","18:29:20","8449130883"
"BM6649","Customer Purpose","gen10","2026-09-23","12:44:00","9634505614"
"BM6649","Customer Purpose","gen32","2026-09-23","13:59:29","8449130883"
"BM6649","Customer Purpose","gen15","2026-09-23","16:08:53","9634505614"
"BM6649","Customer Purpose","gen24","2026-09-23","17:04:02","8178153289"
"BM6649","Final Vault Closing","iifl2","2026-09-23","19:03:44","9634505614"
"BM6649","Customer Purpose","gen6","2026-09-24","12:42:54","8449130883"
"BM6649","Customer Purpose","gen30","2026-09-24","14:49:24","8449130883"
"BM6649","Customer Purpose","gen1","2026-09-24","15:29:16","8449130883"
"BM6649","Customer Purpose","gen12","2026-09-24","17:14:41","8178153289"
"BM6649","Final Vault Closing","gen38","2026-09-24","18:12:32","9634505614"
"BM6649","Audit Purpose","gen24","2026-09-25","11:28:04","9634505614"
"BM6649","Audit Purpose","gen39","2026-09-25","14:18:36","9634505614"
"BM6649","Audit Purpose","gen11","2026-09-25","15:12:11","8178153289"
"BM6649","Final Vault Closing","gen35","2026-09-25","18:16:58","8178153289"
"BM6649","Customer Purpose","gen21","2026-09-26","12:15:23","8178153289"
"BM6649","Customer Purpose","gen24","2026-09-26","14:37:46","9634505614"
"BM6649","Packet Counting","gen36","2026-09-26","17:49:11","8449130883"
"BM6649","Audit Purpose","gen39","2026-09-27","12:09:32","9634505614"
"BM6649","Audit Purpose","gen32","2026-09-27","14:28:49","8178153289"
"BM6683","Customer Purpose","gen21","2026-09-21","11:09:42","9971719957"
"BM6683","Customer Purpose","gen6","2026-09-21","12:17:31","7037525813"
"BM6683","Customer Purpose","gen43","2026-09-21","12:26:35","9971719957"
"BM6683","Customer Purpose","gen2","2026-09-21","12:54:57","9971719957"
"BM6683","Customer Purpose","gen27","2026-09-21","13:08:14","7037525813"
"BM6683","Customer Purpose","gen20","2026-09-21","14:25:43","7037525813"
"BM6683","Customer Purpose","gen23","2026-09-21","14:37:12","9971719957"
"BM6683","Customer Purpose","gen23","2026-09-21","14:53:26","9971719957"
"BM6683","Customer Purpose","gen11","2026-09-21","15:29:47","9971719957"
"BM6683","Customer Purpose","gen28","2026-09-21","18:19:08","7037525813"
"BM6683","Customer Purpose","gen21","2026-09-22","11:26:48","7037525813"
"BM6683","Customer Purpose","gen37","2026-09-22","12:03:09","7037525813"
"BM6683","Customer Purpose","gen16","2026-09-22","12:34:23","7037525813"
"BM6683","Customer Purpose","gen18","2026-09-22","17:46:42","7037525813"
"BM6683","Final Vault Closing","gen39","2026-09-22","18:25:47","9971962109"
"BM6683","Customer Purpose","gen22","2026-09-23","10:44:10","9971962109"
"BM6683","Customer Purpose","gen2","2026-09-23","12:52:28","9971719957"
"BM6683","Customer Purpose","gen23","2026-09-23","13:02:23","9971962109"
"BM6683","Audit Purpose","gen17","2026-09-23","15:23:05","7037525813"
"BM6683","Customer Purpose","gen32","2026-09-23","16:17:43","7037525813"
"BM6683","Customer Purpose","gen11","2026-09-23","16:50:40","7037525813"
"BM6683","Customer Purpose","gen10","2026-09-23","18:06:39","7037525813"
"BM6683","Customer Purpose","gen39","2026-09-23","18:18:11","7037525813"
"BM6683","Final Vault Closing","gen11","2026-09-23","18:44:58","7037525813"
"BM6683","Customer Purpose","gen21","2026-09-24","11:00:30","7037525813"
"BM6683","Customer Purpose","gen29","2026-09-24","11:22:16","7037525813"
"BM6683","Customer Purpose","gen9","2026-09-24","11:31:48","7037525813"
"BM6683","Audit Purpose","gen34","2026-09-24","12:29:46","7037525813"
"BM6683","Audit Purpose","gen8","2026-09-24","14:04:27","7037525813"
"BM6683","Audit Purpose","gen15","2026-09-24","15:01:36","7037525813"
"BM6683","Audit Purpose","gen17","2026-09-24","15:33:58","7037525813"
"BM6683","Customer Purpose","gen17","2026-09-24","15:54:57","7037525813"
"BM6683","Audit Purpose","gen2","2026-09-24","16:56:43","7037525813"
"BM6683","Final Vault Closing","gen22","2026-09-24","18:02:21","9971719957"
"BM6683","Audit Purpose","gen28","2026-09-25","10:58:39","7037525813"
"BM6683","Customer Purpose","gen33","2026-09-25","11:59:22","7037525813"
"BM6683","Audit Purpose","gen20","2026-09-25","12:15:43","7037525813"
"BM6683","Customer Purpose","gen28","2026-09-25","13:06:15","9971962109"
"BM6683","Audit Purpose","gen32","2026-09-25","14:07:01","7037525813"
"BM6683","Audit Purpose","gen32","2026-09-25","15:33:18","7037525813"
"BM6683","Customer Purpose","gen28","2026-09-25","16:38:31","9971719957"
"BM6683","Customer Purpose","iifl5","2026-09-25","18:19:09","AL CLOSING"
"BM6683","Customer Purpose","gen18","2026-09-26","10:40:00","9971719957"
"BM6683","Customer Purpose","gen10","2026-09-26","10:54:15","7037525813"
"BM6683","Customer Purpose","gen26","2026-09-26","12:31:49","7037525813"
"BM6683","Customer Purpose","gen22","2026-09-26","13:00:47","7037525813"
"BM6683","Customer Purpose","gen29","2026-09-26","13:10:53","7037525813"
"BM6683","Customer Purpose","gen7","2026-09-26","14:09:05","7037525813"
"BM6683","Customer Purpose","gen29","2026-09-26","15:57:32","7037525813"
"BM6683","Final Vault Closing","gen3","2026-09-26","18:04:18","7037525813"
"BM6683","Customer Purpose","gen3","2026-09-26","18:06:40","7037525813"
"BM6683","Final Vault Closing","iifl2","2026-09-26","19:29:56","7037525813"
"BM6684","Customer Purpose","gen1","2026-09-21","12:45:02","9425150932"
"BM6684","Customer Purpose","gen22","2026-09-21","14:03:42","9425150932"
"BM6684","Customer Purpose","gen11","2026-09-21","15:47:46","9425150932"
"BM6684","Final Vault Closing","gen25","2026-09-21","18:06:09","9425150932"
"BM6684","Customer Purpose","gen2","2026-09-22","12:12:56","8791771088"
"BM6684","Customer Purpose","gen","2026-09-22","12:29:10","9425150932"
"BM6684","Customer Purpose","gen25","2026-09-22","13:49:45","9425150932"
"BM6684","Customer Purpose","gen21","2026-09-22","16:00:54","9425150932"
"BM6684","Customer Purpose","gen37","2026-09-22","16:18:27","8791771088"
"BM6684","Customer Purpose","gen7","2026-09-22","17:07:05","9425150932"
"BM6684","Final Vault Closing","gen23","2026-09-22","18:03:15","9425150932"
"BM6684","Audit Purpose","gen8","2026-09-23","10:43:12","8791771088"
"BM6684","Audit Purpose","gen","2026-09-23","11:07:07","8791771088"
"BM6684","Customer Purpose","gen10","2026-09-23","13:30:57","8791771088"
"BM6684","Customer Purpose","gen23","2026-09-23","16:28:57","9425150932"
"BM6684","Final Vault Closing","gen12","2026-09-23","18:00:00","8791771088"
"BM6684","Customer Purpose","gen29","2026-09-24","10:50:13","8791771088"
"BM6684","Customer Purpose","gen24","2026-09-24","11:28:59","9425150932"
"BM6684","Customer Purpose","gen1","2026-09-24","11:39:23","8791771088"
"BM6684","Customer Purpose","gen21","2026-09-24","13:10:07","9425150932"
"BM6684","Customer Purpose","gen10","2026-09-24","13:19:14","9425150932"
"BM6684","Customer Purpose","gen31","2026-09-24","15:14:03","9425150932"
"BM6684","Customer Purpose","gen5","2026-09-24","15:21:47","8791771088"
"BM6684","Customer Purpose","gen23","2026-09-24","15:31:04","8791771088"
"BM6684","Customer Purpose","gen20","2026-09-24","16:21:17","8791771088"
"BM6684","Customer Purpose","gen37","2026-09-24","17:03:24","8791771088"
"BM6684","Final Vault Closing","gen2","2026-09-24","18:04:46","8791771088"
"BM6684","Customer Purpose","gen31","2026-09-25","11:43:17","9425150932"
"BM6684","Customer Purpose","gen32","2026-09-25","13:04:05","9425150932"
"BM6684","Customer Purpose","gen10","2026-09-25","13:25:22","9425150932"
"BM6684","Customer Purpose","gen21","2026-09-25","15:13:36","8791771088"
"BM6684","Customer Purpose","gen31","2026-09-25","17:57:27","8791771088"
"BM6684","Final Vault Closing","gen15","2026-09-25","18:32:18","8791771088"
"BM6684","Customer Purpose","gen2","2026-09-26","11:55:49","8791771088"
"BM6684","Packet Counting","gen21","2026-09-26","15:29:13","9425150932"
"BM6684","Final Vault Closing","gen18","2026-09-26","17:51:06","8791771088"
"BM6684","Customer Purpose","gen11","2026-09-27","12:28:04","8791771088"
"BM6685","Customer Purpose","gen2","2026-09-21","11:16:12","7055121296"
"BM6685","Customer Purpose","gen27","2026-09-21","11:29:22","7055121296"
"BM6685","Customer Purpose","gen7","2026-09-21","12:15:26","9675747474"
"BM6685","Customer Purpose","gen9","2026-09-21","14:36:01","7055121296"
"BM6685","Customer Purpose","gen22","2026-09-21","17:15:29","7055121296"
"BM6685","Final Vault Closing","gen7","2026-09-21","18:11:45","9675747474"
"BM6685","Customer Purpose","gen5","2026-09-22","11:46:00","7055121296"
"BM6685","Customer Purpose","gen21","2026-09-22","12:33:02","7055121296"
"BM6685","Customer Purpose","gen7","2026-09-22","12:46:41","9675747474"
"BM6685","Customer Purpose","gen3","2026-09-22","13:52:21","9675747474"
"BM6685","Customer Purpose","gen24","2026-09-22","15:28:22","9675747474"
"BM6685","Customer Purpose","gen37","2026-09-22","17:17:07","9675747474"
"BM6685","Final Vault Closing","gen4","2026-09-22","18:35:54","7055121296"
"BM6685","Customer Purpose","gen29","2026-09-23","11:41:39","7055121296"
"BM6685","Customer Purpose","gen15","2026-09-23","12:26:56","9675747474"
"BM6685","Customer Purpose","gen39","2026-09-23","12:35:57","9675747474"
"BM6685","Customer Purpose","gen39","2026-09-23","14:16:09","7055121296"
"BM6685","Customer Purpose","gen24","2026-09-23","15:27:58","9675747474"
"BM6685","Customer Purpose","gen11","2026-09-23","15:48:14","9675747474"
"BM6685","Customer Purpose","gen39","2026-09-23","17:10:19","9675747474"
"BM6685","Final Vault Closing","gen2","2026-09-23","18:06:04"," CUSTODIAN"
"BM6685","Customer Purpose","gen25","2026-09-24","10:50:44","7055121296"
"BM6685","Customer Purpose","gen24","2026-09-24","12:22:21","9675747474"
"BM6685","Customer Purpose","gen38","2026-09-24","12:30:34","9675747474"
"BM6685","Customer Purpose","gen30","2026-09-24","12:46:30","7055121296"
"BM6685","Customer Purpose","gen30","2026-09-24","13:56:59","9675747474"
"BM6685","Customer Purpose","gen16","2026-09-24","15:30:17","9675747474"
"BM6685","Final Vault Closing","gen39","2026-09-24","18:31:52","9675747474"
"BM6685","Customer Purpose","gen28","2026-09-25","12:37:50","7055121296"
"BM6685","Customer Purpose","gen","2026-09-25","12:54:25","7055121296"
"BM6685","Customer Purpose","gen28","2026-09-25","13:13:54","7055121296"
"BM6685","Customer Purpose","gen5","2026-09-25","14:06:01","9675747474"
"BM6685","Final Vault Closing","gen23","2026-09-25","18:50:17","9675747474"
"BM6685","Customer Purpose","gen26","2026-09-26","11:03:38","9675747474"
"BM6685","Customer Purpose","gen10","2026-09-26","14:33:57","9675747474"
"BM6685","Final Vault Closing","gen2","2026-09-26","18:40:15","7055121296"
"BM6685","Customer Purpose","gen16","2026-09-27","12:20:28","9675747474"
"BM6685","Customer Purpose","gen14","2026-09-27","12:45:17","9675747474"
"BM6691","Customer Purpose","gen37","2026-09-21","11:11:09","7417832651"
"BM6691","Customer Purpose","gen23","2026-09-21","15:42:40","9193366542"
"BM6691","Final Vault Closing","gen28","2026-09-21","18:27:25","7417832651"
"BM6691","Customer Purpose","gen19","2026-09-22","13:48:17","7417832651"
"BM6691","Customer Purpose","gen35","2026-09-22","15:37:49","9193366542"
"BM6691","Final Vault Closing","gen21","2026-09-22","18:12:20","7417832651"
"BM6691","Customer Purpose","gen15","2026-09-23","11:19:02","9193366542"
"BM6691","Audit Purpose","gen18","2026-09-23","12:52:23","9193366542"
"BM6691","Audit Purpose","gen11","2026-09-23","14:32:27","9193366542"
"BM6691","Audit Purpose","gen29","2026-09-23","16:38:40","9193366542"
"BM6691","Final Vault Closing","gen17","2026-09-23","18:08:24","9193366542"
"BM6691","Customer Purpose","gen14","2026-09-24","11:23:53","7417832651"
"BM6691","Customer Purpose","gen26","2026-09-24","12:18:44","7417832651"
"BM6691","Customer Purpose","gen22","2026-09-24","12:49:05","--12:47:44"
"BM6691","Customer Purpose","gen21","2026-09-24","15:32:51","7417832651"
"BM6691","Customer Purpose","gen21","2026-09-24","15:56:37","7417832651"
"BM6691","Customer Purpose","gen28","2026-09-24","17:52:21","in   17:48"
"BM6691","Customer Purpose","gen21","2026-09-24","18:30:49","TIME 17:48"
"BM6691","Customer Purpose","gen12","2026-09-24","18:32:19","IME -18:27"
"BM6691","Final Vault Closing","iifl5","2026-09-24","19:37:19","e 19:21:01"
"BM6691","Customer Purpose","gen39","2026-09-25","11:08:52","7417832651"
"BM6691","Customer Purpose","gen38","2026-09-25","11:42:59","7417832651"
"BM6691","Customer Purpose","gen37","2026-09-25","14:03:49","9193366542"
"BM6691","Customer Purpose","gen36","2026-09-25","17:31:51","  17:26:32"
"BM6691","Customer Purpose","gen19","2026-09-26","12:20:03","7417832651"
"BM6691","Customer Purpose","gen24","2026-09-26","16:47:50","7417832651"
"BM6691","Packet Counting","gen49","2026-09-26","17:43:42","9193366542"
"BM6691","Customer Purpose","gen18","2026-09-26","17:45:52","7417832651"
"BM6691","Packet Counting","gen5","2026-09-27","11:51:16","9193366542"
"BM6691","Customer Purpose","gen10","2026-09-27","12:47:33","9193366542"
"BM6695","Customer Purpose","gen3","2026-09-21","10:40:49","9911337031"
"BM6695","Customer Purpose","gen21","2026-09-21","11:28:54","9643941878"
"BM6695","Customer Purpose","gen","2026-09-21","12:47:57","9643941878"
"BM6695","Customer Purpose","gen21","2026-09-21","13:59:06","9643941878"
"BM6695","Customer Purpose","gen3","2026-09-21","17:02:10","9911337031"
"BM6695","Customer Purpose","gen2","2026-09-21","17:17:53","9643941878"
"BM6695","Customer Purpose","gen2","2026-09-21","17:37:55","9643941878"
"BM6695","Final Vault Closing","iifl7","2026-09-21","19:06:59","9911337031"
"BM6695","Customer Purpose","gen7","2026-09-22","10:44:05","9643941878"
"BM6695","Customer Purpose","gen13","2026-09-22","11:24:24","9643941878"
"BM6695","Audit Purpose","gen8","2026-09-22","11:52:06","9643941878"
"BM6695","Audit Purpose","gen2","2026-09-22","12:41:52","9643941878"
"BM6695","Audit Purpose","gen30","2026-09-22","13:13:22","9643941878"
"BM6695","Customer Purpose","gen7","2026-09-22","13:43:32","9643941878"
"BM6695","Audit Purpose","gen41","2026-09-22","14:44:25","9911337031"
"BM6695","Audit Purpose","gen29","2026-09-22","16:35:56","9643941878"
"BM6695","Audit Purpose","gen39","2026-09-22","17:33:16","9643941878"
"BM6695","Final Vault Closing","gen50","2026-09-22","18:41:22","9643941878"
"BM6695","Audit Purpose","gen","2026-09-23","10:36:55","9643941878"
"BM6695","Audit Purpose","gen3","2026-09-23","11:34:51","9643941878"
"BM6695","Audit Purpose","gen15","2026-09-23","12:44:45","9643941878"
"BM6695","Audit Purpose","gen34","2026-09-23","13:39:10","9911337031"
"BM6695","Audit Purpose","gen39","2026-09-23","14:58:42","9643941878"
"BM6695","Audit Purpose","gen37","2026-09-23","15:50:26","9643941878"
"BM6695","Audit Purpose","gen19","2026-09-23","16:55:08","9911337031"
"BM6695","Audit Purpose","gen50","2026-09-23","17:36:35","9643941878"
"BM6695","Final Vault Closing","gen19","2026-09-23","18:27:43","9911337031"
"BM6695","Audit Purpose","gen17","2026-09-24","10:41:38","9643941878"
"BM6695","Audit Purpose","gen21","2026-09-24","11:33:45","9643941878"
"BM6695","Audit Purpose","gen4","2026-09-24","12:22:32","9643941878"
"BM6695","Audit Purpose","gen","2026-09-24","13:14:08","9911337031"
"BM6695","Audit Purpose","gen26","2026-09-24","13:39:30","9643941878"
"BM6695","Audit Purpose","gen25","2026-09-24","15:20:10","9643941878"
"BM6695","Audit Purpose","gen6","2026-09-24","15:55:58","9643941878"
"BM6695","Audit Purpose","gen24","2026-09-24","16:15:02","9643941878"
"BM6695","Audit Purpose","gen22","2026-09-24","17:53:37","9643941878"
"BM6695","Final Vault Closing","gen49","2026-09-24","18:30:07","9643941878"
"BM6695","Customer Purpose","gen4","2026-09-25","11:40:23","9911337031"
"BM6695","Customer Purpose","gen15","2026-09-25","13:26:00","9643941878"
"BM6695","Customer Purpose","gen39","2026-09-25","14:27:30","9911337031"
"BM6695","Customer Purpose","gen6","2026-09-25","15:06:19","9643941878"
"BM6695","Customer Purpose","gen8","2026-09-25","15:17:07","9643941878"
"BM6695","Customer Purpose","gen29","2026-09-25","15:43:23","9643941878"
"BM6695","Customer Purpose","gen31","2026-09-25","16:03:15","9643941878"
"BM6695","Final Vault Closing","gen30","2026-09-25","18:35:20","9911337031"
"BM6695","Customer Purpose","gen7","2026-09-26","11:34:50","9911337031"
"BM6695","Customer Purpose","gen28","2026-09-26","12:47:25","9911337031"
"BM6695","Customer Purpose","gen11","2026-09-26","14:37:00","9540929194"
"BM6695","Customer Purpose","gen7","2026-09-26","15:10:39","9911337031"
"BM6695","Packet Counting","gen28","2026-09-26","16:25:47","9911337031"
"BM6695","Customer Purpose","gen6","2026-09-26","17:17:07","9911337031"
"BM6695","Final Vault Closing","gen15","2026-09-26","18:28:41","9643941878"
"BM6695","Customer Purpose","gen8","2026-09-27","11:32:56","9911337031"
"BM6695","Other Purpose","gen30","2026-09-27","12:35:47","9643941878"
"BM6702","Customer Purpose","gen32","2026-09-21","12:50:10","8909289816"
"BM6702","Customer Purpose","gen7","2026-09-21","15:39:08","8909289816"
"BM6702","Final Vault Closing","gen12","2026-09-21","18:09:48","7018601063"
"BM6702","Customer Purpose","gen39","2026-09-22","13:49:42","8909289816"
"BM6702","Customer Purpose","gen13","2026-09-22","16:03:10","7018601063"
"BM6702","Customer Purpose","gen15","2026-09-22","17:50:32","8909289816"
"BM6702","Final Vault Closing","gen29","2026-09-22","18:06:09","8909289816"
"BM6702","Customer Purpose","gen26","2026-09-23","10:45:06","7018601063"
"BM6702","Final Vault Closing","gen31","2026-09-23","18:09:39","7018601063"
"BM6702","Customer Purpose","gen","2026-09-24","12:57:49","7018601063"
"BM6702","Customer Purpose","gen17","2026-09-24","13:32:01","7018601063"
"BM6702","Customer Purpose","gen24","2026-09-24","13:51:22","8909289816"
"BM6702","Customer Purpose","gen1","2026-09-24","15:41:50","7018601063"
"BM6702","Final Vault Closing","iifl7","2026-09-24","18:17:00","8909289816"
"BM6702","Audit Purpose","gen33","2026-09-25","11:23:29","7018601063"
"BM6702","Audit Purpose","gen16","2026-09-25","12:49:27","8909289816"
"BM6702","Audit Purpose","gen17","2026-09-25","13:34:57","7018601063"
"BM6702","Audit Purpose","gen6","2026-09-25","14:22:31","7018601063"
"BM6702","Audit Purpose","gen9","2026-09-25","15:12:32","7018601063"
"BM6702","Audit Purpose","gen39","2026-09-25","16:00:50","7018601063"
"BM6702","Audit Purpose","gen17","2026-09-25","16:57:06","8909289816"
"BM6702","Audit Purpose","gen21","2026-09-25","18:00:58","8909289816"
"BM6702","Final Vault Closing","gen10","2026-09-25","18:37:40","8909289816"
"BM6702","Audit Purpose","gen30","2026-09-26","10:49:13","7018601063"
"BM6702","Audit Purpose","gen21","2026-09-26","11:28:50","8909289816"
"BM6702","Audit Purpose","gen25","2026-09-26","11:58:29","7018601063"
"BM6702","Audit Purpose","gen20","2026-09-26","12:56:58","7018601063"
"BM6702","Customer Purpose","gen49","2026-09-26","14:49:31","7018601063"
"BM6702","Customer Purpose","gen21","2026-09-26","15:07:48","8909289816"
"BM6702","Audit Purpose","gen17","2026-09-26","15:38:37","7018601063"
"BM6702","Packet Counting","gen31","2026-09-26","18:07:06","7018601063"
"BM6702","Final Vault Closing","gen10","2026-09-26","18:45:24","7018601063"
"BM6717","Customer Purpose","gen41","2026-09-21","12:23:52","9450461683"
"BM6717","Customer Purpose","gen18","2026-09-21","12:31:07","9918499392"
"BM6717","Customer Purpose","gen12","2026-09-21","15:15:08","9918499392"
"BM6717","Customer Purpose","gen10","2026-09-21","15:50:48","7275744291"
"BM6717","Final Vault Closing","gen7","2026-09-21","18:32:08","9918499392"
"BM6717","Customer Purpose","gen5","2026-09-22","12:10:48","9918499392"
"BM6717","Customer Purpose","gen32","2026-09-22","13:48:31","9918499392"
"BM6717","Customer Purpose","gen1","2026-09-22","14:38:09","9918499392"
"BM6717","Customer Purpose","gen16","2026-09-22","15:40:06","9450461683"
"BM6717","Final Vault Closing","gen17","2026-09-22","18:48:40","9918499392"
"BM6717","Customer Purpose","gen21","2026-09-23","11:03:40","9918499392"
"BM6717","Customer Purpose","gen21","2026-09-23","12:16:36","9918499392"
"BM6717","Customer Purpose","gen","2026-09-23","16:46:01","9918499392"
"BM6717","Final Vault Closing","gen38","2026-09-23","18:19:24","9918499392"
"BM6717","Customer Purpose","gen36","2026-09-24","11:22:54","9918499392"
"BM6717","Customer Purpose","gen","2026-09-24","12:50:49","9918499392"
"BM6717","Customer Purpose","gen20","2026-09-24","13:12:25","9918499392"
"BM6717","Final Vault Closing","gen10","2026-09-24","18:24:28","9918499392"
"BM6717","Customer Purpose","gen34","2026-09-25","13:05:48","9918499392"
"BM6717","Customer Purpose","gen35","2026-09-25","14:13:41","9918499392"
"BM6717","Customer Purpose","gen38","2026-09-25","14:51:19","9918499392"
"BM6717","Final Vault Closing","gen29","2026-09-25","18:33:45","7275744291"
"BM6717","Customer Purpose","gen21","2026-09-26","12:10:31","7275744291"
"BM6717","Customer Purpose","gen6","2026-09-26","12:49:19","7275744291"
"BM6717","Packet Counting","gen10","2026-09-26","16:14:06","9918499392"
"BM6717","Final Vault Closing","gen7","2026-09-26","18:23:54",""
"BM6717","Customer Purpose","gen6","2026-09-27","13:56:35","9918499392"
"BM6761","Customer Purpose","gen32","2026-09-21","12:56:11","9318847797"
"BM6761","Customer Purpose","gen35","2026-09-21","15:08:02","7983529949"
"BM6761","Customer Purpose","gen3","2026-09-21","16:53:14","7983529949"
"BM6761","Final Vault Closing","gen50","2026-09-21","18:31:56","9318847797"
"BM6761","Customer Purpose","gen35","2026-09-22","14:33:32","7983529949"
"BM6761","Customer Purpose","gen10","2026-09-22","15:34:32","7983529949"
"BM6761","Customer Purpose","gen37","2026-09-22","16:21:37","9318847797"
"BM6761","Customer Purpose","gen34","2026-09-22","16:47:58","7018004589"
"BM6761","Final Vault Closing","gen32","2026-09-22","18:21:03","9318847797"
"BM6761","Customer Purpose","gen30","2026-09-23","13:25:50","9318847797"
"BM6761","Customer Purpose","gen11","2026-09-23","13:35:42","9318847797"
"BM6761","Customer Purpose","gen32","2026-09-23","15:48:43","7018004589"
"BM6761","Final Vault Closing","gen19","2026-09-23","18:16:36","9318847797"
"BM6761","Customer Purpose","gen9","2026-09-24","10:53:03","7018004589"
"BM6761","Customer Purpose","gen36","2026-09-24","11:17:19","9318847797"
"BM6761","Customer Purpose","gen30","2026-09-24","12:32:51","7018004589"
"BM6761","Customer Purpose","gen14","2026-09-24","12:40:10","9318847797"
"BM6761","Customer Purpose","gen29","2026-09-24","17:23:57","9318847797"
"BM6761","Final Vault Closing","gen32","2026-09-24","18:37:08","7983529949"
"BM6761","Customer Purpose","gen21","2026-09-25","10:42:22","7983529949"
"BM6761","Customer Purpose","gen2","2026-09-25","11:19:11","9318847797"
"BM6761","Customer Purpose","gen38","2026-09-25","12:53:20","9318847797"
"BM6761","Customer Purpose","gen8","2026-09-25","13:57:06","7018004589"
"BM6761","Customer Purpose","gen37","2026-09-25","16:51:07","9318847797"
"BM6761","Final Vault Closing","gen34","2026-09-25","18:20:48","9318847797"
"BM6761","Audit Purpose","gen9","2026-09-26","10:41:49","7018004589"
"BM6761","Audit Purpose","gen37","2026-09-26","12:09:43","7018004589"
"BM6761","Customer Purpose","gen11","2026-09-26","13:04:38","9318847797"
"BM6761","Audit Purpose","gen24","2026-09-26","13:20:48","9318847797"
"BM6761","Audit Purpose","gen37","2026-09-26","13:55:03","7983529949"
"BM6761","Audit Purpose","gen18","2026-09-26","14:47:00","7983529949"
"BM6761","Audit Purpose","gen34","2026-09-26","15:50:41","7018004589"
"BM6761","Audit Purpose","gen23","2026-09-26","16:35:14","7983529949"
"BM6761","Customer Purpose","gen20","2026-09-26","17:33:21","7018004589"
"BM6761","Final Vault Closing","gen5","2026-09-26","18:10:58","7983529949"
"BM6761","Audit Purpose","gen39","2026-09-27","10:37:02","7018004589"
"BM6761","Audit Purpose","gen25","2026-09-27","11:27:04","7983529949"
"BM6761","Audit Purpose","gen25","2026-09-27","12:19:27","7983529949"
"BM6761","Customer Purpose","gen37","2026-09-27","12:32:20","9318847797"
"BM6761","Audit Purpose","gen30","2026-09-27","13:20:12","7018004589"
"BM6761","Audit Purpose","gen8","2026-09-27","14:05:33","7018004589"
"BM6806","Customer Purpose","gen","2026-09-21","11:19:40","7668661820"
"BM6806","Customer Purpose","gen10","2026-09-21","11:27:03","7668661820"
"BM6806","Packet Counting","gen32","2026-09-21","12:19:58","9639350212"
"BM6806","Customer Purpose","gen10","2026-09-21","13:02:27","9639350212"
"BM6806","Packet Counting","gen29","2026-09-21","13:37:17","9639350212"
"BM6806","Customer Purpose","gen19","2026-09-21","14:49:04","7668661820"
"BM6806","Customer Purpose","gen10","2026-09-21","15:08:21","7668661820"
"BM6806","Customer Purpose","gen11","2026-09-21","15:17:44","9639350212"
"BM6806","Customer Purpose","gen41","2026-09-21","15:49:21","7668661820"
"BM6806","Customer Purpose","gen6","2026-09-21","16:49:25","9639350212"
"BM6806","Customer Purpose","gen20","2026-09-21","17:09:32","9639350212"
"BM6806","Customer Purpose","gen35","2026-09-21","17:21:59","7668661820"
"BM6806","Customer Purpose","gen32","2026-09-21","18:06:53","9639350212"
"BM6806","Customer Purpose","gen25","2026-09-22","10:34:10","7668661820"
"BM6806","Customer Purpose","gen4","2026-09-22","10:39:50","7668661820"
"BM6806","Customer Purpose","gen50","2026-09-22","11:59:40","7668661820"
"BM6806","Customer Purpose","gen26","2026-09-22","12:17:21","7668661820"
"BM6806","Customer Purpose","gen12","2026-09-22","13:29:04","7668661820"
"BM6806","Customer Purpose","gen8","2026-09-22","14:29:39","9639350212"
"BM6806","Customer Purpose","gen1","2026-09-22","14:45:33","9639350212"
"BM6806","Customer Purpose","gen16","2026-09-22","14:59:38","7668661820"
"BM6806","Customer Purpose","gen50","2026-09-22","15:14:45","7668661820"
"BM6806","Customer Purpose","gen18","2026-09-22","15:49:07","9639350212"
"BM6806","Customer Purpose","gen6","2026-09-22","16:08:19","7668661820"
"BM6806","Customer Purpose","gen18","2026-09-22","16:38:55","9639350212"
"BM6806","Customer Purpose","gen9","2026-09-22","17:11:08","7668661820"
"BM6806","Final Vault Closing","gen25","2026-09-22","18:24:48","7668661820"
"BM6806","Customer Purpose","gen21","2026-09-23","11:32:50","7668661820"
"BM6806","Customer Purpose","gen38","2026-09-23","12:10:56","7668661820"
"BM6806","Customer Purpose","gen22","2026-09-23","13:22:10","7668661820"
"BM6806","Customer Purpose","gen3","2026-09-23","13:42:21","7668661820"
"BM6806","Customer Purpose","gen38","2026-09-23","14:11:00","9639350212"
"BM6806","Customer Purpose","gen39","2026-09-23","14:36:38","7668661820"
"BM6806","Customer Purpose","gen3","2026-09-23","16:22:27","9639350212"
"BM6806","Customer Purpose","gen9","2026-09-23","17:17:46","7668661820"
"BM6806","Final Vault Closing","gen26","2026-09-23","18:24:14","7668661820"
"BM6806","Customer Purpose","gen15","2026-09-24","10:42:34","7668661820"
"BM6806","Customer Purpose","gen","2026-09-24","12:44:39","9639350212"
"BM6806","Customer Purpose","gen3","2026-09-24","13:00:41","9639350212"
"BM6806","Customer Purpose","gen15","2026-09-24","14:02:46","7668661820"
"BM6806","Customer Purpose","gen","2026-09-24","16:18:55","9639350212"
"BM6806","Customer Purpose","gen24","2026-09-24","17:47:56","9639350212"
"BM6806","Customer Purpose","gen28","2026-09-24","17:59:22","7668661820"
"BM6806","Customer Purpose","gen6","2026-09-24","18:13:39","7668661820"
"BM6806","Final Vault Closing","gen37","2026-09-24","18:39:16","7668661820"
"BM6806","Customer Purpose","gen3","2026-09-25","11:26:06","9639350212"
"BM6806","Customer Purpose","gen29","2026-09-25","13:35:42","9639350212"
"BM6806","Customer Purpose","gen31","2026-09-25","15:28:05","9639350212"
"BM6806","Customer Purpose","gen21","2026-09-25","15:48:27","9639350212"
"BM6806","Final Vault Closing","gen33","2026-09-25","18:16:28","9639350212"
"BM6806","Customer Purpose","gen4","2026-09-26","12:09:20","7668661820"
"BM6806","Packet Counting","gen23","2026-09-26","14:11:46","9639350212"
"BM6806","Packet Counting","gen29","2026-09-26","15:07:48","9639350212"
"BM6806","Final Vault Closing","gen37","2026-09-26","18:21:21","7668661820"
"BM6806","Customer Purpose","gen37","2026-09-27","13:27:30","9639350212"
"BM6809","Customer Purpose","gen33","2026-09-21","11:01:21","9774662412"
"BM6809","Customer Purpose","gen7","2026-09-21","13:07:23","9774662412"
"BM6809","Customer Purpose","gen1","2026-09-21","17:20:59","9612489556"
"BM6809","Final Vault Closing","gen20","2026-09-21","17:40:17","9774662412"
"BM6809","Customer Purpose","gen15","2026-09-22","11:44:04","9774662412"
"BM6809","Customer Purpose","gen31","2026-09-22","14:54:38","9774662412"
"BM6809","Final Vault Closing","iifl6","2026-09-22","18:05:12","9774662412"
"BM6809","Customer Purpose","gen24","2026-09-23","11:51:47","8787303974"
"BM6809","Customer Purpose","gen","2026-09-23","15:37:23","9612489556"
"BM6809","Customer Purpose","gen19","2026-09-23","16:27:59","9612489556"
"BM6809","Customer Purpose","gen7","2026-09-23","17:30:31","9774662412"
"BM6809","Final Vault Closing","gen25","2026-09-23","17:45:54","9612489556"
"BM6809","Customer Purpose","gen4","2026-09-24","11:09:28","9612489556"
"BM6809","Customer Purpose","gen4","2026-09-24","13:44:48","9774662412"
"BM6809","Customer Purpose","gen36","2026-09-24","14:47:08","9774662412"
"BM6809","Customer Purpose","gen11","2026-09-24","16:00:17","8787303974"
"BM6809","Customer Purpose","gen31","2026-09-24","16:40:03","9774662412"
"BM6809","Final Vault Closing","gen25","2026-09-24","17:47:29","9612489556"
"BM6809","Customer Purpose","gen34","2026-09-25","11:47:19","9774662412"
"BM6809","Customer Purpose","gen31","2026-09-25","13:32:57","9774662412"
"BM6809","Customer Purpose","gen23","2026-09-25","15:04:33","8787303974"
"BM6809","Customer Purpose","gen26","2026-09-25","16:54:55","9774662412"
"BM6809","Customer Purpose","gen23","2026-09-25","17:27:07","9774662412"
"BM6809","Final Vault Closing","gen8","2026-09-25","17:44:47","9774662412"
"BM6809","Audit Purpose","gen23","2026-09-26","10:39:17","8787303974"
"BM6809","Audit Purpose","gen14","2026-09-26","10:53:12","9774662412"
"BM6809","Audit Purpose","gen2","2026-09-26","11:47:55","9774662412"
"BM6809","Audit Purpose","gen2","2026-09-26","12:12:04","9774662412"
"BM6809","Audit Purpose","gen6","2026-09-26","12:45:28","9774662412"
"BM6809","Audit Purpose","gen34","2026-09-26","13:13:30","9774662412"
"BM6809","Audit Purpose","gen24","2026-09-26","13:36:16","9774662412"
"BM6809","Audit Purpose","gen22","2026-09-26","14:01:16","9774662412"
"BM6809","Audit Purpose","gen10","2026-09-26","14:50:00","9774662412"
"BM6809","Audit Purpose","gen22","2026-09-26","15:26:05","8787303974"
"BM6809","Audit Purpose","gen9","2026-09-26","16:03:54","9774662412"
"BM6809","Audit Purpose","gen49","2026-09-26","16:31:36","9774662412"
"BM6809","Audit Purpose","gen10","2026-09-26","16:58:33","9612489556"
"BM6809","Audit Purpose","gen2","2026-09-26","17:26:45","9774662412"
"BM6809","Audit Purpose","gen7","2026-09-26","18:08:15","9612489556"
"BM6809","Audit Purpose","gen3","2026-09-27","10:21:04","9774662412"
"BM6809","Audit Purpose","gen19","2026-09-27","10:48:22","9774662412"
"BM6809","Audit Purpose","gen8","2026-09-27","11:17:11","9774662412"
"BM6809","Audit Purpose","gen30","2026-09-27","11:49:59","8787303974"
"BM6809","Audit Purpose","gen37","2026-09-27","12:14:15","9774662412"
"BM6809","Audit Purpose","gen11","2026-09-27","12:23:05","9774662412"
"BM6812","Customer Purpose","gen14","2026-09-21","10:39:39","8171224585"
"BM6812","Customer Purpose","gen","2026-09-21","12:01:53","8171224585"
"BM6812","Customer Purpose","gen19","2026-09-21","12:18:01","8923168398"
"BM6812","Customer Purpose","gen22","2026-09-21","13:43:49","8171224585"
"BM6812","Customer Purpose","gen27","2026-09-21","14:49:34","8171224585"
"BM6812","Customer Purpose","gen10","2026-09-21","17:49:47","8171224585"
"BM6812","Customer Purpose","gen12","2026-09-21","18:05:11","8171224585"
"BM6812","Customer Purpose","gen8","2026-09-22","11:35:57","8171224585"
"BM6812","Customer Purpose","gen33","2026-09-22","15:28:15","8171224585"
"BM6812","Customer Purpose","gen33","2026-09-22","15:56:01","8171224585"
"BM6812","Final Vault Closing","gen3","2026-09-22","18:11:51","7607967938"
"BM6812","Customer Purpose","gen4","2026-09-23","12:53:27","8171224585"
"BM6812","Customer Purpose","gen7","2026-09-23","14:18:37","7607967938"
"BM6812","Customer Purpose","gen23","2026-09-23","16:00:24","7607967938"
"BM6812","Final Vault Closing","gen31","2026-09-23","18:50:43","8171224585"
"BM6812","Customer Purpose","gen10","2026-09-24","11:06:21","8171224585"
"BM6812","Customer Purpose","gen22","2026-09-24","12:14:36","8923168398"
"BM6812","Customer Purpose","gen32","2026-09-24","15:08:42","8171224585"
"BM6812","Customer Purpose","gen11","2026-09-24","16:21:09","8171224585"
"BM6812","Final Vault Closing","gen14","2026-09-24","18:20:37","8171224585"
"BM6812","Customer Purpose","gen49","2026-09-25","12:45:45","8923168398"
"BM6812","Customer Purpose","gen34","2026-09-25","15:45:56","7607967938"
"BM6812","Customer Purpose","gen31","2026-09-25","17:23:00","8171224585"
"BM6812","Final Vault Closing","gen11","2026-09-25","18:23:14","  18:19:22"
"BM6812","Customer Purpose","gen6","2026-09-26","11:10:36","8171224585"
"BM6812","Customer Purpose","gen4","2026-09-26","12:05:53","8923168398"
"BM6812","Customer Purpose","gen28","2026-09-26","13:52:39","8923168398"
"BM6812","Audit Purpose","gen9","2026-09-26","14:08:42","7607967938"
"BM6812","Customer Purpose","gen32","2026-09-26","14:59:55","8171224585"
"BM6812","Packet Counting","gen18","2026-09-26","16:01:15","8923168398"
"BM6812","Customer Purpose","gen7","2026-09-26","17:55:39","7607967938"
"BM6812","Final Vault Closing","gen14","2026-09-26","18:14:47","8171224585"
"BM6812","Customer Purpose","gen15","2026-09-27","12:25:48","8171224585"
"BM6826","Audit Purpose","gen50","2026-09-21","10:15:22","8473830058"
"BM6826","Audit Purpose","gen4","2026-09-21","11:32:08","9864213117"
"BM6826","Audit Purpose","gen2","2026-09-21","12:08:10","8473830058"
"BM6826","Audit Purpose","gen24","2026-09-21","13:31:53","8473830058"
"BM6826","Audit Purpose","gen34","2026-09-21","15:47:27","9864213117"
"BM6826","Audit Purpose","gen2","2026-09-21","17:12:34","8473830058"
"BM6826","Final Vault Closing","gen35","2026-09-21","19:00:10","9864213117"
"BM6826","Audit Purpose","gen21","2026-09-22","10:30:04","8473830058"
"BM6826","Audit Purpose","gen3","2026-09-22","12:32:54","USTOODIAN."
"BM6826","Audit Purpose","gen3","2026-09-22","13:38:33","8473830058"
"BM6826","Audit Purpose","gen17","2026-09-22","15:44:37","8876102356"
"BM6826","Audit Purpose","gen11","2026-09-22","17:16:44","8473830058"
"BM6826","Final Vault Closing","gen5","2026-09-22","18:50:24","9864213117"
"BM6826","Audit Purpose","gen24","2026-09-23","10:25:42","8473830058"
"BM6826","Audit Purpose","gen15","2026-09-23","12:34:46","8876102356"
"BM6826","Audit Purpose","gen16","2026-09-23","14:35:11","9864213117"
"BM6826","Audit Purpose","gen12","2026-09-23","15:27:57","8876102356"
"BM6826","Audit Purpose","gen28","2026-09-23","17:41:25","9864213117"
"BM6826","Final Vault Closing","gen24","2026-09-23","18:58:31","8473830058"
"BM6826","Audit Purpose","gen26","2026-09-24","10:11:46","9864213117"
"BM6826","Audit Purpose","gen7","2026-09-24","11:29:11","9864213117"
"BM6826","Customer Purpose","gen5","2026-09-24","14:17:00","9864213117"
"BM6826","Customer Purpose","gen39","2026-09-24","17:12:38","9864213117"
"BM6826","Customer Purpose","gen31","2026-09-24","17:50:32","9864213117"
"BM6826","Final Vault Closing","iifl4","2026-09-24","19:04:33","8473830058"
"BM6826","Customer Purpose","gen34","2026-09-25","11:13:00","8876102356"
"BM6826","Customer Purpose","gen12","2026-09-25","11:54:36","9864213117"
"BM6826","Customer Purpose","gen20","2026-09-25","14:04:52","8473830058"
"BM6826","Final Vault Closing","iifl7","2026-09-25","18:08:58","6383672767"
"BM6826","Customer Purpose","gen31","2026-09-26","10:29:51","9864213117"
"BM6826","Customer Purpose","gen36","2026-09-26","11:27:38","8473830058"
"BM6826","Customer Purpose","gen22","2026-09-26","12:32:25","8473830058"
"BM6826","Customer Purpose","gen7","2026-09-26","14:16:18","9864213117"
"BM6826","Customer Purpose","gen25","2026-09-26","16:41:03","8473830058"
"BM6826","Final Vault Closing","gen37","2026-09-26","17:47:16","8473830058"
"BM6826","Final Vault Closing","gen9","2026-09-27","14:41:16","8473830058"
"BM6828","Customer Purpose","gen23","2026-09-21","12:05:25","7002680027"
"BM6828","Customer Purpose","gen30","2026-09-21","12:25:19","6002155368"
"BM6828","Customer Purpose","gen27","2026-09-21","12:55:55","6002155368"
"BM6828","Customer Purpose","gen15","2026-09-21","14:13:19","8638037340"
"BM6828","Customer Purpose","gen34","2026-09-21","14:23:06","6002155368"
"BM6828","Customer Purpose","gen20","2026-09-21","14:30:17","6002155368"
"BM6828","Customer Purpose","gen10","2026-09-21","14:37:27","6002155368"
"BM6828","Customer Purpose","gen6","2026-09-21","14:44:12","6002155368"
"BM6828","Customer Purpose","gen4","2026-09-21","14:58:25","7002680027"
"BM6828","Customer Purpose","gen10","2026-09-21","15:10:16","7002680027"
"BM6828","Customer Purpose","gen30","2026-09-21","15:19:40","8638037340"
"BM6828","Customer Purpose","gen32","2026-09-21","15:27:27","6002155368"
"BM6828","Customer Purpose","gen34","2026-09-21","17:14:14","8638037340"
"BM6828","Customer Purpose","gen3","2026-09-21","17:28:31","6002155368"
"BM6828","Final Vault Closing","gen35","2026-09-21","18:30:03","8638037340"
"BM6828","Customer Purpose","gen","2026-09-22","10:35:19","6002155368"
"BM6828","Customer Purpose","gen32","2026-09-22","11:27:41","6002155368"
"BM6828","Customer Purpose","gen4","2026-09-22","11:41:39","6002155368"
"BM6828","Customer Purpose","gen37","2026-09-22","12:13:39","8638037340"
"BM6828","Customer Purpose","gen31","2026-09-22","13:44:54","6002155368"
"BM6828","Customer Purpose","gen33","2026-09-22","14:36:40","6002155368"
"BM6828","Customer Purpose","gen16","2026-09-22","15:29:35","6002155368"
"BM6828","Customer Purpose","gen26","2026-09-22","16:36:51","7002680027"
"BM6828","Final Vault Closing","gen3","2026-09-22","18:18:50","7002680027"
"BM6828","Customer Purpose","gen10","2026-09-23","12:05:34","8638037340"
"BM6828","Customer Purpose","gen31","2026-09-23","12:12:58","6002155368"
"BM6828","Packet Counting","gen30","2026-09-23","12:24:47","8638037340"
"BM6828","Packet Counting","gen14","2026-09-23","13:12:21","6002155368"
"BM6828","Customer Purpose","gen37","2026-09-23","14:55:20","7002680027"
"BM6828","Final Vault Closing","gen9","2026-09-23","18:19:02","8638037340"
"BM6828","Packet Counting","gen26","2026-09-24","11:23:11","8638037340"
"BM6828","Packet Counting","gen26","2026-09-24","12:12:52","8638037340"
"BM6828","Packet Counting","gen26","2026-09-24","13:12:18","8638037340"
"BM6828","Packet Counting","gen11","2026-09-24","14:03:37","6002155368"
"BM6828","Packet Counting","gen11","2026-09-24","14:43:55","6002155368"
"BM6828","Packet Counting","gen11","2026-09-24","15:32:16","6002155368"
"BM6828","Packet Counting","gen11","2026-09-24","16:17:08","6002155368"
"BM6828","Customer Purpose","gen26","2026-09-24","17:38:14","8638037340"
"BM6828","Final Vault Closing","gen29","2026-09-24","18:25:09","8638037340"
"BM6828","Packet Counting","gen35","2026-09-25","11:12:06","@iifl.com>"
"BM6828","Customer Purpose","gen17","2026-09-25","12:17:29","6002155368"
"BM6828","Customer Purpose","gen17","2026-09-25","13:25:20","en17
12:39"
"BM6828","Final Vault Closing","gen14","2026-09-25","18:23:17","8638037340"
"BM6828","Customer Purpose","gen28","2026-09-26","10:14:47","8638037340"
"BM6828","Customer Purpose","gen15","2026-09-26","11:35:37","6002155368"
"BM6828","Customer Purpose","gen49","2026-09-26","11:55:28","6002155368"
"BM6828","Customer Purpose","gen29","2026-09-26","14:45:19","7002680027"
"BM6828","Customer Purpose","gen1","2026-09-26","16:49:08","6002155368"
"BM6828","Final Vault Closing","gen9","2026-09-26","18:16:04","6002155368"
"BM6828","Customer Purpose","gen9","2026-09-27","12:00:05","8638037340"
"BM6842","Audit Purpose","gen25","2026-09-21","10:20:08","7002268353"
"BM6842","Audit Purpose","gen26","2026-09-21","10:51:11","7002268353"
"BM6842","Audit Purpose","gen","2026-09-21","14:37:51","7002268353"
"BM6842","Audit Purpose","gen41","2026-09-21","16:02:51","7002268353"
"BM6842","Final Vault Closing","gen14","2026-09-21","18:27:10","7002268353"
"BM6842","Audit Purpose","gen26","2026-09-22","10:23:23","7002268353"
"BM6842","Audit Purpose","gen3","2026-09-22","11:33:37","7002268353"
"BM6842","Audit Purpose","gen30","2026-09-22","13:05:19","9678118735"
"BM6842","Customer Purpose","gen27","2026-09-22","14:26:08","9678118735"
"BM6842","Audit Purpose","gen13","2026-09-22","16:05:44","7002268353"
"BM6842","Audit Purpose","gen4","2026-09-22","16:51:09","9678118735"
"BM6842","Audit Purpose","gen4","2026-09-22","17:03:31","9678118735"
"BM6842","Audit Purpose","gen16","2026-09-22","18:04:25","7002268353"
"BM6842","Final Vault Closing","gen41","2026-09-22","18:12:30","9678118735"
"BM6842","Customer Purpose","gen10","2026-09-23","13:20:08","7002268353"
"BM6842","Customer Purpose","gen50","2026-09-23","15:18:01","7002268353"
"BM6842","Final Vault Closing","gen27","2026-09-23","17:29:14","9678118735"
"BM6842","Customer Purpose","gen24","2026-09-24","11:55:23","7002268353"
"BM6842","Customer Purpose","gen21","2026-09-24","12:26:49","9678118735"
"BM6842","Customer Purpose","gen37","2026-09-24","14:28:27","9678118735"
"BM6842","Customer Purpose","gen11","2026-09-24","15:53:46","7002268353"
"BM6842","Final Vault Closing","gen38","2026-09-24","17:48:45","9678118735"
"BM6842","Customer Purpose","gen3","2026-09-25","12:18:23","9678118735"
"BM6842","Final Vault Closing","gen25","2026-09-25","17:35:00","9678118735"
"BM6842","Customer Purpose","gen49","2026-09-26","11:00:28","9678118735"
"BM6842","Customer Purpose","gen20","2026-09-26","12:37:07","9678118735"
"BM6842","Customer Purpose","gen8","2026-09-26","13:57:05","9678118735"
"BM6842","Final Vault Closing","gen36","2026-09-26","17:38:55","9678118735"
"BM6842","Customer Purpose","gen16","2026-09-27","12:08:09","7002268353"
"BM6842","Customer Purpose","gen30","2026-09-27","13:15:33","7002268353"
"BM6852","Customer Purpose","gen37","2026-09-21","12:04:29","8486933061"
"BM6852","Customer Purpose","gen15","2026-09-21","14:22:34","7578961037"
"BM6852","Customer Purpose","gen6","2026-09-21","16:28:30","7578961037"
"BM6852","Final Vault Closing","gen30","2026-09-21","18:34:57","8486933061"
"BM6852","Customer Purpose","gen41","2026-09-22","11:51:42","8486933061"
"BM6852","Customer Purpose","gen4","2026-09-22","13:40:12","7002504872"
"BM6852","Customer Purpose","gen5","2026-09-22","14:05:58","7002504872"
"BM6852","Customer Purpose","gen15","2026-09-22","16:22:51","8486933061"
"BM6852","Final Vault Closing","gen17","2026-09-22","17:53:31","7002504872"
"BM6852","Customer Purpose","gen24","2026-09-23","13:14:25","7578961037"
"BM6852","Customer Purpose","gen5","2026-09-23","15:02:27","7578961037"
"BM6852","Customer Purpose","gen19","2026-09-23","16:15:02","7578961037"
"BM6852","Customer Purpose","gen27","2026-09-23","17:32:42","7002504872"
"BM6852","Final Vault Closing","iifl4","2026-09-23","19:43:00","7002504872"
"BM6852","Customer Purpose","gen2","2026-09-24","11:11:20","7002504872"
"BM6852","Customer Purpose","gen29","2026-09-24","12:11:05","8486933061"
"BM6852","Customer Purpose","gen10","2026-09-24","14:49:29","8486933061"
"BM6852","Customer Purpose","gen3","2026-09-24","16:39:46","7002504872"
"BM6852","Final Vault Closing","gen26","2026-09-24","17:35:18","8486933061"
"BM6852","Customer Purpose","gen31","2026-09-25","10:56:32","7002504872"
"BM6852","Customer Purpose","gen6","2026-09-25","12:27:43","7578961037"
"BM6852","Customer Purpose","gen29","2026-09-25","13:17:29","8486933061"
"BM6852","Customer Purpose","gen4","2026-09-25","14:13:25","7578961037"
"BM6852","Customer Purpose","gen20","2026-09-25","15:27:04","7578961037"
"BM6852","Customer Purpose","gen10","2026-09-25","16:07:42","7578961037"
"BM6852","Customer Purpose","gen15","2026-09-25","17:03:43","8486933061"
"BM6852","Final Vault Closing","gen10","2026-09-25","18:19:59","8486933061"
"BM6852","Customer Purpose","gen30","2026-09-26","10:07:29","8486933061"
"BM6852","Customer Purpose","gen38","2026-09-26","11:31:26","7002504872"
"BM6852","Customer Purpose","gen21","2026-09-26","12:39:50","8486933061"
"BM6852","Packet Counting","gen22","2026-09-26","15:42:22","8486933061"
"BM6852","Packet Counting","gen28","2026-09-26","17:33:05","7002504872"
"BM6852","Customer Purpose","gen22","2026-09-27","11:58:08","8486933061"
"BM6856","Customer Purpose","gen19","2026-09-21","11:41:42","8638491379"
"BM6856","Final Vault Closing","iifl4","2026-09-21","19:05:48","8638491379"
"BM6856","Customer Purpose","gen5","2026-09-22","16:08:03","9957021917"
"BM6856","Final Vault Closing","gen39","2026-09-22","18:16:56","8638491379"
"BM6856","Final Vault Closing","gen14","2026-09-23","18:42:30","8723895972"
"BM6856","Customer Purpose","gen31","2026-09-24","14:47:56","9957021917"
"BM6856","Customer Purpose","gen19","2026-09-24","17:05:14","9957021917"
"BM6856","Final Vault Closing","gen24","2026-09-24","18:36:35","8723895972"
"BM6856","Customer Purpose","gen1","2026-09-25","15:52:18","8723895972"
"BM6856","Final Vault Closing","gen19","2026-09-25","18:13:38","8638491379"
"BM6856","Customer Purpose","gen6","2026-09-26","15:10:54","8723895972"
"BM6856","Customer Purpose","gen7","2026-09-26","15:21:25","8723895972"
"BM6856","Customer Purpose","gen29","2026-09-26","17:12:06","8723895972"
"BM6856","Final Vault Closing","gen22","2026-09-26","17:41:14","8638491379"
"BM6856","Final Vault Closing","gen33","2026-09-27","14:18:05","8638491379"
"BM6867","Customer Purpose","gen18","2026-09-21","10:54:24","8881014333"
"BM6867","Customer Purpose","gen15","2026-09-21","11:43:42","8881014333"
"BM6867","Customer Purpose","gen15","2026-09-21","11:55:40","8881014333"
"BM6867","Customer Purpose","gen18","2026-09-21","12:07:56","8881014333"
"BM6867","Customer Purpose","gen18","2026-09-21","12:38:15","8881014333"
"BM6867","Customer Purpose","gen23","2026-09-21","14:16:00","8881014333"
"BM6867","Customer Purpose","gen","2026-09-21","16:00:02","8881014333"
"BM6867","Customer Purpose","gen24","2026-09-21","16:14:08","8881014333"
"BM6867","Customer Purpose","gen24","2026-09-21","16:22:23","8881014333"
"BM6867","Customer Purpose","gen25","2026-09-21","16:31:24","8881014333"
"BM6867","Customer Purpose","gen3","2026-09-21","16:48:48","8881014333"
"BM6867","Final Vault Closing","gen22","2026-09-21","18:28:38","8881014333"
"BM6867","Customer Purpose","gen19","2026-09-22","13:13:14","8881014333"
"BM6867","Customer Purpose","gen24","2026-09-22","14:04:24","8881014333"
"BM6867","Customer Purpose","gen31","2026-09-22","14:16:56","8881014333"
"BM6867","Final Vault Closing","gen23","2026-09-22","18:50:54","8881014333"
"BM6867","Customer Purpose","gen31","2026-09-23","11:33:09","8881014333"
"BM6867","Customer Purpose","gen15","2026-09-23","14:27:56","8881014333"
"BM6867","Customer Purpose","gen30","2026-09-23","14:39:59","8881014333"
"BM6867","Customer Purpose","gen3","2026-09-23","14:55:24","8881014333"
"BM6867","Customer Purpose","gen33","2026-09-23","15:07:29","8881014333"
"BM6867","Customer Purpose","gen36","2026-09-23","15:17:46","8881014333"
"BM6867","Customer Purpose","gen11","2026-09-23","15:28:24","8881014333"
"BM6867","Customer Purpose","gen1","2026-09-23","15:37:59","8881014333"
"BM6867","Customer Purpose","gen1","2026-09-23","15:48:21","8881014333"
"BM6867","Customer Purpose","gen15","2026-09-23","16:25:22","8881014333"
"BM6867","Final Vault Closing","gen32","2026-09-23","18:29:27","8881014333"
"BM6867","Customer Purpose","gen35","2026-09-24","10:57:12","8881014333"
"BM6867","Customer Purpose","gen15","2026-09-24","12:02:57","8881014333"
"BM6867","Customer Purpose","gen35","2026-09-24","14:06:17","8881014333"
"BM6867","Customer Purpose","gen6","2026-09-24","16:35:59","8881014333"
"BM6867","Customer Purpose","gen8","2026-09-24","16:49:38","8881014333"
"BM6867","Customer Purpose","gen3","2026-09-24","17:51:03","8881014333"
"BM6867","Customer Purpose","gen31","2026-09-24","18:22:35","8881014333"
"BM6867","Final Vault Closing","gen20","2026-09-24","18:40:38","8881014333"
"BM6867","Customer Purpose","gen7","2026-09-25","12:47:07","8881014333"
"BM6867","Customer Purpose","gen18","2026-09-25","13:03:11","8881014333"
"BM6867","Customer Purpose","gen10","2026-09-25","16:55:45","8881014333"
"BM6867","Customer Purpose","gen10","2026-09-25","17:06:37","8881014333"
"BM6867","Customer Purpose","gen29","2026-09-25","17:39:11","  17:09:52"
"BM6867","Customer Purpose","gen29","2026-09-25","17:40:37","8881014333"
"BM6867","Customer Purpose","gen29","2026-09-25","18:27:30","E 17:43:39"
"BM6867","Customer Purpose","gen29","2026-09-26","15:34:18","e 14:22:16"
"BM6867","Customer Purpose","gen29","2026-09-26","16:54:02","8881014333"
"BM6867","Customer Purpose","gen34","2026-09-27","12:11:24","8881014333"
"BM6867","Customer Purpose","gen33","2026-09-27","12:51:32","8881014333"
"BM6867","Customer Purpose","gen32","2026-09-27","13:04:14","8881014333"
"BM6867","Customer Purpose","gen40","2026-09-27","13:15:24","8881014333"
"BM6867","Packet Counting","gen22","2026-09-27","13:47:07","8881014333"
"BM6900","Customer Purpose","gen21","2026-09-21","11:06:50","9760448252"
"BM6900","Customer Purpose","gen2","2026-09-21","12:02:42","9760448252"
"BM6900","Customer Purpose","gen32","2026-09-21","12:43:27","8279979427"
"BM6900","Customer Purpose","gen12","2026-09-21","13:10:07","9760448252"
"BM6900","Customer Purpose","gen6","2026-09-21","13:44:46","8279979427"
"BM6900","Customer Purpose","gen","2026-09-21","16:53:12","8279979427"
"BM6900","Customer Purpose","gen30","2026-09-21","18:42:44","9760448252"
"BM6900","Final Vault Closing","gen4","2026-09-21","19:00:49","9760448252"
"BM6900","Audit Purpose","gen21","2026-09-22","10:35:00","8279979427"
"BM6900","Audit Purpose","gen15","2026-09-22","11:14:20","9760448252"
"BM6900","Customer Purpose","gen33","2026-09-22","12:28:40","8279979427"
"BM6900","Customer Purpose","gen27","2026-09-22","14:28:59","8279979427"
"BM6900","Customer Purpose","gen22","2026-09-22","14:56:51","9760448252"
"BM6900","Customer Purpose","gen11","2026-09-22","17:11:48","8279979427"
"BM6900","Customer Purpose","gen35","2026-09-23","12:08:31","8279979427"
"BM6900","Customer Purpose","gen38","2026-09-23","13:32:01","8279979427"
"BM6900","Customer Purpose","gen50","2026-09-23","14:35:06","8279979427"
"BM6900","Final Vault Closing","gen22","2026-09-23","18:40:13","8279979427"
"BM6900","Customer Purpose","gen23","2026-09-24","11:11:49","8279979427"
"BM6900","Customer Purpose","gen35","2026-09-24","16:09:03","8279979427"
"BM6900","Customer Purpose","gen15","2026-09-24","18:27:07","9760448252"
"BM6900","Customer Purpose","gen10","2026-09-25","11:01:34","9760448252"
"BM6900","Customer Purpose","gen19","2026-09-25","13:13:20","9760448252"
"BM6900","Other Purpose","gen28","2026-09-25","14:28:31","8279979427"
"BM6900","Other Purpose","gen10","2026-09-25","15:34:08","8279979427"
"BM6900","Customer Purpose","gen32","2026-09-26","14:31:58","8279979427"
"BM6900","Customer Purpose","gen36","2026-09-26","17:11:51","9760448252"
"BM6900","Customer Purpose","gen4","2026-09-26","17:50:27","8279979427"
"BM6900","Customer Purpose","gen36","2026-09-26","18:36:57","8279979427"
"BM6900","Customer Purpose","gen17","2026-09-27","13:26:54","9760448252"
"BM6939","Customer Purpose","gen18","2026-09-21","14:57:08","9084263285"
"BM6939","Customer Purpose","gen19","2026-09-21","15:41:43","9084263285"
"BM6939","Customer Purpose","gen22","2026-09-21","17:13:13","9084263285"
"BM6939","Final Vault Closing","gen11","2026-09-21","18:43:02","6395952954"
"BM6939","Customer Purpose","gen1","2026-09-22","11:18:59","9084263285"
"BM6939","Customer Purpose","gen23","2026-09-22","12:01:35","9084263285"
"BM6939","Customer Purpose","gen27","2026-09-22","12:42:24","9084263285"
"BM6939","Customer Purpose","gen41","2026-09-22","13:18:07","9084263285"
"BM6939","Customer Purpose","gen10","2026-09-22","14:31:52","9084263285"
"BM6939","Final Vault Closing","gen12","2026-09-22","18:09:10","9084263285"
"BM6939","Customer Purpose","gen32","2026-09-23","10:53:28","6395952954"
"BM6939","Final Vault Closing","gen7","2026-09-23","17:56:44","9084263285"
"BM6939","Customer Purpose","gen11","2026-09-24","11:18:56","6395952954"
"BM6939","Customer Purpose","gen6","2026-09-24","12:48:03","9084263285"
"BM6939","Customer Purpose","gen1","2026-09-24","13:52:28","6395952954"
"BM6939","Customer Purpose","gen12","2026-09-24","14:26:27","9084263285"
"BM6939","Customer Purpose","gen29","2026-09-24","14:55:46","9084263285"
"BM6939","Customer Purpose","gen4","2026-09-24","17:18:53","6395952954"
"BM6939","Final Vault Closing","gen36","2026-09-24","18:13:34","6395952954"
"BM6939","Customer Purpose","gen17","2026-09-25","11:01:27","9084263285"
"BM6939","Customer Purpose","gen8","2026-09-25","12:40:23","9084263285"
"BM6939","Customer Purpose","gen21","2026-09-25","12:48:06","9084263285"
"BM6939","Customer Purpose","gen18","2026-09-25","17:25:27","6395952954"
"BM6939","Final Vault Closing","gen36","2026-09-25","18:10:54","9084263285"
"BM6939","Audit Purpose","gen4","2026-09-26","16:41:57","9084263285"
"BM6939","Final Vault Closing","gen22","2026-09-26","18:15:27","6395952954"
"BM6939","Customer Purpose","gen9","2026-09-27","11:46:09","9084263285"
"BM6939","Customer Purpose","gen30","2026-09-27","11:54:34","9084263285"
"BM6939","Customer Purpose","gen30","2026-09-27","12:02:40","6395952954"
"BM6939","Customer Purpose","gen14","2026-09-27","12:35:37","9084263285"
"BM6939","Customer Purpose","gen34","2026-09-27","13:16:23","6395952954"
"BM6942","Customer Purpose","gen20","2026-09-21","11:39:12","6900474211"
"BM6942","Customer Purpose","gen19","2026-09-21","11:47:30","6900474211"
"BM6942","Customer Purpose","gen10","2026-09-21","11:58:35","6900474211"
"BM6942","Packet Counting","gen","2026-09-21","12:12:54","6900474211"
"BM6942","Packet Counting","gen30","2026-09-21","13:07:18","6900770029"
"BM6942","Packet Counting","gen18","2026-09-21","13:59:14","6900474211"
"BM6942","Customer Purpose","gen22","2026-09-21","14:51:49","6900474211"
"BM6942","Packet Counting","gen18","2026-09-21","15:38:19","6900770029"
"BM6942","Packet Counting","gen27","2026-09-21","16:34:19","8254995659"
"BM6942","Packet Counting","gen50","2026-09-21","17:22:35","6900770029"
"BM6942","Final Vault Closing","gen1","2026-09-21","18:30:09","6900474211"
"BM6942","Customer Purpose","gen9","2026-09-22","11:28:00","6900770029"
"BM6942","Packet Counting","gen35","2026-09-22","12:10:42","8254995659"
"BM6942","Packet Counting","gen6","2026-09-22","12:59:49","6900770029"
"BM6942","Customer Purpose","gen30","2026-09-22","13:46:53","6900770029"
"BM6942","Final Vault Closing","gen35","2026-09-22","18:38:47","6900474211"
"BM6942","Customer Purpose","gen37","2026-09-23","10:30:21","6900474211"
"BM6942","Other Purpose","gen35","2026-09-23","10:56:07","6900770029"
"BM6942","Other Purpose","gen7","2026-09-23","12:28:01","8254995659"
"BM6942","Final Vault Closing","gen7","2026-09-23","18:55:21","8254995659"
"BM6942","Customer Purpose","gen22","2026-09-24","10:37:24","6900474211"
"BM6942","Customer Purpose","gen3","2026-09-24","11:13:52","8254995659"
"BM6942","Other Purpose","gen16","2026-09-24","12:02:31","8254995659"
"BM6942","Other Purpose","gen21","2026-09-24","12:57:46","8254995659"
"BM6942","Packet Counting","gen4","2026-09-24","13:55:58","6900474211"
"BM6942","Packet Counting","gen38","2026-09-24","14:01:49","6900474211"
"BM6942","Customer Purpose","gen9","2026-09-24","15:15:26","8254995659"
"BM6942","Other Purpose","gen28","2026-09-24","15:54:09","6900474211"
"BM6942","Other Purpose","gen","2026-09-24","16:34:32","6900474211"
"BM6942","Final Vault Closing","gen4","2026-09-24","18:48:21","6900474211"
"BM6942","Customer Purpose","gen11","2026-09-25","11:12:27","6900474211"
"BM6942","Customer Purpose","gen28","2026-09-25","13:18:52","8254995659"
"BM6942","Customer Purpose","gen18","2026-09-25","15:12:47","8254995659"
"BM6942","Customer Purpose","gen","2026-09-25","15:28:09","6900474211"
"BM6942","Customer Purpose","gen29","2026-09-25","15:40:51","6900474211"
"BM6942","Customer Purpose","gen39","2026-09-25","15:51:02","6900474211"
"BM6942","Final Vault Closing","gen34","2026-09-25","18:44:11","6900474211"
"BM6942","Customer Purpose","gen29","2026-09-26","10:17:21","8254995659"
"BM6942","Customer Purpose","gen4","2026-09-26","10:41:45","6900474211"
"BM6942","Customer Purpose","gen10","2026-09-26","11:01:49","6900474211"
"BM6942","Customer Purpose","iifl6","2026-09-26","13:12:05","8254995659"
"BM6942","Customer Purpose","gen29","2026-09-26","13:34:41","6900474211"
"BM6942","Customer Purpose","gen35","2026-09-26","13:58:39","6900474211"
"BM6942","Customer Purpose","gen9","2026-09-26","16:10:40","8254995659"
"BM6942","Customer Purpose","gen14","2026-09-26","17:07:38","6900474211"
"BM6942","Customer Purpose","gen11","2026-09-26","17:16:09","6900474211"
"BM6942","Customer Purpose","gen31","2026-09-26","17:29:28","6900770029"
"BM6942","Customer Purpose","gen38","2026-09-26","17:55:56","6900474211"
"BM6942","Customer Purpose","admin","2026-09-26","18:15:09","6900474211"
"BM6942","Customer Purpose","gen8","2026-09-26","18:28:52","8254995659"
"BM6942","Final Vault Closing","iifl3","2026-09-26","18:58:09","6900474211"
"BM6942","Packet Counting","gen29","2026-09-27","12:07:33","6900474211"
"BM6942","Packet Counting","gen6","2026-09-27","12:55:22","6900474211"
"BM6942","Packet Counting","gen31","2026-09-27","13:55:21","6900474211"
"BM6972","Audit Purpose","gen28","2026-09-21","12:12:29","7983180632"
"BM6972","Audit Purpose","gen32","2026-09-21","15:16:01","7983180632"
"BM6972","Audit Purpose","gen6","2026-09-21","15:46:40","7983180632"
"BM6972","Audit Purpose","gen41","2026-09-21","17:21:40","7983180632"
"BM6972","Final Vault Closing","gen16","2026-09-21","18:23:35","STOODIAN 1"
"BM6972","Customer Purpose","gen13","2026-09-22","10:57:13","9259505237"
"BM6972","Customer Purpose","gen10","2026-09-22","11:18:21","9259505237"
"BM6972","Customer Purpose","gen11","2026-09-22","11:59:37","9259505237"
"BM6972","Customer Purpose","gen11","2026-09-22","12:07:16","9259505237"
"BM6972","Customer Purpose","gen14","2026-09-22","12:22:53","9259505237"
"BM6972","Customer Purpose","gen27","2026-09-22","13:15:55","9259505237"
"BM6972","Customer Purpose","gen2","2026-09-22","14:10:35","9259505237"
"BM6972","Customer Purpose","gen39","2026-09-22","14:36:22","9259505237"
"BM6972","Final Vault Closing","gen20","2026-09-22","17:56:56","7983180632"
"BM6972","Customer Purpose","gen12","2026-09-23","11:55:58","9758758785"
"BM6972","Customer Purpose","gen30","2026-09-23","12:02:55","7983180632"
"BM6972","Customer Purpose","gen18","2026-09-23","12:32:53","9259505237"
"BM6972","Customer Purpose","gen24","2026-09-23","13:09:56","9758758785"
"BM6972","Customer Purpose","gen1","2026-09-23","13:29:13","9758758785"
"BM6972","Customer Purpose","gen1","2026-09-23","13:35:26","9758758785"
"BM6972","Customer Purpose","gen14","2026-09-23","14:12:36","9259505237"
"BM6972","Customer Purpose","gen31","2026-09-23","14:41:30","7983180632"
"BM6972","Customer Purpose","gen23","2026-09-23","14:53:24","9259505237"
"BM6972","Customer Purpose","gen37","2026-09-23","15:31:00","9259505237"
"BM6972","Customer Purpose","gen17","2026-09-23","15:40:07","7983180632"
"BM6972","Customer Purpose","gen11","2026-09-23","15:46:15","7983180632"
"BM6972","Customer Purpose","gen23","2026-09-23","16:04:29","9758758785"
"BM6972","Customer Purpose","gen25","2026-09-23","16:15:15","9259505237"
"BM6972","Final Vault Closing","gen5","2026-09-23","18:35:48","7983180632"
"BM6972","Customer Purpose","gen19","2026-09-24","10:41:23","9758758785"
"BM6972","Customer Purpose","gen22","2026-09-24","11:12:31","9758758785"
"BM6972","Customer Purpose","gen16","2026-09-24","12:28:20","9758758785"
"BM6972","Customer Purpose","gen14","2026-09-24","13:30:48","9758758785"
"BM6972","Customer Purpose","gen15","2026-09-24","13:57:04","9758758785"
"BM6972","Customer Purpose","gen5","2026-09-24","15:52:11","9758758785"
"BM6972","Final Vault Closing","gen30","2026-09-24","18:25:25","9758758785"
"BM6972","Customer Purpose","gen26","2026-09-25","10:48:39","7983180632"
"BM6972","Customer Purpose","gen26","2026-09-25","11:41:44","9758758785"
"BM6972","Customer Purpose","gen38","2026-09-25","12:16:03","9758758785"
"BM6972","Customer Purpose","gen22","2026-09-25","13:04:40","9758758785"
"BM6972","Customer Purpose","gen37","2026-09-25","13:42:14","9758758785"
"BM6972","Customer Purpose","gen21","2026-09-25","14:43:36","9758758785"
"BM6972","Customer Purpose","gen2","2026-09-25","15:29:02","9758758785"
"BM6972","Customer Purpose","gen34","2026-09-25","16:02:36","9758758785"
"BM6972","Customer Purpose","gen36","2026-09-25","18:26:20","9758758785"
"BM6972","Final Vault Closing","gen12","2026-09-25","18:52:29","9758758785"
"BM6972","Customer Purpose","gen37","2026-09-26","12:00:01","7983180632"
"BM6972","Customer Purpose","gen6","2026-09-26","12:34:52","7983180632"
"BM6972","Customer Purpose","gen26","2026-09-26","13:12:54","7983180632"
"BM6972","Customer Purpose","gen29","2026-09-26","14:23:53","9758758785"
"BM6972","Final Vault Closing","gen9","2026-09-26","18:41:08","9758758785"
"BM6972","Customer Purpose","gen22","2026-09-27","11:28:42","7983180632"
"BM6972","Customer Purpose","gen39","2026-09-27","11:40:51","7983180632"
"BM6972","Customer Purpose","gen30","2026-09-27","12:07:45","9758758785"
"BM6972","Customer Purpose","gen22","2026-09-27","13:00:58","7983180632"
"BM6986","Audit Purpose","gen18","2026-09-21","10:46:11","8445333201"
"BM6986","Audit Purpose","gen14","2026-09-21","11:48:41","9315704973"
"BM6986","Audit Purpose","gen21","2026-09-21","12:18:51","7500076519"
"BM6986","Audit Purpose","gen21","2026-09-21","12:25:37","7500076519"
"BM6986","Audit Purpose","gen17","2026-09-21","13:06:43","9315704973"
"BM6986","Audit Purpose","gen27","2026-09-21","13:22:17","7500076519"
"BM6986","Audit Purpose","gen4","2026-09-21","13:44:10","7500076519"
"BM6986","Audit Purpose","gen16","2026-09-21","14:28:01","9315704973"
"BM6986","Audit Purpose","gen28","2026-09-21","14:34:11","9315704973"
"BM6986","Audit Purpose","gen30","2026-09-21","15:09:59","7500076519"
"BM6986","Audit Purpose","gen30","2026-09-21","15:51:06","9315704973"
"BM6986","Audit Purpose","gen37","2026-09-21","16:40:12","9315704973"
"BM6986","Audit Purpose","gen23","2026-09-21","17:15:34","7500076519"
"BM6986","Audit Purpose","gen43","2026-09-21","17:45:24","8445333201"
"BM6986","Final Vault Closing","gen17","2026-09-21","18:28:10","9315704973"
"BM6986","Audit Purpose","gen14","2026-09-22","10:38:57","7500076519"
"BM6986","Audit Purpose","gen26","2026-09-22","10:51:28","7500076519"
"BM6986","Audit Purpose","gen37","2026-09-22","11:09:00","7500076519"
"BM6986","Audit Purpose","gen8","2026-09-22","11:27:55","9315704973"
"BM6986","Audit Purpose","gen32","2026-09-22","12:12:00","9315704973"
"BM6986","Audit Purpose","gen41","2026-09-22","12:46:47","9315704973"
"BM6986","Audit Purpose","gen4","2026-09-22","13:30:09","9315704973"
"BM6986","Audit Purpose","gen20","2026-09-22","13:53:43","9315704973"
"BM6986","Audit Purpose","gen2","2026-09-22","14:19:32","9315704973"
"BM6986","Audit Purpose","gen31","2026-09-22","14:43:06","9315704973"
"BM6986","Audit Purpose","gen8","2026-09-22","15:16:47","9315704973"
"BM6986","Audit Purpose","gen30","2026-09-22","16:03:21","7500076519"
"BM6986","Customer Purpose","gen21","2026-09-22","17:04:03","9315704973"
"BM6986","Customer Purpose","gen2","2026-09-22","17:38:34","8445333201"
"BM6986","Final Vault Closing","gen41","2026-09-22","18:28:39","7500076519"
"BM6986","Customer Purpose","gen","2026-09-23","11:23:22","9315704973"
"BM6986","Customer Purpose","gen38","2026-09-23","13:18:55","9315704973"
"BM6986","Customer Purpose","gen1","2026-09-23","13:33:29","7500076519"
"BM6986","Customer Purpose","gen31","2026-09-23","13:42:48","9315704973"
"BM6986","Customer Purpose","gen30","2026-09-23","13:52:36","8445333201"
"BM6986","Customer Purpose","gen16","2026-09-23","15:58:19","9315704973"
"BM6986","Customer Purpose","gen5","2026-09-23","17:20:57","9315704973"
"BM6986","Customer Purpose","gen20","2026-09-23","18:42:31","7500076519"
"BM6986","Customer Purpose","gen6","2026-09-24","10:41:37","7500076519"
"BM6986","Customer Purpose","gen7","2026-09-24","10:52:38","9315704973"
"BM6986","Customer Purpose","gen19","2026-09-24","11:26:00","9315704973"
"BM6986","Customer Purpose","gen32","2026-09-24","16:58:10","7500076519"
"BM6986","Final Vault Closing","gen4","2026-09-24","18:55:37","9315704973"
"BM6986","Customer Purpose","gen34","2026-09-25","11:01:46","8445333201"
"BM6986","Customer Purpose","gen22","2026-09-25","11:38:37","9315704973"
"BM6986","Customer Purpose","gen22","2026-09-25","12:33:09","9315704973"
"BM6986","Customer Purpose","gen8","2026-09-25","14:03:23","7500076519"
"BM6986","Customer Purpose","gen37","2026-09-25","15:56:20","9315704973"
"BM6986","Customer Purpose","gen14","2026-09-25","16:04:44","7500076519"
"BM6986","Customer Purpose","gen38","2026-09-25","17:24:42","8445333201"
"BM6986","Customer Purpose","gen11","2026-09-25","17:56:02","8445333201"
"BM6986","Customer Purpose","gen2","2026-09-26","12:23:18","8445333201"
"BM6986","Customer Purpose","gen9","2026-09-26","12:31:36","7500076519"
"BM6986","Customer Purpose","gen30","2026-09-26","12:45:23","8445333201"
"BM6986","Customer Purpose","gen15","2026-09-26","13:30:41","7500076519"
"BM6986","Customer Purpose","gen31","2026-09-26","13:38:32","7500076519"
"BM6986","Packet Counting","gen31","2026-09-26","16:30:37","8445333201"
"BM6986","Customer Purpose","gen10","2026-09-26","18:23:20","8445333201"
"BM6986","Customer Purpose","gen9","2026-09-27","14:48:53","7500076519"
"BM7013","Audit Purpose","gen20","2026-09-21","10:15:43","9395319582"
"BM7013","Audit Purpose","gen24","2026-09-21","12:08:27","9395319582"
"BM7013","Audit Purpose","gen12","2026-09-21","13:16:21","7002590260"
"BM7013","Audit Purpose","gen10","2026-09-21","14:17:29","9395319582"
"BM7013","Audit Purpose","gen12","2026-09-21","15:11:15","9395319582"
"BM7013","Audit Purpose","gen26","2026-09-21","16:09:52","9395319582"
"BM7013","Audit Purpose","gen6","2026-09-21","16:43:21","9957325955"
"BM7013","Audit Purpose","gen20","2026-09-21","17:37:33","9395319582"
"BM7013","Audit Purpose","gen14","2026-09-21","18:40:27","7002590260"
"BM7013","Audit Purpose","gen14","2026-09-22","10:51:08","7002590260"
"BM7013","Audit Purpose","gen10","2026-09-22","11:56:14","9957325955"
"BM7013","Audit Purpose","gen15","2026-09-22","13:04:46","7002590260"
"BM7013","Audit Purpose","gen7","2026-09-22","14:20:10","9957325955"
"BM7013","Audit Purpose","gen29","2026-09-22","15:28:26","9395319582"
"BM7013","Audit Purpose","gen9","2026-09-22","16:34:46","9395319582"
"BM7013","Audit Purpose","gen15","2026-09-22","17:31:03","7002590260"
"BM7013","Audit Purpose","gen4","2026-09-22","18:24:05","9957325955"
"BM7013","Audit Purpose","gen1","2026-09-23","11:10:05","9957325955"
"BM7013","Audit Purpose","gen10","2026-09-23","12:16:57","9957325955"
"BM7013","Customer Purpose","gen25","2026-09-23","16:10:27","9957325955"
"BM7013","Customer Purpose","gen15","2026-09-23","16:33:52","9395319582"
"BM7013","Final Vault Closing","gen26","2026-09-23","18:50:33","9957325955"
"BM7013","Customer Purpose","gen6","2026-09-24","10:54:02","7002590260"
"BM7013","Customer Purpose","gen13","2026-09-24","11:54:54","9395319582"
"BM7013","Customer Purpose","gen3","2026-09-24","15:44:31","9395319582"
"BM7013","Customer Purpose","gen22","2026-09-24","17:32:24","7002590260"
"BM7013","Customer Purpose","gen21","2026-09-24","17:46:11","9957325955"
"BM7013","Final Vault Closing","gen","2026-09-24","18:23:11","9395319582"
"BM7013","Customer Purpose","gen25","2026-09-25","10:30:33","7002590260"
"BM7013","Customer Purpose","gen1","2026-09-25","11:18:07","9395319582"
"BM7013","Customer Purpose","gen17","2026-09-25","12:00:02","9957325955"
"BM7013","Customer Purpose","gen11","2026-09-25","14:10:54","9395319582"
"BM7013","Final Vault Closing","gen5","2026-09-25","18:04:37","9957325955"
"BM7013","Customer Purpose","gen49","2026-09-26","10:18:44","9395319582"
"BM7013","Customer Purpose","gen20","2026-09-26","11:26:11","9395319582"
"BM7013","Customer Purpose","gen20","2026-09-26","12:09:14","9957325955"
"BM7013","Customer Purpose","gen9","2026-09-26","12:52:46","9395319582"
"BM7013","Customer Purpose","gen10","2026-09-26","13:26:33","9395319582"
"BM7013","Customer Purpose","gen1","2026-09-26","14:53:09","9957325955"
"BM7013","Customer Purpose","gen2","2026-09-26","17:30:07","9395319582"
"BM7013","Final Vault Closing","gen6","2026-09-26","18:02:16","7002590260"
"BM7013","Final Vault Closing","gen11","2026-09-27","14:12:45","9957325955"
"BM7034","Customer Purpose","gen6","2026-09-21","10:47:38","9991434131"
"BM7034","Customer Purpose","gen32","2026-09-21","11:40:31","9991434131"
"BM7034","Customer Purpose","gen20","2026-09-21","12:25:52","9991434131"
"BM7034","Customer Purpose","gen10","2026-09-21","12:43:49","9991434131"
"BM7034","Customer Purpose","gen11","2026-09-21","12:53:03","8708744852"
"BM7034","Customer Purpose","gen1","2026-09-21","13:05:40","9991434131"
"BM7034","Customer Purpose","gen16","2026-09-21","13:15:17","8708744852"
"BM7034","Packet Counting","gen28","2026-09-21","13:43:52","9991434131"
"BM7034","Other Purpose","gen17","2026-09-21","14:30:04","9991434131"
"BM7034","Packet Counting","gen30","2026-09-21","15:25:54","9991434131"
"BM7034","Packet Counting","gen24","2026-09-21","16:11:01","9991434131"
"BM7034","Packet Counting","gen29","2026-09-21","17:01:08","8708744852"
"BM7034","Final Vault Closing","gen43","2026-09-21","18:11:57","8708744852"
"BM7034","Customer Purpose","gen9","2026-09-22","12:04:43","9991434131"
"BM7034","Customer Purpose","gen6","2026-09-22","14:36:08","8708744852"
"BM7034","Final Vault Closing","gen11","2026-09-22","18:19:40","9991434131"
"BM7034","Customer Purpose","gen27","2026-09-23","11:04:11","8708744852"
"BM7034","Customer Purpose","gen50","2026-09-23","11:46:34","8708744852"
"BM7034","Customer Purpose","gen1","2026-09-23","11:55:38","8708744852"
"BM7034","Customer Purpose","gen11","2026-09-23","12:55:18","8708744852"
"BM7034","Customer Purpose","gen2","2026-09-23","14:16:37","8708744852"
"BM7034","Customer Purpose","gen35","2026-09-23","15:03:39","8708744852"
"BM7034","Customer Purpose","gen14","2026-09-23","15:59:59","8708744852"
"BM7034","Customer Purpose","gen11","2026-09-23","16:56:05","8708744852"
"BM7034","Final Vault Closing","gen23","2026-09-23","18:23:26","8708744852"
"BM7034","Customer Purpose","gen36","2026-09-24","10:30:43","9991434131"
"BM7034","Customer Purpose","gen3","2026-09-24","10:56:38","8708744852"
"BM7034","Audit Purpose","gen30","2026-09-24","11:17:39","9991434131"
"BM7034","Customer Purpose","gen30","2026-09-24","12:17:57","8708744852"
"BM7034","Customer Purpose","gen3","2026-09-24","12:50:21","9991434131"
"BM7034","Customer Purpose","gen24","2026-09-24","13:12:32","9991434131"
"BM7034","Customer Purpose","gen30","2026-09-24","13:26:19","9991434131"
"BM7034","Customer Purpose","gen25","2026-09-24","14:46:30","9991434131"
"BM7034","Customer Purpose","gen15","2026-09-24","16:14:52","9991434131"
"BM7034","Final Vault Closing","gen49","2026-09-24","18:17:43","8708744852"
"BM7034","Customer Purpose","gen6","2026-09-25","11:27:44","8708744852"
"BM7034","Customer Purpose","gen8","2026-09-25","11:50:28","9991434131"
"BM7034","Final Vault Closing","iifl4","2026-09-25","18:04:37","8708744852"
"BM7034","Final Vault Closing","gen18","2026-09-26","17:42:54","8708744852"
"BM7241","Customer Purpose","gen20","2026-09-21","11:54:50","7827373327"
"BM7241","Customer Purpose","gen1","2026-09-21","12:05:37","7827373327"
"BM7241","Customer Purpose","gen11","2026-09-21","12:59:02","7827373327"
"BM7241","Customer Purpose","gen14","2026-09-21","13:07:53","7827373327"
"BM7241","Customer Purpose","gen35","2026-09-21","14:07:40","7827373327"
"BM7241","Customer Purpose","gen26","2026-09-21","14:25:20","7827373327"
"BM7241","Customer Purpose","gen16","2026-09-21","15:28:44","7827373327"
"BM7241","Final Vault Closing","gen25","2026-09-21","18:13:42","7827373327"
"BM7241","Customer Purpose","gen2","2026-09-22","11:53:46","7827373327"
"BM7241","Customer Purpose","gen6","2026-09-22","14:43:17","8930349279"
"BM7241","Customer Purpose","gen37","2026-09-22","16:29:32","8930349279"
"BM7241","Customer Purpose","gen2","2026-09-22","17:29:13","8930349279"
"BM7241","Final Vault Closing","gen11","2026-09-22","18:08:44","7503113250"
"BM7241","Audit Purpose","gen34","2026-09-23","10:50:17","7827373327"
"BM7241","Audit Purpose","gen","2026-09-23","11:37:39","7827373327"
"BM7241","Audit Purpose","gen22","2026-09-23","13:14:52","7827373327"
"BM7241","Audit Purpose","gen1","2026-09-23","15:43:19","7827373327"
"BM7241","Audit Purpose","gen2","2026-09-23","16:32:04","7827373327"
"BM7241","Audit Purpose","gen50","2026-09-23","17:57:43","7827373327"
"BM7241","Final Vault Closing","gen","2026-09-23","18:51:13","7503113250"
"BM7241","Customer Purpose","gen30","2026-09-24","10:56:12","7827373327"
"BM7241","Customer Purpose","gen1","2026-09-24","12:16:39","7827373327"
"BM7241","Customer Purpose","gen26","2026-09-24","13:22:25","7827373327"
"BM7241","Customer Purpose","gen29","2026-09-24","13:42:08","7827373327"
"BM7241","Customer Purpose","gen7","2026-09-24","17:07:13","7827373327"
"BM7241","Customer Purpose","gen31","2026-09-24","17:16:34","7827373327"
"BM7241","Final Vault Closing","gen36","2026-09-24","18:02:18","7827373327"
"BM7241","Customer Purpose","gen1","2026-09-25","10:50:01","7827373327"
"BM7241","Customer Purpose","gen10","2026-09-25","13:31:30","7827373327"
"BM7241","Customer Purpose","gen33","2026-09-25","14:27:45","7503113250"
"BM7241","Customer Purpose","gen25","2026-09-25","15:09:02","7827373327"
"BM7241","Customer Purpose","gen21","2026-09-25","15:30:03","7503113250"
"BM7241","Customer Purpose","gen","2026-09-25","16:05:21","7827373327"
"BM7241","Final Vault Closing","iifl6","2026-09-25","18:25:54","7827373327"
"BM7241","Customer Purpose","gen11","2026-09-26","10:43:09","8930349279"
"BM7241","Customer Purpose","gen26","2026-09-26","10:54:57","8930349279"
"BM7241","Customer Purpose","gen36","2026-09-26","11:02:16","7827373327"
"BM7241","Customer Purpose","gen20","2026-09-26","11:21:40","7827373327"
"BM7241","Packet Counting","gen9","2026-09-26","12:05:20","7827373327"
"BM7241","Customer Purpose","gen26","2026-09-26","15:46:35","8930349279"
"BM7241","Packet Counting","gen23","2026-09-26","15:59:25","8930349279"
"BM7241","Final Vault Closing","gen35","2026-09-26","17:51:35","7827373327"
"BM7308","Customer Purpose","gen14","2026-09-21","12:25:28","7906015258"
"BM7308","Customer Purpose","gen2","2026-09-21","14:14:21","7906015258"
"BM7308","Customer Purpose","gen19","2026-09-21","15:45:30","7906015258"
"BM7308","Customer Purpose","gen32","2026-09-21","16:40:38","9125855975"
"BM7308","Packet Counting","gen50","2026-09-21","16:51:48","T COUNTING"
"BM7308","Final Vault Closing","gen29","2026-09-21","18:13:15","7906015258"
"BM7308","Customer Purpose","gen37","2026-09-22","10:34:18","7906015258"
"BM7308","Customer Purpose","gen32","2026-09-22","11:02:50","7906015258"
"BM7308","Customer Purpose","gen11","2026-09-22","13:28:24","7906015258"
"BM7308","Customer Purpose","gen6","2026-09-22","14:50:40","7906015258"
"BM7308","Customer Purpose","gen39","2026-09-22","15:42:45","7652050713"
"BM7308","Customer Purpose","gen33","2026-09-22","16:15:09","7906015258"
"BM7308","Final Vault Closing","gen13","2026-09-22","18:03:38","7906015258"
"BM7308","Customer Purpose","gen22","2026-09-23","10:48:59","9125855975"
"BM7308","Customer Purpose","gen15","2026-09-23","12:38:43","9125855975"
"BM7308","Customer Purpose","gen18","2026-09-23","13:28:37","9125855975"
"BM7308","Audit Purpose","gen5","2026-09-23","14:01:50","7906015258"
"BM7308","Audit Purpose","gen25","2026-09-23","14:39:35","7906015258"
"BM7308","Audit Purpose","gen16","2026-09-23","16:12:54","9125855975"
"BM7308","Customer Purpose","gen18","2026-09-23","16:43:16","7906015258"
"BM7308","Audit Purpose","gen33","2026-09-23","17:22:11","9125855975"
"BM7308","Final Vault Closing","gen30","2026-09-23","18:30:47","7906015258"
"BM7308","Audit Purpose","gen3","2026-09-24","10:35:15","9125855975"
"BM7308","Customer Purpose","gen19","2026-09-24","11:31:39","7906015258"
"BM7308","Audit Purpose","gen31","2026-09-24","11:51:24","7906015258"
"BM7308","Customer Purpose","gen","2026-09-24","12:42:41","7906015258"
"BM7308","Audit Purpose","gen7","2026-09-24","13:45:10","7906015258"
"BM7308","Customer Purpose","gen37","2026-09-24","14:25:59","7906015258"
"BM7308","Audit Purpose","gen21","2026-09-24","14:59:06","7906015258"
"BM7308","Customer Purpose","gen4","2026-09-24","15:42:24","7906015258"
"BM7308","Audit Purpose","gen38","2026-09-24","16:00:13","7906015258"
"BM7308","Audit Purpose","gen37","2026-09-24","17:12:43","7906015258"
"BM7308","Audit Purpose","gen20","2026-09-24","17:56:29","9125855975"
"BM7308","Audit Purpose","iifl5","2026-09-24","19:18:44","9125855975"
"BM7308","Customer Purpose","gen7","2026-09-25","13:00:28","7906015258"
"BM7308","Customer Purpose","gen12","2026-09-25","14:01:17","7906015258"
"BM7308","Customer Purpose","gen23","2026-09-25","15:09:42","7652050713"
"BM7308","Customer Purpose","gen33","2026-09-25","15:51:19","7906015258"
"BM7308","Customer Purpose","gen14","2026-09-25","16:53:56","7906015258"
"BM7308","Final Vault Closing","gen28","2026-09-25","18:02:15","7906015258"
"BM7308","Customer Purpose","gen2","2026-09-26","12:05:01","7906015258"
"BM7308","Customer Purpose","gen2","2026-09-26","13:00:15","7652050713"
"BM7308","Final Vault Closing","gen17","2026-09-26","17:11:37","9125855975"
"BM7308","Customer Purpose","gen29","2026-09-27","11:53:28","9125855975"
"BM7308","Customer Purpose","gen31","2026-09-27","12:12:04","9125855975"
"BM7308","Customer Purpose","gen11","2026-09-27","13:20:33","9125855975"
"BM7308","Customer Purpose","gen22","2026-09-27","13:51:27","7906015258"
"BM7326","Customer Purpose","gen15","2026-09-21","11:29:39","6387494292"
"BM7326","Customer Purpose","gen12","2026-09-21","12:16:03","6387494292"
"BM7326","Customer Purpose","gen35","2026-09-21","13:58:05","6387494292"
"BM7326","Customer Purpose","gen22","2026-09-21","14:29:26","6387494292"
"BM7326","Customer Purpose","gen23","2026-09-21","15:07:03","8687952918"
"BM7326","Final Vault Closing","gen41","2026-09-21","18:44:33","6387494292"
"BM7326","Customer Purpose","gen6","2026-09-22","14:53:28","6387494292"
"BM7326","Customer Purpose","gen27","2026-09-22","15:52:04","6387494292"
"BM7326","Final Vault Closing","gen13","2026-09-22","18:11:35","6387494292"
"BM7326","Customer Purpose","gen1","2026-09-23","11:01:05","8687952918"
"BM7326","Customer Purpose","gen39","2026-09-23","14:30:23","8687952918"
"BM7326","Customer Purpose","gen","2026-09-23","14:45:54","8687952918"
"BM7326","Customer Purpose","gen9","2026-09-23","16:03:24","8687952918"
"BM7326","Customer Purpose","gen35","2026-09-23","18:23:10","8687952918"
"BM7326","Final Vault Closing","iifl3","2026-09-23","19:42:26","8687952918"
"BM7326","Audit Purpose","gen3","2026-09-24","11:46:57","9161998413"
"BM7326","Customer Purpose","gen25","2026-09-24","12:50:30","9161998413"
"BM7326","Customer Purpose","gen20","2026-09-24","14:18:32","9161998413"
"BM7326","Audit Purpose","gen38","2026-09-24","14:55:37","9161998413"
"BM7326","Audit Purpose","gen36","2026-09-24","16:39:52","9161998413"
"BM7326","Audit Purpose","gen19","2026-09-24","18:03:33","9161998413"
"BM7326","Customer Purpose","gen12","2026-09-25","13:36:38","9161998413"
"BM7326","Customer Purpose","gen12","2026-09-25","15:28:35","8687952918"
"BM7326","Final Vault Closing","gen39","2026-09-25","18:19:49","9161998413"
"BM7326","Customer Purpose","gen32","2026-09-26","11:50:14","9161998413"
"BM7326","Packet Counting","gen18","2026-09-26","14:20:00","8687952918"
"BM7326","Packet Counting","gen21","2026-09-26","15:05:36","9161998413"
"BM7326","Final Vault Closing","gen32","2026-09-26","18:22:11","9161998413"
"BM7326","Customer Purpose","gen25","2026-09-27","11:14:10","8687952918"
"BM7326","Customer Purpose","gen10","2026-09-27","12:57:19","9161998413"
"BM7333","Customer Purpose","gen39","2026-09-21","12:28:10","7457810547"
"BM7333","Customer Purpose","gen17","2026-09-21","13:15:26","7457810547"
"BM7333","Customer Purpose","gen22","2026-09-21","15:03:45","6396842008"
"BM7333","Customer Purpose","gen6","2026-09-21","15:51:28","7457810547"
"BM7333","Customer Purpose","gen20","2026-09-21","16:24:19","6396842008"
"BM7333","Final Vault Closing","iifl7","2026-09-21","19:31:49","7457810547"
"BM7333","Customer Purpose","gen30","2026-09-22","11:17:21","6396842008"
"BM7333","Customer Purpose","gen1","2026-09-22","11:59:17","7457810547"
"BM7333","Customer Purpose","gen15","2026-09-22","12:07:43","6396842008"
"BM7333","Customer Purpose","gen30","2026-09-22","12:19:49","6396842008"
"BM7333","Customer Purpose","gen3","2026-09-22","12:28:41","7457810547"
"BM7333","Packet Counting","gen34","2026-09-22","13:09:12","8433196218"
"BM7333","Packet Counting","gen19","2026-09-22","13:24:13","8433196218"
"BM7333","Packet Counting","gen6","2026-09-22","14:08:55","6396842008"
"BM7333","Final Vault Closing","gen26","2026-09-22","18:34:54","6396842008"
"BM7333","Customer Purpose","gen27","2026-09-23","10:54:22","6396842008"
"BM7333","Customer Purpose","gen18","2026-09-23","11:16:39","6396842008"
"BM7333","Customer Purpose","gen","2026-09-23","12:30:18","6396842008"
"BM7333","Customer Purpose","gen21","2026-09-23","13:30:20","7457810547"
"BM7333","Final Vault Closing","gen11","2026-09-23","18:37:33","6396842008"
"BM7333","Customer Purpose","gen25","2026-09-24","11:15:42","6396842008"
"BM7333","Customer Purpose","gen17","2026-09-24","11:20:39","7457810547"
"BM7333","Customer Purpose","gen20","2026-09-24","11:28:49","6396842008"
"BM7333","Customer Purpose","gen10","2026-09-24","11:35:31","6396842008"
"BM7333","Customer Purpose","gen16","2026-09-24","12:07:23","6396842008"
"BM7333","Customer Purpose","gen16","2026-09-24","12:51:49","6396842008"
"BM7333","Customer Purpose","gen16","2026-09-24","16:04:38","7457810547"
"BM7333","Final Vault Closing","gen7","2026-09-24","18:30:37","7457810547"
"BM7333","Customer Purpose","gen4","2026-09-25","10:57:36","6396842008"
"BM7333","Customer Purpose","gen36","2026-09-25","11:07:13","6396842008"
"BM7333","Customer Purpose","gen35","2026-09-25","12:35:02","6396842008"
"BM7333","Customer Purpose","gen11","2026-09-25","13:01:21","6396842008"
"BM7333","Customer Purpose","gen29","2026-09-25","13:31:49","6396842008"
"BM7333","Customer Purpose","gen34","2026-09-25","15:38:58","6396842008"
"BM7333","Customer Purpose","gen33","2026-09-25","16:04:12","6396842008"
"BM7333","Customer Purpose","iifl7","2026-09-25","17:29:20","7457810547"
"BM7333","Final Vault Closing","gen9","2026-09-25","18:46:02","7457810547"
"BM7333","Customer Purpose","gen11","2026-09-26","10:56:53","6396842008"
"BM7333","Customer Purpose","gen2","2026-09-26","12:44:29","7457810547"
"BM7333","Customer Purpose","gen8","2026-09-26","13:53:16","6396842008"
"BM7333","Customer Purpose","gen3","2026-09-26","15:15:42","6396842008"
"BM7333","Customer Purpose","gen21","2026-09-26","15:40:43","6396842008"
"BM7333","Final Vault Closing","gen22","2026-09-26","18:45:46","6396842008"
"BM7333","Customer Purpose","gen17","2026-09-27","12:19:35","7457810547"
"BM7333","Customer Purpose","gen38","2026-09-27","12:41:00","8433196218"
"BM7333","Customer Purpose","gen12","2026-09-27","13:10:00","7457810547"
"BM7339","Customer Purpose","gen3","2026-09-21","11:02:39","9760645555"
"BM7339","Customer Purpose","gen4","2026-09-21","13:13:30","9760645555"
"BM7339","Customer Purpose","gen19","2026-09-21","15:13:40","9760645555"
"BM7339","Customer Purpose","gen6","2026-09-21","17:14:09","9690686159"
"BM7339","Customer Purpose","gen2","2026-09-21","17:46:00","7906699066"
"BM7339","Final Vault Closing","gen41","2026-09-21","18:29:13","9760645555"
"BM7339","Customer Purpose","gen26","2026-09-22","11:02:08","9690686159"
"BM7339","Final Vault Closing","gen7","2026-09-22","18:29:17","9760645555"
"BM7339","Customer Purpose","gen5","2026-09-23","10:57:03","9690686159"
"BM7339","Customer Purpose","gen24","2026-09-23","11:01:37","9758465671"
"BM7339","Customer Purpose","gen50","2026-09-23","12:17:20","9690686159"
"BM7339","Customer Purpose","gen2","2026-09-23","14:11:33","9690686159"
"BM7339","Customer Purpose","gen32","2026-09-23","16:14:32","9690686159"
"BM7339","Final Vault Closing","gen36","2026-09-23","18:17:52","9690686159"
"BM7339","Customer Purpose","gen17","2026-09-24","14:09:09","9690686159"
"BM7339","Customer Purpose","gen10","2026-09-24","14:45:51","9690686159"
"BM7339","Packet Counting","gen36","2026-09-24","15:21:54","9690686159"
"BM7339","Customer Purpose","gen31","2026-09-24","16:00:46","9690686159"
"BM7339","Customer Purpose","gen32","2026-09-24","17:20:40","9690686159"
"BM7339","Final Vault Closing","gen37","2026-09-24","18:30:54","9690686159"
"BM7339","Customer Purpose","gen30","2026-09-25","12:03:02","9758465671"
"BM7339","Customer Purpose","gen9","2026-09-25","15:29:23","9690686159"
"BM7339","Final Vault Closing","gen34","2026-09-25","18:32:57","9760645555"
"BM7339","Customer Purpose","gen10","2026-09-26","13:33:03","9758465671"
"BM7339","Packet Counting","gen36","2026-09-26","16:19:50","9690686159"
"BM7339","Packet Counting","gen9","2026-09-26","17:31:48","9690686159"
"BM7339","Packet Counting","gen36","2026-09-26","17:57:23","9690686159"
"BM7339","Customer Purpose","gen33","2026-09-27","14:33:13","9758465671"
"BM7400","Customer Purpose","gen4","2026-09-21","11:44:47","9711664363"
"BM7400","Customer Purpose","gen11","2026-09-21","15:21:38","9711664363"
"BM7400","Customer Purpose","gen29","2026-09-21","16:30:41","9711664363"
"BM7400","Customer Purpose","gen34","2026-09-21","17:38:46","9548855885"
"BM7400","Customer Purpose","gen30","2026-09-22","15:09:12","9548855885"
"BM7400","Customer Purpose","gen6","2026-09-22","15:41:20","9548855885"
"BM7400","Final Vault Closing","gen11","2026-09-22","18:21:04","9548855885"
"BM7400","Customer Purpose","gen15","2026-09-23","11:49:20","9548855885"
"BM7400","Customer Purpose","gen33","2026-09-23","12:59:39","9548855885"
"BM7400","Customer Purpose","gen10","2026-09-23","13:23:35","9548855885"
"BM7400","Customer Purpose","gen5","2026-09-23","15:12:04","9027339738"
"BM7400","Final Vault Closing","gen8","2026-09-23","18:21:36","9711664363"
"BM7400","Customer Purpose","gen33","2026-09-24","11:15:20","9548855885"
"BM7400","Customer Purpose","gen21","2026-09-24","13:17:37","9711664363"
"BM7400","Customer Purpose","gen31","2026-09-24","15:04:30","9711664363"
"BM7400","Customer Purpose","gen31","2026-09-24","16:16:32","9711664363"
"BM7400","Final Vault Closing","gen23","2026-09-24","17:13:38","9711664363"
"BM7400","Customer Purpose","gen32","2026-09-25","11:38:55","9548855885"
"BM7400","Customer Purpose","gen31","2026-09-25","12:02:14","9548855885"
"BM7400","Customer Purpose","gen29","2026-09-25","15:27:25","9027339738"
"BM7400","Customer Purpose","gen36","2026-09-25","17:57:54","9711664363"
"BM7400","Final Vault Closing","gen21","2026-09-25","18:10:00","9548855885"
"BM7400","Customer Purpose","gen34","2026-09-27","12:23:42","9711664363"
"BM7445","Customer Purpose","gen24","2026-09-21","13:53:00","6387861816"
"BM7445","Customer Purpose","gen34","2026-09-21","14:15:54","8858909060"
"BM7445","Customer Purpose","gen11","2026-09-21","14:44:10","8858909060"
"BM7445","Customer Purpose","gen18","2026-09-21","15:50:39","6387861816"
"BM7445","Final Vault Closing","gen30","2026-09-21","18:59:31","8858909060"
"BM7445","Customer Purpose","gen30","2026-09-22","12:57:42","6387861816"
"BM7445","Customer Purpose","gen4","2026-09-22","14:27:18","8858909060"
"BM7445","Customer Purpose","gen39","2026-09-22","16:20:38","8858909060"
"BM7445","Customer Purpose","gen5","2026-09-22","16:42:31","ROZ RIZVI)"
"BM7445","Customer Purpose","gen35","2026-09-22","18:11:32","8858909060"
"BM7445","Final Vault Closing","gen31","2026-09-22","18:37:39","8858909060"
"BM7445","Customer Purpose","gen22","2026-09-23","11:33:27","8858909060"
"BM7445","Customer Purpose","gen36","2026-09-23","11:44:57","8858909060"
"BM7445","Customer Purpose","gen22","2026-09-23","11:57:27","8858909060"
"BM7445","Customer Purpose","gen22","2026-09-23","12:15:02","8858909060"
"BM7445","Customer Purpose","gen22","2026-09-23","12:37:27","8858909060"
"BM7445","Customer Purpose","gen50","2026-09-23","13:51:14","8858909060"
"BM7445","Final Vault Closing","gen2","2026-09-23","18:26:50","8858909060"
"BM7445","Customer Purpose","gen17","2026-09-24","12:17:57","8858909060"
"BM7445","Customer Purpose","gen2","2026-09-24","14:13:24","8858909060"
"BM7445","Customer Purpose","gen3","2026-09-24","14:28:08","8858909060"
"BM7445","Final Vault Closing","gen6","2026-09-24","18:11:06","8858909060"
"BM7445","Customer Purpose","gen1","2026-09-25","12:14:21","8858909060"
"BM7445","Customer Purpose","gen10","2026-09-25","12:38:24","8858909060"
"BM7445","Customer Purpose","gen30","2026-09-25","13:22:32","8858909060"
"BM7445","Customer Purpose","gen29","2026-09-25","13:54:51","8858909060"
"BM7445","Customer Purpose","gen49","2026-09-25","15:07:50","8858909060"
"BM7445","Customer Purpose","gen8","2026-09-25","16:58:50","8858909060"
"BM7445","Final Vault Closing","gen6","2026-09-25","17:55:38","8858909060"
"BM7445","Customer Purpose","gen18","2026-09-26","13:18:32","8754239160"
"BM7445","Final Vault Closing","gen38","2026-09-26","17:49:04","8858909060"
"BM7446","Customer Purpose","gen17","2026-09-21","12:20:21","9682472189"
"BM7446","Customer Purpose","gen14","2026-09-21","13:04:28","9682472189"
"BM7446","Customer Purpose","gen37","2026-09-21","13:43:12","9682472189"
"BM7446","Customer Purpose","gen7","2026-09-21","14:08:33","9682472189"
"BM7446","Customer Purpose","gen17","2026-09-21","15:28:48","8840403464"
"BM7446","Customer Purpose","gen6","2026-09-21","16:52:57","9026331954"
"BM7446","Final Vault Closing","gen12","2026-09-21","17:54:54","9682472189"
"BM7446","Customer Purpose","gen20","2026-09-23","10:53:40","8840403464"
"BM7446","Customer Purpose","gen37","2026-09-23","11:56:30","9682472189"
"BM7446","Customer Purpose","gen11","2026-09-23","12:57:18","9682472189"
"BM7446","Customer Purpose","gen17","2026-09-23","14:32:32","9682472189"
"BM7446","Final Vault Closing","gen22","2026-09-23","17:53:19","8840403464"
"BM7446","Customer Purpose","gen37","2026-09-24","12:22:28","9682472189"
"BM7446","Customer Purpose","gen11","2026-09-24","15:57:12","9682472189"
"BM7446","Final Vault Closing","gen19","2026-09-24","17:51:16","9682472189"
"BM7446","Customer Purpose","gen26","2026-09-25","11:43:45","9682472189"
"BM7446","Customer Purpose","gen38","2026-09-25","12:20:12","9682472189"
"BM7446","Customer Purpose","gen17","2026-09-25","15:48:20","9682472189"
"BM7446","Final Vault Closing","gen7","2026-09-25","18:00:50","9682472189"
"BM7446","Audit Purpose","gen3","2026-09-26","11:09:17","9682472189"
"BM7446","Audit Purpose","gen17","2026-09-26","12:04:25","9682472189"
"BM7446","Audit Purpose","gen21","2026-09-26","12:57:30","9682472189"
"BM7446","Audit Purpose","gen20","2026-09-26","14:00:45","9682472189"
"BM7446","Audit Purpose","gen2","2026-09-26","14:17:54","9682472189"
"BM7446","Final Vault Closing","gen26","2026-09-26","17:35:04","9682472189"
"BM7456","Customer Purpose","gen19","2026-09-21","11:24:05","8455044978"
"BM7456","Customer Purpose","gen27","2026-09-21","12:16:50","8095930155"
"BM7456","Customer Purpose","gen35","2026-09-21","13:51:35","8455044978"
"BM7456","Customer Purpose","gen3","2026-09-21","14:35:01","8455044978"
"BM7456","Customer Purpose","gen25","2026-09-21","15:47:12","8095930155"
"BM7456","Customer Purpose","gen29","2026-09-21","17:30:36","8455044978"
"BM7456","Final Vault Closing","gen20","2026-09-21","18:19:12","8095930155"
"BM7456","Customer Purpose","gen29","2026-09-22","10:27:38","8455044978"
"BM7456","Customer Purpose","gen18","2026-09-22","12:00:14","8455044978"
"BM7456","Customer Purpose","gen27","2026-09-22","13:00:56","8455044978"
"BM7456","Customer Purpose","gen8","2026-09-22","13:34:28","8455044978"
"BM7456","Customer Purpose","gen24","2026-09-22","13:36:24","ED, ALL OK"
"BM7456","Customer Purpose","gen33","2026-09-22","14:31:41","8455044978"
"BM7456","Final Vault Closing","gen37","2026-09-22","18:05:13","8455044978"
"BM7456","Customer Purpose","gen14","2026-09-23","10:51:54","8095930155"
"BM7456","Customer Purpose","gen9","2026-09-23","12:05:49","8455044978"
"BM7456","Customer Purpose","gen8","2026-09-23","13:24:22","8095930155"
"BM7456","Customer Purpose","gen39","2026-09-23","13:56:03","9853943410"
"BM7456","Final Vault Closing","gen32","2026-09-23","18:08:08","8455044978"
"BM7456","Customer Purpose","gen34","2026-09-24","12:38:08","8095930155"
"BM7456","Customer Purpose","gen28","2026-09-24","14:13:46","8455044978"
"BM7456","Final Vault Closing","gen16","2026-09-24","18:14:01","8455044978"
"BM7456","Customer Purpose","gen20","2026-09-25","11:02:10","8455044978"
"BM7456","Customer Purpose","gen17","2026-09-25","13:30:20","8455044978"
"BM7456","Customer Purpose","gen6","2026-09-25","13:35:05","8455044978"
"BM7456","Final Vault Closing","gen30","2026-09-25","17:55:07","8455044978"
"BM7456","Customer Purpose","gen37","2026-09-26","11:18:48","8455044978"
"BM7456","Packet Counting","gen6","2026-09-26","11:58:29","8455044978"
"BM7456","Packet Counting","gen17","2026-09-26","13:18:24","8455044978"
"BM7456","Customer Purpose","gen25","2026-09-26","15:46:00","8455044978"
"BM7456","Final Vault Closing","gen30","2026-09-26","17:50:01","8095930155"
"BM753","Customer Purpose","gen35","2026-09-21","11:25:35","8638110215"
"BM753","Customer Purpose","gen21","2026-09-21","12:47:22","9706729609"
"BM753","Audit Purpose","gen28","2026-09-21","13:17:44","9706729609"
"BM753","Audit Purpose","gen28","2026-09-21","14:24:36","9706729609"
"BM753","Customer Purpose","gen11","2026-09-21","15:41:19","9706729609"
"BM753","Customer Purpose","gen15","2026-09-21","16:12:25","8135055083"
"BM753","Customer Purpose","gen1","2026-09-21","16:23:19","8135055083"
"BM753","Customer Purpose","gen19","2026-09-21","16:36:28","9706729609"
"BM753","Customer Purpose","gen7","2026-09-21","16:46:38","9706729609"
"BM753","Customer Purpose","gen2","2026-09-21","16:59:02","9706729609"
"BM753","Customer Purpose","gen41","2026-09-21","17:09:41","8135055083"
"BM753","Customer Purpose","gen15","2026-09-21","17:33:14","8135055083"
"BM753","Customer Purpose","gen11","2026-09-21","18:11:38","9706729609"
"BM753","Final Vault Closing","gen17","2026-09-21","18:41:30","9706729609"
"BM753","Customer Purpose","gen35","2026-09-22","10:24:30","8135055083"
"BM753","Audit Purpose","gen7","2026-09-22","11:27:16","9706729609"
"BM753","Audit Purpose","gen5","2026-09-22","12:02:29","9706729609"
"BM753","Audit Purpose","gen15","2026-09-22","12:47:27","8135055083"
"BM753","Customer Purpose","gen12","2026-09-22","13:35:59","IT PURPOSE"
"BM753","Audit Purpose","gen14","2026-09-22","14:17:30","8135055083"
"BM753","Customer Purpose","gen30","2026-09-22","15:47:06","8638110215"
"BM753","Customer Purpose","gen32","2026-09-22","16:50:28","9706729609"
"BM753","Customer Purpose","gen39","2026-09-22","17:05:11","9706729609"
"BM753","Customer Purpose","gen6","2026-09-22","18:06:59","8638110215"
"BM753","Customer Purpose","gen31","2026-09-23","10:50:21","8135055083"
"BM753","Customer Purpose","gen1","2026-09-23","11:33:27","8638110215"
"BM753","Customer Purpose","gen21","2026-09-23","12:48:34","8135055083"
"BM753","Customer Purpose","gen34","2026-09-23","13:14:42","9706729609"
"BM753","Customer Purpose","gen14","2026-09-23","13:29:14","8638110215"
"BM753","Final Vault Closing","gen31","2026-09-23","17:54:50","8135055083"
"BM753","Customer Purpose","gen31","2026-09-24","10:12:28","8135055083"
"BM753","Customer Purpose","gen38","2026-09-24","10:44:47","9706729609"
"BM753","Customer Purpose","gen9","2026-09-24","11:41:12","8638110215"
"BM753","Customer Purpose","gen13","2026-09-24","12:15:58","9706729609"
"BM753","Customer Purpose","gen26","2026-09-24","13:10:53","9706729609"
"BM753","Customer Purpose","gen7","2026-09-24","13:53:51","8135055083"
"BM753","Customer Purpose","gen5","2026-09-24","14:11:40","9706729609"
"BM753","Customer Purpose","gen22","2026-09-24","14:43:31","8135055083"
"BM753","Customer Purpose","gen31","2026-09-24","15:10:27","8135055083"
"BM753","Customer Purpose","gen23","2026-09-24","15:37:00","9706729609"
"BM753","Customer Purpose","gen39","2026-09-24","16:09:31","8135055083"
"BM753","Customer Purpose","gen14","2026-09-24","16:22:51","9706729609"
"BM753","Customer Purpose","gen8","2026-09-24","17:21:20","8638110215"
"BM753","Customer Purpose","gen20","2026-09-24","17:27:56","8638110215"
"BM753","Final Vault Closing","gen36","2026-09-24","18:57:21","9706729609"
"BM753","Customer Purpose","gen22","2026-09-25","10:51:01","9706729609"
"BM753","Customer Purpose","gen30","2026-09-25","10:54:22","8135055083"
"BM753","Customer Purpose","gen18","2026-09-25","12:45:01","9706729609"
"BM753","Customer Purpose","gen1","2026-09-25","13:20:15","9706729609"
"BM753","Customer Purpose","gen36","2026-09-25","14:25:10","8638110215"
"BM753","Customer Purpose","gen4","2026-09-25","15:09:05","9706729609"
"BM753","Customer Purpose","gen37","2026-09-25","16:58:57","8638110215"
"BM753","Customer Purpose","gen20","2026-09-25","18:14:38","8638110215"
"BM753","Final Vault Closing","gen36","2026-09-25","18:40:15","8638110215"
"BM753","Customer Purpose","gen32","2026-09-26","11:11:41","9706729609"
"BM753","Customer Purpose","gen34","2026-09-26","12:11:29","8638110215"
"BM753","Customer Purpose","gen18","2026-09-26","12:38:02","8135055083"
"BM753","Other Purpose","gen22","2026-09-26","14:22:04","8638110215"
"BM753","Customer Purpose","gen30","2026-09-26","14:48:46","8638110215"
"BM753","Customer Purpose","gen12","2026-09-26","15:18:22","8638110215"
"BM753","Customer Purpose","gen8","2026-09-26","17:46:29","8135055083"
"BM753","Final Vault Closing","iifl3","2026-09-26","19:05:55","8135055083"
"BM7533","Customer Purpose","gen16","2026-09-21","10:46:10","9078281799"
"BM7533","Customer Purpose","gen39","2026-09-21","11:22:18","9078281799"
"BM7533","Customer Purpose","gen7","2026-09-21","16:31:13","9078281799"
"BM7533","Final Vault Closing","gen29","2026-09-21","18:10:12","9078281799"
"BM7533","Customer Purpose","gen3","2026-09-22","10:26:36","8018754879"
"BM7533","Customer Purpose","gen33","2026-09-22","10:51:15","8018754879"
"BM7533","Customer Purpose","gen3","2026-09-22","14:37:21","8018754879"
"BM7533","Customer Purpose","gen10","2026-09-22","16:01:19","8018754879"
"BM7533","Customer Purpose","gen23","2026-09-22","16:40:31","7978160593"
"BM7533","Final Vault Closing","gen17","2026-09-22","17:56:10","9078281799"
"BM7533","Customer Purpose","gen28","2026-09-23","11:37:15","9078281799"
"BM7533","Customer Purpose","gen15","2026-09-23","15:26:40","7978160593"
"BM7533","Final Vault Closing","gen3","2026-09-23","17:37:33","8018754879"
"BM7533","Customer Purpose","gen23","2026-09-24","11:19:58","7978160593"
"BM7533","Customer Purpose","gen34","2026-09-24","11:31:31","9078281799"
"BM7533","Customer Purpose","gen33","2026-09-24","12:34:50","8018754879"
"BM7533","Final Vault Closing","gen34","2026-09-24","17:57:30","9078281799"
"BM7533","Customer Purpose","gen31","2026-09-25","10:53:40","9078281799"
"BM7533","Customer Purpose","gen33","2026-09-25","11:02:52"," CUSTODIAN"
"BM7533","Customer Purpose","gen16","2026-09-25","11:19:46","9078281799"
"BM7533","Customer Purpose","gen11","2026-09-25","11:32:07","8018754879"
"BM7533","Customer Purpose","gen15","2026-09-25","11:42:22","8018754879"
"BM7533","Customer Purpose","gen38","2026-09-25","12:06:32","8018754879"
"BM7533","Customer Purpose","gen","2026-09-25","12:30:13","7978160593"
"BM7533","Customer Purpose","gen34","2026-09-25","13:30:43","0782817991"
"BM7533","Customer Purpose","gen6","2026-09-25","14:13:46","8018754879"
"BM7533","Customer Purpose","gen32","2026-09-25","16:06:17","7978160593"
"BM7533","Final Vault Closing","gen23","2026-09-25","18:10:46","9078281799"
"BM7533","Customer Purpose","gen3","2026-09-26","10:17:55","7978160593"
"BM7533","Customer Purpose","gen31","2026-09-26","11:20:00","9078281799"
"BM7533","Customer Purpose","gen32","2026-09-26","12:07:11","9078281799"
"BM7533","Customer Purpose","gen1","2026-09-26","12:45:46","9078281799"
"BM7533","Packet Counting","gen12","2026-09-26","13:31:32","9078281799"
"BM7533","Customer Purpose","gen34","2026-09-26","15:34:28","9078281799"
"BM7533","Final Vault Closing","gen25","2026-09-26","17:45:28","8018754879"
"BM7533","Customer Purpose","gen33","2026-09-27","14:51:27","9078281799"
"BM7556","Customer Purpose","gen2","2026-09-21","10:59:07","9927491322"
"BM7556","Customer Purpose","gen30","2026-09-21","11:21:17","8057897674"
"BM7556","Customer Purpose","gen39","2026-09-21","12:30:27","9927491322"
"BM7556","Customer Purpose","gen14","2026-09-21","13:01:41","9927491322"
"BM7556","Customer Purpose","gen6","2026-09-21","14:28:51","9927491322"
"BM7556","Customer Purpose","gen9","2026-09-21","14:44:26","9927491322"
"BM7556","Customer Purpose","gen19","2026-09-21","15:03:42","8057897674"
"BM7556","Customer Purpose","gen43","2026-09-21","15:39:50","9927491322"
"BM7556","Final Vault Closing","gen26","2026-09-21","17:42:49","9927491322"
"BM7556","Customer Purpose","gen5","2026-09-22","11:34:27","7818836229"
"BM7556","Customer Purpose","gen13","2026-09-22","11:57:49","8057897674"
"BM7556","Customer Purpose","gen24","2026-09-22","13:41:54","9927491322"
"BM7556","Customer Purpose","gen27","2026-09-22","14:18:47","9927491322"
"BM7556","Customer Purpose","gen23","2026-09-22","15:10:42","9927491322"
"BM7556","Customer Purpose","gen23","2026-09-22","15:29:14","8057897674"
"BM7556","Customer Purpose","gen41","2026-09-22","15:38:07","7818836229"
"BM7556","Customer Purpose","gen4","2026-09-22","15:54:19","8057897674"
"BM7556","Customer Purpose","gen21","2026-09-22","16:55:31","8057897674"
"BM7556","Customer Purpose","gen31","2026-09-22","17:48:17","8057897674"
"BM7556","Final Vault Closing","gen3","2026-09-22","18:34:35","7818836229"
"BM7556","Customer Purpose","gen37","2026-09-23","10:38:15","9927491322"
"BM7556","Customer Purpose","gen11","2026-09-23","11:17:11","8057897674"
"BM7556","Customer Purpose","gen32","2026-09-23","11:32:13","9927491322"
"BM7556","Customer Purpose","gen15","2026-09-23","11:41:09","9927491322"
"BM7556","Customer Purpose","gen","2026-09-23","12:34:51","8057897674"
"BM7556","Customer Purpose","gen1","2026-09-23","13:22:55","9927491322"
"BM7556","Customer Purpose","gen23","2026-09-23","15:41:48","9927491322"
"BM7556","Customer Purpose","gen10","2026-09-23","15:53:32","7818836229"
"BM7556","Final Vault Closing","gen34","2026-09-23","18:20:54","8057897674"
"BM7556","Customer Purpose","gen9","2026-09-24","11:04:59","7818836229"
"BM7556","Customer Purpose","gen10","2026-09-24","11:26:04","9927491322"
"BM7556","Customer Purpose","gen36","2026-09-24","11:46:54","7818836229"
"BM7556","Customer Purpose","gen26","2026-09-24","12:40:26","8057897674"
"BM7556","Customer Purpose","gen30","2026-09-24","12:48:11","9927491322"
"BM7556","Customer Purpose","gen11","2026-09-24","13:09:58","9927491322"
"BM7556","Customer Purpose","gen30","2026-09-24","13:23:43","9927491322"
"BM7556","Customer Purpose","gen13","2026-09-24","14:31:43","8057897674"
"BM7556","Customer Purpose","gen8","2026-09-24","14:58:56","7818836229"
"BM7556","Customer Purpose","gen17","2026-09-24","15:10:23","8057897674"
"BM7556","Customer Purpose","gen17","2026-09-24","15:16:10","9927491322"
"BM7556","Customer Purpose","gen29","2026-09-24","15:24:35","9927491322"
"BM7556","Customer Purpose","gen16","2026-09-24","15:51:45","8057897674"
"BM7556","Customer Purpose","gen31","2026-09-24","16:13:31","9927491322"
"BM7556","Customer Purpose","gen30","2026-09-24","16:39:11","9927491322"
"BM7556","Final Vault Closing","gen20","2026-09-24","17:51:20","9927491322"
"BM7556","Customer Purpose","gen4","2026-09-25","10:54:22","7818836229"
"BM7556","Customer Purpose","gen1","2026-09-25","11:22:22","7818836229"
"BM7556","Customer Purpose","gen24","2026-09-25","11:38:11","9927491322"
"BM7556","Customer Purpose","gen5","2026-09-25","11:58:02","7818836229"
"BM7556","Customer Purpose","gen29","2026-09-25","13:12:35","9927491322"
"BM7556","Customer Purpose","gen7","2026-09-25","13:55:18","8057897674"
"BM7556","Customer Purpose","gen23","2026-09-25","14:37:24","9927491322"
"BM7556","Customer Purpose","iifl4","2026-09-25","17:26:31","7818836229"
"BM7556","Customer Purpose","gen9","2026-09-25","17:59:45","8057897674"
"BM7556","Final Vault Closing","gen2","2026-09-25","18:10:16","9927491322"
"BM7556","Customer Purpose","gen25","2026-09-26","11:25:33","9927491322"
"BM7556","Customer Purpose","gen37","2026-09-26","13:23:05","9927491322"
"BM7556","Customer Purpose","gen10","2026-09-26","14:45:49","9927491322"
"BM7556","Customer Purpose","gen35","2026-09-26","17:22:54","9927491322"
"BM7556","Final Vault Closing","gen22","2026-09-26","17:46:37","9927491322"
"BM7556","Customer Purpose","gen24","2026-09-27","10:47:24","8057897674"
"BM7556","Customer Purpose","gen8","2026-09-27","11:09:08","8057897674"
"BM7556","Customer Purpose","gen10","2026-09-27","11:47:21","8057897674"
"BM7556","Customer Purpose","gen9","2026-09-27","14:02:57","9927491322"
"BM7556","Customer Purpose","gen30","2026-09-27","14:30:22","9927491322"
"BM7578","Audit Purpose","gen22","2026-09-21","10:15:01","6370431138"
"BM7578","Audit Purpose","gen22","2026-09-21","11:17:19","7609087501"
"BM7578","Audit Purpose","gen10","2026-09-21","11:54:43","7609087501"
"BM7578","Audit Purpose","gen29","2026-09-21","13:20:16","7609087501"
"BM7578","Audit Purpose","gen7","2026-09-21","14:49:14","9556167848"
"BM7578","Audit Purpose","gen2","2026-09-21","16:44:00","6370431138"
"BM7578","Customer Purpose","gen22","2026-09-21","17:58:53","9556167848"
"BM7578","Final Vault Closing","gen22","2026-09-21","18:58:30","6370431138"
"BM7578","Audit Purpose","gen7","2026-09-22","10:26:40","9556167848"
"BM7578","Audit Purpose","gen6","2026-09-22","12:01:26","9556167848"
"BM7578","Audit Purpose","gen15","2026-09-22","16:14:53","6370431138"
"BM7578","Audit Purpose","gen6","2026-09-22","17:38:44","6370431138"
"BM7578","Customer Purpose","gen22","2026-09-23","14:21:08","6370431138"
"BM7578","Final Vault Closing","gen18","2026-09-23","17:56:31","9556167848"
"BM7578","Packet Counting","gen37","2026-09-24","12:01:50","9556167848"
"BM7578","Customer Purpose","gen34","2026-09-24","12:32:09","9556167848"
"BM7578","Customer Purpose","gen8","2026-09-24","12:44:29","6370431138"
"BM7578","Customer Purpose","gen22","2026-09-24","13:06:05","9556167848"
"BM7578","Customer Purpose","gen","2026-09-24","13:55:36","7609087501"
"BM7578","Final Vault Closing","gen","2026-09-24","17:53:10","7609087501"
"BM7578","Customer Purpose","gen7","2026-09-25","11:08:58","6370431138"
"BM7578","Customer Purpose","gen15","2026-09-25","13:40:01","6370431138"
"BM7578","Customer Purpose","gen31","2026-09-25","18:01:32","9556167848"
"BM7578","Customer Purpose","gen6","2026-09-26","10:08:05","9556167848"
"BM7578","Customer Purpose","gen9","2026-09-26","11:27:55","9556167848"
"BM7578","Customer Purpose","gen34","2026-09-26","13:37:07","9556167848"
"BM7578","Packet Counting","gen15","2026-09-26","15:38:02","7609087501"
"BM7578","Packet Counting","gen30","2026-09-26","15:47:36","7609087501"
"BM7578","Packet Counting","gen17","2026-09-26","16:30:36","9556167848"
"BM7578","Packet Counting","gen33","2026-09-26","17:20:16","9556167848"
"BM7578","Packet Counting","gen30","2026-09-26","17:43:21","9556167848"
"BM7578","Final Vault Closing","gen5","2026-09-26","18:27:24","9556167848"
"BM7578","Packet Counting","gen32","2026-09-27","11:02:18","7609087501"
"BM7578","Packet Counting","gen10","2026-09-27","11:51:13","9556167848"
"BM7578","Customer Purpose","gen36","2026-09-27","14:01:37","6370431138"
"BM7606","Customer Purpose","gen17","2026-09-21","13:39:41","9557330803"
"BM7606","Customer Purpose","gen33","2026-09-21","15:11:53","9557330803"
"BM7606","Customer Purpose","gen1","2026-09-21","17:09:28","9557330803"
"BM7606","Final Vault Closing","gen2","2026-09-21","18:04:58","9557330803"
"BM7606","Customer Purpose","gen39","2026-09-22","12:43:17","7500452183"
"BM7606","Final Vault Closing","gen25","2026-09-22","18:16:15","7500452183"
"BM7606","Customer Purpose","gen16","2026-09-23","11:46:11","9557330803"
"BM7606","Final Vault Closing","gen32","2026-09-23","18:14:30","9557330803"
"BM7606","Customer Purpose","gen11","2026-09-24","11:37:59","9557330803"
"BM7606","Audit Purpose","gen36","2026-09-24","12:13:05","7500452183"
"BM7606","Audit Purpose","iifl6","2026-09-24","13:32:38","9557330803"
"BM7606","Audit Purpose","iifl6","2026-09-24","16:02:25","9557330803"
"BM7606","Audit Purpose","gen19","2026-09-24","17:48:39","9557330803"
"BM7606","Final Vault Closing","gen17","2026-09-24","18:49:15","

  18;20"
"BM7606","Audit Purpose","gen19","2026-09-25","11:48:18","9557330803"
"BM7606","Audit Purpose","gen38","2026-09-25","13:27:54","9557330803"
"BM7606","Audit Purpose","gen3","2026-09-25","14:50:24","9557330803"
"BM7606","Audit Purpose","gen29","2026-09-25","16:17:55","9557330803"
"BM7606","Audit Purpose","gen30","2026-09-25","16:57:40","9557330803"
"BM7606","Final Vault Closing","gen19","2026-09-25","18:59:25","9557330803"
"BM7606","Audit Purpose","gen4","2026-09-26","10:37:04","7500452183"
"BM7606","Audit Purpose","gen23","2026-09-26","11:31:22","7500452183"
"BM7606","Audit Purpose","gen35","2026-09-26","12:29:51","7500452183"
"BM7606","Audit Purpose","gen36","2026-09-26","13:31:48","7500452183"
"BM7606","Audit Purpose","gen35","2026-09-26","14:08:23","7500452183"
"BM7606","Audit Purpose","gen14","2026-09-26","14:45:18","7500452183"
"BM7606","Audit Purpose","iifl6","2026-09-26","15:15:06","7500452183"
"BM7606","Audit Purpose","gen36","2026-09-26","15:49:01","7500452183"
"BM7606","Audit Purpose","gen2","2026-09-26","16:55:53","7500452183"
"BM7606","Audit Purpose","gen3","2026-09-26","17:28:10","7500452183"
"BM7606","Audit Purpose","gen2","2026-09-26","18:08:46","7500452183"
"BM7606","Final Vault Closing","gen19","2026-09-26","18:48:40","7500452183"
"BM7633","Audit Purpose","gen15","2026-09-21","12:56:49","9004508112"
"BM7633","Audit Purpose","gen29","2026-09-21","13:31:36","9004508112"
"BM7633","Audit Purpose","gen24","2026-09-21","14:12:58","9833826227"
"BM7633","Audit Purpose","gen35","2026-09-21","15:00:39","8828525216"
"BM7633","Audit Purpose","gen1","2026-09-21","15:46:54","9372559863"
"BM7633","Audit Purpose","gen15","2026-09-21","16:32:15","9372559863"
"BM7633","Audit Purpose","gen15","2026-09-21","17:11:09","9372559863"
"BM7633","Final Vault Closing","gen15","2026-09-21","18:03:26","9372559863"
"BM7633","Audit Purpose","gen29","2026-09-22","10:13:58","9372559863"
"BM7633","Audit Purpose","gen10","2026-09-22","11:01:04","9372559863"
"BM7633","Audit Purpose","gen10","2026-09-22","11:44:09","9372559863"
"BM7633","Audit Purpose","gen18","2026-09-22","12:28:51","9004508112"
"BM7633","Audit Purpose","gen21","2026-09-22","13:05:19","9004508112"
"BM7633","Audit Purpose","gen15","2026-09-22","13:54:28","9372559863"
"BM7633","Customer Purpose","gen18","2026-09-22","14:28:02","9004508112"
"BM7633","Audit Purpose","gen22","2026-09-22","16:20:53","9372559863"
"BM7633","Audit Purpose","gen3","2026-09-22","17:06:46","9372559863"
"BM7633","Final Vault Closing","gen26","2026-09-22","18:13:39","9372559863"
"BM7633","Audit Purpose","gen25","2026-09-23","10:26:57","8828525216"
"BM7633","Audit Purpose","gen12","2026-09-23","12:17:57","8828525216"
"BM7633","Audit Purpose","gen50","2026-09-23","12:51:45","9372559863"
"BM7633","Customer Purpose","gen39","2026-09-23","14:22:57","9372559863"
"BM7633","Customer Purpose","gen3","2026-09-23","15:28:37","9372559863"
"BM7633","Final Vault Closing","gen36","2026-09-23","17:56:08","9372559863"
"BM7633","Customer Purpose","gen17","2026-09-24","11:41:12","8828525216"
"BM7633","Customer Purpose","gen6","2026-09-24","17:49:01","8828525216"
"BM7633","Customer Purpose","gen10","2026-09-25","13:07:39","9372559863"
"BM7633","Customer Purpose","gen29","2026-09-25","13:14:42","9372559863"
"BM7633","Customer Purpose","gen3","2026-09-25","16:22:29","9372559863"
"BM7633","Final Vault Closing","gen17","2026-09-25","17:31:57","9004508112"
"BM7633","Customer Purpose","gen3","2026-09-26","10:28:41","9004508112"
"BM7633","Customer Purpose","gen9","2026-09-26","10:48:03","9004508112"
"BM7633","Customer Purpose","gen33","2026-09-26","10:56:02","9372559863"
"BM7633","Final Vault Closing","gen17","2026-09-26","18:08:02","8828525216"
"BM7633","Customer Purpose","gen22","2026-09-27","10:56:59","9372559863"
"BM7633","Customer Purpose","gen17","2026-09-27","12:15:31","9004508112"
"BM7633","Packet Counting","gen10","2026-09-27","12:48:42","9372559863"
"BM7633","Customer Purpose","gen33","2026-09-27","14:21:20","9004508112"
"BM7634","Customer Purpose","gen17","2026-09-21","13:02:46","9804489508"
"BM7634","Customer Purpose","gen4","2026-09-21","13:35:21","8583980865"
"BM7634","Final Vault Closing","gen15","2026-09-21","18:35:06","8334880680"
"BM7634","Customer Purpose","gen11","2026-09-22","13:20:35","8334880680"
"BM7634","Final Vault Closing","gen4","2026-09-22","18:04:12","8334880680"
"BM7634","Customer Purpose","gen18","2026-09-23","11:39:27","8334880680"
"BM7634","Final Vault Closing","gen34","2026-09-23","18:31:00","8334880680"
"BM7634","Customer Purpose","gen30","2026-09-24","12:08:20","8583980865"
"BM7634","Customer Purpose","gen6","2026-09-24","13:45:47","8334880680"
"BM7634","Customer Purpose","gen17","2026-09-24","17:08:07","8583980865"
"BM7634","Final Vault Closing","gen17","2026-09-24","18:08:34","8583980865"
"BM7634","Customer Purpose","gen8","2026-09-25","11:41:06","8334880680"
"BM7634","Final Vault Closing","gen3","2026-09-25","17:30:14","8334880680"
"BM7634","Final Vault Closing","gen20","2026-09-25","18:36:01","radip Seth"
"BM7634","Audit Purpose","gen31","2026-09-26","10:33:59","8334880680"
"BM7634","Audit Purpose","gen12","2026-09-26","11:30:24","8334880680"
"BM7634","Customer Purpose","gen38","2026-09-26","13:27:12","9804489508"
"BM7634","Audit Purpose","gen19","2026-09-26","15:52:12","8334880680"
"BM7634","Audit Purpose","gen25","2026-09-26","16:36:25","8334880680"
"BM7634","Audit Purpose","gen23","2026-09-26","17:07:59","9804489508"
"BM7634","Audit Purpose","gen24","2026-09-26","17:41:44","9804489508"
"BM7634","Final Vault Closing","gen15","2026-09-26","18:46:42","9804489508"
"BM7634","Customer Purpose","gen37","2026-09-27","14:33:30","8334880680"
"BM7645","Customer Purpose","gen37","2026-09-21","11:30:24","9853715249"
"BM7645","Customer Purpose","gen34","2026-09-21","12:49:58","9938207868"
"BM7645","Customer Purpose","gen26","2026-09-21","14:20:04","9938207868"
"BM7645","Customer Purpose","gen24","2026-09-21","15:12:55","7749921829"
"BM7645","Customer Purpose","gen27","2026-09-21","16:36:50","9853715249"
"BM7645","Customer Purpose","gen27","2026-09-21","18:44:59","9938207868"
"BM7645","Final Vault Closing","","2026-09-21","19:01:23","9938207868"
"BM7645","Customer Purpose","gen50","2026-09-22","10:38:13","7749921829"
"BM7645","Customer Purpose","gen37","2026-09-22","13:55:12","7749921829"
"BM7645","Customer Purpose","gen37","2026-09-22","15:53:22","7749921829"
"BM7645","Customer Purpose","gen35","2026-09-22","16:53:32","9853715249"
"BM7645","Final Vault Closing","gen37","2026-09-22","17:42:18","9853715249"
"BM7645","Final Vault Closing","gen37","2026-09-22","18:36:08","7749921829"
"BM7645","Customer Purpose","gen11","2026-09-23","10:22:21","  10:17:21"
"BM7645","Customer Purpose","gen11","2026-09-23","12:29:39","9938207868"
"BM7645","Final Vault Closing","gen27","2026-09-23","18:07:46","9938207868"
"BM7645","Customer Purpose","gen22","2026-09-24","11:56:01","9938207868"
"BM7645","Customer Purpose","gen21","2026-09-24","12:08:16","9963996707"
"BM7645","Customer Purpose","gen21","2026-09-24","12:31:34","9853715249"
"BM7645","Customer Purpose","gen21","2026-09-24","14:42:36","9853715249"
"BM7645","Customer Purpose","gen26","2026-09-24","16:13:59","9853715249"
"BM7645","Final Vault Closing","gen29","2026-09-24","18:26:24","9853715249"
"BM7645","Final Vault Closing","gen29","2026-09-25","18:29:34","E 17:58:36"
"BM7645","Customer Purpose","gen49","2026-09-26","11:31:40","9938207868"
"BM7645","Customer Purpose","gen49","2026-09-26","12:00:58","9938207868"
"BM7645","Customer Purpose","gen49","2026-09-26","14:17:42","9938207868"
"BM7645","Customer Purpose","gen49","2026-09-26","14:28:10","9938207868"
"BM7645","Packet Counting","gen11","2026-09-26","16:37:22","9938207868"
"BM7645","Packet Counting","gen11","2026-09-26","17:37:41","9938207868"
"BM7645","Final Vault Closing","gen29","2026-09-26","18:49:00","E 18:27:29"
"BM7645","Customer Purpose","gen15","2026-09-27","10:44:40","9938207868"
"BM7646","Customer Purpose","gen","2026-09-21","11:10:50","7428559391"
"BM7646","Customer Purpose","gen39","2026-09-21","12:07:13","7428559391"
"BM7646","Final Vault Closing","gen29","2026-09-21","18:36:37","7428559391"
"BM7646","Customer Purpose","gen24","2026-09-22","11:45:48","8218193261"
"BM7646","Customer Purpose","gen22","2026-09-22","12:18:47","7428559391"
"BM7646","Customer Purpose","gen8","2026-09-22","16:33:28","7428559391"
"BM7646","Customer Purpose","gen6","2026-09-22","17:26:17","8218193261"
"BM7646","Final Vault Closing","gen14","2026-09-22","18:53:01","8218193261"
"BM7646","Customer Purpose","gen25","2026-09-23","11:37:09","8218193261"
"BM7646","Final Vault Closing","gen27","2026-09-23","18:45:00","E IN 18:40"
"BM7646","Customer Purpose","gen21","2026-09-24","11:41:47","8218193261"
"BM7646","Customer Purpose","gen14","2026-09-24","15:37:26","8218193261"
"BM7646","Customer Purpose","gen29","2026-09-24","18:39:31","  17:49:43"
"BM7646","Customer Purpose","gen37","2026-09-26","13:14:01","8218193261"
"BM7646","Customer Purpose","gen15","2026-09-26","16:26:39","7428559391"
"BM7646","Packet Counting","gen10","2026-09-26","17:49:14","9012962563"
"BM7648","Customer Purpose","gen14","2026-09-21","11:54:18","8755594092"
"BM7648","Customer Purpose","gen4","2026-09-21","16:08:50","6395967311"
"BM7648","Customer Purpose","gen25","2026-09-21","16:19:33","6395967311"
"BM7648","Customer Purpose","gen17","2026-09-21","16:26:10","6395967311"
"BM7648","Customer Purpose","gen30","2026-09-21","16:37:46","6395967311"
"BM7648","Final Vault Closing","gen37","2026-09-21","17:51:34","6395967311"
"BM7648","Customer Purpose","gen34","2026-09-22","10:17:47","6395967311"
"BM7648","Customer Purpose","gen3","2026-09-22","14:21:33","6395967311"
"BM7648","Customer Purpose","gen16","2026-09-22","15:02:44","6395967311"
"BM7648","Customer Purpose","gen20","2026-09-22","16:05:18","6395967311"
"BM7648","Customer Purpose","gen8","2026-09-22","16:39:53","6395967311"
"BM7648","Final Vault Closing","gen21","2026-09-22","18:31:51","6395967311"
"BM7648","Customer Purpose","gen10","2026-09-23","10:50:49","6395967311"
"BM7648","Customer Purpose","gen37","2026-09-23","13:06:53","6395967311"
"BM7648","Final Vault Closing","gen23","2026-09-23","19:03:19","6395967311"
"BM7648","Customer Purpose","gen32","2026-09-24","11:06:26","6395967311"
"BM7648","Customer Purpose","gen11","2026-09-24","11:14:16","6395967311"
"BM7648","Customer Purpose","gen16","2026-09-24","12:32:58","6395967311"
"BM7648","Customer Purpose","gen34","2026-09-24","12:44:58","6395967311"
"BM7648","Customer Purpose","gen29","2026-09-24","14:29:13","6395967311"
"BM7648","Customer Purpose","gen1","2026-09-24","17:02:19","6395967311"
"BM7648","Final Vault Closing","gen19","2026-09-24","18:40:10","6395967311"
"BM7648","Customer Purpose","gen31","2026-09-25","13:45:26","6395967311"
"BM7648","Customer Purpose","gen14","2026-09-25","14:38:59","6395967311"
"BM7648","Customer Purpose","gen29","2026-09-25","15:45:46","6395967311"
"BM7648","Customer Purpose","gen32","2026-09-25","17:30:22","6395967311"
"BM7648","Final Vault Closing","gen31","2026-09-25","18:36:40","6395967311"
"BM7648","Customer Purpose","gen1","2026-09-26","11:22:03","6395967311"
"BM7648","Customer Purpose","gen11","2026-09-26","13:12:10","6395967311"
"BM7648","Customer Purpose","gen9","2026-09-26","13:48:58","6395967311"
"BM7648","Packet Counting","gen17","2026-09-26","17:39:13","6395967311"
"BM7648","Customer Purpose","gen34","2026-09-27","13:10:33","6395967311"
"BM7648","Customer Purpose","gen32","2026-09-27","14:20:35","6395967311"
"BM7653","Customer Purpose","gen17","2026-09-21","12:06:50","8670907481"
"BM7653","Customer Purpose","gen2","2026-09-21","13:01:05","8348590224"
"BM7653","Customer Purpose","gen18","2026-09-21","14:09:16","8670907481"
"BM7653","Customer Purpose","gen30","2026-09-21","15:02:20","8670907481"
"BM7653","Customer Purpose","gen41","2026-09-21","15:30:21","8348590224"
"BM7653","Customer Purpose","gen4","2026-09-21","17:12:03","8670907481"
"BM7653","Final Vault Closing","gen22","2026-09-21","18:09:17","8348590224"
"BM7653","Customer Purpose","gen4","2026-09-22","11:01:20","8670907481"
"BM7653","Customer Purpose","gen22","2026-09-22","11:49:01","8670907481"
"BM7653","Customer Purpose","gen7","2026-09-22","12:50:13","8670907481"
"BM7653","Customer Purpose","gen3","2026-09-22","14:49:10","8670907481"
"BM7653","Customer Purpose","gen17","2026-09-22","15:48:35","8348590224"
"BM7653","Customer Purpose","gen23","2026-09-22","17:05:40","8670907481"
"BM7653","Final Vault Closing","gen23","2026-09-22","18:07:08","8670907481"
"BM7653","Customer Purpose","gen1","2026-09-23","15:23:54","8348590224"
"BM7653","Final Vault Closing","iifl6","2026-09-23","19:59:03","8670907481"
"BM7653","Customer Purpose","gen34","2026-09-24","11:35:48","8670907481"
"BM7653","Customer Purpose","gen8","2026-09-24","12:27:04","8348590224"
"BM7653","Customer Purpose","gen22","2026-09-24","13:12:34","8348590224"
"BM7653","Customer Purpose","gen16","2026-09-24","13:46:55","7063666496"
"BM7653","Final Vault Closing","gen31","2026-09-24","17:57:10","7063666496"
"BM7653","Customer Purpose","gen9","2026-09-25","10:48:42","8670907481"
"BM7653","Customer Purpose","gen18","2026-09-25","11:33:57","8348590224"
"BM7653","Final Vault Closing","gen12","2026-09-25","17:56:13","8670907481"
"BM7653","Customer Purpose","gen36","2026-09-26","10:45:22","8670907481"
"BM7653","Customer Purpose","gen21","2026-09-26","11:16:38","7063666496"
"BM7653","Customer Purpose","gen10","2026-09-26","12:48:09","7063666496"
"BM7653","Customer Purpose","gen8","2026-09-26","13:43:20","8348590224"
"BM7653","Customer Purpose","gen25","2026-09-26","15:50:56","8670907481"
"BM7653","Packet Counting","gen1","2026-09-26","16:38:08","8670907481"
"BM7653","Final Vault Closing","gen38","2026-09-26","17:58:26","8670907481"
"BM7653","Customer Purpose","gen17","2026-09-27","12:10:35","8670907481"
"BM7653","Customer Purpose","gen5","2026-09-27","13:58:36","8670907481"
"BM7674","Audit Purpose","gen29","2026-09-21","10:29:48","9101107325"
"BM7674","Audit Purpose","gen39","2026-09-21","11:13:54","9101107325"
"BM7674","Audit Purpose","gen14","2026-09-21","12:34:00","9101107325"
"BM7674","Audit Purpose","gen10","2026-09-21","12:47:30","9101107325"
"BM7674","Audit Purpose","gen41","2026-09-21","15:56:32","9101107325"
"BM7674","Audit Purpose","gen20","2026-09-21","16:55:54","9101107325"
"BM7674","Audit Purpose","gen29","2026-09-21","17:57:50","9706965252"
"BM7674","Final Vault Closing","iifl6","2026-09-21","18:26:10","9706965252"
"BM7674","Audit Purpose","gen37","2026-09-22","10:39:26","9101107325"
"BM7674","Audit Purpose","gen","2026-09-22","11:59:00","9101107325"
"BM7674","Customer Purpose","gen30","2026-09-22","13:32:38","9101107325"
"BM7674","Audit Purpose","gen22","2026-09-22","14:46:33","9101107325"
"BM7674","Customer Purpose","gen29","2026-09-22","15:41:48","7002196852"
"BM7674","Final Vault Closing","gen13","2026-09-22","18:19:22","9706965252"
"BM7674","Customer Purpose","gen27","2026-09-23","11:07:53","9101107325"
"BM7674","Customer Purpose","gen11","2026-09-23","11:39:13","9101107325"
"BM7674","Customer Purpose","gen10","2026-09-23","15:24:31","9101107325"
"BM7674","Final Vault Closing","gen1","2026-09-23","18:22:49","9101107325"
"BM7674","Customer Purpose","gen30","2026-09-24","10:36:09","9101107325"
"BM7674","Customer Purpose","iifl6","2026-09-24","12:42:23","9101107325"
"BM7674","Customer Purpose","gen9","2026-09-24","12:58:20","7002196852"
"BM7674","Customer Purpose","gen30","2026-09-24","14:01:47","7002196852"
"BM7674","Customer Purpose","gen31","2026-09-24","14:13:42","7002196852"
"BM7674","Customer Purpose","iifl6","2026-09-24","14:49:27","9706965252"
"BM7674","Customer Purpose","iifl6","2026-09-24","17:02:16","9706965252"
"BM7674","Customer Purpose","gen7","2026-09-24","17:12:24","7002196852"
"BM7674","Customer Purpose","gen17","2026-09-24","17:32:53","9706965252"
"BM7674","Customer Purpose","gen2","2026-09-24","17:40:10","7002196852"
"BM7674","Customer Purpose","gen29","2026-09-24","17:51:42","7002196852"
"BM7674","Final Vault Closing","gen36","2026-09-24","18:53:37","9706965252"
"BM7674","Customer Purpose","gen28","2026-09-25","16:08:28","9101107325"
"BM7674","Customer Purpose","gen17","2026-09-25","17:45:47","9101107325"
"BM7674","Final Vault Closing","iifl6","2026-09-25","18:56:59","9706965252"
"BM7674","Customer Purpose","gen17","2026-09-26","11:01:17","9706965252"
"BM7674","Customer Purpose","gen5","2026-09-26","11:38:38","9706965252"
"BM7674","Customer Purpose","gen2","2026-09-26","12:08:52","7002196852"
"BM7674","Customer Purpose","gen18","2026-09-26","12:33:21","9101107325"
"BM7674","Customer Purpose","iifl6","2026-09-26","13:22:29","9101107325"
"BM7674","Customer Purpose","gen2","2026-09-26","13:43:49","9101107325"
"BM7674","Customer Purpose","iifl6","2026-09-26","16:22:28","9706965252"
"BM7674","Customer Purpose","iifl6","2026-09-26","16:29:57","9706965252"
"BM7674","Customer Purpose","iifl6","2026-09-26","16:39:55","9101107325"
"BM7674","Customer Purpose","iifl6","2026-09-26","16:59:45","9101107325"
"BM7674","Customer Purpose","iifl6","2026-09-26","18:41:28","9706965252"
"BM7674","Customer Purpose","iifl6","2026-09-27","13:23:33","9706965252"
"BM7696","Customer Purpose","gen20","2026-09-21","11:29:15","9346651114"
"BM7696","Customer Purpose","gen23","2026-09-21","12:21:09","9346651114"
"BM7696","Customer Purpose","gen35","2026-09-21","15:42:08","8790120428"
"BM7696","Final Vault Closing","gen35","2026-09-21","18:06:24","9052371431"
"BM7696","Customer Purpose","gen31","2026-09-22","13:31:34","9052371431"
"BM7696","Final Vault Closing","gen34","2026-09-22","18:20:23","8790120428"
"BM7696","Customer Purpose","gen30","2026-09-23","13:21:46","9052371431"
"BM7696","Final Vault Closing","gen15","2026-09-23","17:57:36","9346651114"
"BM7696","Audit Purpose","gen11","2026-09-24","10:20:36","9052371431"
"BM7696","Audit Purpose","gen17","2026-09-24","11:13:21","9052371431"
"BM7696","Audit Purpose","gen10","2026-09-24","12:28:51","9346651114"
"BM7696","Audit Purpose","gen1","2026-09-24","13:19:58","9346651114"
"BM7696","Audit Purpose","gen5","2026-09-24","14:02:25","9052371431"
"BM7696","Audit Purpose","gen17","2026-09-24","14:20:42","9052371431"
"BM7696","Audit Purpose","gen38","2026-09-24","15:17:07","9052371431"
"BM7696","Audit Purpose","gen23","2026-09-24","15:53:03","9346651114"
"BM7696","Audit Purpose","gen15","2026-09-24","16:37:25","9052371431"
"BM7696","Audit Purpose","gen32","2026-09-24","17:09:09","9346651114"
"BM7696","Audit Purpose","gen23","2026-09-24","17:52:34","9346651114"
"BM7696","Audit Purpose","gen11","2026-09-24","18:30:36","9346651114"
"BM7696","Final Vault Closing","iifl4","2026-09-24","19:16:06","9346651114"
"BM7696","Customer Purpose","gen30","2026-09-25","10:41:57","9052371431"
"BM7696","Customer Purpose","gen26","2026-09-25","16:19:27","8790120428"
"BM7696","Final Vault Closing","gen38","2026-09-25","17:49:08","8790120428"
"BM7696","Customer Purpose","gen7","2026-09-25","18:38:14","9052371431"
"BM7696","Customer Purpose","gen37","2026-09-26","11:23:10","9052371431"
"BM7696","Customer Purpose","gen21","2026-09-26","14:53:26","9346651114"
"BM7696","Packet Counting","gen30","2026-09-26","15:05:18","9346651114"
"BM7696","Packet Counting","gen10","2026-09-26","15:49:08","9346651114"
"BM7696","Customer Purpose","gen20","2026-09-26","16:45:43","9346651114"
"BM7696","Final Vault Closing","gen1","2026-09-26","18:16:26","8790120428"
"BM7696","Customer Purpose","gen10","2026-09-27","11:44:55","9346651114"
"BM7765","Customer Purpose","gen41","2026-09-21","11:43:18","7978768308"
"BM7765","Customer Purpose","gen40","2026-09-21","12:54:54","8984497357"
"BM7765","Customer Purpose","gen14","2026-09-21","13:09:48","7978768308"
"BM7765","Customer Purpose","gen32","2026-09-21","15:08:55","7978768308"
"BM7765","Customer Purpose","gen41","2026-09-21","15:21:07","E 12:53:51"
"BM7765","Customer Purpose","gen13","2026-09-21","16:27:33","7846966936"
"BM7765","Final Vault Closing","gen25","2026-09-21","18:42:09","8984497357"
"BM7765","Customer Purpose","gen35","2026-09-22","12:22:23","8984497357"
"BM7765","Customer Purpose","gen35","2026-09-22","15:12:11","7978768308"
"BM7765","Customer Purpose","gen37","2026-09-22","16:53:51","7978768308"
"BM7765","Final Vault Closing","gen27","2026-09-22","18:27:24","7978768308"
"BM7765","Customer Purpose","gen17","2026-09-23","11:24:56","7978768308"
"BM7765","Customer Purpose","gen25","2026-09-23","15:38:18","7846966936"
"BM7765","Final Vault Closing","gen18","2026-09-23","17:46:04","7978768308"
"BM7765","Customer Purpose","gen36","2026-09-24","10:46:16","7846966936"
"BM7765","Customer Purpose","gen33","2026-09-24","11:36:03","7978768308"
"BM7765","Customer Purpose","gen17","2026-09-24","11:47:04","8984497357"
"BM7765","Final Vault Closing","gen24","2026-09-24","17:58:01","7846966936"
"BM7765","Customer Purpose","gen24","2026-09-25","12:29:23","7846966936"
"BM7765","Customer Purpose","gen20","2026-09-25","13:30:32","7846966936"
"BM7765","Final Vault Closing","gen21","2026-09-25","17:51:18","7846966936"
"BM7765","Packet Counting","gen29","2026-09-26","10:39:16","7846966936"
"BM7765","Packet Counting","gen25","2026-09-26","11:21:26","8984497357"
"BM7765","Customer Purpose","gen9","2026-09-26","13:54:01","8984497357"
"BM7765","Customer Purpose","gen30","2026-09-26","14:55:14","7846966936"
"BM7765","Final Vault Closing","gen18","2026-09-26","18:00:57","7978768308"
"BM7765","Customer Purpose","gen31","2026-09-27","13:44:26","7846966936"
"BM7785","Customer Purpose","gen25","2026-09-21","10:38:48","9027079378"
"BM7785","Customer Purpose","gen20","2026-09-21","11:19:23","9027079378"
"BM7785","Customer Purpose","gen2","2026-09-21","12:42:33","9457275202"
"BM7785","Customer Purpose","gen4","2026-09-21","13:39:14","9027079378"
"BM7785","Customer Purpose","gen18","2026-09-21","15:12:27","9027079378"
"BM7785","Final Vault Closing","gen37","2026-09-21","17:59:39","9027079378"
"BM7785","Customer Purpose","gen13","2026-09-22","10:51:06","9027079378"
"BM7785","Customer Purpose","gen35","2026-09-22","13:18:13","9027079378"
"BM7785","Customer Purpose","gen8","2026-09-22","14:54:35","9027079378"
"BM7785","Final Vault Closing","gen2","2026-09-22","18:31:51","9027079378"
"BM7785","Final Vault Closing","gen11","2026-09-23","18:20:21","9027079378"
"BM7785","Customer Purpose","gen39","2026-09-24","14:44:24","9027079378"
"BM7785","Customer Purpose","gen3","2026-09-24","14:53:23","9027079378"
"BM7785","Customer Purpose","gen4","2026-09-24","17:12:49","9027079378"
"BM7785","Final Vault Closing","gen18","2026-09-24","18:19:05","9027079378"
"BM7785","Customer Purpose","gen2","2026-09-25","11:28:43","9027079378"
"BM7785","Customer Purpose","gen37","2026-09-25","13:22:56","9027079378"
"BM7785","Customer Purpose","gen3","2026-09-25","15:06:00","9027079378"
"BM7785","Customer Purpose","gen23","2026-09-25","16:17:52","9027079378"
"BM7785","Customer Purpose","gen19","2026-09-25","17:33:15","9027079378"
"BM7785","Final Vault Closing","gen21","2026-09-25","18:08:31","9027079378"
"BM7785","Customer Purpose","gen10","2026-09-26","12:30:34","9027079378"
"BM7785","Customer Purpose","gen29","2026-09-26","14:49:18","9027079378"
"BM7785","Packet Counting","gen38","2026-09-26","18:03:10","9027079378"
"BM7785","Final Vault Closing","gen23","2026-09-26","18:56:29","9027079378"
"BM7789","Customer Purpose","gen27","2026-09-21","12:30:06","6201660361"
"BM7789","Customer Purpose","gen30","2026-09-21","12:37:48","6201660361"
"BM7789","Customer Purpose","gen28","2026-09-21","13:25:34","6201660361"
"BM7789","Customer Purpose","gen34","2026-09-21","14:11:35","6201660361"
"BM7789","Customer Purpose","gen3","2026-09-21","14:23:08","6201660361"
"BM7789","Customer Purpose","gen3","2026-09-21","15:10:42","6201660361"
"BM7789","Customer Purpose","gen33","2026-09-21","15:47:20","6201660361"
"BM7789","Customer Purpose","gen7","2026-09-21","16:40:59","6201660361"
"BM7789","Customer Purpose","gen1","2026-09-21","17:15:42","6201660361"
"BM7789","Customer Purpose","gen32","2026-09-21","18:00:29","6201660361"
"BM7789","Final Vault Closing","gen22","2026-09-21","18:52:12","6201660361"
"BM7789","Customer Purpose","gen17","2026-09-22","12:12:05","6201660361"
"BM7789","Customer Purpose","gen23","2026-09-22","13:56:00","6201660361"
"BM7789","Customer Purpose","gen17","2026-09-22","15:52:45","8581818842"
"BM7789","Customer Purpose","gen4","2026-09-22","16:17:09","6201660361"
"BM7789","Final Vault Closing","iifl2","2026-09-22","19:06:50","6201660361"
"BM7789","Customer Purpose","gen14","2026-09-23","10:55:29","6201660361"
"BM7789","Audit Purpose","gen11","2026-09-23","12:03:06","6201660361"
"BM7789","Audit Purpose","gen17","2026-09-23","13:38:41","6201660361"
"BM7789","Customer Purpose","gen9","2026-09-23","14:58:47","6201660361"
"BM7789","Customer Purpose","gen36","2026-09-23","15:52:55","6201660361"
"BM7789","Customer Purpose","gen37","2026-09-23","17:14:03","6201660361"
"BM7789","Final Vault Closing","gen24","2026-09-23","18:54:27","8581818842"
"BM7789","Customer Purpose","gen13","2026-09-24","11:13:21","6201660361"
"BM7789","Customer Purpose","gen2","2026-09-24","12:35:15","6201660361"
"BM7789","Customer Purpose","gen9","2026-09-24","13:02:52","8581818842"
"BM7789","Customer Purpose","gen31","2026-09-24","13:45:57","8581818842"
"BM7789","Customer Purpose","gen36","2026-09-24","16:25:10","6201660361"
"BM7789","Customer Purpose","gen34","2026-09-24","16:57:42","8581818842"
"BM7789","Customer Purpose","gen31","2026-09-24","17:07:05","8581818842"
"BM7789","Customer Purpose","gen30","2026-09-24","17:17:09","6201660361"
"BM7789","Packet Counting","gen35","2026-09-24","17:55:51","8581818842"
"BM7789","Other Purpose","gen17","2026-09-24","18:42:09","6201660361"
"BM7789","Customer Purpose","gen30","2026-09-25","13:34:40","6201660361"
"BM7789","Customer Purpose","gen24","2026-09-25","13:42:17","6201660361"
"BM7789","Customer Purpose","gen16","2026-09-25","13:57:25","8581818842"
"BM7789","Customer Purpose","gen7","2026-09-25","15:34:45","6201660361"
"BM7789","Customer Purpose","gen22","2026-09-25","15:45:08","6201660361"
"BM7789","Customer Purpose","gen31","2026-09-25","15:58:16","6201660361"
"BM7789","Customer Purpose","gen","2026-09-25","17:00:12","8581818842"
"BM7789","Final Vault Closing","gen17","2026-09-25","18:07:01","6201660361"
"BM7789","Customer Purpose","gen17","2026-09-26","11:41:37","6201660361"
"BM7789","Customer Purpose","gen10","2026-09-26","12:57:58","6201660361"
"BM7789","Customer Purpose","gen49","2026-09-26","13:07:33","6201660361"
"BM7789","Audit Purpose","gen10","2026-09-26","16:08:52","6201660361"
"BM7789","Audit Purpose","gen17","2026-09-26","18:15:48","6201660361"
"BM7789","Customer Purpose","gen11","2026-09-26","18:24:46","6201660361"
"BM7789","Audit Purpose","gen23","2026-09-27","10:37:01","8581818842"
"BM7789","Audit Purpose","gen4","2026-09-27","11:34:41","6201660361"
"BM7789","Audit Purpose","gen6","2026-09-27","12:36:53","6201660361"
"BM7789","Audit Purpose","gen9","2026-09-27","13:58:31","8581818842"
"BM7790","Customer Purpose","gen14","2026-09-21","11:34:49","7903915761"
"BM7790","Customer Purpose","gen2","2026-09-21","12:12:24","9709568633"
"BM7790","Customer Purpose","gen9","2026-09-21","12:57:43","9709568633"
"BM7790","Customer Purpose","gen18","2026-09-21","18:19:31","7903915761"
"BM7790","Final Vault Closing","","2026-09-21","20:17:20","7903915761"
"BM7790","Customer Purpose","gen27","2026-09-22","11:12:48","8252814117"
"BM7790","Final Vault Closing","gen23","2026-09-22","18:14:07","7903915761"
"BM7790","Customer Purpose","gen29","2026-09-23","10:36:28","9709568633"
"BM7790","Customer Purpose","gen21","2026-09-23","13:19:24","9709568633"
"BM7790","Final Vault Closing","gen","2026-09-23","18:14:42","7903915761"
"BM7790","Customer Purpose","gen16","2026-09-24","13:56:22","9709568633"
"BM7790","Customer Purpose","gen12","2026-09-24","16:55:46","7903915761"
"BM7790","Final Vault Closing","gen12","2026-09-24","18:05:35","9709568633"
"BM7790","Customer Purpose","gen3","2026-09-25","11:51:25","9709568633"
"BM7790","Customer Purpose","gen3","2026-09-25","12:29:34","9709568633"
"BM7790","Final Vault Closing","gen8","2026-09-25","18:19:57","8252814117"
"BM7790","Customer Purpose","gen9","2026-09-26","12:16:11","8252814117"
"BM7790","Customer Purpose","gen15","2026-09-26","14:10:53","8252814117"
"BM7790","Customer Purpose","gen10","2026-09-26","14:21:45","8252814117"
"BM7790","Final Vault Closing","gen21","2026-09-26","18:08:54","9709568633"
"BM7806","Customer Purpose","gen3","2026-09-21","13:45:02","8756245656"
"BM7806","Customer Purpose","gen7","2026-09-21","15:24:47","8756245656"
"BM7806","Customer Purpose","gen17","2026-09-21","16:04:29","8273095091"
"BM7806","Final Vault Closing","iifl4","2026-09-21","19:02:39","8756245656"
"BM7806","Customer Purpose","gen1","2026-09-22","11:54:30","8756245656"
"BM7806","Customer Purpose","gen13","2026-09-22","12:15:48","8756245656"
"BM7806","Customer Purpose","gen18","2026-09-22","13:55:50","8756245656"
"BM7806","Final Vault Closing","gen11","2026-09-22","18:26:41","8756245656"
"BM7806","Customer Purpose","gen23","2026-09-23","11:14:34","8756245656"
"BM7806","Customer Purpose","gen32","2026-09-23","11:40:20","8756245656"
"BM7806","Customer Purpose","gen11","2026-09-23","15:22:05","8756245656"
"BM7806","Customer Purpose","gen24","2026-09-23","15:30:38","8273095091"
"BM7806","Customer Purpose","gen10","2026-09-23","15:39:46","8273095091"
"BM7806","Customer Purpose","gen23","2026-09-23","16:13:09","8273095091"
"BM7806","Final Vault Closing","iifl3","2026-09-23","19:26:29","8273095091"
"BM7806","Customer Purpose","gen","2026-09-24","11:42:18","8273095091"
"BM7806","Customer Purpose","gen31","2026-09-24","13:12:47","8273095091"
"BM7806","Customer Purpose","gen23","2026-09-24","14:17:54","8273095091"
"BM7806","Customer Purpose","gen2","2026-09-24","16:08:14","8273095091"
"BM7806","Final Vault Closing","iifl2","2026-09-24","19:30:05","8756245656"
"BM7806","Customer Purpose","gen14","2026-09-25","12:28:35","8756245656"
"BM7806","Final Vault Closing","gen2","2026-09-25","18:25:15","8273095091"
"BM7806","Customer Purpose","gen35","2026-09-26","11:17:26","8756245656"
"BM7806","Packet Counting","gen34","2026-09-26","17:27:33","8273095091"
"BM7806","Final Vault Closing","gen14","2026-09-26","18:36:00","8756245656"
"BM7889","Customer Purpose","gen20","2026-09-21","10:55:39","7002792703"
"BM7889","Customer Purpose","gen22","2026-09-21","12:27:15","7002792703"
"BM7889","Customer Purpose","gen23","2026-09-21","13:11:22","8473932460"
"BM7889","Customer Purpose","gen28","2026-09-21","13:20:01","8486303645"
"BM7889","Customer Purpose","gen4","2026-09-21","14:45:44","8486303645"
"BM7889","Final Vault Closing","gen28","2026-09-21","17:49:42","8473932460"
"BM7889","Customer Purpose","gen34","2026-09-22","10:36:41","8486303645"
"BM7889","Audit Purpose","gen","2026-09-22","10:54:35","8473932460"
"BM7889","Audit Purpose","gen18","2026-09-22","11:45:22","8486303645"
"BM7889","Audit Purpose","gen13","2026-09-22","12:40:41","8486303645"
"BM7889","Audit Purpose","gen17","2026-09-22","13:20:37","8486303645"
"BM7889","Audit Purpose","gen6","2026-09-22","14:05:30","8473932460"
"BM7889","Audit Purpose","gen10","2026-09-22","15:22:11","8473932460"
"BM7889","Audit Purpose","gen14","2026-09-22","16:17:39","8473932460"
"BM7889","Audit Purpose","gen13","2026-09-22","17:07:51","8486303645"
"BM7889","Audit Purpose","gen41","2026-09-22","18:00:51","8473932460"
"BM7889","Audit Purpose","gen39","2026-09-23","10:17:04","8473932460"
"BM7889","Audit Purpose","gen36","2026-09-23","10:56:44","8486303645"
"BM7889","Audit Purpose","gen35","2026-09-23","11:56:19","8486303645"
"BM7889","Audit Purpose","gen37","2026-09-23","13:11:15","8486303645"
"BM7889","Customer Purpose","gen28","2026-09-23","16:55:46","7002792703"
"BM7889","Final Vault Closing","gen16","2026-09-23","18:06:13","7002792703"
"BM7889","Customer Purpose","gen8","2026-09-24","11:11:43","7002792703"
"BM7889","Customer Purpose","gen4","2026-09-24","12:07:07","8486303645"
"BM7889","Customer Purpose","gen29","2026-09-24","13:13:46","8486303645"
"BM7889","Customer Purpose","gen29","2026-09-24","14:51:20","8473932460"
"BM7889","Customer Purpose","gen36","2026-09-24","15:08:21","8486303645"
"BM7889","Customer Purpose","gen22","2026-09-24","16:12:50","8486303645"
"BM7889","Final Vault Closing","gen10","2026-09-24","17:55:21","8486303645"
"BM7889","Customer Purpose","gen5","2026-09-25","10:48:39","8486303645"
"BM7889","Customer Purpose","gen29","2026-09-25","12:04:20","8473932460"
"BM7889","Customer Purpose","gen12","2026-09-25","12:59:22","8473932460"
"BM7889","Final Vault Closing","gen32","2026-09-25","17:49:09","8473932460"
"BM7889","Customer Purpose","gen33","2026-09-26","10:48:17","8473932460"
"BM7889","Customer Purpose","gen6","2026-09-26","11:25:35","8473932460"
"BM7889","Packet Counting","gen21","2026-09-26","12:28:40","7002792703"
"BM7889","Customer Purpose","gen29","2026-09-26","13:06:17","8486303645"
"BM7889","Customer Purpose","gen3","2026-09-26","13:46:15","7002792703"
"BM7889","Customer Purpose","gen26","2026-09-26","15:53:12","8486303645"
"BM7889","Final Vault Closing","gen22","2026-09-26","17:51:39","8486303645"
"BM7889","Customer Purpose","gen19","2026-09-27","11:48:24","8486303645"
"BM7927","Customer Purpose","gen11","2026-09-21","11:28:49","8791309701"
"BM7927","Customer Purpose","gen9","2026-09-21","13:43:09","8791309701"
"BM7927","Customer Purpose","gen29","2026-09-21","15:59:51","8791309701"
"BM7927","Final Vault Closing","gen32","2026-09-21","18:26:29","8791309701"
"BM7927","Customer Purpose","gen23","2026-09-22","10:25:13","8791309701"
"BM7927","Customer Purpose","gen26","2026-09-22","12:34:47","8791309701"
"BM7927","Customer Purpose","gen6","2026-09-22","12:53:14","8791309701"
"BM7927","Customer Purpose","gen18","2026-09-22","14:48:54","8791309701"
"BM7927","Customer Purpose","gen39","2026-09-22","15:14:22","8791309701"
"BM7927","Customer Purpose","gen33","2026-09-22","16:03:30","8791309701"
"BM7927","Customer Purpose","gen7","2026-09-22","16:23:59","8791309701"
"BM7927","Final Vault Closing","gen30","2026-09-22","18:19:39","8791309701"
"BM7927","Customer Purpose","gen1","2026-09-23","10:34:11","8791309701"
"BM7927","Customer Purpose","gen1","2026-09-23","13:26:31","8791309701"
"BM7927","Customer Purpose","gen17","2026-09-23","15:28:34","8791309701"
"BM7927","Final Vault Closing","gen34","2026-09-23","18:23:57","8791309701"
"BM7927","Customer Purpose","gen7","2026-09-24","10:55:40","8791309701"
"BM7927","Customer Purpose","gen31","2026-09-24","11:08:16","8791309701"
"BM7927","Customer Purpose","gen19","2026-09-24","11:53:51","8791309701"
"BM7927","Customer Purpose","gen34","2026-09-24","12:42:05","8791309701"
"BM7927","Customer Purpose","gen15","2026-09-24","15:42:53","8791309701"
"BM7927","Customer Purpose","gen13","2026-09-24","16:54:21","8791309701"
"BM7927","Final Vault Closing","gen18","2026-09-24","18:37:04","8791309701"
"BM7927","Customer Purpose","gen39","2026-09-25","10:48:53","8791309701"
"BM7927","Customer Purpose","gen31","2026-09-25","11:33:44","8791309701"
"BM7927","Customer Purpose","gen10","2026-09-25","11:42:15","8791309701"
"BM7927","Customer Purpose","gen36","2026-09-25","13:52:50","8791309701"
"BM7927","Customer Purpose","gen32","2026-09-25","14:30:21","8791309701"
"BM7927","Customer Purpose","gen25","2026-09-25","16:02:29","8791309701"
"BM7927","Customer Purpose","gen6","2026-09-26","14:18:18","8791309701"
"BM7927","Customer Purpose","gen29","2026-09-26","14:38:33","8791309701"
"BM7927","Customer Purpose","gen4","2026-09-26","15:11:09","8791309701"
"BM7927","Customer Purpose","gen1","2026-09-26","15:49:18","8791309701"
"BM7927","Customer Purpose","gen24","2026-09-26","16:02:01","8791309701"
"BM7927","Final Vault Closing","gen12","2026-09-26","18:24:35","8791309701"
"BM7927","Customer Purpose","gen35","2026-09-27","13:04:47","8791309701"
"BM7927","Customer Purpose","gen30","2026-09-27","14:33:42","8791309701"
"BM7941","Customer Purpose","gen4","2026-09-21","10:51:29","9436928819"
"BM7941","Customer Purpose","gen24","2026-09-21","13:37:46","9436928819"
"BM7941","Customer Purpose","gen28","2026-09-21","14:51:12","6009236517"
"BM7941","Customer Purpose","gen16","2026-09-21","16:54:20","9436928819"
"BM7941","Final Vault Closing","gen24","2026-09-21","18:20:26","9774891747"
"BM7941","Customer Purpose","gen22","2026-09-22","11:57:54","9774891747"
"BM7941","Customer Purpose","gen34","2026-09-22","17:16:14","6009236517"
"BM7941","Final Vault Closing","gen13","2026-09-22","17:49:55","6009236517"
"BM7941","Customer Purpose","gen38","2026-09-23","14:04:29","6009236517"
"BM7941","Final Vault Closing","gen9","2026-09-23","17:56:51","6009236517"
"BM7941","Customer Purpose","gen","2026-09-24","12:28:56","6009236517"
"BM7941","Audit Purpose","gen26","2026-09-24","13:05:19","9436928819"
"BM7941","Audit Purpose","gen15","2026-09-24","14:18:22","9436928819"
"BM7941","Audit Purpose","gen30","2026-09-24","15:13:18","9436928819"
"BM7941","Audit Purpose","gen10","2026-09-24","15:51:05","9774891747"
"BM7941","Audit Purpose","gen37","2026-09-24","16:22:03","6009236517"
"BM7941","Audit Purpose","gen23","2026-09-24","17:10:12","9436928819"
"BM7941","Final Vault Closing","gen17","2026-09-24","17:45:50","6009236517"
"BM7941","Audit Purpose","gen31","2026-09-25","10:36:47","9774891747"
"BM7941","Audit Purpose","gen1","2026-09-25","11:36:55","9436928819"
"BM7941","Audit Purpose","gen9","2026-09-25","12:16:19","9436928819"
"BM7941","Audit Purpose","gen9","2026-09-25","12:55:54","9436928819"
"BM7941","Audit Purpose","gen24","2026-09-25","13:38:20","9774891747"
"BM7941","Audit Purpose","gen29","2026-09-25","14:19:59","9436928819"
"BM7941","Audit Purpose","gen29","2026-09-25","15:11:19","9436928819"
"BM7941","Audit Purpose","gen1","2026-09-25","16:25:54","9436928819"
"BM7941","Audit Purpose","gen15","2026-09-25","17:22:38","9774891747"
"BM7941","Final Vault Closing","gen36","2026-09-25","18:20:01","9436928819"
"BM7941","Customer Purpose","gen9","2026-09-26","11:34:24","6009236517"
"BM7941","Customer Purpose","gen6","2026-09-26","13:37:36","9436928819"
"BM7941","Customer Purpose","gen7","2026-09-26","16:07:51","9774891747"
"BM7941","Final Vault Closing","gen34","2026-09-26","18:21:32","9436928819"
"BM7941","Customer Purpose","gen17","2026-09-27","12:21:55","9436928819"
"BM7992","Customer Purpose","gen20","2026-09-21","11:02:17","9732887843"
"BM7992","Customer Purpose","gen4","2026-09-21","12:24:41","7908440804"
"BM7992","Customer Purpose","gen34","2026-09-21","12:42:37","7908440804"
"BM7992","Customer Purpose","gen12","2026-09-21","13:19:48","7908440804"
"BM7992","Customer Purpose","gen41","2026-09-21","14:06:21","7908440804"
"BM7992","Customer Purpose","gen3","2026-09-21","14:30:58","7908440804"
"BM7992","Customer Purpose","gen20","2026-09-21","16:33:18","9732435860"
"BM7992","Customer Purpose","gen22","2026-09-21","17:03:56","7908440804"
"BM7992","Final Vault Closing","gen18","2026-09-21","17:58:02","9732435860"
"BM7992","Customer Purpose","gen24","2026-09-22","10:24:49","7908440804"
"BM7992","Customer Purpose","gen7","2026-09-22","11:19:54","7908440804"
"BM7992","Customer Purpose","gen50","2026-09-22","12:09:14","7908440804"
"BM7992","Customer Purpose","gen22","2026-09-22","13:07:41","9732435860"
"BM7992","Customer Purpose","gen19","2026-09-22","13:36:03","9732435860"
"BM7992","Customer Purpose","gen6","2026-09-22","14:39:57","7908440804"
"BM7992","Customer Purpose","gen39","2026-09-22","15:20:04","7908440804"
"BM7992","Customer Purpose","gen29","2026-09-22","15:44:41","7908440804"
"BM7992","Final Vault Closing","gen37","2026-09-22","17:54:29","7908440804"
"BM7992","Customer Purpose","gen15","2026-09-23","12:53:13","9732887843"
"BM7992","Customer Purpose","gen26","2026-09-23","16:35:20","9732887843"
"BM7992","Final Vault Closing","gen27","2026-09-23","18:02:03","7908440804"
"BM7992","Customer Purpose","gen4","2026-09-24","10:39:53","9732887843"
"BM7992","Customer Purpose","gen8","2026-09-24","12:56:42","9732887843"
"BM7992","Customer Purpose","gen22","2026-09-24","13:39:26","7908440804"
"BM7992","Customer Purpose","gen21","2026-09-24","14:24:16","9732887843"
"BM7992","Customer Purpose","gen1","2026-09-24","16:03:25","7908440804"
"BM7992","Final Vault Closing","gen23","2026-09-24","17:39:03","9732887843"
"BM7992","Customer Purpose","gen4","2026-09-25","11:00:05","7908440804"
"BM7992","Customer Purpose","gen22","2026-09-25","12:25:44","7908440804"
"BM7992","Customer Purpose","gen36","2026-09-25","16:06:19","9732435860"
"BM7992","Final Vault Closing","gen8","2026-09-25","17:26:01","9732887843"
"BM7992","Customer Purpose","gen13","2026-09-26","10:49:57","9732887843"
"BM7992","Customer Purpose","gen33","2026-09-26","11:03:17","7908440804"
"BM7992","Customer Purpose","gen4","2026-09-26","11:32:00","9732887843"
"BM7992","Customer Purpose","gen26","2026-09-26","12:58:02","9732887843"
"BM7992","Customer Purpose","gen29","2026-09-26","13:26:34","7908440804"
"BM7992","Packet Counting","gen26","2026-09-26","15:27:58","7908440804"
"BM7992","Packet Counting","gen19","2026-09-26","16:10:50","7908440804"
"BM7992","Final Vault Closing","gen12","2026-09-26","17:58:44","9732887843"
"BM7997","Customer Purpose","gen24","2026-09-21","13:18:23","8700526843"
"BM7997","Customer Purpose","gen37","2026-09-21","13:27:25","8700526843"
"BM7997","Customer Purpose","gen6","2026-09-21","15:13:29","8700526843"
"BM7997","Customer Purpose","gen29","2026-09-21","17:06:47","8700526843"
"BM7997","Final Vault Closing","gen27","2026-09-21","18:34:35","8700526843"
"BM7997","Customer Purpose","gen2","2026-09-22","10:57:28","8700526843"
"BM7997","Customer Purpose","gen25","2026-09-22","12:50:50","8700526843"
"BM7997","Customer Purpose","gen6","2026-09-22","16:30:34","8700526843"
"BM7997","Customer Purpose","gen10","2026-09-22","17:37:33","9835754455"
"BM7997","Final Vault Closing","gen9","2026-09-22","18:30:26","8700526843"
"BM7997","Customer Purpose","gen36","2026-09-23","13:48:49","8700526843"
"BM7997","Customer Purpose","gen2","2026-09-23","16:26:08","8700526843"
"BM7997","Final Vault Closing","gen23","2026-09-23","18:47:11","8700526843"
"BM7997","Customer Purpose","gen29","2026-09-24","13:18:14","8700526843"
"BM7997","Final Vault Closing","gen1","2026-09-24","18:06:58","8700526843"
"BM7997","Final Vault Closing","iifl2","2026-09-24","19:26:16","8700526843"
"BM7997","Customer Purpose","gen29","2026-09-25","10:45:59","8700526843"
"BM7997","Customer Purpose","gen9","2026-09-25","16:06:27","8700526843"
"BM7997","Final Vault Closing","gen12","2026-09-25","18:42:44","8700526843"
"BM7997","Customer Purpose","gen17","2026-09-26","13:36:13","8700526843"
"BM7997","Customer Purpose","gen49","2026-09-26","14:46:14","8700526843"
"BM7997","Final Vault Closing","","2026-09-26","18:19:08","8700526843"
"BM8009","Customer Purpose","gen20","2026-09-21","11:59:47","9348988970"
"BM8009","Customer Purpose","gen15","2026-09-21","12:42:14","9348988970"
"BM8009","Customer Purpose","gen1","2026-09-21","13:15:18","9348988970"
"BM8009","Customer Purpose","gen11","2026-09-21","13:42:56","6372705687"
"BM8009","Customer Purpose","gen32","2026-09-21","14:35:25","6372705687"
"BM8009","Customer Purpose","gen32","2026-09-21","14:44:52","6372705687"
"BM8009","Customer Purpose","gen15","2026-09-21","16:05:14","6372705687"
"BM8009","Final Vault Closing","iifl7","2026-09-21","19:43:35","9348988970"
"BM8009","Customer Purpose","gen24","2026-09-22","11:28:17","9777359229"
"BM8009","Customer Purpose","gen6","2026-09-22","15:35:09","9777359229"
"BM8009","Customer Purpose","gen29","2026-09-23","11:05:08","9348988970"
"BM8009","Final Vault Closing","gen9","2026-09-23","18:33:41","9348988970"
"BM8009","Customer Purpose","gen2","2026-09-24","11:07:33","9348988970"
"BM8009","Customer Purpose","gen","2026-09-24","12:14:29","9777359229"
"BM8009","Customer Purpose","gen10","2026-09-24","12:48:24","9777359229"
"BM8009","Customer Purpose","gen15","2026-09-24","15:06:59","9777359229"
"BM8009","Customer Purpose","gen5","2026-09-24","15:15:40","6372705687"
"BM8009","Final Vault Closing","gen35","2026-09-24","18:28:06","9348988970"
"BM8009","Customer Purpose","gen19","2026-09-25","10:25:20","9348988970"
"BM8009","Customer Purpose","gen11","2026-09-25","10:32:14","9348988970"
"BM8009","Customer Purpose","gen32","2026-09-25","11:06:31","9777359229"
"BM8009","Customer Purpose","gen6","2026-09-25","13:52:20","9777359229"
"BM8009","Final Vault Closing","gen23","2026-09-25","17:56:48","9777359229"
"BM8009","Customer Purpose","gen10","2026-09-26","12:02:25","9777359229"
"BM8009","Customer Purpose","gen34","2026-09-26","13:21:01","9777359229"
"BM8009","Packet Counting","gen23","2026-09-26","15:32:24","9777359229"
"BM8009","Customer Purpose","gen17","2026-09-26","16:15:27","9348988970"
"BM8009","Customer Purpose","gen9","2026-09-26","16:27:37","9777359229"
"BM8009","Customer Purpose","gen21","2026-09-26","16:39:53","9348988970"
"BM8009","Customer Purpose","gen49","2026-09-26","17:01:52","9348988970"
"BM8009","Final Vault Closing","gen33","2026-09-26","18:05:17","9777359229"
"BM8090","Customer Purpose","gen4","2026-09-21","11:50:58","9439749865"
"BM8090","Customer Purpose","gen23","2026-09-21","15:03:18","7681052589"
"BM8090","Customer Purpose","gen43","2026-09-21","16:02:49","9439749865"
"BM8090","Customer Purpose","gen16","2026-09-21","16:12:28","9439749865"
"BM8090","Customer Purpose","gen29","2026-09-21","16:49:41","7735953410"
"BM8090","Final Vault Closing","iifl7","2026-09-21","19:19:03","9439749865"
"BM8090","Customer Purpose","gen13","2026-09-22","10:48:26","7681052589"
"BM8090","Customer Purpose","gen30","2026-09-22","13:00:56","9439749865"
"BM8090","Final Vault Closing","gen25","2026-09-22","18:08:34","7681052589"
"BM8090","Customer Purpose","gen24","2026-09-23","10:05:51","7735953410"
"BM8090","Customer Purpose","gen50","2026-09-23","11:48:46","7681052589"
"BM8090","Customer Purpose","gen30","2026-09-23","12:28:13","9439749865"
"BM8090","Final Vault Closing","gen9","2026-09-23","18:23:02","9439749865"
"BM8090","Customer Purpose","gen29","2026-09-24","11:08:35","9439749865"
"BM8090","Customer Purpose","gen7","2026-09-24","11:43:35","9439749865"
"BM8090","Customer Purpose","gen2","2026-09-24","13:00:26","7681052589"
"BM8090","Final Vault Closing","iifl4","2026-09-24","19:22:58","9439749865"
"BM8090","Customer Purpose","gen29","2026-09-25","11:07:30","7735953410"
"BM8090","Customer Purpose","gen3","2026-09-25","13:08:10","7681052589"
"BM8090","Final Vault Closing","gen39","2026-09-25","18:37:21","7681052589"
"BM8090","Customer Purpose","gen14","2026-09-26","10:31:42","7681052589"
"BM8090","Customer Purpose","gen7","2026-09-26","10:48:07","9439749865"
"BM8090","Customer Purpose","gen49","2026-09-26","13:55:12","9439749865"
"BM8090","Packet Counting","gen18","2026-09-26","15:24:53","9439749865"
"BM8090","Final Vault Closing","gen10","2026-09-26","17:45:56","9439749865"
"BM8090","Customer Purpose","gen32","2026-09-27","11:15:23","7681052589"
"BM8094","Customer Purpose","gen18","2026-09-21","11:40:26","9101844183"
"BM8094","Customer Purpose","gen34","2026-09-21","13:21:24","9101239007"
"BM8094","Final Vault Closing","gen11","2026-09-21","17:59:26","9101239007"
"BM8094","Customer Purpose","gen12","2026-09-22","10:37:11","9101844183"
"BM8094","Customer Purpose","gen13","2026-09-22","10:52:59","9101239007"
"BM8094","Customer Purpose","gen25","2026-09-22","11:40:36","9101844183"
"BM8094","Customer Purpose","gen15","2026-09-22","12:04:54","9101215809"
"BM8094","Final Vault Closing","gen","2026-09-22","18:42:13","9101844183"
"BM8094","Customer Purpose","gen38","2026-09-23","12:00:02","9101239007"
"BM8094","Audit Purpose","gen14","2026-09-23","14:20:20","9101215809"
"BM8094","Audit Purpose","gen36","2026-09-23","15:04:50","9101239007"
"BM8094","Audit Purpose","gen1","2026-09-23","16:09:52","9101239007"
"BM8094","Audit Purpose","gen17","2026-09-23","16:26:12","9101239007"
"BM8094","Audit Purpose","gen36","2026-09-23","17:18:15","9101239007"
"BM8094","Audit Purpose","gen21","2026-09-23","18:16:51","9101844183"
"BM8094","Audit Purpose","gen11","2026-09-24","10:23:29","9101844183"
"BM8094","Audit Purpose","gen39","2026-09-24","11:26:39","9101239007"
"BM8094","Customer Purpose","gen24","2026-09-24","13:42:58","9101844183"
"BM8094","Customer Purpose","gen38","2026-09-24","14:42:14","9101844183"
"BM8094","Audit Purpose","gen36","2026-09-24","16:45:33","9101844183"
"BM8094","Final Vault Closing","gen29","2026-09-24","18:23:39","9101239007"
"BM8094","Final Vault Closing","gen37","2026-09-24","18:33:38","9101239007"
"BM8094","Audit Purpose","gen4","2026-09-25","10:29:02","9101239007"
"BM8094","Final Vault Closing","iifl4","2026-09-25","18:53:38","9101215809"
"BM8094","Customer Purpose","gen28","2026-09-26","12:00:59","9101239007"
"BM8094","Customer Purpose","gen17","2026-09-26","13:26:43","9101844183"
"BM8094","Final Vault Closing","gen9","2026-09-26","17:53:12","9101844183"
"BM8094","Customer Purpose","gen15","2026-09-27","11:11:55","9101844183"
"BM8094","Final Vault Closing","gen35","2026-09-27","14:50:26","9101844183"
"BM8101","Customer Purpose","gen15","2026-09-21","10:53:16","9556482777"
"BM8101","Customer Purpose","gen23","2026-09-21","11:52:39","9556482777"
"BM8101","Customer Purpose","gen19","2026-09-21","17:16:19","8480352415"
"BM8101","Final Vault Closing","gen17","2026-09-21","18:12:56","8480352415"
"BM8101","Customer Purpose","gen21","2026-09-22","11:30:45","9556482777"
"BM8101","Customer Purpose","gen6","2026-09-22","12:06:56","8480352415"
"BM8101","Customer Purpose","gen18","2026-09-22","13:02:19","8480352415"
"BM8101","Customer Purpose","gen39","2026-09-22","13:56:24","9556482777"
"BM8101","Customer Purpose","gen16","2026-09-22","16:03:01","9556482777"
"BM8101","Customer Purpose","gen20","2026-09-22","16:14:52","8480352415"
"BM8101","Final Vault Closing","gen5","2026-09-22","18:17:49","8480352415"
"BM8101","Customer Purpose","gen11","2026-09-23","10:51:17","9556482777"
"BM8101","Customer Purpose","gen19","2026-09-23","13:07:51","9556482777"
"BM8101","Customer Purpose","gen1","2026-09-23","13:16:14","8480352415"
"BM8101","Final Vault Closing","iifl4","2026-09-23","19:35:07","9556482777"
"BM8101","Customer Purpose","gen19","2026-09-24","10:28:03","9556482777"
"BM8101","Customer Purpose","gen21","2026-09-24","10:38:01","9556482777"
"BM8101","Customer Purpose","gen20","2026-09-24","11:31:44","9556482777"
"BM8101","Customer Purpose","gen22","2026-09-24","12:01:18","9556482777"
"BM8101","Customer Purpose","gen35","2026-09-24","15:33:32","9556482777"
"BM8101","Final Vault Closing","gen23","2026-09-24","18:01:03","9556482777"
"BM8101","Customer Purpose","gen29","2026-09-25","10:28:19","9556482777"
"BM8101","Customer Purpose","gen32","2026-09-25","14:33:13","9556482777"
"BM8101","Customer Purpose","gen20","2026-09-25","15:31:06","8480352415"
"BM8101","Customer Purpose","gen31","2026-09-25","16:21:41","9556482777"
"BM8101","Final Vault Closing","gen25","2026-09-25","17:53:53","8480352415"
"BM8101","Packet Counting","gen35","2026-09-26","10:49:13","9556482777"
"BM8101","Packet Counting","gen24","2026-09-26","11:36:22","9556482777"
"BM8101","Customer Purpose","gen6","2026-09-26","12:50:59","8480352415"
"BM8101","Customer Purpose","gen49","2026-09-26","16:16:34","9556482777"
"BM8101","Final Vault Closing","gen3","2026-09-26","18:24:40","9556482777"
"BM8127","Customer Purpose","gen34","2026-09-21","11:04:38","9337555634"
"BM8127","Customer Purpose","gen23","2026-09-21","13:08:21","7978694536"
"BM8127","Customer Purpose","iifl4","2026-09-21","13:41:54","9337555634"
"BM8127","Customer Purpose","gen2","2026-09-21","14:28:58","9178302229"
"BM8127","Customer Purpose","gen24","2026-09-21","16:03:32","9337555634"
"BM8127","Final Vault Closing","gen37","2026-09-21","18:21:52","9178302229"
"BM8127","Customer Purpose","gen22","2026-09-22","11:01:55","9337555634"
"BM8127","Customer Purpose","gen24","2026-09-22","12:27:07","7978694536"
"BM8127","Customer Purpose","gen19","2026-09-22","13:16:36","7978694536"
"BM8127","Customer Purpose","gen3","2026-09-22","13:48:18","7978694536"
"BM8127","Customer Purpose","gen21","2026-09-22","15:13:08","9178302229"
"BM8127","Customer Purpose","gen35","2026-09-22","15:55:12","9337555634"
"BM8127","Customer Purpose","gen","2026-09-22","16:34:14","9178302229"
"BM8127","Customer Purpose","gen4","2026-09-22","16:59:12","9337555634"
"BM8127","Final Vault Closing","iifl4","2026-09-22","19:21:40","9337555634"
"BM8127","Customer Purpose","gen20","2026-09-23","13:24:09","9337555634"
"BM8127","Customer Purpose","gen37","2026-09-23","16:36:13","9178302229"
"BM8127","Customer Purpose","gen22","2026-09-23","17:05:03","9337555634"
"BM8127","Final Vault Closing","gen34","2026-09-23","17:56:50","9337555634"
"BM8127","Customer Purpose","gen15","2026-09-24","12:19:23","9337555634"
"BM8127","Customer Purpose","gen17","2026-09-24","13:57:05","9337555634"
"BM8127","Customer Purpose","gen13","2026-09-24","14:53:33","9178302229"
"BM8127","Customer Purpose","gen20","2026-09-24","15:52:37","9337555634"
"BM8127","Customer Purpose","gen31","2026-09-24","16:25:29","7978694536"
"BM8127","Customer Purpose","gen23","2026-09-24","17:27:42","9178302229"
"BM8127","Audit Purpose","gen2","2026-09-24","17:50:48","9337555634"
"BM8127","Customer Purpose","gen21","2026-09-25","12:22:30","9178302229"
"BM8127","Customer Purpose","gen23","2026-09-25","16:47:18","9178302229"
"BM8127","Final Vault Closing","gen22","2026-09-25","18:04:39","9337555634"
"BM8127","Customer Purpose","gen30","2026-09-26","11:35:28","9337555634"
"BM8127","Customer Purpose","gen18","2026-09-26","13:03:06","9178302229"
"BM8127","Customer Purpose","gen11","2026-09-26","13:28:51","9337555634"
"BM8127","Customer Purpose","gen29","2026-09-26","14:13:35","9178302229"
"BM8127","Customer Purpose","gen3","2026-09-26","15:31:28","9178302229"
"BM8127","Customer Purpose","gen6","2026-09-26","16:28:33","9337555634"
"BM8127","Customer Purpose","gen7","2026-09-26","17:35:27","9178302229"
"BM8127","Final Vault Closing","iifl6","2026-09-26","18:09:45","9337555634"
"BM8137","Customer Purpose","gen22","2026-09-21","11:10:52","7031670849"
"BM8137","Customer Purpose","gen33","2026-09-21","11:38:08","9614193264"
"BM8137","Final Vault Closing","gen12","2026-09-21","18:49:38","9614193264"
"BM8137","Customer Purpose","gen30","2026-09-22","10:56:32","9614193264"
"BM8137","Customer Purpose","gen2","2026-09-22","12:08:58","9614193264"
"BM8137","Customer Purpose","gen3","2026-09-22","13:42:43","9614193264"
"BM8137","Customer Purpose","gen16","2026-09-22","13:57:59","9614193264"
"BM8137","Customer Purpose","gen17","2026-09-22","16:26:16","9614193264"
"BM8137","Final Vault Closing","iifl5","2026-09-22","18:59:47","8617485255"
"BM8137","Customer Purpose","gen35","2026-09-23","10:22:40","8617485255"
"BM8137","Customer Purpose","gen22","2026-09-23","13:08:17","7031670849"
"BM8137","Customer Purpose","gen50","2026-09-23","17:26:00","8617485255"
"BM8137","Customer Purpose","gen6","2026-09-23","18:03:10","9614193264"
"BM8137","Final Vault Closing","gen11","2026-09-23","18:43:06","9614193264"
"BM8137","Customer Purpose","gen29","2026-09-24","11:38:40","9614193264"
"BM8137","Customer Purpose","gen","2026-09-24","14:09:22","7031670849"
"BM8137","Customer Purpose","gen3","2026-09-24","15:48:24","7031670849"
"BM8137","Final Vault Closing","gen17","2026-09-24","18:30:19","8617485255"
"BM8137","Customer Purpose","gen35","2026-09-25","12:53:54","7031670849"
"BM8137","Customer Purpose","gen37","2026-09-25","13:10:01","7031670849"
"BM8137","Final Vault Closing","gen8","2026-09-25","18:26:26","9614193264"
"BM8137","Customer Purpose","gen36","2026-09-26","12:29:43","7031670849"
"BM8137","Packet Counting","gen33","2026-09-26","15:39:36","8617485255"
"BM8137","Packet Counting","gen19","2026-09-26","17:40:15","8617485255"
"BM8137","Customer Purpose","gen8","2026-09-27","12:44:53","7031670849"
"BM8144","Customer Purpose","gen3","2026-09-21","10:35:11","8466044512"
"BM8144","Customer Purpose","gen10","2026-09-21","14:34:51","8466044512"
"BM8144","Customer Purpose","gen22","2026-09-21","16:44:03","8466044512"
"BM8144","Customer Purpose","gen7","2026-09-21","17:19:28","9000359569"
"BM8144","Final Vault Closing","gen10","2026-09-21","18:00:15","9000359569"
"BM8144","Customer Purpose","gen8","2026-09-22","12:47:58","8466044512"
"BM8144","Customer Purpose","gen24","2026-09-22","13:45:27","8466044512"
"BM8144","Customer Purpose","gen32","2026-09-22","14:29:28","8985630899"
"BM8144","Customer Purpose","gen35","2026-09-22","16:16:28","9000359569"
"BM8144","Customer Purpose","gen37","2026-09-22","16:43:44","9000359569"
"BM8144","Final Vault Closing","gen5","2026-09-22","18:08:23","9000359569"
"BM8144","Customer Purpose","gen17","2026-09-23","12:21:23","8466044512"
"BM8144","Customer Purpose","gen39","2026-09-23","14:19:31","9000359569"
"BM8144","Customer Purpose","gen23","2026-09-23","14:26:48","8466044512"
"BM8144","Customer Purpose","gen23","2026-09-23","14:37:33","8985630899"
"BM8144","Customer Purpose","gen16","2026-09-23","14:45:12","8985630899"
"BM8144","Customer Purpose","gen27","2026-09-23","16:32:05","9000359569"
"BM8144","Customer Purpose","gen32","2026-09-23","17:05:40","8466044512"
"BM8144","Final Vault Closing","gen9","2026-09-23","18:09:27","9000359569"
"BM8144","Customer Purpose","gen24","2026-09-24","10:50:28","8466044512"
"BM8144","Customer Purpose","gen37","2026-09-24","12:47:31","9000359569"
"BM8144","Customer Purpose","gen30","2026-09-24","13:19:30","9000359569"
"BM8144","Customer Purpose","gen32","2026-09-24","15:30:46","9000359569"
"BM8144","Customer Purpose","gen22","2026-09-24","16:15:54","8466044512"
"BM8144","Customer Purpose","gen17","2026-09-24","16:34:21","9000359569"
"BM8144","Customer Purpose","gen12","2026-09-24","17:49:26","8466044512"
"BM8144","Final Vault Closing","gen24","2026-09-24","18:31:21","8466044512"
"BM8144","Customer Purpose","gen32","2026-09-25","10:30:08","8466044512"
"BM8144","Customer Purpose","gen6","2026-09-25","11:23:29","8985630899"
"BM8144","Customer Purpose","gen11","2026-09-25","13:23:33","9000359569"
"BM8144","Customer Purpose","gen5","2026-09-25","13:47:14","9000359569"
"BM8144","Customer Purpose","gen9","2026-09-25","14:48:11","8985630899"
"BM8144","Customer Purpose","gen4","2026-09-25","16:47:39","8466044512"
"BM8144","Customer Purpose","gen37","2026-09-25","17:07:14","8466044512"
"BM8144","Final Vault Closing","gen14","2026-09-25","17:49:51","9000359569"
"BM8144","Customer Purpose","gen32","2026-09-26","10:34:00","8466044512"
"BM8144","Customer Purpose","gen32","2026-09-26","11:15:13","8466044512"
"BM8144","Customer Purpose","gen24","2026-09-26","11:30:22","8466044512"
"BM8144","Customer Purpose","gen26","2026-09-26","12:04:15","9000359569"
"BM8144","Customer Purpose","gen9","2026-09-26","13:45:04","9000359569"
"BM8144","Customer Purpose","gen18","2026-09-26","15:27:12","8985630899"
"BM8144","Customer Purpose","gen17","2026-09-26","16:10:37","9000359569"
"BM8144","Packet Counting","gen34","2026-09-26","16:41:33","8466044512"
"BM8144","Packet Counting","gen23","2026-09-26","17:28:30","8466044512"
"BM8144","Final Vault Closing","gen29","2026-09-26","18:16:31","8466044512"
"BM8144","Customer Purpose","gen16","2026-09-27","10:55:50","9000359569"
"BM8144","Customer Purpose","gen24","2026-09-27","13:17:48","8466044512"
"BM8154","Customer Purpose","gen25","2026-09-21","12:16:07","6396842008"
"BM8154","Customer Purpose","gen16","2026-09-21","15:56:34","9491418849"
"BM8154","Final Vault Closing","gen23","2026-09-21","18:00:21","8143828082"
"BM8154","Customer Purpose","gen35","2026-09-22","10:37:57","9491418849"
"BM8154","Customer Purpose","gen23","2026-09-22","13:22:30","8143828082"
"BM8154","Customer Purpose","gen23","2026-09-22","14:53:20","8143828082"
"BM8154","Final Vault Closing","gen37","2026-09-22","17:38:32","9491418849"
"BM8154","Customer Purpose","gen9","2026-09-23","12:55:59","9491418849"
"BM8154","Customer Purpose","gen15","2026-09-23","13:06:32","8886328177"
"BM8154","Customer Purpose","gen16","2026-09-23","14:40:25","9491418849"
"BM8154","Final Vault Closing","gen37","2026-09-23","17:49:00","8886328177"
"BM8154","Customer Purpose","gen33","2026-09-24","11:19:16","9491418849"
"BM8154","Customer Purpose","gen12","2026-09-24","14:35:14","9491418849"
"BM8154","Final Vault Closing","gen21","2026-09-24","18:02:57","8143828082"
"BM8154","Customer Purpose","gen20","2026-09-25","13:59:20","9491418849"
"BM8154","Final Vault Closing","gen2","2026-09-25","17:51:15","9491418849"
"BM8154","Customer Purpose","gen17","2026-09-26","10:27:15","9491418849"
"BM8154","Packet Counting","gen26","2026-09-26","13:20:35","9491418849"
"BM8154","Final Vault Closing","gen11","2026-09-26","17:55:16","8886328177"
"BM8154","Customer Purpose","gen23","2026-09-27","11:10:28","8143828082"
"BM8167","Customer Purpose","gen28","2026-09-21","14:14:09","8967138337"
"BM8167","Customer Purpose","gen16","2026-09-21","15:22:22","8972170522"
"BM8167","Final Vault Closing","iifl4","2026-09-21","18:29:44","8967138337"
"BM8167","Customer Purpose","gen3","2026-09-22","10:41:44","8967138337"
"BM8167","Customer Purpose","gen8","2026-09-22","12:24:14","8967138337"
"BM8167","Customer Purpose","gen23","2026-09-22","15:31:44","7699982360"
"BM8167","Customer Purpose","gen23","2026-09-22","16:23:29","8967138337"
"BM8167","Customer Purpose","gen37","2026-09-22","17:01:49","8967138337"
"BM8167","Final Vault Closing","gen22","2026-09-22","18:02:04","8967138337"
"BM8167","Customer Purpose","gen30","2026-09-23","12:00:43","7699982360"
"BM8167","Customer Purpose","gen9","2026-09-23","12:58:46","8967138337"
"BM8167","Final Vault Closing","iifl7","2026-09-23","18:32:25","8967138337"
"BM8167","Customer Purpose","gen5","2026-09-24","10:30:33","8967138337"
"BM8167","Customer Purpose","gen9","2026-09-24","10:47:01","7699982360"
"BM8167","Customer Purpose","gen","2026-09-24","11:23:22","9564370059"
"BM8167","Customer Purpose","gen6","2026-09-24","12:28:20","8967138337"
"BM8167","Customer Purpose","iifl6","2026-09-24","12:54:36","8967138337"
"BM8167","Customer Purpose","gen19","2026-09-24","13:41:56","8967138337"
"BM8167","Customer Purpose","gen12","2026-09-24","14:20:09","7699982360"
"BM8167","Customer Purpose","gen23","2026-09-24","16:01:42","7699982360"
"BM8167","Customer Purpose","gen9","2026-09-24","16:18:53","8967138337"
"BM8167","Customer Purpose","gen21","2026-09-24","17:56:13","8967138337"
"BM8167","Customer Purpose","gen1","2026-09-24","18:29:31","8967138337"
"BM8167","Final Vault Closing","gen22","2026-09-24","18:59:49","8967138337"
"BM8167","Customer Purpose","gen","2026-09-25","12:35:43","8967138337"
"BM8167","Customer Purpose","gen22","2026-09-25","14:22:29","8967138337"
"BM8167","Customer Purpose","gen4","2026-09-25","15:42:29","8967138337"
"BM8167","Customer Purpose","gen5","2026-09-25","16:22:46","8967138337"
"BM8167","Customer Purpose","gen31","2026-09-25","17:31:31","8967138337"
"BM8167","Final Vault Closing","gen19","2026-09-25","18:50:44","8967138337"
"BM8167","Customer Purpose","gen10","2026-09-26","11:44:34","8967138337"
"BM8167","Customer Purpose","gen15","2026-09-26","16:46:14","7699982360"
"BM8167","Packet Counting","gen15","2026-09-26","17:31:40","7699982360"
"BM8274","Customer Purpose","gen26","2026-09-21","12:49:56","7086694573"
"BM8274","Customer Purpose","gen7","2026-09-21","14:02:51","7086694573"
"BM8274","Customer Purpose","gen37","2026-09-21","15:36:09","8638018351"
"BM8274","Customer Purpose","gen50","2026-09-21","16:47:06","8638018351"
"BM8274","Final Vault Closing","gen20","2026-09-21","18:01:53","8638018351"
"BM8274","Customer Purpose","gen32","2026-09-22","10:39:31","7086694573"
"BM8274","Customer Purpose","gen41","2026-09-22","13:05:13","8638018351"
"BM8274","Final Vault Closing","gen23","2026-09-22","17:34:42","8638018351"
"BM8274","Customer Purpose","gen","2026-09-23","13:47:56","8638018351"
"BM8274","Final Vault Closing","gen3","2026-09-23","17:53:32","7086694573"
"BM8274","Customer Purpose","gen24","2026-09-24","11:08:16","8638018351"
"BM8274","Customer Purpose","gen2","2026-09-24","11:19:09","8638018351"
"BM8274","Customer Purpose","gen17","2026-09-24","13:30:27","9365720183"
"BM8274","Final Vault Closing","gen28","2026-09-24","18:14:54","9365720183"
"BM8274","Audit Purpose","gen37","2026-09-25","11:54:29","7086694573"
"BM8274","Audit Purpose","gen8","2026-09-25","12:05:46","9365720183"
"BM8274","Audit Purpose","gen30","2026-09-25","13:18:24","7086694573"
"BM8274","Audit Purpose","gen31","2026-09-25","16:18:17","7086694573"
"BM8274","Final Vault Closing","gen39","2026-09-25","18:16:55","7086694573"
"BM8274","Audit Purpose","gen2","2026-09-26","10:49:50","7086694573"
"BM8274","Audit Purpose","gen29","2026-09-26","12:24:52","7086694573"
"BM8274","Audit Purpose","gen36","2026-09-26","13:39:55","7086694573"
"BM8274","Audit Purpose","gen19","2026-09-26","17:08:16","9365720183"
"BM8274","Final Vault Closing","gen33","2026-09-26","18:09:18","7086694573"
"BM8274","Audit Purpose","gen17","2026-09-27","11:43:49","9365720183"
"BM8274","Audit Purpose","gen30","2026-09-27","13:07:58","8638018351"
"BM8274","Customer Purpose","gen19","2026-09-27","13:55:04","7086694573"
"BM8477","Customer Purpose","gen25","2026-09-21","11:15:41","8967197838"
"BM8477","Customer Purpose","gen6","2026-09-21","14:23:46","8967197838"
"BM8477","Customer Purpose","gen29","2026-09-21","16:26:06","8967197838"
"BM8477","Customer Purpose","gen2","2026-09-21","16:48:13","8967197838"
"BM8477","Final Vault Closing","gen","2026-09-21","17:44:13","8013151584"
"BM8477","Customer Purpose","gen11","2026-09-22","11:34:25","8967197838"
"BM8477","Customer Purpose","gen37","2026-09-22","12:18:00","9088157938"
"BM8477","Customer Purpose","gen39","2026-09-22","15:49:53","9088157938"
"BM8477","Customer Purpose","gen37","2026-09-22","16:08:49","8967197838"
"BM8477","Customer Purpose","gen6","2026-09-22","16:19:23","8967197838"
"BM8477","Final Vault Closing","gen14","2026-09-22","18:04:26","8967197838"
"BM8477","Audit Purpose","gen21","2026-09-23","10:33:53","8013151584"
"BM8477","Audit Purpose","gen30","2026-09-23","11:24:07","9088157938"
"BM8477","Audit Purpose","gen35","2026-09-23","12:16:44","9088157938"
"BM8477","Audit Purpose","gen1","2026-09-23","13:19:47","8967197838"
"BM8477","Audit Purpose","gen8","2026-09-23","14:15:13","8967197838"
"BM8477","Audit Purpose","gen25","2026-09-23","15:58:00","8967197838"
"BM8477","Audit Purpose","gen30","2026-09-23","16:43:15","8967197838"
"BM8477","Audit Purpose","gen17","2026-09-23","17:29:20","9088157938"
"BM8477","Final Vault Closing","gen18","2026-09-23","18:02:10","8967197838"
"BM8477","Audit Purpose","gen20","2026-09-24","10:18:46","8967197838"
"BM8477","Audit Purpose","gen31","2026-09-24","11:47:00","8013151584"
"BM8477","Audit Purpose","gen24","2026-09-24","13:31:46","8013151584"
"BM8477","Audit Purpose","gen26","2026-09-24","15:13:52","8967197838"
"BM8477","Audit Purpose","gen24","2026-09-24","16:31:25","8013151584"
"BM8477","Audit Purpose","gen26","2026-09-24","17:59:09","8967197838"
"BM8477","Audit Purpose","gen16","2026-09-25","10:29:42","9088157938"
"BM8477","Audit Purpose","gen4","2026-09-25","12:05:48","8967197838"
"BM8477","Audit Purpose","gen30","2026-09-25","13:13:48","9088157938"
"BM8477","Audit Purpose","gen39","2026-09-25","17:05:19","8013151584"
"BM8477","Audit Purpose","gen25","2026-09-26","10:19:04","8967197838"
"BM8477","Audit Purpose","gen23","2026-09-26","11:35:55","8013151584"
"BM8477","Audit Purpose","gen1","2026-09-26","12:26:48","8967197838"
"BM8477","Audit Purpose","gen21","2026-09-26","14:57:43","8967197838"
"BM8477","Audit Purpose","gen7","2026-09-26","16:13:40","9088157938"
"BM8477","Audit Purpose","gen30","2026-09-26","17:21:22","8013151584"
"BM8477","Audit Purpose","gen14","2026-09-26","17:52:35","8967197838"
"BM8477","Audit Purpose","gen18","2026-09-26","18:20:08","8967197838"
"BM8477","Audit Purpose","gen24","2026-09-27","10:25:21","8013151584"
"BM8477","Audit Purpose","gen12","2026-09-27","12:28:55","9088157938"
"BM8477","Audit Purpose","gen10","2026-09-27","14:25:13","9088157938"
"BM8616","Customer Purpose","gen2","2026-09-21","14:58:40","8619173268"
"BM8616","Customer Purpose","gen","2026-09-21","15:26:22","7568099308"
"BM8616","Customer Purpose","gen4","2026-09-21","16:25:47","8619173268"
"BM8616","Final Vault Closing","iifl2","2026-09-21","20:11:01","8619173268"
"BM8616","Customer Purpose","gen24","2026-09-22","13:37:31","9166173175"
"BM8616","Customer Purpose","gen29","2026-09-22","13:50:53","9166173175"
"BM8616","Customer Purpose","gen25","2026-09-22","14:05:50","9166173175"
"BM8616","Customer Purpose","gen20","2026-09-22","15:58:43","9166173175"
"BM8616","Customer Purpose","gen21","2026-09-22","16:15:06","8619173268"
"BM8616","Customer Purpose","gen20","2026-09-22","16:31:08","9166173175"
"BM8616","Customer Purpose","gen21","2026-09-22","17:05:09","9166173175"
"BM8616","Customer Purpose","gen21","2026-09-22","17:15:26","9166173175"
"BM8616","Customer Purpose","gen22","2026-09-22","17:30:11","9166173175"
"BM8616","Customer Purpose","gen21","2026-09-22","17:56:48","9166173175"
"BM8616","Final Vault Closing","iifl4","2026-09-22","19:18:32","9166173175"
"BM8616","Customer Purpose","gen15","2026-09-23","11:12:05","8619173268"
"BM8616","Customer Purpose","gen18","2026-09-23","12:58:01","8619173268"
"BM8616","Customer Purpose","gen14","2026-09-23","15:23:35","9166173175"
"BM8616","Customer Purpose","gen17","2026-09-23","16:08:54","8619173268"
"BM8616","Final Vault Closing","gen27","2026-09-23","18:29:23","ot operate"
"BM8616","Final Vault Closing","gen22","2026-09-23","18:37:08","9166173175"
"BM8616","Customer Purpose","gen","2026-09-24","11:48:05","9166173175"
"BM8616","Customer Purpose","gen17","2026-09-24","13:49:51","9166173175"
"BM8616","Customer Purpose","gen35","2026-09-24","14:13:15","9166173175"
"BM8616","Customer Purpose","gen36","2026-09-24","14:33:17","9166173175"
"BM8616","Customer Purpose","gen7","2026-09-24","16:30:13","8619173268"
"BM8616","Final Vault Closing","gen3","2026-09-24","18:21:51","8619173268"
"BM8616","Customer Purpose","gen8","2026-09-25","11:54:19","7568099308"
"BM8616","Customer Purpose","gen31","2026-09-25","14:44:29","9166173175"
"BM8616","Customer Purpose","gen29","2026-09-25","15:03:56","1661731750"
"BM8616","Customer Purpose","gen4","2026-09-25","16:07:46","9166173175"
"BM8616","Final Vault Closing","gen49","2026-09-25","18:37:50","7568099308"
"BM8616","Customer Purpose","gen36","2026-09-26","12:19:50","9166173175"
"BM8616","Customer Purpose","gen30","2026-09-26","12:30:26","9166173175"
"BM8616","Customer Purpose","gen7","2026-09-26","13:52:16","8619173268"
"BM8616","Customer Purpose","gen24","2026-09-26","14:45:14","9166173175"
"BM8616","Packet Counting","gen33","2026-09-26","15:21:08","9166173175"
"BM8616","Customer Purpose","gen6","2026-09-26","17:08:40","9166173175"
"BM8616","Packet Counting","gen21","2026-09-26","17:41:58","9166173175"
"BM8616","Customer Purpose","gen35","2026-09-27","12:12:07","7568099308"
"BM8616","Other Purpose","gen31","2026-09-27","13:51:39","8619173268"
"BM8637","Final Vault Closing","gen3","2026-09-21","18:01:33","9438449346"
"BM8637","Customer Purpose","gen26","2026-09-22","13:08:47","9438449346"
"BM8637","Final Vault Closing","gen34","2026-09-22","17:52:19","8984785312"
"BM8637","Customer Purpose","gen9","2026-09-23","12:18:16","@iifl.com>"
"BM8637","Customer Purpose","gen16","2026-09-23","12:52:26","lroomthane"
"BM8637","Final Vault Closing","gen50","2026-09-23","17:55:14","8984785312"
"BM8637","Customer Purpose","gen14","2026-09-24","13:24:28","@iifl.com>"
"BM8637","Final Vault Closing","gen6","2026-09-24","17:40:54","9438449346"
"BM8637","Customer Purpose","gen7","2026-09-25","11:17:21","8984785312"
"BM8637","Final Vault Closing","gen28","2026-09-25","18:43:12","8984785312"
"BM8637","Customer Purpose","gen15","2026-09-26","11:38:12","9438449346"
"BM8637","Customer Purpose","iifl5","2026-09-26","13:31:05","9438449346"
"BM8637","Packet Counting","gen21","2026-09-26","15:50:48","8984785312"
"BM8637","Final Vault Closing","gen15","2026-09-26","17:52:48","9438449346"
"BM8637","Customer Purpose","gen15","2026-09-27","11:15:09","8984785312"
"BM8639","Customer Purpose","gen22","2026-09-21","11:00:52","7894691399"
"BM8639","Customer Purpose","gen30","2026-09-21","11:43:21","8249944384"
"BM8639","Customer Purpose","gen37","2026-09-21","13:07:26","8249944384"
"BM8639","Customer Purpose","gen6","2026-09-21","15:55:41","8249944384"
"BM8639","Customer Purpose","gen16","2026-09-21","16:07:30","7894691399"
"BM8639","Final Vault Closing","gen41","2026-09-21","18:02:45","8249944384"
"BM8639","Customer Purpose","gen21","2026-09-22","11:04:58","7894691399"
"BM8639","Customer Purpose","gen11","2026-09-22","13:52:15","7894691399"
"BM8639","Customer Purpose","gen10","2026-09-22","14:06:59","7894691399"
"BM8639","Customer Purpose","gen10","2026-09-22","14:47:58","8249944384"
"BM8639","Final Vault Closing","gen13","2026-09-22","17:52:12","9776933966"
"BM8639","Customer Purpose","gen11","2026-09-23","11:01:04","8249944384"
"BM8639","Customer Purpose","gen6","2026-09-23","12:52:58","7894691399"
"BM8639","Customer Purpose","gen36","2026-09-23","13:01:36","7894691399"
"BM8639","Customer Purpose","gen1","2026-09-23","15:19:40","9776933966"
"BM8639","Final Vault Closing","gen26","2026-09-23","18:15:22","9776933966"
"BM8639","Customer Purpose","gen5","2026-09-24","11:07:02","8249944384"
"BM8639","Customer Purpose","gen34","2026-09-24","13:09:35","7894691399"
"BM8639","Customer Purpose","gen20","2026-09-24","13:27:29","8249944384"
"BM8639","Customer Purpose","gen17","2026-09-24","15:26:17","7894691399"
"BM8639","Final Vault Closing","gen32","2026-09-24","17:49:59","8249944384"
"BM8639","Final Vault Closing","gen21","2026-09-25","17:55:03","7894691399"
"BM8639","Packet Counting","gen17","2026-09-26","10:13:06","9776933966"
"BM8639","Packet Counting","gen9","2026-09-26","10:57:01","9776933966"
"BM8639","Customer Purpose","gen31","2026-09-26","11:39:02","9776933966"
"BM8639","Customer Purpose","gen6","2026-09-26","12:31:20","8249944384"
"BM8639","Customer Purpose","iifl4","2026-09-26","12:45:43","9776933966"
"BM8639","Customer Purpose","gen25","2026-09-26","13:57:13","9776933966"
"BM8639","Packet Counting","gen7","2026-09-26","15:03:45","8249944384"
"BM8639","Packet Counting","gen9","2026-09-26","15:54:27","8249944384"
"BM8639","Packet Counting","gen23","2026-09-26","16:41:55","7894691399"
"BM8639","Final Vault Closing","gen26","2026-09-26","18:17:45","9776933966"
"BM8639","Packet Counting","gen22","2026-09-27","10:33:53","8249944384"
"BM8639","Packet Counting","gen25","2026-09-27","11:19:05","8249944384"
"BM8639","Packet Counting","gen38","2026-09-27","12:10:35","7894691399"
"BM8639","Packet Counting","gen35","2026-09-27","12:59:52","8249944384"
"BM8639","Packet Counting","gen38","2026-09-27","14:14:30","8249944384"
"BM8648","Customer Purpose","gen15","2026-09-21","12:30:47","9777190323"
"BM8648","Customer Purpose","gen26","2026-09-21","14:06:20","7606801106"
"BM8648","Customer Purpose","gen3","2026-09-21","16:18:57","7606801106"
"BM8648","Final Vault Closing","gen29","2026-09-21","18:25:59","9777190323"
"BM8648","Customer Purpose","gen21","2026-09-22","10:47:04","7606801106"
"BM8648","Customer Purpose","gen9","2026-09-22","11:02:52","9777190323"
"BM8648","Customer Purpose","gen31","2026-09-22","12:28:14","9777190323"
"BM8648","Customer Purpose","gen7","2026-09-22","12:43:42","9777190323"
"BM8648","Customer Purpose","gen8","2026-09-22","13:11:24","9777190323"
"BM8648","Customer Purpose","gen32","2026-09-22","14:25:20","9777190323"
"BM8648","Final Vault Closing","iifl6","2026-09-22","18:52:53","7606801106"
"BM8648","Customer Purpose","gen14","2026-09-23","11:11:24","9777190323"
"BM8648","Customer Purpose","gen32","2026-09-23","12:09:39","9777190323"
"BM8648","Customer Purpose","gen3","2026-09-23","14:35:01","9777190323"
"BM8648","Final Vault Closing","gen3","2026-09-23","18:40:28","9777190323"
"BM8648","Customer Purpose","gen22","2026-09-24","11:08:28","7606801106"
"BM8648","Customer Purpose","gen9","2026-09-24","11:24:26","9777190323"
"BM8648","Customer Purpose","gen3","2026-09-24","12:26:59","9777190323"
"BM8648","Customer Purpose","gen24","2026-09-24","13:23:34","9777190323"
"BM8648","Customer Purpose","gen7","2026-09-24","16:01:38","9777190323"
"BM8648","Final Vault Closing","gen30","2026-09-24","18:30:32","9777190323"
"BM8648","Customer Purpose","gen2","2026-09-25","11:12:47","7606801106"
"BM8648","Customer Purpose","gen15","2026-09-25","11:45:40","7606801106"
"BM8648","Final Vault Closing","gen24","2026-09-25","18:43:57","9777190323"
"BM8648","Customer Purpose","gen5","2026-09-26","11:15:18","7606801106"
"BM8648","Customer Purpose","gen33","2026-09-26","12:35:27","7606801106"
"BM8648","Customer Purpose","gen30","2026-09-26","14:00:54","9777190323"
"BM8648","Customer Purpose","gen35","2026-09-26","17:06:38","7606801106"
"BM8648","Final Vault Closing","gen22","2026-09-26","18:40:05","7606801106"
"BM8795","Customer Purpose","gen16","2026-09-21","11:24:32","6289556171"
"BM8795","Customer Purpose","gen30","2026-09-21","13:17:48","6289556171"
"BM8795","Customer Purpose","gen3","2026-09-21","13:49:23","6289556171"
"BM8795","Final Vault Closing","gen25","2026-09-21","17:50:22","7278904875"
"BM8795","Customer Purpose","gen14","2026-09-22","10:55:15","6289556171"
"BM8795","Customer Purpose","gen21","2026-09-22","12:42:46","6289556171"
"BM8795","Customer Purpose","gen33","2026-09-22","15:14:37","8013760120"
"BM8795","Customer Purpose","gen31","2026-09-22","15:33:49","7278904875"
"BM8795","Customer Purpose","gen29","2026-09-22","15:53:02","6289556171"
"BM8795","Final Vault Closing","gen17","2026-09-22","17:39:21","6289556171"
"BM8795","Customer Purpose","gen18","2026-09-23","17:49:08","8013760120"
"BM8795","Customer Purpose","gen11","2026-09-24","12:29:07","7278904875"
"BM8795","Customer Purpose","gen23","2026-09-24","13:41:53","6289556171"
"BM8795","Customer Purpose","gen37","2026-09-24","15:11:26","7278904875"
"BM8795","Customer Purpose","gen24","2026-09-24","16:20:58","6289556171"
"BM8795","Final Vault Closing","gen31","2026-09-24","18:18:02","8013760120"
"BM8795","Customer Purpose","gen30","2026-09-25","17:35:16","6289556171"
"BM8795","Packet Counting","gen26","2026-09-26","13:25:57","7278904875"
"BM8795","Customer Purpose","gen14","2026-09-26","17:46:40","6289556171"
"BM8844","Audit Purpose","gen16","2026-09-21","11:37:15","9571601612"
"BM8844","Audit Purpose","gen30","2026-09-21","13:27:58","9571601612"
"BM8844","Audit Purpose","gen26","2026-09-21","16:16:36","9571601612"
"BM8844","Final Vault Closing","gen11","2026-09-21","18:17:11","8686916138"
"BM8844","Final Vault Closing","gen25","2026-09-22","17:54:54","9571601612"
"BM8844","Customer Purpose","gen30","2026-09-23","12:55:49","9571601612"
"BM8844","Final Vault Closing","gen10","2026-09-23","17:55:28","9571601612"
"BM8844","Customer Purpose","gen8","2026-09-24","14:40:40","9950041010"
"BM8844","Customer Purpose","gen9","2026-09-25","11:43:40","9571601612"
"BM8844","Customer Purpose","gen29","2026-09-25","13:28:08","9571601612"
"BM8844","Customer Purpose","gen17","2026-09-25","15:46:10","9571601612"
"BM8844","Customer Purpose","gen21","2026-09-25","17:40:33","9950041010"
"BM8844","Customer Purpose","gen14","2026-09-25","17:57:28","9571601612"
"BM8844","Customer Purpose","gen49","2026-09-26","16:57:30","9950041010"
"BM8844","Customer Purpose","gen6","2026-09-27","14:05:42","9571601612"
"BM9383","Customer Purpose","gen2","2026-09-21","11:30:42","7797459521"
"BM9383","Customer Purpose","gen","2026-09-21","12:19:08","7797459521"
"BM9383","Customer Purpose","gen35","2026-09-21","12:29:46","8159889224"
"BM9383","Customer Purpose","gen25","2026-09-21","14:09:09","8159889224"
"BM9383","Customer Purpose","gen24","2026-09-21","16:07:01","7797459521"
"BM9383","Final Vault Closing","gen18","2026-09-21","17:48:14","8159889224"
"BM9383","Customer Purpose","gen8","2026-09-22","12:57:33","8515929471"
"BM9383","Customer Purpose","gen21","2026-09-22","13:13:01","8515929471"
"BM9383","Customer Purpose","gen31","2026-09-22","15:15:17","7797459521"
"BM9383","Customer Purpose","gen25","2026-09-22","16:02:59","8159889224"
"BM9383","Final Vault Closing","gen16","2026-09-22","17:55:04","8515929471"
"BM9383","Customer Purpose","gen22","2026-09-23","15:27:22","8515929471"
"BM9383","Customer Purpose","gen9","2026-09-23","16:32:01","8515929471"
"BM9383","Final Vault Closing","gen26","2026-09-23","17:47:30","8515929471"
"BM9383","Customer Purpose","gen33","2026-09-24","11:30:40","8159889224"
"BM9383","Customer Purpose","gen8","2026-09-24","12:51:52","8515929471"
"BM9383","Final Vault Closing","gen22","2026-09-24","17:39:58","8159889224"
"BM9383","Customer Purpose","gen22","2026-09-25","16:27:20","8159889224"
"BM9383","Final Vault Closing","gen33","2026-09-25","17:34:15","8515929471"
"BM9383","Audit Purpose","gen12","2026-09-26","11:21:44","8159889224"
"BM9383","Audit Purpose","gen34","2026-09-26","11:34:01","8159889224"
"BM9383","Audit Purpose","gen49","2026-09-26","12:42:51","8515929471"
"BM9383","Audit Purpose","gen19","2026-09-26","16:41:32","8515929471"
"BM9383","Final Vault Closing","gen3","2026-09-26","17:41:34","7797459521"
"BM9383","Customer Purpose","gen23","2026-09-27","11:29:11","7797459521"
"BM9434","Customer Purpose","gen2","2026-09-21","11:26:09","6003497649"
"BM9434","Customer Purpose","gen43","2026-09-21","13:41:23","6003497649"
"BM9434","Customer Purpose","gen2","2026-09-21","14:07:50","8638494892"
"BM9434","Customer Purpose","gen23","2026-09-21","16:39:59","6003497649"
"BM9434","Customer Purpose","gen14","2026-09-21","16:52:50","7637890734"
"BM9434","Final Vault Closing","gen32","2026-09-21","18:23:57","8638494892"
"BM9434","Customer Purpose","gen27","2026-09-22","11:17:05","6003497649"
"BM9434","Customer Purpose","gen9","2026-09-22","12:32:11","6003497649"
"BM9434","Customer Purpose","gen13","2026-09-22","13:12:18","7637890734"
"BM9434","Customer Purpose","gen32","2026-09-22","14:43:41","7637890734"
"BM9434","Customer Purpose","gen14","2026-09-22","15:48:32","6003497649"
"BM9434","Customer Purpose","gen","2026-09-22","16:41:15","6003497649"
"BM9434","Customer Purpose","gen31","2026-09-22","17:13:33","6003497649"
"BM9434","Customer Purpose","gen16","2026-09-23","14:03:56","8638494892"
"BM9434","Customer Purpose","gen29","2026-09-23","14:16:42","8638494892"
"BM9434","Customer Purpose","gen16","2026-09-23","14:23:57","8638494892"
"BM9434","Customer Purpose","gen23","2026-09-23","16:41:53","7637890734"
"BM9434","Customer Purpose","gen30","2026-09-23","17:46:59","8638494892"
"BM9434","Final Vault Closing","gen20","2026-09-23","18:08:18","8638494892"
"BM9434","Customer Purpose","gen33","2026-09-24","10:24:11","7637890734"
"BM9434","Customer Purpose","gen17","2026-09-24","10:32:40","7637890734"
"BM9434","Customer Purpose","gen9","2026-09-24","11:10:31","8638494892"
"BM9434","Customer Purpose","gen16","2026-09-24","11:16:03","7637890734"
"BM9434","Customer Purpose","gen6","2026-09-24","12:21:04","8638494892"
"BM9434","Customer Purpose","gen6","2026-09-24","13:57:58","8638494892"
"BM9434","Customer Purpose","gen19","2026-09-24","17:28:14","8638494892"
"BM9434","Customer Purpose","gen29","2026-09-24","17:46:37","6003497649"
"BM9434","Customer Purpose","gen10","2026-09-24","17:59:11","6003497649"
"BM9434","Customer Purpose","gen10","2026-09-24","18:10:29","6003497649"
"BM9434","Customer Purpose","gen24","2026-09-25","11:07:09","6003497649"
"BM9434","Customer Purpose","gen6","2026-09-25","13:59:53","8638494892"
"BM9434","Customer Purpose","gen11","2026-09-25","15:40:28","7637890734"
"BM9434","Customer Purpose","gen31","2026-09-25","17:52:46","7637890734"
"BM9434","Customer Purpose","gen49","2026-09-26","10:22:36","4226399059"
"BM9434","Customer Purpose","gen20","2026-09-26","12:48:11","8638494892"
"BM9434","Customer Purpose","gen24","2026-09-26","13:51:25","8638494892"
"BM9434","Customer Purpose","gen24","2026-09-26","16:12:51","6003497649"
"BM9434","Final Vault Closing","gen8","2026-09-26","17:17:56","6003497649"
"BM9721","Customer Purpose","gen10","2026-09-21","13:29:49","6913332646"
"BM9721","Final Vault Closing","gen1","2026-09-21","17:29:05","6913332646"
"BM9721","Customer Purpose","gen20","2026-09-22","14:01:01","6000787141"
"BM9721","Customer Purpose","gen29","2026-09-22","17:18:48","6000787141"
"BM9721","Final Vault Closing","gen15","2026-09-22","17:56:57","6913332646"
"BM9721","Customer Purpose","gen32","2026-09-23","12:18:36","6000787141"
"BM9721","Final Vault Closing","iifl6","2026-09-23","18:23:30","6000787141"
"BM9721","Customer Purpose","gen21","2026-09-24","11:04:53","6000787141"
"BM9721","Customer Purpose","gen13","2026-09-24","12:25:51","6000787141"
"BM9721","Customer Purpose","gen10","2026-09-24","13:11:15","6000787141"
"BM9721","Customer Purpose","gen4","2026-09-24","15:45:57","6000787141"
"BM9721","Final Vault Closing","gen4","2026-09-24","17:52:21","6000787141"
"BM9721","Customer Purpose","gen29","2026-09-25","10:22:54","6000787141"
"BM9721","Customer Purpose","gen36","2026-09-25","11:27:25","6913332646"
"BM9721","Customer Purpose","gen1","2026-09-25","12:33:22","6000787141"
"BM9721","Customer Purpose","gen2","2026-09-25","12:43:55","6000787141"
"BM9721","Customer Purpose","gen9","2026-09-25","13:53:30","6000787141"
"BM9721","Customer Purpose","gen32","2026-09-25","14:03:18","6000787141"
"BM9721","Customer Purpose","gen21","2026-09-25","14:16:20","6000787141"
"BM9721","Final Vault Closing","iifl6","2026-09-25","18:09:35","6000787141"
"BM9721","Customer Purpose","gen15","2026-09-26","11:15:43","6913332646"
"BM9721","Final Vault Closing","iifl6","2026-09-26","18:02:05","6913332646"
"BM9947","Customer Purpose","gen7","2026-09-21","10:41:41","8285659378"
"BM9947","Customer Purpose","gen6","2026-09-21","11:53:26","8285659378"
"BM9947","Customer Purpose","gen22","2026-09-21","13:02:49","8285659378"
"BM9947","Customer Purpose","gen26","2026-09-21","13:54:07","8285659378"
"BM9947","Customer Purpose","gen35","2026-09-21","14:29:15","8285659378"
"BM9947","Customer Purpose","gen4","2026-09-21","17:02:15","9012627892"
"BM9947","Final Vault Closing","iifl6","2026-09-21","18:19:45","8285659378"
"BM9947","Customer Purpose","gen10","2026-09-22","11:11:29","8285659378"
"BM9947","Customer Purpose","gen2","2026-09-22","12:58:38","9012627892"
"BM9947","Customer Purpose","gen41","2026-09-22","14:34:58","8285659378"
"BM9947","Customer Purpose","gen3","2026-09-22","15:58:53","8285659378"
"BM9947","Customer Purpose","gen26","2026-09-22","17:34:07","8285659378"
"BM9947","Final Vault Closing","gen37","2026-09-22","18:19:47","8285659378"
"BM9947","Final Vault Closing","iifl5","2026-09-22","19:25:04","inod Kumar"
"BM9947","Customer Purpose","gen37","2026-09-23","11:02:29","8766210368"
"BM9947","Customer Purpose","gen34","2026-09-23","13:17:37","8285659378"
"BM9947","Customer Purpose","gen38","2026-09-23","14:08:10","8285659378"
"BM9947","Final Vault Closing","gen18","2026-09-23","18:22:49","8285659378"
"BM9947","Customer Purpose","gen2","2026-09-24","10:45:57","8285659378"
"BM9947","Customer Purpose","","2026-09-24","12:42:55","9012627892"
"BM9947","Customer Purpose","gen31","2026-09-24","15:16:52","8285659378"
"BM9947","Customer Purpose","gen4","2026-09-24","17:26:44","9012627892"
"BM9947","Final Vault Closing","gen21","2026-09-24","18:31:56","TIME 18:14"
"BM9947","Customer Purpose","gen3","2026-09-25","11:14:29","9012627892"
"BM9947","Customer Purpose","gen22","2026-09-25","12:52:04","8766210368"
"BM9947","Customer Purpose","gen19","2026-09-25","13:47:35","9012627892"
"BM9947","Customer Purpose","gen25","2026-09-25","15:21:59","9012627892"
"BM9947","Customer Purpose","gen19","2026-09-25","15:56:29","9012627892"
"BM9947","Final Vault Closing","gen28","2026-09-25","18:05:28","9012627892"
"BM9947","Customer Purpose","gen38","2026-09-26","11:35:04","8285659378"
"BM9947","Customer Purpose","gen18","2026-09-26","13:00:32","8285659378"
"BM9947","Customer Purpose","gen15","2026-09-26","13:53:31","8285659378"
"BM9947","Packet Counting","gen49","2026-09-26","16:07:42","8766210368"
"BM9947","Packet Counting","gen7","2026-09-26","17:00:13","8285659378"
"BM9947","Final Vault Closing","gen37","2026-09-26","18:36:27","8285659378"
"BM9947","Customer Purpose","gen17","2026-09-27","10:54:43","8285659378"
"BM9947","Customer Purpose","gen6","2026-09-27","11:37:03","8766210368"
"BM9947","Customer Purpose","gen36","2026-09-27","12:12:16","8285659378"
"BM9947","Customer Purpose","gen9","2026-09-27","13:02:46","8766210368"
"BM9963","Customer Purpose","gen22","2026-09-21","11:27:24","7020970969"
"BM9963","Customer Purpose","gen17","2026-09-21","11:58:22","7020970969"
"BM9963","Customer Purpose","gen19","2026-09-21","14:27:09","7020970969"
"BM9963","Customer Purpose","gen28","2026-09-21","16:57:37","7020970969"
"BM9963","Customer Purpose","gen29","2026-09-21","17:15:14","7020970969"
"BM9963","Final Vault Closing","gen21","2026-09-21","18:34:35","7020970969"
"BM9963","Customer Purpose","gen16","2026-09-22","11:18:31","7020970969"
"BM9963","Customer Purpose","gen26","2026-09-22","12:57:29","7020970969"
"BM9963","Customer Purpose","gen5","2026-09-22","17:45:07","7020970969"
"BM9963","Final Vault Closing","gen22","2026-09-22","18:06:03","7020695804"
"BM9963","Customer Purpose","gen7","2026-09-23","10:29:10","7020970969"
"BM9963","Customer Purpose","gen36","2026-09-23","13:41:08","7020970969"
"BM9963","Customer Purpose","gen18","2026-09-23","16:33:14","7020970969"
"BM9963","Customer Purpose","gen20","2026-09-23","17:38:32","7020970969"
"BM9963","Final Vault Closing","gen37","2026-09-23","18:15:17","7020970969"
"BM9963","Customer Purpose","gen14","2026-09-24","10:29:43","7020970969"
"BM9963","Customer Purpose","gen8","2026-09-24","11:22:48","7020695804"
"BM9963","Customer Purpose","gen17","2026-09-25","13:22:32","7020695804"
"BM9963","Customer Purpose","gen8","2026-09-25","16:37:54","7020695804"
"BM9963","Customer Purpose","gen26","2026-09-25","17:22:26","0206958 04"
"BM9963","Final Vault Closing","gen9","2026-09-25","18:16:10","7020695804"
"BM9963","Customer Purpose","gen29","2026-09-26","11:50:26","7020695804"
"BM9963","Customer Purpose","gen23","2026-09-26","13:53:46","7020695804"
"BM9963","Customer Purpose","gen19","2026-09-26","15:41:26","7020970969"
"BM9963","Packet Counting","gen37","2026-09-26","16:41:49","7020970969"
"BM9963","Final Vault Closing","gen19","2026-09-26","18:22:12","7020970969"
"BM9963","Customer Purpose","gen29","2026-09-27","13:50:33","7020695804"
"BM9980","Customer Purpose","gen29","2026-09-21","10:53:21","8860717286"
"BM9980","Customer Purpose","gen14","2026-09-21","12:07:29","8865021045"
"BM9980","Customer Purpose","gen27","2026-09-21","14:33:06","8860717286"
"BM9980","Customer Purpose","gen30","2026-09-21","15:21:38","8860717286"
"BM9980","Customer Purpose","gen23","2026-09-21","16:21:11","8860717286"
"BM9980","Customer Purpose","gen","2026-09-21","17:31:25","8860717286"
"BM9980","Final Vault Closing","gen11","2026-09-21","18:39:52","8860717286"
"BM9980","Customer Purpose","gen10","2026-09-22","12:25:54","8860717286"
"BM9980","Customer Purpose","gen15","2026-09-22","12:52:41","8865021045"
"BM9980","Customer Purpose","gen1","2026-09-22","13:07:07","8860717286"
"BM9980","Customer Purpose","gen50","2026-09-22","13:51:26","8865021045"
"BM9980","Customer Purpose","gen9","2026-09-22","14:52:25","8860717286"
"BM9980","Customer Purpose","gen18","2026-09-22","15:59:53","8860717286"
"BM9980","Customer Purpose","gen3","2026-09-22","16:37:10","8860717286"
"BM9980","Final Vault Closing","gen21","2026-09-22","18:24:59","8865021045"
"BM9980","Customer Purpose","gen20","2026-09-23","10:42:33","8860717286"
"BM9980","Customer Purpose","gen","2026-09-23","13:04:38","8266926729"
"BM9980","Customer Purpose","gen34","2026-09-23","16:52:52","8860717286"
"BM9980","Final Vault Closing","gen2","2026-09-23","18:44:31","8860717286"
"BM9980","Customer Purpose","gen30","2026-09-24","13:02:04","8865021045"
"BM9980","Customer Purpose","gen29","2026-09-24","15:03:46","8865021045"
"BM9980","Customer Purpose","gen6","2026-09-24","16:29:14","8865021045"
"BM9980","Customer Purpose","gen3","2026-09-24","16:59:54","8865021045"
"BM9980","Final Vault Closing","gen24","2026-09-24","18:40:41","8865021045"
"BM9980","Customer Purpose","gen31","2026-09-25","11:53:38","8865021045"
"BM9980","Other Purpose","gen36","2026-09-25","12:07:19","8865021045"
"BM9980","Other Purpose","gen30","2026-09-25","13:28:09","8865021045"
"BM9980","Customer Purpose","gen5","2026-09-25","17:26:27","8865021045"
"BM9980","Final Vault Closing","gen28","2026-09-25","18:25:09","8865021045"
"BM9980","Customer Purpose","gen33","2026-09-26","11:23:12","8865021045"
"BM9980","Customer Purpose","gen1","2026-09-26","14:49:29","8865021045"
"BM9980","Final Vault Closing","gen30","2026-09-26","18:41:41","8865021045"
"BM9980","Customer Purpose","gen8","2026-09-27","12:29:58","8865021045"
"BM9980","Customer Purpose","gen12","2026-09-27","13:14:31","8860717286"
