"BM10034","","admin","2026-09-28","09:28:21",""
"BM10034","Customer Purpose","gen48","2026-09-28","14:33:37","28/09/2026 14:33:33  gen48
LIVE VIEW CHECKED, NO SUSPICIOUS ACTIVITY OBSERVED, VAULT DOOR RELEASED REMOTELY BY CMS AND VAULT OPENED BY BRANCH STAFF, CONFIRMED BY A KEY CUSTODIAN   2     09556834447"
"BM10034","Final Vault Closing","gen11","2026-09-28","18:41:03","28/09/2026 18:41:00  gen11
LIVE VIEW CHECKED,NO SUSPICIOUS ACTIVITY OBSERVED,VAULT OPENING REQUEST FOR CLOSING PURPOSE VAULT DOOR RELEASED REMOTELY BY CMS AND VAULT OPEN BY BRANCH STAFF CONFIRMED BY KEY CUSTOODIAN 1  9556834447"
"BM10034","","admin","2026-09-29","09:26:08",""
"BM10495","Customer Purpose","gen23","2026-09-28","14:16:32","28/09/2026 14:16:28  gen23
LIVE VIEW CHECKED, NO SUSPICIOUS ACTIVITY OBSERVED, VAULT DOOR RELEASED REMOTELY BY CMS AND VAULT OPENED BY BRANCH STAFF, CONFIRMED BY A KEY CUSTODIAN//09075637081"
"BM10495","Customer Purpose","gen11","2026-09-28","15:10:11","28/09/2026 15:10:09  gen11
LIVE VIEW CHECKED, NO SUSPICIOUS ACTIVITY OBSERVED, VAULT DOOR RELEASED REMOTELY BY CMS AND VAULT OPENED BY BRANCH STAFF, CONFIRMED BY A KEY CUSTODIAN   1  9075637081"
"BM10495","Customer Purpose","gen3","2026-09-28","16:58:16","28/09/2026 16:58:11  gen3
LIVE VIEW CHECKED, NO SUSPICIOUS ACTIVITY OBSERVED, VAULT DOOR RELEASED REMOTELY BY CMS AND VAULT OPENED BY BRANCH STAFF, CONFIRMED BY A KEY CUSTODIAN 09075637081"
"BM10495","Final Vault Closing","gen35","2026-09-28","18:21:50","28/09/2026 18:21:46  gen35
LIVE VIEW CHECKED,NO SUSPICIOUS ACTIVITY OBSERVED,VAULT OPENING REQUEST FOR CLOSING PURPOSE VAULT DOOR RELEASED REMOTELY BY CMS AND VAULT OPEN BY BRANCH STAFF CONFIRMED BY KEY CUSTOODIAN 09370295628"
"BM10507","","admin","2026-09-28","09:26:43",""
"BM10507","Customer Purpose","gen7","2026-09-28","10:56:55","28/09/2026 10:56:43  gen7
LIVE VIEW CHECKED, NO SUSPICIOUS ACTIVITY OBSERVED, VAULT DOOR RELEASED REMOTELY BY CMS AND VAULT OPENED BY BRANCH STAFF, CONFIRMED BY A KEY CUSTODIAN 8101686677"
"BM10507","Customer Purpose","gen1","2026-09-28","11:50:07","28/09/2026 11:50:01  gen1
LIVE VIEW CHECKED, NO SUSPICIOUS ACTIVITY OBSERVED, VAULT DOOR RELEASED REMOTELY BY CMS AND VAULT OPENED BY BRANCH STAFF, CONFIRMED BY A KEY CUSTODIAN  08101686677"
"BM10507","Customer Purpose","gen33","2026-09-28","12:42:52","28/09/2026 12:42:47  gen33
LIVE VIEW CHECKED, NO SUSPICIOUS ACTIVITY OBSERVED, VAULT DOOR RELEASED REMOTELY BY CMS AND VAULT OPENED BY BRANCH STAFF, CONFIRMED BY A KEY CUSTODIAN 07699088179"
"BM10507","Customer Purpose","gen7","2026-09-28","13:36:33","28/09/2026 13:36:21  gen7
LIVE VIEW CHECKED, NO SUSPICIOUS ACTIVITY OBSERVED, VAULT DOOR RELEASED REMOTELY BY CMS AND VAULT OPENED BY BRANCH STAFF, CONFIRMED BY A KEY CUSTODIAN 8101686677"
"BM10507","Not Responded","gen15","2026-09-28","14:15:59","28/09/2026 14:15:47  gen15
LIVE VIEW CHECKED, NO SUSPICIOUS ACTIVITY OBSERVED. CALL TO KC 1/2/3  7699088179   8101686677  8906832296 AND TWOWAY BUT NOT RESPONDED."
"BM10507","Customer Purpose","gen33","2026-09-28","14:21:26","28/09/2026 14:21:22  gen33
LIVE VIEW CHECKED, NO SUSPICIOUS ACTIVITY OBSERVED, VAULT DOOR RELEASED REMOTELY BY CMS AND VAULT OPENED BY BRANCH STAFF, CONFIRMED BY A KEY CUSTODIAN 08101686677"
"BM10507","Customer Purpose","gen36","2026-09-28","14:50:56","28/09/2026 14:50:53  gen36
LIVE VIEW CHECKED, NO SUSPICIOUS ACTIVITY OBSERVED, VAULT DOOR RELEASED REMOTELY BY CMS AND VAULT OPENED BY BRANCH STAFF, CONFIRMED BY A KEY CUSTODIAN  7699088179"
"BM10507","Final Vault Closing","gen37","2026-09-28","17:46:17","28/09/2026 17:46:12  gen37
LIVE VIEW CHECKED,NO SUSPICIOUS ACTIVITY OBSERVED,VAULT OPENING REQUEST FOR CLOSING PURPOSE VAULT DOOR RELEASED REMOTELY BY CMS AND VAULT OPEN BY BRANCH STAFF CONFIRMED BY KEY CUSTOODIAN 1 07699088179"
"BM10509","Customer Purpose","gen9","2026-09-28","11:04:37","28/09/2026 11:04:32  gen9
LIVE VIEW CHECKED, NO SUSPICIOUS ACTIVITY OBSERVED, VAULT DOOR RELEASED REMOTELY BY CMS AND VAULT OPENED BY BRANCH STAFF, CONFIRMED BY A KEY CUSTODIAN      1     09484440278"
"BM10509","Customer Purpose","gen39","2026-09-28","14:30:49","28/09/2026 14:30:44  gen39
LIVE VIEW CHECKED, NO SUSPICIOUS ACTIVITY OBSERVED, VAULT DOOR RELEASED REMOTELY BY CMS AND VAULT OPENED BY BRANCH STAFF, CONFIRMED BY A KEY CUSTODIAN  9484440278"
"BM10509","Final Vault Closing","gen21","2026-09-28","18:30:10","28/09/2026 18:30:53  gen21
LIVE VIEW CHECKED,NO SUSPICIOUS ACTIVITY OBSERVED,VAULT OPENING REQUEST FOR CLOSING PURPOSE VAULT DOOR RELEASED REMOTELY BY CMS AND VAULT OPEN BY BRANCH STAFF CONFIRMED BY KEY CUSTOODIAN 1/   9484440278"
"BM10509","","admin","2026-09-28","18:37:21",""
"BM10510","Customer Purpose","gen35","2026-09-28","11:23:43","28/09/2026 11:23:39  gen35
LIVE VIEW CHECKED, NO SUSPICIOUS ACTIVITY OBSERVED, VAULT DOOR RELEASED REMOTELY BY CMS AND VAULT OPENED BY BRANCH STAFF, CONFIRMED BY A KEY CUSTODIAN   \08962385148"
"BM10510","Customer Purpose","gen14","2026-09-28","12:20:44","28/09/2026 12:20:42  gen14
LIVE VIEW CHECKED, NO SUSPICIOUS ACTIVITY OBSERVED, VAULT DOOR RELEASED REMOTELY BY CMS AND VAULT OPENED BY BRANCH STAFF, CONFIRMED BY A KEY CUSTODIAN  2   09131870653"
"BM10510","Customer Purpose","gen30","2026-09-28","13:55:18","28/09/2026 13:55:00  gen30
LIVE VIEW CHECKED, NO SUSPICIOUS ACTIVITY OBSERVED, VAULT DOOR RELEASED REMOTELY BY CMS AND VAULT OPENED BY BRANCH STAFF, CONFIRMED BY A KEY CUSTODIAN 1 .8962385148"
"BM10510","Customer Purpose","gen16","2026-09-28","15:59:25","28/09/2026 15:59:19  gen16
LIVE VIEW CHECKED, NO SUSPICIOUS ACTIVITY OBSERVED, VAULT DOOR RELEASED REMOTELY BY CMS AND VAULT OPENED BY BRANCH STAFF, CONFIRMED BY A KEY CUSTODIAN  6260921165"
"BM10510","Customer Purpose","gen2","2026-09-28","16:39:03","28/09/2026 16:39:00  gen2
LIVE VIEW CHECKED, NO SUSPICIOUS ACTIVITY OBSERVED, VAULT DOOR RELEASED REMOTELY BY CMS AND VAULT OPENED BY BRANCH STAFF, CONFIRMED BY A KEY CUSTODIAN  1  8962385148"
"BM10510","Not Operate","gen23","2026-09-28","16:53:55","28/09/2026 16:53:48  gen23
LIVE VIEW CHECKED,NO SUSPICIOUS ACTIVITY OBSERVED,NO NEED TO OPERATE VAULT CONFIRMED BY KEY CUSTOODIAN.//06260921165"
"BM10510","Final Vault Closing","gen13","2026-09-28","18:08:52","28/09/2026 18:08:42  gen13
LIVE VIEW CHECKED,NO SUSPICIOUS ACTIVITY OBSERVED,VAULT OPENING REQUEST FOR CLOSING PURPOSE VAULT DOOR RELEASED REMOTELY BY CMS AND VAULT OPEN BY BRANCH STAFF CONFIRMED BY KEY CUSTOODIAN 1/08962385148"
"BM10510","","admin","2026-09-28","18:43:49",""
"BM10510","","admin","2026-09-28","19:38:23",""
"BM10523","Final Vault Closing","gen8","2026-09-28","18:06:56","28/09/2026 18:06:46  gen8
LIVE VIEW CHECKED,NO SUSPICIOUS ACTIVITY OBSERVED,VAULT OPENING REQUEST FOR CLOSING PURPOSE VAULT DOOR RELEASED REMOTELY BY CMS AND VAULT OPEN BY BRANCH STAFF CONFIRMED BY KEY CUSTOODIAN       3    9462175575"
"BM10523","","admin","2026-09-28","18:35:35",""
"BM10536","","admin","2026-09-28","09:24:24",""
"BM10536","Customer Purpose","gen30","2026-09-28","11:04:08","28/09/2026 11:03:49  gen30
LIVE VIEW CHECKED, NO SUSPICIOUS ACTIVITY OBSERVED, VAULT DOOR RELEASED REMOTELY BY CMS AND VAULT OPENED BY BRANCH STAFF, CONFIRMED BY A KEY CUSTODIAN 1 .8984919495"
"BM10536","Customer Purpose","gen35","2026-09-28","13:42:04","28/09/2026 13:41:58  gen35
LIVE VIEW CHECKED, NO SUSPICIOUS ACTIVITY OBSERVED, VAULT DOOR RELEASED REMOTELY BY CMS AND VAULT OPENED BY BRANCH STAFF, CONFIRMED BY A KEY CUSTODIAN   09776313604"
"BM10536","Final Vault Closing","gen6","2026-09-28","17:57:52","28/09/2026 17:57:49  gen6
LIVE VIEW CHECKED,NO SUSPICIOUS ACTIVITY OBSERVED,VAULT OPENING REQUEST FOR CLOSING PURPOSE VAULT DOOR RELEASED REMOTELY BY CMS AND VAULT OPEN BY BRANCH STAFF CONFIRMED BY KEY CUSTOODIAN  09776313604"
"BM10536","","admin","2026-09-29","09:22:11",""
"BM10537","Customer Purpose","gen39","2026-09-28","13:58:02","28/09/2026 13:57:54  gen39
LIVE VIEW CHECKED, NO SUSPICIOUS ACTIVITY OBSERVED, VAULT DOOR RELEASED REMOTELY BY CMS AND VAULT OPENED BY BRANCH STAFF, CONFIRMED BY A KEY CUSTODIAN  7389344038"
"BM10537","Customer Purpose","gen11","2026-09-28","16:28:38","28/09/2026 16:28:31  gen11
LIVE VIEW CHECKED, NO SUSPICIOUS ACTIVITY OBSERVED, VAULT DOOR RELEASED REMOTELY BY CMS AND VAULT OPENED BY BRANCH STAFF, CONFIRMED BY A KEY CUSTODIAN    2   9893534047"
"BM10537","Final Vault Closing","gen11","2026-09-28","18:57:56","28/09/2026 18:57:22  gen11
LIVE VIEW CHECKED,NO SUSPICIOUS ACTIVITY OBSERVED,VAULT OPENING REQUEST FOR CLOSING PURPOSE VAULT DOOR RELEASED REMOTELY BY CMS AND VAULT OPEN BY BRANCH STAFF CONFIRMED BY KEY CUSTOODIAN 1   9893534047"
"BM10544","Customer Purpose","gen14","2026-09-28","15:38:32","28/09/2026 15:38:29  gen14
LIVE VIEW CHECKED, NO SUSPICIOUS ACTIVITY OBSERVED, VAULT DOOR RELEASED REMOTELY BY CMS AND VAULT OPENED BY BRANCH STAFF, CONFIRMED BY A KEY CUSTODIAN 1   07321862281"
"BM10544","Customer Purpose","gen28","2026-09-28","17:28:11","28/09/2026 17:28:06  gen28
LIVE VIEW CHECKED, NO SUSPICIOUS ACTIVITY OBSERVED, VAULT DOOR RELEASED REMOTELY BY CMS AND VAULT OPENED BY BRANCH STAFF, CONFIRMED BY A KEY CUSTODIAN 07321862281"
"BM10544","Final Vault Closing","gen28","2026-09-28","18:50:59","28/09/2026 18:50:55  gen28
LIVE VIEW CHECKED,NO SUSPICIOUS ACTIVITY OBSERVED,VAULT OPENING REQUEST FOR CLOSING PURPOSE VAULT DOOR RELEASED REMOTELY BY CMS AND VAULT OPEN BY BRANCH STAFF CONFIRMED BY KEY CUSTOODIAN 07321862281"
"BM10548","Final Vault Closing","gen32","2026-09-28","18:17:06","28/09/2026 18:16:36  gen32
LIVE VIEW CHECKED,NO SUSPICIOUS ACTIVITY OBSERVED,VAULT OPENING REQUEST FOR CLOSING PURPOSE VAULT DOOR RELEASED REMOTELY BY CMS AND VAULT OPEN BY BRANCH STAFF CONFIRMED BY KEY CUSTOODIAN    06299700688"
"BM10549","","admin","2026-09-28","09:29:09",""
"BM10549","Final Vault Closing","gen6","2026-09-28","17:51:57","28/09/2026 17:51:50  gen6
LIVE VIEW CHECKED,NO SUSPICIOUS ACTIVITY OBSERVED,VAULT OPENING REQUEST FOR CLOSING PURPOSE VAULT DOOR RELEASED REMOTELY BY CMS AND VAULT OPEN BY BRANCH STAFF CONFIRMED BY KEY CUSTOODIAN 08056012714"
"BM10549","","admin","2026-09-28","18:35:02",""
"BM10552","Audit Purpose","gen16","2026-09-28","10:37:54","28/09/2026 10:37:44  gen16
LIVE VIEW CHECKED,NO SUSPICIOUS ACTIVITY OBSERVED,VAULT OPENING REQUEST FOR AUDIT MAIL APPROVED BY Subhadip Ghosh VAULT DOOR RELEASED REMOTELY BY CMS, AND VAULT OPENED BY BRANCH STAFF CONFIRMED BY A KEY CUSTOODIAN. 9002434966"
"BM10552","Audit Purpose","gen6","2026-09-28","12:37:36","28/09/2026 12:37:33  gen6
LIVE VIEW CHECKED,NO SUSPICIOUS ACTIVITY OBSERVED,VAULT OPENING REQUEST FOR AUDIT MAIL APPROVED BY Subhadip Ghosh AULT DOOR RELEASED REMOTELY BY CMS, AND VAULT OPENED BY BRANCH STAFF CONFIRMED BY A KEY CUSTOODIAN. 08759334566"
"BM10552","Audit Purpose","gen32","2026-09-28","13:44:39","28/09/2026 13:44:41  gen32
LIVE VIEW CHECKED,NO SUSPICIOUS ACTIVITY OBSERVED,VAULT OPENING REQUEST FOR AUDIT MAIL APPROVED BY Subhadip Ghosh  VAULT DOOR RELEASED REMOTELY BY CMS, AND VAULT OPENED BY BRANCH STAFF CONFIRMED BY A KEY CUSTOODIAN.   09002434966"
"BM10552","Customer Purpose","gen25","2026-09-28","14:48:12","28/09/2026 14:48:06  gen25
LIVE VIEW CHECKED, NO SUSPICIOUS ACTIVITY OBSERVED, VAULT DOOR RELEASED REMOTELY BY CMS AND VAULT OPENED BY BRANCH STAFF, CONFIRMED BY A KEY CUSTODIAN     1      09002434966"
"BM10552","Audit Purpose","gen35","2026-09-28","16:18:15","28/09/2026 16:18:05  gen35
LIVE VIEW CHECKED,NO SUSPICIOUS ACTIVITY OBSERVED,VAULT OPENING REQUEST FOR AUDIT, MAIL APPROVED BY   Subhadip Ghosh <subhadip.ghosh@iifl.com> VAULT DOOR RELEASED REMOTELY BY CMS, AND VAULT OPENED BY BRANCH STAFF CONFIRMED BY A KEY CUSTOODIAN.   08759334566"
"BM10552","Audit Purpose","gen23","2026-09-28","17:19:37","28/09/2026 17:19:32  gen23
LIVE VIEW CHECKED,NO SUSPICIOUS ACTIVITY OBSERVED,VAULT OPENING REQUEST FOR AUDIT MAIL APPROVED BY Subhadip Ghosh VAULT DOOR RELEASED REMOTELY BY CMS, AND VAULT OPENED BY BRANCH STAFF CONFIRMED BY A KEY CUSTOODIAN.//08967587988"
"BM10552","Audit Purpose","gen10","2026-09-28","18:34:27","28/09/2026 18:34:16  gen10
LIVE VIEW CHECKED,NO SUSPICIOUS ACTIVITY OBSERVED,VAULT OPENING REQUEST FOR AUDIT, MAIL APPROVED BY Subhadip Ghosh, VAULT DOOR RELEASED REMOTELY BY CMS, AND VAULT OPENED BY BRANCH STAFF CONFIRMED BY A KEY CUSTOODIAN. 3...............8967587988"
"BM10552","","admin","2026-09-28","18:53:32",""
"BM10552","","admin","2026-09-29","09:19:59",""
"BM10553","","admin","2026-09-28","09:19:52",""
"BM10553","Customer Purpose","gen9","2026-09-28","10:43:52","28/09/2026 10:43:49  gen9
LIVE VIEW CHECKED, NO SUSPICIOUS ACTIVITY OBSERVED, VAULT DOOR RELEASED REMOTELY BY CMS AND VAULT OPENED BY BRANCH STAFF, CONFIRMED BY A KEY CUSTODIAN    2      09763165121"
"BM10553","Not Operate","gen21","2026-09-28","12:25:07","28/09/2026 12:25:45  gen21
LIVE VIEW CHECKED,NO SUSPICIOUS ACTIVITY OBSERVED,NO NEED TO OPERATE VAULT CONFIRMED BY KEY CUSTOODIAN.1/    9075253453"
"BM10553","Customer Purpose","gen46","2026-09-28","12:30:38","28/09/2026 12:30:34  gen46
LIVE VIEW CHECKED, NO SUSPICIOUS ACTIVITY OBSERVED, VAULT DOOR RELEASED REMOTELY BY CMS AND VAULT OPENED BY BRANCH STAFF, CONFIRMED BY A KEY CUSTODIAN      9763165121"
"BM10553","Customer Purpose","gen30","2026-09-28","13:04:38","28/09/2026 13:04:20  gen30
LIVE VIEW CHECKED, NO SUSPICIOUS ACTIVITY OBSERVED, VAULT DOOR RELEASED REMOTELY BY CMS AND VAULT OPENED BY BRANCH STAFF, CONFIRMED BY A KEY CUSTODIAN 1 .7798866963"
"BM10553","Customer Purpose","gen11","2026-09-28","13:43:38","28/09/2026 13:43:34  gen11
LIVE VIEW CHECKED, NO SUSPICIOUS ACTIVITY OBSERVED, VAULT DOOR RELEASED REMOTELY BY CMS AND VAULT OPENED BY BRANCH STAFF, CONFIRMED BY A KEY CUSTODIAN     1  7798866963"
"BM10553","Final Vault Closing","gen46","2026-09-28","18:23:45","28/09/2026 18:23:41  gen46
LIVE VIEW CHECKED,NO SUSPICIOUS ACTIVITY OBSERVED,VAULT OPENING REQUEST FOR CLOSING PURPOSE VAULT DOOR RELEASED REMOTELY BY CMS AND VAULT OPEN BY BRANCH STAFF CONFIRMED BY KEY CUSTOODIAN    9075253453"
"BM10553","","admin","2026-09-29","09:27:59",""
"BM10554","Customer Purpose","gen26","2026-09-28","13:53:01","28/09/2026 13:52:54  gen26
LIVE VIEW CHECKED, NO SUSPICIOUS ACTIVITY OBSERVED, VAULT DOOR RELEASED REMOTELY BY CMS AND VAULT OPENED BY BRANCH STAFF, CONFIRMED BY A KEY CUSTODIAN  08918262972"
"BM10554","Final Vault Closing","iifl5","2026-09-28","17:52:02","28/09/2026 17:51:52  iifl5
LIVE VIEW CHECKED,NO SUSPICIOUS ACTIVITY OBSERVED,VAULT OPENING REQUEST FOR CLOSING PURPOSE VAULT DOOR RELEASED REMOTELY BY CMS AND VAULT OPEN BY BRANCH STAFF CONFIRMED BY KEY CUSTOODIAN 8918262972"
"BM10554","","admin","2026-09-29","09:27:02",""
"BM10556","","admin","2026-09-28","09:14:46",""
"BM10556","Customer Purpose","gen3","2026-09-28","10:37:14","28/09/2026 10:37:10  gen3
LIVE VIEW CHECKED, NO SUSPICIOUS ACTIVITY OBSERVED, VAULT DOOR RELEASED REMOTELY BY CMS AND VAULT OPENED BY BRANCH STAFF, CONFIRMED BY A KEY CUSTODIAN 07002677708"
"BM10556","Customer Purpose","gen8","2026-09-28","12:55:45","28/09/2026 12:55:33  gen8
LIVE VIEW CHECKED, NO SUSPICIOUS ACTIVITY OBSERVED, VAULT DOOR RELEASED REMOTELY BY CMS AND VAULT OPENED BY BRANCH STAFF, CONFIRMED BY A KEY CUSTODIAN    1    8812943853"
"BM10556","Customer Purpose","gen23","2026-09-28","15:21:03","28/09/2026 15:20:59  gen23
LIVE VIEW CHECKED, NO SUSPICIOUS ACTIVITY OBSERVED, VAULT DOOR RELEASED REMOTELY BY CMS AND VAULT OPENED BY BRANCH STAFF, CONFIRMED BY A KEY CUSTODIAN//07002899265"
"BM10556","Customer Purpose","gen15","2026-09-28","15:33:11","28/09/2026 15:33:05  gen15
LIVE VIEW CHECKED, NO SUSPICIOUS ACTIVITY OBSERVED, VAULT DOOR RELEASED REMOTELY BY CMS AND VAULT OPENED BY BRANCH STAFF, CONFIRMED BY A KEY CUSTODIAN  3  7002899265"
"BM10556","Final Vault Closing","gen21","2026-09-28","18:25:29","28/09/2026 18:26:13  gen21
LIVE VIEW CHECKED,NO SUSPICIOUS ACTIVITY OBSERVED,VAULT OPENING REQUEST FOR CLOSING PURPOSE VAULT DOOR RELEASED REMOTELY BY CMS AND VAULT OPEN BY BRANCH STAFF CONFIRMED BY KEY CUSTOODIAN 1/   7002899265"
"BM10556","","admin","2026-09-28","18:40:41",""
"BM10556","","admin","2026-09-29","09:13:26",""
"BM10557","Audit Purpose","gen38","2026-09-28","10:22:21","28/09/2026 10:22:17  gen38
LIVE VIEW CHECKED,NO SUSPICIOUS ACTIVITY OBSERVED,VAULT OPENING REQUEST FOR AUDIT, MAIL APPROVED BY SVL Sowjanya <svl.sowjanya@iifl.com>, VAULT DOOR RELEASED REMOTELY BY CMS, AND VAULT OPENED BY BRANCH STAFF CONFIRMED BY A KEY CUSTOODIAN.7995566589"
"BM10557","Audit Purpose","gen39","2026-09-28","11:15:41","28/09/2026 11:15:37  gen39
LIVE VIEW CHECKED,NO SUSPICIOUS ACTIVITY OBSERVED,VAULT OPENING REQUEST FOR AUDIT MAIL APPROVED BY SVL Sowjanya, VAULT DOOR RELEASED REMOTELY BY CMS, AND VAULT OPENED BY BRANCH STAFF CONFIRMED BY A KEY CUSTOODIAN.  7995566589"
"BM10557","Audit Purpose","gen10","2026-09-28","12:04:50","28/09/2026 12:04:45  gen10
LIVE VIEW CHECKED,NO SUSPICIOUS ACTIVITY OBSERVED,VAULT OPENING REQUEST FOR AUDIT, MAIL APPROVED BY SVL Sowjanya, VAULT DOOR RELEASED REMOTELY BY CMS, AND VAULT OPENED BY BRANCH STAFF CONFIRMED BY A KEY CUSTOODIAN. 2...................9666950241"
"BM10557","Audit Purpose","gen15","2026-09-28","13:20:12","28/09/2026 13:20:05  gen15
LIVE VIEW CHECKED,NO SUSPICIOUS ACTIVITY OBSERVED,VAULT OPENING REQUEST FOR AUDIT MAIL APPROVED BYSVL Sowjanya <svl.sowjanya@iifl.com>, VAULT DOOR RELEASED REMOTELY BY CMS, AND VAULT OPENED BY BRANCH STAFF CONFIRMED BY A KEY CUSTOODIAN.1 07995566589"
"BM10557","Not Operate","gen38","2026-09-28","13:54:02","28/09/2026 13:53:53  gen38
LIVE VIEW CHECKED,NO SUSPICIOUS ACTIVITY OBSERVED,NO NEED TO OPERATE VAULT CONFIRMED BY KEY CUSTOODIAN. 7995566589"
"BM10557","Audit Purpose","gen33","2026-09-28","14:34:11","28/09/2026 14:34:06  gen33
LIVE VIEW CHECKED,NO SUSPICIOUS ACTIVITY OBSERVED,VAULT OPENING REQUEST FOR AUDIT, MAIL APPROVED BYSVL Sowjanya <svl.sowjanya@iifl.com>VAULT DOOR RELEASED REMOTELY BY CMS, AND VAULT OPENED BY BRANCH STAFF CONFIRMED BY A KEY CUSTOODIAN 09666950241"
"BM10557","Customer Purpose","gen19","2026-09-28","15:30:02","28/09/2026 15:29:58  gen19
LIVE VIEW CHECKED, NO SUSPICIOUS ACTIVITY OBSERVED, VAULT DOOR RELEASED REMOTELY BY CMS AND VAULT OPENED BY BRANCH STAFF, CONFIRMED BY A KEY CUSTODIAN 7995566589"
"BM10557","Audit Purpose","gen26","2026-09-28","16:04:00","28/09/2026 16:03:48  gen26
LIVE VIEW CHECKED,NO SUSPICIOUS ACTIVITY OBSERVED,VAULT OPENING REQUEST FOR AUDIT/, MAIL APPROVED BY  SVL Sowjanya, VAULT DOOR RELEASED REMOTELY BY CMS, AND VAULT OPENED BY BRANCH STAFF CONFIRMED BY A KEY CUSTOODIAN.  07995566589"
"BM10557","Final Vault Closing","gen12","2026-09-28","17:43:34","28/09/2026 17:43:30  gen12
LIVE VIEW CHECKED,NO SUSPICIOUS ACTIVITY OBSERVED,VAULT OPENING REQUEST FOR CLOSING PURPOSE VAULT DOOR RELEASED REMOTELY BY CMS AND VAULT OPEN BY BRANCH STAFF CONFIRMED BY KEY CUSTOODIAN 2/09666950241"
"BM10558","Customer Purpose","gen24","2026-09-28","11:40:49","28/09/2026 11:40:46  gen24
LIVE VIEW CHECKED, NO SUSPICIOUS ACTIVITY OBSERVED, VAULT DOOR RELEASED REMOTELY BY CMS AND VAULT OPENED BY BRANCH STAFF, CONFIRMED BY A KEY CUSTODIAN  09728987678"
"BM10558","Final Vault Closing","gen6","2026-09-28","18:19:43","28/09/2026 18:19:39  gen6
LIVE VIEW CHECKED,NO SUSPICIOUS ACTIVITY OBSERVED,VAULT OPENING REQUEST FOR CLOSING PURPOSE VAULT DOOR RELEASED REMOTELY BY CMS AND VAULT OPEN BY BRANCH STAFF CONFIRMED BY KEY CUSTOODIAN 09588332884"
"BM10561","","admin","2026-09-28","09:25:08",""
"BM10561","Audit Purpose","gen6","2026-09-28","11:38:29","28/09/2026 11:38:25  gen6
LIVE VIEW CHECKED,NO SUSPICIOUS ACTIVITY OBSERVED,VAULT OPENING REQUEST FOR AUDIT, MAIL APPROVED BY Dinesh Khairnar , VAULT DOOR RELEASED REMOTELY BY CMS, AND VAULT OPENED BY BRANCH STAFF CONFIRMED BY A KEY CUSTOODIAN. 09930884085"
"BM10561","Audit Purpose","gen32","2026-09-28","12:00:07","28/09/2026 12:00:11  gen32
LIVE VIEW CHECKED,NO SUSPICIOUS ACTIVITY OBSERVED,VAULT OPENING REQUEST FOR AUDIT MAIL APPROVED BY Dinesh Khairnar  VAULT DOOR RELEASED REMOTELY BY CMS, AND VAULT OPENED BY BRANCH STAFF CONFIRMED BY A KEY CUSTOODIAN.      09136530126"
"BM10561","Audit Purpose","gen23","2026-09-28","14:08:17","28/09/2026 14:08:11  gen23
LIVE VIEW CHECKED,NO SUSPICIOUS ACTIVITY OBSERVED,VAULT OPENING REQUEST FOR AUDIT MAIL APPROVED BY Dinesh Khairnar, VAULT DOOR RELEASED REMOTELY BY CMS, AND VAULT OPENED BY BRANCH STAFF CONFIRMED BY A KEY CUSTOODIAN//09359278892"
"BM10561","Customer Purpose","gen23","2026-09-28","14:36:29","28/09/2026 14:36:24  gen23
LIVE VIEW CHECKED, NO SUSPICIOUS ACTIVITY OBSERVED, VAULT DOOR RELEASED REMOTELY BY CMS AND VAULT OPENED BY BRANCH STAFF, CONFIRMED BY A KEY CUSTODIAN//09930884085"
"BM10561","Customer Purpose","gen37","2026-09-28","15:09:49","28/09/2026 15:09:45  gen37
LIVE VIEW CHECKED, NO SUSPICIOUS ACTIVITY OBSERVED, VAULT DOOR RELEASED REMOTELY BY CMS AND VAULT OPENED BY BRANCH STAFF, CONFIRMED BY A KEY CUSTODIAN   2  09930884085"
"BM10561","Audit Purpose","gen22","2026-09-28","15:58:01","28/09/2026 15:57:58  gen22
LIVE VIEW CHECKED,NO SUSPICIOUS ACTIVITY OBSERVED,VAULT OPENING REQUEST FOR AUDIT, MAIL APPROVED BY Dinesh Khairna, VAULT DOOR RELEASED REMOTELY BY CMS, AND VAULT OPENED BY BRANCH STAFF CONFIRMED BY A KEY CUSTOODIAN.1/9930884085"
"BM10561","Not Operate","gen48","2026-09-28","16:49:43","28/09/2026 16:49:38  gen48
LIVE VIEW CHECKED,NO SUSPICIOUS ACTIVITY OBSERVED,NO NEED TO OPERATE VAULT CONFIRMED BY KEY CUSTOODIAN.  2   09930884085"
"BM10561","Audit Purpose","gen48","2026-09-28","16:59:41","28/09/2026 16:59:38  gen48
LIVE VIEW CHECKED,NO SUSPICIOUS ACTIVITY OBSERVED,VAULT OPENING REQUEST FOR AUDIT, MAIL APPROVED BY Dinesh Khairnar  VAULT DOOR RELEASED REMOTELY BY CMS, AND VAULT OPENED BY BRANCH STAFF CONFIRMED BY A KEY CUSTOODIAN.  3   09136530126"
"BM10561","Audit Purpose","gen25","2026-09-28","18:05:08","28/09/2026 18:04:53  gen25
LIVE VIEW CHECKED,NO SUSPICIOUS ACTIVITY OBSERVED,VAULT OPENING REQUEST FOR AUDIT, MAIL APPROVED BY Dinesh Khairnar <dinesh.khairnar@iifl.com>VAULT DOOR RELEASED REMOTELY BY CMS, AND VAULT OPENED BY BRANCH STAFF CONFIRMED BY A KEY CUSTOODIAN.     1     09359278892"
"BM10561","","admin","2026-09-29","09:27:56",""
"BM10562","Customer Purpose","gen39","2026-09-28","14:20:40","28/09/2026 14:20:35  gen39
LIVE VIEW CHECKED, NO SUSPICIOUS ACTIVITY OBSERVED, VAULT DOOR RELEASED REMOTELY BY CMS AND VAULT OPENED BY BRANCH STAFF, CONFIRMED BY A KEY CUSTODIAN   8340574538"
"BM10562","Final Vault Closing","gen21","2026-09-28","18:20:22","28/09/2026 18:21:06  gen21
LIVE VIEW CHECKED,NO SUSPICIOUS ACTIVITY OBSERVED,VAULT OPENING REQUEST FOR CLOSING PURPOSE VAULT DOOR RELEASED REMOTELY BY CMS AND VAULT OPEN BY BRANCH STAFF CONFIRMED BY KEY CUSTOODIAN 1/   7004932434"
"BM10563","","admin","2026-09-28","09:09:53",""
"BM10563","Customer Purpose","gen24","2026-09-28","13:15:53","28/09/2026 13:15:51  gen24
LIVE VIEW CHECKED, NO SUSPICIOUS ACTIVITY OBSERVED, VAULT DOOR RELEASED REMOTELY BY CMS AND VAULT OPENED BY BRANCH STAFF, CONFIRMED BY A KEY CUSTODIAN 07002201350"
"BM10563","Final Vault Closing","gen34","2026-09-28","18:34:07","28/09/2026 18:34:02  gen34
LIVE VIEW CHECKED,NO SUSPICIOUS ACTIVITY OBSERVED,VAULT OPENING REQUEST FOR CLOSING PURPOSE VAULT DOOR RELEASED REMOTELY BY CMS AND VAULT OPEN BY BRANCH STAFF CONFIRMED BY KEY CUSTOODIAN6003195654"
"BM10563","","admin","2026-09-29","09:02:45",""
"BM10564","","admin","2026-09-28","09:26:47",""
"BM10564","Customer Purpose","gen20","2026-09-28","10:32:09","28/09/2026 10:32:05  gen20
LIVE VIEW CHECKED, NO SUSPICIOUS ACTIVITY OBSERVED, VAULT DOOR RELEASED REMOTELY BY CMS AND VAULT OPENED BY BRANCH STAFF, CONFIRMED BY A KEY CUSTODIAN  2  7908137269"
"BM10564","Not Responded","gen11","2026-09-28","13:10:16","28/09/2026 13:10:11  gen11
LIVE VIEW CHECKED, NO SUSPICIOUS ACTIVITY OBSERVED. CALL TO KC 1/2/3 BUT NOT RESPONDED.
7908137269
8348321198
9734554630   OUTSIDE THE BRANCH"
"BM10564","Customer Purpose","gen24","2026-09-28","13:12:30","28/09/2026 13:12:27  gen24
LIVE VIEW CHECKED, NO SUSPICIOUS ACTIVITY OBSERVED, VAULT DOOR RELEASED REMOTELY BY CMS AND VAULT OPENED BY BRANCH STAFF, CONFIRMED BY A KEY CUSTODIAN  08348321198"
"BM10564","Final Vault Closing","gen3","2026-09-28","17:33:49","28/09/2026 17:33:46  gen3
LIVE VIEW CHECKED,NO SUSPICIOUS ACTIVITY OBSERVED,VAULT OPENING REQUEST FOR CLOSING PURPOSE VAULT DOOR RELEASED REMOTELY BY CMS AND VAULT OPEN BY BRANCH STAFF CONFIRMED BY KEY CUSTOODIAN  07908137269"
"BM10564","","admin","2026-09-28","19:02:34",""
"BM10564","","admin","2026-09-29","08:26:20",""
"BM10564","","admin","2026-09-29","09:26:11",""
"BM10565","","admin","2026-09-28","09:16:57",""
"BM10565","Customer Purpose","gen30","2026-09-28","14:51:52","28/09/2026 14:51:34  gen30
LIVE VIEW CHECKED, NO SUSPICIOUS ACTIVITY OBSERVED, VAULT DOOR RELEASED REMOTELY BY CMS AND VAULT OPENED BY BRANCH STAFF, CONFIRMED BY A KEY CUSTODIAN 1 .9064618539"
"BM10565","Final Vault Closing","gen13","2026-09-28","18:11:08","28/09/2026 18:11:04  gen13
LIVE VIEW CHECKED,NO SUSPICIOUS ACTIVITY OBSERVED,VAULT OPENING REQUEST FOR CLOSING PURPOSE VAULT DOOR RELEASED REMOTELY BY CMS AND VAULT OPEN BY BRANCH STAFF CONFIRMED BY KEY CUSTOODIAN 1/09064618539"
"BM10565","","admin","2026-09-29","09:18:22",""
"BM10567","","admin","2026-09-28","08:55:00",""
"BM10567","","admin","2026-09-28","09:28:21",""
"BM10567","Customer Purpose","gen26","2026-09-28","13:41:05","28/09/2026 13:41:00  gen26
LIVE VIEW CHECKED, NO SUSPICIOUS ACTIVITY OBSERVED, VAULT DOOR RELEASED REMOTELY BY CMS AND VAULT OPENED BY BRANCH STAFF, CONFIRMED BY A KEY CUSTODIAN   09963996707"
"BM10567","Customer Purpose","gen35","2026-09-28","17:23:20","28/09/2026 17:23:16  gen35
LIVE VIEW CHECKED, NO SUSPICIOUS ACTIVITY OBSERVED, VAULT DOOR RELEASED REMOTELY BY CMS AND VAULT OPENED BY BRANCH STAFF, CONFIRMED BY A KEY CUSTODIAN  09963996707"
"BM10567","Final Vault Closing","gen6","2026-09-28","18:01:25","28/09/2026 18:01:18  gen6
LIVE VIEW CHECKED,NO SUSPICIOUS ACTIVITY OBSERVED,VAULT OPENING REQUEST FOR CLOSING PURPOSE VAULT DOOR RELEASED REMOTELY BY CMS AND VAULT OPEN BY BRANCH STAFF CONFIRMED BY KEY CUSTOODIAN  09100610185"
"BM10567","","admin","2026-09-29","08:57:53",""
"BM10567","","admin","2026-09-29","09:07:58",""
"BM10570","","admin","2026-09-28","09:25:15",""
"BM10570","Customer Purpose","gen18","2026-09-28","12:15:34","28/09/2026 12:15:29  gen18
LIVE VIEW CHECKED, NO SUSPICIOUS ACTIVITY OBSERVED, VAULT DOOR RELEASED REMOTELY BY CMS AND VAULT OPENED BY BRANCH STAFF, CONFIRMED BY A KEY CUSTODIAN    09903007118"
"BM10570","Final Vault Closing","","2026-09-28","18:05:14","28/09/2026 18:05:11  iifl1
LIVE VIEW CHECKED, NO SUSPICIOUS ACTIVITY OBSERVED, VAULT DOOR RELEASED REMOTELY BY CMS AND VAULT OPENED BY BRANCH STAFF, CONFIRMED BY A KEY CUSTODIAN 1....09903007118"
"BM10570","","admin","2026-09-29","09:21:20",""
"BM10571","","admin","2026-09-28","09:24:20",""
"BM10571","Customer Purpose","gen8","2026-09-28","17:22:19","28/09/2026 17:22:07  gen8
LIVE VIEW CHECKED, NO SUSPICIOUS ACTIVITY OBSERVED, VAULT DOOR RELEASED REMOTELY BY CMS AND VAULT OPENED BY BRANCH STAFF, CONFIRMED BY A KEY CUSTODIAN    2    8403006557"
"BM10571","Final Vault Closing","gen25","2026-09-28","17:56:49","28/09/2026 17:56:43  gen25
LIVE VIEW CHECKED,NO SUSPICIOUS ACTIVITY OBSERVED,VAULT OPENING REQUEST FOR CLOSING PURPOSE VAULT DOOR RELEASED REMOTELY BY CMS AND VAULT OPEN BY BRANCH STAFF CONFIRMED BY KEY CUSTOODIAN     1      08822568553"
"BM10571","","admin","2026-09-29","09:26:57",""
"BM10572","","admin","2026-09-28","09:17:39",""
"BM10572","Customer Purpose","gen37","2026-09-28","18:08:36","28/09/2026 18:08:31  gen37
LIVE VIEW CHECKED, NO SUSPICIOUS ACTIVITY OBSERVED, VAULT DOOR RELEASED REMOTELY BY CMS AND VAULT OPENED BY BRANCH STAFF, CONFIRMED BY A KEY CUSTODIAN  1 08638860935"
"BM10572","","admin","2026-09-29","09:16:45",""
"BM10573","Customer Purpose","gen18","2026-09-28","12:38:14","28/09/2026 12:38:10  gen18
LIVE VIEW CHECKED, NO SUSPICIOUS ACTIVITY OBSERVED, VAULT DOOR RELEASED REMOTELY BY CMS AND VAULT OPENED BY BRANCH STAFF, CONFIRMED BY A KEY CUSTODIAN    09866689269"
"BM10573","Final Vault Closing","gen9","2026-09-28","18:20:13","28/09/2026 18:20:07  gen9
LIVE VIEW CHECKED,NO SUSPICIOUS ACTIVITY OBSERVED,VAULT OPENING REQUEST FOR CLOSING PURPOSE VAULT DOOR RELEASED REMOTELY BY CMS AND VAULT OPEN BY BRANCH STAFF CONFIRMED BY KEY CUSTOODIAN    3     09177468193"
"BM10574","Customer Purpose","gen1","2026-09-28","12:55:52","28/09/2026 12:55:48  gen1
LIVE VIEW CHECKED, NO SUSPICIOUS ACTIVITY OBSERVED, VAULT DOOR RELEASED REMOTELY BY CMS AND VAULT OPENED BY BRANCH STAFF, CONFIRMED BY A KEY CUSTODIAN  08074338143"
"BM10574","Customer Purpose","gen13","2026-09-28","18:40:54","28/09/2026 18:40:47  gen13
LIVE VIEW CHECKED, NO SUSPICIOUS ACTIVITY OBSERVED, VAULT DOOR RELEASED REMOTELY BY CMS AND VAULT OPENED BY BRANCH STAFF, CONFIRMED BY A KEY CUSTODIAN 2/08074338143"
"BM10574","Not Allowed","iifl3","2026-09-28","19:50:25","28/09/2026 19:50:18  iifl3
LIVE VIEW CHECKED, NO SUSPICIOUS ACTIVITY OBSERVED, VAULT OPENING REQUEST FOR late sitting NEEDS TO MAIL APPROVAL, AND NOT ALLOWED VAULT OPERATION, CALL TO KEY CUSTOODIAN. 9848235025"
"BM10574","Final Vault Closing","iifl1","2026-09-28","20:10:23","28/09/2026 20:10:12  iifl1
LIVE VIEW CHECKED,NO SUSPICIOUS ACTIVITY OBSERVED,VAULT OPENING REQUEST AFTER WORKING HOUR, MAIL APPROVAL BY   Pasham Sitharam Reddy  VAULT DOOR RELEASED REMOTELY BY CMS, AND VAULT OPENED BY BRANCH STAFF CONFIRMED BY A KEY CUSTOODIAN.2    8074338143"
"BM10574","","admin","2026-09-29","09:16:46",""
"BM10575","Customer Purpose","gen7","2026-09-28","10:29:52","28/09/2026 10:29:48  gen7
LIVE VIEW CHECKED, NO SUSPICIOUS ACTIVITY OBSERVED, VAULT DOOR RELEASED REMOTELY BY CMS AND VAULT OPENED BY BRANCH STAFF, CONFIRMED BY A KEY CUSTODIAN 8081409186"
"BM10575","Audit Purpose","gen11","2026-09-28","12:10:10","28/09/2026 12:10:03  gen11
LIVE VIEW CHECKED,NO SUSPICIOUS ACTIVITY OBSERVED,VAULT OPENING REQUEST FOR AUDIT MAIL APPROVED BYBijumon P <bijumon.p@iifl.com>VAULT DOOR RELEASED REMOTELY BY CMS, AND VAULT OPENED BY BRANCH STAFF CONFIRMED BY A KEY CUSTOODIAN. 1   8081409186"
"BM10575","Audit Purpose","gen1","2026-09-28","13:50:33","28/09/2026 13:50:29  gen1
LIVE VIEW CHECKED,NO SUSPICIOUS ACTIVITY OBSERVED,VAULT OPENING REQUEST FOR AUDIT MAIL APPROVED BY  VAULT DOOR RELEASED REMOTELY BY CMS, AND VAULT OPBijumon P <bijumon.p@iifl.com> ENED BY BRANCH STAFF CONFIRMED BY A KEY CUSTOODIAN. 08081409186"
"BM10575","Audit Purpose","gen37","2026-09-28","15:13:30","28/09/2026 15:13:24  gen37
LIVE VIEW CHECKED,NO SUSPICIOUS ACTIVITY OBSERVED,VAULT OPENING REQUEST FOR AUDIT, MAIL APPROVED BY Bijumon P <bijumon.p@iifl.com>, VAULT DOOR RELEASED REMOTELY BY CMS, AND VAULT OPENED BY BRANCH STAFF CONFIRMED BY A KEY CUSTOODIAN. 1 08081409186"
"BM10575","Audit Purpose","gen13","2026-09-28","16:18:20","28/09/2026 16:18:16  gen13
LIVE VIEW CHECKED,NO SUSPICIOUS ACTIVITY OBSERVED,VAULT OPENING REQUEST FOR AUDIT, MAIL APPROVED BY Bijumon P <bijumon.p@iifl.com>, VAULT DOOR RELEASED REMOTELY BY CMS, AND VAULT OPENED BY BRANCH STAFF CONFIRMED BY A KEY CUSTOODIAN1/08081409186"
"BM10575","Audit Purpose","gen13","2026-09-28","17:31:36","28/09/2026 17:31:29  gen13
LIVE VIEW CHECKED,NO SUSPICIOUS ACTIVITY OBSERVED,VAULT OPENING REQUEST FOR AUDIT, MAIL APPROVED BY Bijumon P <bijumon.p@iifl.com>, VAULT DOOR RELEASED REMOTELY BY CMS, AND VAULT OPENED BY BRANCH STAFF CONFIRMED BY A KEY CUSTOODIAN2/09956834268"
"BM10575","Final Vault Closing","gen48","2026-09-28","17:51:36","28/09/2026 17:51:33  gen48
LIVE VIEW CHECKED,NO SUSPICIOUS ACTIVITY OBSERVED,VAULT OPENING REQUEST FOR CLOSING PURPOSE VAULT DOOR RELEASED REMOTELY BY CMS AND VAULT OPEN BY BRANCH STAFF CONFIRMED BY KEY CUSTOODIAN 1   08081409186"
"BM10575","","admin","2026-09-28","18:35:03",""
"BM10576","Final Vault Closing","gen12","2026-09-28","18:33:07","28/09/2026 18:33:02  gen12
LIVE VIEW CHECKED,NO SUSPICIOUS ACTIVITY OBSERVED,VAULT OPENING REQUEST FOR CLOSING PURPOSE VAULT DOOR RELEASED REMOTELY BY CMS AND VAULT OPEN BY BRANCH STAFF CONFIRMED BY KEY CUSTOODIAN 08920530520"
"BM10577","Customer Purpose","gen30","2026-09-28","10:54:56","28/09/2026 10:54:39  gen30
LIVE VIEW CHECKED, NO SUSPICIOUS ACTIVITY OBSERVED, VAULT DOOR RELEASED REMOTELY BY CMS AND VAULT OPENED BY BRANCH STAFF, CONFIRMED BY A KEY CUSTODIAN 1 .8410240168"
"BM10577","Customer Purpose","gen16","2026-09-28","13:31:06","28/09/2026 13:30:54  gen16
LIVE VIEW CHECKED, NO SUSPICIOUS ACTIVITY OBSERVED, VAULT DOOR RELEASED REMOTELY BY CMS AND VAULT OPENED BY BRANCH STAFF, CONFIRMED BY A KEY CUSTODIAN   6397348654"
"BM10577","Not Operate","gen37","2026-09-28","16:10:15","28/09/2026 16:10:06  gen37
LIVE VIEW CHECKED,NO SUSPICIOUS ACTIVITY OBSERVED,NO NEED TO OPERATE VAULT CONFIRMED BY KEY CUSTOODIAN.  2 08384883212"
"BM10577","Customer Purpose","gen9","2026-09-28","17:00:07","28/09/2026 17:00:03  gen9
LIVE VIEW CHECKED, NO SUSPICIOUS ACTIVITY OBSERVED, VAULT DOOR RELEASED REMOTELY BY CMS AND VAULT OPENED BY BRANCH STAFF, CONFIRMED BY A KEY CUSTODIAN    2     08384883212"
"BM10577","Customer Purpose","gen33","2026-09-28","17:00:53","28/09/2026 17:00:47  gen33
LIVE VIEW CHECKED, NO SUSPICIOUS ACTIVITY OBSERVED, VAULT DOOR RELEASED REMOTELY BY CMS AND VAULT OPENED BY BRANCH STAFF, CONFIRMED BY A KEY CUSTODIAN 08410240168"
"BM10577","Final Vault Closing","gen13","2026-09-28","18:14:06","28/09/2026 18:14:02  gen13
LIVE VIEW CHECKED,NO SUSPICIOUS ACTIVITY OBSERVED,VAULT OPENING REQUEST FOR CLOSING PURPOSE VAULT DOOR RELEASED REMOTELY BY CMS AND VAULT OPEN BY BRANCH STAFF CONFIRMED BY KEY CUSTOODIAN 2/08384883212"
"BM10577","","admin","2026-09-28","18:35:10",""
"BM10578","Customer Purpose","gen11","2026-09-28","11:38:44","28/09/2026 11:38:42  gen11
LIVE VIEW CHECKED, NO SUSPICIOUS ACTIVITY OBSERVED, VAULT DOOR RELEASED REMOTELY BY CMS AND VAULT OPENED BY BRANCH STAFF, CONFIRMED BY A KEY CUSTODIAN   1   6392829396"
"BM10578","Customer Purpose","gen29","2026-09-28","13:11:01","28/09/2026 13:10:57  gen29
LIVE VIEW CHECKED, NO SUSPICIOUS ACTIVITY OBSERVED, VAULT DOOR RELEASED REMOTELY BY CMS AND VAULT OPENED BY BRANCH STAFF, CONFIRMED BY A KEY CUSTODIAN  6386432505"
"BM10578","Final Vault Closing","gen19","2026-09-28","18:10:11","28/09/2026 18:10:04  gen19
LIVE VIEW CHECKED,NO SUSPICIOUS ACTIVITY OBSERVED,VAULT OPENING REQUEST FOR CLOSING PURPOSE VAULT DOOR RELEASED REMOTELY BY CMS AND VAULT OPEN BY BRANCH STAFF CONFIRMED BY KEY CUSTOODIAN 6392829396"
"BM10579","Customer Purpose","gen32","2026-09-28","12:14:18","28/09/2026 12:14:20  gen32
LIVE VIEW CHECKED, NO SUSPICIOUS ACTIVITY OBSERVED, VAULT DOOR RELEASED REMOTELY BY CMS AND VAULT OPENED BY BRANCH STAFF, CONFIRMED BY A KEY CUSTODIAN  08102105471"
"BM10579","Final Vault Closing","iifl7","2026-09-28","18:25:31","28/09/2026 18:25:27  iifl7
LIVE VIEW CHECKED,NO SUSPICIOUS ACTIVITY OBSERVED,VAULT OPENING REQUEST FOR CLOSING PURPOSE VAULT DOOR RELEASED REMOTELY BY CMS AND VAULT OPEN BY BRANCH STAFF CONFIRMED BY KEY CUSTOODIAN  1 08102105471"
"BM10581","Not Allowed","gen7","2026-09-28","11:02:45","28/09/2026 11:02:35  gen7
LIVE VIEW CHECKED, NO SUSPICIOUS ACTIVITY OBSERVED, VAULT OPENING REQUEST FOR AUDIT  NEEDS TO MAIL APPROVAL, AND NOT ALLOWED VAULT OPERATION, CALL TO KEY CUSTOODIAN.1-9772081827"
"BM10581","Audit Purpose","gen7","2026-09-28","11:09:32","28/09/2026 11:09:23  gen7
LIVE VIEW CHECKED,NO SUSPICIOUS ACTIVITY OBSERVED,VAULT OPENING REQUEST FOR AUDIT MAIL APPROVED BY MOHIT SHARMA, VAULT DOOR RELEASED REMOTELY BY CMS, AND VAULT OPENED BY BRANCH STAFF CONFIRMED BY A KEY CUSTOODIAN.1-9772081827"
"BM10581","Audit Purpose","gen11","2026-09-28","13:06:45","28/09/2026 13:06:42  gen11
LIVE VIEW CHECKED,NO SUSPICIOUS ACTIVITY OBSERVED,VAULT OPENING REQUEST FOR AUDIT MAIL APPROVED BY MOHIT SHARMA <mohit.sharma1@iifl.com>, VAULT DOOR RELEASED REMOTELY BY CMS, AND VAULT OPENED BY BRANCH STAFF CONFIRMED BY A KEY CUSTOODIAN.1  7665098839"
"BM10581","Audit Check","gen5","2026-09-28","13:34:14","28/09/2026 13:34:09  gen5
TESTING  BY AUDITER SIR , CONFIRMED BY TWO WAY COMMUNICATION , ALL OK."
"BM10581","Audit Check","gen5","2026-09-28","13:34:30","28/09/2026 13:34:25  gen5
TESTING  BY AUDITER SIR , CONFIRMED BY TWO WAY COMMUNICATION , ALL OK."
"BM10581","Audit Check","gen5","2026-09-28","13:34:56","28/09/2026 13:34:50  gen5
TESTING  BY AUDITER SIR , CONFIRMED BY TWO WAY COMMUNICATION , ALL OK."
"BM10581","Audit Check","gen8","2026-09-28","13:37:58","28/09/2026 13:37:45  gen8
TESTING      BY AUDIT SIR , CONFIRMED BY   TWO WAY , ALL OK."
"BM10581","Audit Check","gen8","2026-09-28","13:38:45","28/09/2026 13:38:36  gen8
TESTING     BY AUDIT SIR , CONFIRMED BY   TWO WAY COMMUNICATION , ALL OK."
"BM10581","Audit Check","gen8","2026-09-28","13:39:06","28/09/2026 13:38:56  gen8
TESTING     BY AUDIT SIR , CONFIRMED BY   TWO WAY COMMUNICATION , ALL OK."
"BM10581","Audit Check","gen8","2026-09-28","13:39:35","28/09/2026 13:39:25  gen8
TESTING     BY AUDIT SIR , CONFIRMED BY   TWO WAY COMMUNICATION , ALL OK."
"BM10581","Customer Purpose","gen18","2026-09-28","14:18:40","28/09/2026 14:18:36  gen18
LIVE VIEW CHECKED, NO SUSPICIOUS ACTIVITY OBSERVED, VAULT DOOR RELEASED REMOTELY BY CMS AND VAULT OPENED BY BRANCH STAFF, CONFIRMED BY A KEY CUSTODIAN    09772081827"
"BM10581","Customer Purpose","gen16","2026-09-28","14:27:46","28/09/2026 14:27:39  gen16
LIVE VIEW CHECKED, NO SUSPICIOUS ACTIVITY OBSERVED, VAULT DOOR RELEASED REMOTELY BY CMS AND VAULT OPENED BY BRANCH STAFF, CONFIRMED BY A KEY CUSTODIAN  7665098839"
"BM10581","Customer Purpose","gen4","2026-09-28","14:42:20","28/09/2026 14:42:02  gen4
LIVE VIEW CHECKED, NO SUSPICIOUS ACTIVITY OBSERVED, VAULT DOOR RELEASED REMOTELY BY CMS AND VAULT OPENED BY BRANCH STAFF, CONFIRMED BY A KEY CUSTODIAN 9772081827"
"BM10581","Customer Purpose","gen23","2026-09-28","14:50:09","28/09/2026 14:50:02  gen23
LIVE VIEW CHECKED, NO SUSPICIOUS ACTIVITY OBSERVED, VAULT DOOR RELEASED REMOTELY BY CMS AND VAULT OPENED BY BRANCH STAFF, CONFIRMED BY A KEY CUSTODIAN//07665098839"
"BM10581","Customer Purpose","gen23","2026-09-28","15:00:29","28/09/2026 15:00:25  gen23
LIVE VIEW CHECKED, NO SUSPICIOUS ACTIVITY OBSERVED, VAULT DOOR RELEASED REMOTELY BY CMS AND VAULT OPENED BY BRANCH STAFF, CONFIRMED BY A KEY CUSTODIAN//09772081827"
"BM10581","Final Vault Closing","gen19","2026-09-28","18:12:55","28/09/2026 18:12:52  gen19
LIVE VIEW CHECKED,NO SUSPICIOUS ACTIVITY OBSERVED,VAULT OPENING REQUEST FOR CLOSING PURPOSE VAULT DOOR RELEASED REMOTELY BY CMS AND VAULT OPEN BY BRANCH STAFF CONFIRMED BY KEY CUSTOODIAN 9772081827"
"BM10582","","admin","2026-09-28","09:02:59",""
"BM10582","Customer Purpose","gen21","2026-09-28","10:08:14","28/09/2026 10:08:59  gen21
LIVE VIEW CHECKED, NO SUSPICIOUS ACTIVITY OBSERVED, VAULT DOOR RELEASED REMOTELY BY CMS AND VAULT OPENED BY BRANCH STAFF, CONFIRMED BY A KEY CUSTODIAN    1   8886098464"
"BM10582","Customer Purpose","gen30","2026-09-28","10:40:39","28/09/2026 10:40:22  gen30
LIVE VIEW CHECKED, NO SUSPICIOUS ACTIVITY OBSERVED, VAULT DOOR RELEASED REMOTELY BY CMS AND VAULT OPENED BY BRANCH STAFF, CONFIRMED BY A KEY CUSTODIAN 1 .9949727171"
"BM10582","Final Vault Closing","gen23","2026-09-28","17:35:32","28/09/2026 17:35:24  gen23
LIVE VIEW CHECKED,NO SUSPICIOUS ACTIVITY OBSERVED,VAULT OPENING REQUEST FOR CLOSING PURPOSE VAULT DOOR RELEASED REMOTELY BY CMS AND VAULT OPEN BY BRANCH STAFF CONFIRMED BY KEY CUSTOODIAN//08886098464"
"BM10582","","admin","2026-09-29","09:14:13",""
"BM10583","","admin","2026-09-28","08:51:37",""
"BM10583","","admin","2026-09-28","09:26:47",""
"BM10583","Audit Purpose","gen22","2026-09-28","10:09:50","28/09/2026 10:09:45  gen22
LIVE VIEW CHECKED,NO SUSPICIOUS ACTIVITY OBSERVED,VAULT OPENING REQUEST FOR AUDIT, MAIL APPROVED BY SVL Sowjanya , VAULT DOOR RELEASED REMOTELY BY CMS, AND VAULT OPENED BY BRANCH STAFF CONFIRMED BY A KEY CUSTOODIAN.1/9639630528"
"BM10583","Audit Purpose","gen30","2026-09-28","11:20:58","28/09/2026 11:20:40  gen30
LIVE VIEW CHECKED,NO SUSPICIOUS ACTIVITY OBSERVED,VAULT OPENING REQUEST FOR AUDIT, MAIL APPROVED BY SVL Sowjanya , VAULT DOOR RELEASED REMOTELY BY CMS, AND VAULT OPENED BY BRANCH STAFF CONFIRMED BY A KEY CUSTOODIAN.1 .6305265523"
"BM10583","Audit Purpose","gen12","2026-09-28","13:31:19","28/09/2026 13:31:15  gen12
LIVE VIEW CHECKED,NO SUSPICIOUS ACTIVITY OBSERVED,VAULT OPENING REQUEST FOR AUDIT, MAIL APPROVED BY SVL Sowjanya <svl.sowjanya@iifl.com> VAULT DOOR RELEASED REMOTELY BY CMS, AND VAULT OPENED BY BRANCH STAFF CONFIRMED BY A KEY CUSTOODIAN. 09553554522"
"BM10583","Audit Purpose","gen9","2026-09-28","16:48:19","28/09/2026 16:48:16  gen9
LIVE VIEW CHECKED,NO SUSPICIOUS ACTIVITY OBSERVED,VAULT OPENING REQUEST FOR AUDIT MAIL APPROVED BY SVL Sowjanya <svl.sowjanya@iifl.com>, VAULT DOOR RELEASED REMOTELY BY CMS, AND VAULT OPENED BY BRANCH STAFF CONFIRMED BY A KEY CUSTOODIAN.     2       06305265523"
"BM10583","Customer Purpose","gen13","2026-09-28","16:59:41","28/09/2026 16:59:37  gen13
LIVE VIEW CHECKED, NO SUSPICIOUS ACTIVITY OBSERVED, VAULT DOOR RELEASED REMOTELY BY CMS AND VAULT OPENED BY BRANCH STAFF, CONFIRMED BY A KEY CUSTODIAN2/09553554522"
"BM10583","Audit Check","gen20","2026-09-28","17:30:23","28/09/2026 17:30:15  gen20
TESTING   BY  AUDITOR SIR , CONFIRMED BY TWO WAY COMMUNICATION"
"BM10583","Audit Check","gen20","2026-09-28","17:31:04","28/09/2026 17:30:59  gen20
TESTING   BY  AUDITOR SIR , CONFIRMED BY TWO WAY COMMUNICATION"
"BM10583","Audit Check","gen20","2026-09-28","17:31:24","28/09/2026 17:31:19  gen20
TESTING   BY  AUDITOR SIR , CONFIRMED BY TWO WAY COMMUNICATION"
"BM10583","Audit Check","gen20","2026-09-28","17:31:55","28/09/2026 17:31:40  gen20
TESTING   BY  AUDITOR SIR , CONFIRMED BY TWO WAY COMMUNICATION"
"BM10583","Final Vault Closing","gen8","2026-09-28","18:18:32","28/09/2026 18:18:23  gen8
LIVE VIEW CHECKED,NO SUSPICIOUS ACTIVITY OBSERVED,VAULT OPENING REQUEST FOR CLOSING PURPOSE VAULT DOOR RELEASED REMOTELY BY CMS AND VAULT OPEN BY BRANCH STAFF CONFIRMED BY KEY CUSTOODIAN    2   9553554522"
"BM10583","","admin","2026-09-29","09:02:45",""
"BM10583","","admin","2026-09-29","09:14:55",""
"BM10584","Final Vault Closing","gen23","2026-09-28","17:53:40","28/09/2026 17:53:33  gen23
LIVE VIEW CHECKED,NO SUSPICIOUS ACTIVITY OBSERVED,VAULT OPENING REQUEST FOR CLOSING PURPOSE VAULT DOOR RELEASED REMOTELY BY CMS AND VAULT OPEN BY BRANCH STAFF CONFIRMED BY KEY CUSTOODIAN //08374040287"
"BM10585","","admin","2026-09-28","09:23:37",""
"BM10585","Customer Purpose","gen22","2026-09-28","17:56:52","28/09/2026 17:56:46  gen22
LIVE VIEW CHECKED, NO SUSPICIOUS ACTIVITY OBSERVED, VAULT DOOR RELEASED REMOTELY BY CMS AND VAULT OPENED BY BRANCH STAFF, CONFIRMED BY A KEY CUSTODIAN   1  9666560295"
"BM10586","","admin","2026-09-28","09:16:58",""
"BM10586","Final Vault Closing","gen28","2026-09-28","18:44:57","28/09/2026 18:44:52  gen28
LIVE VIEW CHECKED,NO SUSPICIOUS ACTIVITY OBSERVED,VAULT OPENING REQUEST FOR CLOSING PURPOSE VAULT DOOR RELEASED REMOTELY BY CMS AND VAULT OPEN BY BRANCH STAFF CONFIRMED BY KEY CUSTOODIAN   07013429732         OTP TIME  18:21:16"
"BM10586","","admin","2026-09-28","19:35:26",""
"BM10586","","admin","2026-09-29","09:18:22",""
"BM10606","Final Vault Closing","gen32","2026-09-28","18:14:21","28/09/2026 18:14:00  gen32
LIVE VIEW CHECKED,NO SUSPICIOUS ACTIVITY OBSERVED,VAULT OPENING REQUEST FOR CLOSING PURPOSE VAULT DOOR RELEASED REMOTELY BY CMS AND VAULT OPEN BY BRANCH STAFF CONFIRMED BY KEY CUSTOODIAN   06203455614"
"BM10608","","admin","2026-09-28","09:21:19",""
"BM10608","Customer Purpose","gen16","2026-09-28","11:10:36","28/09/2026 11:10:29  gen16
LIVE VIEW CHECKED, NO SUSPICIOUS ACTIVITY OBSERVED, VAULT DOOR RELEASED REMOTELY BY CMS AND VAULT OPENED BY BRANCH STAFF, CONFIRMED BY A KEY CUSTODIAN   6291550731"
"BM10608","Customer Purpose","gen3","2026-09-28","15:14:28","28/09/2026 15:14:23  gen3
LIVE VIEW CHECKED, NO SUSPICIOUS ACTIVITY OBSERVED, VAULT DOOR RELEASED REMOTELY BY CMS AND VAULT OPENED BY BRANCH STAFF, CONFIRMED BY A KEY CUSTODIAN 06291550731"
"BM10608","Packet Counting","gen2","2026-09-28","16:59:23","28/09/2026 16:59:18  gen2
LIVE VIEW CHECKED,NO SUSPICIOUS ACTIVITY OBSERVED,VAULT OPENING REQUEST FOR  PACKET COUNTING, MAIL APPROVED BY    Ayan Roy  , VAULT DOOR RELEASED REMOTELY BY CMS, AND VAULT OPENED BY BRANCH STAFF CONFIRMED BY A KEY CUSTOODIAN.1  9093361262"
"BM10608","Final Vault Closing","gen18","2026-09-28","17:56:37","28/09/2026 17:56:31  gen18
LIVE VIEW CHECKED,NO SUSPICIOUS ACTIVITY OBSERVED,VAULT OPENING REQUEST FOR CLOSING PURPOSE VAULT DOOR RELEASED REMOTELY BY CMS AND VAULT OPEN BY BRANCH STAFF CONFIRMED BY KEY CUSTOODIAN   09732792592"
"BM10608","","admin","2026-09-29","09:26:57",""
"BM10609","","admin","2026-09-28","09:25:57",""
"BM10609","Customer Purpose","gen36","2026-09-28","11:09:20","28/09/2026 11:09:16  gen36
LIVE VIEW CHECKED, NO SUSPICIOUS ACTIVITY OBSERVED, VAULT DOOR RELEASED REMOTELY BY CMS AND VAULT OPENED BY BRANCH STAFF, CONFIRMED BY A KEY CUSTODIAN   08348157914"
"BM10609","Customer Purpose","gen23","2026-09-28","13:14:45","28/09/2026 13:14:38  gen23
LIVE VIEW CHECKED, NO SUSPICIOUS ACTIVITY OBSERVED, VAULT DOOR RELEASED REMOTELY BY CMS AND VAULT OPENED BY BRANCH STAFF, CONFIRMED BY A KEY CUSTODIAN//08348157914"
"BM10609","Final Vault Closing","iifl7","2026-09-28","18:45:51","28/09/2026 18:45:46  iifl7
LIVE VIEW CHECKED,NO SUSPICIOUS ACTIVITY OBSERVED,VAULT OPENING REQUEST FOR CLOSING PURPOSE VAULT DOOR RELEASED REMOTELY BY CMS AND VAULT OPEN BY BRANCH STAFF CONFIRMED BY KEY CUSTOODIAN 2 08348157914"
"BM10609","","admin","2026-09-29","09:28:54",""
"BM10611","Customer Purpose","gen10","2026-09-28","12:35:00","28/09/2026 12:34:56  gen10
LIVE VIEW CHECKED, NO SUSPICIOUS ACTIVITY OBSERVED, VAULT DOOR RELEASED REMOTELY BY CMS AND VAULT OPENED BY BRANCH STAFF, CONFIRMED BY A KEY CUSTODIAN 1................9756812498"
"BM10611","Final Vault Closing","gen9","2026-09-28","18:00:47","28/09/2026 18:00:43  gen9
LIVE VIEW CHECKED,NO SUSPICIOUS ACTIVITY OBSERVED,VAULT OPENING REQUEST FOR CLOSING PURPOSE VAULT DOOR RELEASED REMOTELY BY CMS AND VAULT OPEN BY BRANCH STAFF CONFIRMED BY KEY CUSTOODIAN    1    09756812498"
"BM10611","","admin","2026-09-28","18:30:13",""
"BM10612","Customer Purpose","gen21","2026-09-28","11:44:18","28/09/2026 11:44:44  gen21
LIVE VIEW CHECKED, NO SUSPICIOUS ACTIVITY OBSERVED, VAULT DOOR RELEASED REMOTELY BY CMS AND VAULT OPENED BY BRANCH STAFF, CONFIRMED BY A KEY CUSTODIAN    1  6306479119"
"BM10612","Customer Purpose","gen32","2026-09-28","12:50:18","28/09/2026 12:49:59  gen32
DUE TO NETWORK ISSUE VIDEO VERIFICATION ON WHATSAPP VIDEO CALL,NO SUSPICIOUS ACTIVITY OBSERVED,VAULT OPENING REQUEST FOR CUSTOMER PURPOSE VAULT DOOR RELEASED REMOTELY/MANUALLY BY CMS AND VAULT OPEN BY STAF CONFIRMED BY KEY CUSTOODIAN  06306479119

28/09/2026 12:50:17  gen32
DUE TO NETWORK ISSUE VIDEO VERIFICATION ON WHATSAPP VIDEO CALL,NO SUSPICIOUS ACTIVITY OBSERVED,VAULT OPENING REQUEST FOR CUSTOMER PURPOSE VAULT DOOR RELEASED REMOTELY BY CMS AND VAULT OPEN BY STAF CONFIRMED BY KEY CUSTOODIAN    06306479119"
"BM10612","Final Vault Closing","gen35","2026-09-28","17:50:26","28/09/2026 17:50:23  gen35
LIVE VIEW CHECKED,NO SUSPICIOUS ACTIVITY OBSERVED,VAULT OPENING REQUEST FOR CLOSING PURPOSE VAULT DOOR RELEASED REMOTELY BY CMS AND VAULT OPEN BY BRANCH STAFF CONFIRMED BY KEY CUSTOODIAN  08922882779"
"BM10613","","admin","2026-09-28","09:22:04",""
"BM10613","Customer Purpose","gen5","2026-09-28","10:17:31","28/09/2026 10:17:27  gen5
LIVE VIEW CHECKED, NO SUSPICIOUS ACTIVITY OBSERVED, VAULT DOOR RELEASED REMOTELY BY CMS AND VAULT OPENED BY BRANCH STAFF, CONFIRMED BY A KEY CUSTODIAN  2......  09160245131"
"BM10613","Customer Purpose","gen30","2026-09-28","12:14:38","28/09/2026 12:14:21  gen30
LIVE VIEW CHECKED, NO SUSPICIOUS ACTIVITY OBSERVED, VAULT DOOR RELEASED REMOTELY BY CMS AND VAULT OPENED BY BRANCH STAFF, CONFIRMED BY A KEY CUSTODIAN 1 .9160245131"
"BM10613","Customer Purpose","gen21","2026-09-28","12:20:31","28/09/2026 12:21:15  gen21
LIVE VIEW CHECKED, NO SUSPICIOUS ACTIVITY OBSERVED, VAULT DOOR RELEASED REMOTELY BY CMS AND VAULT OPENED BY BRANCH STAFF, CONFIRMED BY A KEY CUSTODIAN    1   9160245131"
"BM10613","Customer Purpose","gen30","2026-09-28","14:40:57","28/09/2026 14:40:38  gen30
LIVE VIEW CHECKED, NO SUSPICIOUS ACTIVITY OBSERVED, VAULT DOOR RELEASED REMOTELY BY CMS AND VAULT OPENED BY BRANCH STAFF, CONFIRMED BY A KEY CUSTODIAN 2 .9160245131"
"BM10613","Customer Purpose","gen34","2026-09-28","16:00:11","28/09/2026 16:00:06  gen34
LIVE VIEW CHECKED, NO SUSPICIOUS ACTIVITY OBSERVED, VAULT DOOR RELEASED REMOTELY BY CMS AND VAULT OPENED BY BRANCH STAFF, CONFIRMED BY A KEY CUSTODIAN 9160245131"
"BM10613","Customer Purpose","gen3","2026-09-28","17:25:51","28/09/2026 17:25:47  gen3
LIVE VIEW CHECKED, NO SUSPICIOUS ACTIVITY OBSERVED, VAULT DOOR RELEASED REMOTELY BY CMS AND VAULT OPENED BY BRANCH STAFF, CONFIRMED BY A KEY CUSTODIAN 09160245131"
"BM10613","Final Vault Closing","gen22","2026-09-28","18:17:51","28/09/2026 18:17:49  gen22
LIVE VIEW CHECKED,NO SUSPICIOUS ACTIVITY OBSERVED,VAULT OPENING REQUEST FOR CLOSING PURPOSE VAULT DOOR RELEASED REMOTELY BY CMS AND VAULT OPEN BY BRANCH STAFF CONFIRMED BY KEY CUSTOODIAN 1  9160245131"
"BM10613","","admin","2026-09-29","09:22:08",""
"BM10614","","admin","2026-09-28","09:18:23",""
"BM10614","Customer Purpose","gen33","2026-09-28","10:31:39","28/09/2026 10:31:33  gen33
LIVE VIEW CHECKED, NO SUSPICIOUS ACTIVITY OBSERVED, VAULT DOOR RELEASED REMOTELY BY CMS AND VAULT OPENED BY BRANCH STAFF, CONFIRMED BY A KEY CUSTODIAN 06300338164"
"BM10614","Final Vault Closing","gen30","2026-09-28","17:47:37","28/09/2026 17:47:15  gen30
LIVE VIEW CHECKED,NO SUSPICIOUS ACTIVITY OBSERVED,VAULT OPENING REQUEST FOR CLOSING PURPOSE VAULT DOOR RELEASED REMOTELY BY CMS AND VAULT OPEN BY BRANCH STAFF CONFIRMED BY KEY CUSTOODIAN 1 .6300338164"
"BM10614","","admin","2026-09-29","09:16:47",""
"BM10615","Customer Purpose","gen39","2026-09-28","11:50:19","28/09/2026 11:50:14  gen39
LIVE VIEW CHECKED, NO SUSPICIOUS ACTIVITY OBSERVED, VAULT DOOR RELEASED REMOTELY BY CMS AND VAULT OPENED BY BRANCH STAFF, CONFIRMED BY A KEY CUSTODIAN  6296594890"
"BM10615","Final Vault Closing","gen37","2026-09-28","17:49:43","28/09/2026 17:49:40  gen37
LIVE VIEW CHECKED,NO SUSPICIOUS ACTIVITY OBSERVED,VAULT OPENING REQUEST FOR CLOSING PURPOSE VAULT DOOR RELEASED REMOTELY BY CMS AND VAULT OPEN BY BRANCH STAFF CONFIRMED BY KEY CUSTOODIAN 1 08926426758"
"BM10616","","admin","2026-09-28","09:14:50",""
"BM10616","Customer Purpose","gen21","2026-09-28","10:53:17","28/09/2026 10:53:59  gen21
LIVE VIEW CHECKED, NO SUSPICIOUS ACTIVITY OBSERVED, VAULT DOOR RELEASED REMOTELY BY CMS AND VAULT OPENED BY BRANCH STAFF, CONFIRMED BY A KEY CUSTODIAN    1   7440573093"
"BM10616","Customer Purpose","gen19","2026-09-28","12:24:54","28/09/2026 12:24:51  gen19
LIVE VIEW CHECKED, NO SUSPICIOUS ACTIVITY OBSERVED, VAULT DOOR RELEASED REMOTELY BY CMS AND VAULT OPENED BY BRANCH STAFF, CONFIRMED BY A KEY CUSTODIAN 8815665701"
"BM10616","Audit Purpose","gen21","2026-09-28","14:15:53","28/09/2026 14:16:35  gen21
LIVE VIEW CHECKED,NO SUSPICIOUS ACTIVITY OBSERVED,VAULT OPENING REQUEST FOR AUDIT, MAIL APPROVED BY BALU RATHOD <balu.rathod@iifl.com>, VAULT DOOR RELEASED REMOTELY BY CMS, AND VAULT OPENED BY BRANCH STAFF CONFIRMED BY A KEY CUSTOODIAN.1     9009681860"
"BM10616","Audit Purpose","gen23","2026-09-28","15:30:51","28/09/2026 15:30:47  gen23
LIVE VIEW CHECKED,NO SUSPICIOUS ACTIVITY OBSERVED,VAULT OPENING REQUEST FOR AUDIT, MAIL APPROVED BY BALU RATHOD VAULT DOOR RELEASED REMOTELY BY CMS, AND VAULT OPENED BY BRANCH STAFF CONFIRMED BY A KEY CUSTOODIAN.//09009681860"
"BM10616","Audit Purpose","gen9","2026-09-28","16:30:36","28/09/2026 16:30:32  gen9
LIVE VIEW CHECKED,NO SUSPICIOUS ACTIVITY OBSERVED,VAULT OPENING REQUEST FOR AUDIT/ MAIL APPROVED BY BALU RATHOD <balu.rathod@iifl.com>, VAULT DOOR RELEASED REMOTELY BY CMS, AND VAULT OPENED BY BRANCH STAFF CONFIRMED BY A KEY CUSTOODIAN.        1      08815665701"
"BM10616","Audit Purpose","gen6","2026-09-28","17:32:10","28/09/2026 17:32:06  gen6
LIVE VIEW CHECKED,NO SUSPICIOUS ACTIVITY OBSERVED,VAULT OPENING REQUEST FOR AUDIT, MAIL APPROVED BY BALU RATHOD, VAULT DOOR RELEASED REMOTELY BY CMS, AND VAULT OPENED BY BRANCH STAFF CONFIRMED BY A KEY CUSTOODIAN 08815665701"
"BM10616","Final Vault Closing","gen23","2026-09-28","18:45:42","28/09/2026 18:45:36  gen23
LIVE VIEW CHECKED,NO SUSPICIOUS ACTIVITY OBSERVED,VAULT OPENING REQUEST FOR CLOSING PURPOSE VAULT DOOR RELEASED REMOTELY BY CMS AND VAULT OPEN BY BRANCH STAFF CONFIRMED BY KEY CUSTOODIAN //08815665701"
"BM10616","","admin","2026-09-29","09:07:58",""
"BM10617","Customer Purpose","gen13","2026-09-28","18:34:54","28/09/2026 18:34:49  gen13
LIVE VIEW CHECKED,NO SUSPICIOUS ACTIVITY OBSERVED,VAULT OPENING REQUEST FOR CLOSING PURPOSE VAULT DOOR RELEASED REMOTELY BY CMS AND VAULT OPEN BY BRANCH STAFF CONFIRMED BY KEY CUSTOODIAN 2/07828055813

28/09/2026 18:37:14  gen13
FINAL CLOSING"
"BM10619","Not Responded","gen9","2026-09-28","10:57:37","28/09/2026 10:57:25  gen9
LIVE VIEW CHECKED, NO SUSPICIOUS ACTIVITY OBSERVED. CALL TO KC 1/2/3 BUT NOT RESPONDED."
"BM10619","Audit Purpose","gen21","2026-09-28","11:07:00","28/09/2026 11:07:40  gen21
LIVE VIEW CHECKED,NO SUSPICIOUS ACTIVITY OBSERVED,VAULT OPENING REQUEST FOR AUDIT MAIL APPROVED BY Kaushal Sharma <kaushal.sharma@iifl.com>, VAULT DOOR RELEASED REMOTELY BY CMS, AND VAULT OPENED BY BRANCH STAFF CONFIRMED BY A KEY CUSTOODIAN.1   8920340146"
"BM10619","Audit Purpose","gen32","2026-09-28","12:31:53","28/09/2026 12:31:55  gen32
LIVE VIEW CHECKED,NO SUSPICIOUS ACTIVITY OBSERVED,VAULT OPENING REQUEST FOR AUDIT MAIL APPROVED BY Kaushal Sharma  VAULT DOOR RELEASED REMOTELY BY CMS, AND VAULT OPENED BY BRANCH STAFF CONFIRMED BY A KEY CUSTOODIAN.    08077976579"
"BM10619","Not Allowed","gen14","2026-09-28","13:17:14","28/09/2026 13:17:11  gen14
LIVE VIEW CHECKED, NO SUSPICIOUS ACTIVITY OBSERVED, VAULT OPENING REQUEST FOR AUDIT without security guard NEEDS TO MAIL APPROVAL, AND NOT ALLOWED VAULT OPERATION, CALL TO KEY CUSTOODIAN  08920340146"
"BM10619","Audit Purpose","gen46","2026-09-28","13:33:27","28/09/2026 13:33:23  gen46
LIVE VIEW CHECKED,NO SUSPICIOUS ACTIVITY OBSERVED,VAULT OPENING REQUEST FOR AUDIT MAIL APPROVED BY 
  
Kaushal Sharma  VAULT DOOR RELEASED REMOTELY BY CMS, AND VAULT OPENED BY BRANCH STAFF CONFIRMED BY A KEY CUSTOODIAN.  8077976579"
"BM10619","Audit Purpose","gen3","2026-09-28","14:23:56","28/09/2026 14:23:49  gen3
LIVE VIEW CHECKED,NO SUSPICIOUS ACTIVITY OBSERVED,VAULT OPENING REQUEST FOR AUDIT, MAIL APPROVED BY Kaushal Sharma <kaushal.sharma@iifl.com> VAULT DOOR RELEASED REMOTELY BY CMS, AND VAULT OPENED BY BRANCH STAFF CONFIRMED BY A KEY CUSTOODIAN. 08077976579"
"BM10619","Audit Purpose","gen36","2026-09-28","15:14:30","28/09/2026 15:14:25  gen36
LIVE VIEW CHECKED,NO SUSPICIOUS ACTIVITY OBSERVED,VAULT OPENING REQUEST FOR AUDIT , MAIL APPROVED BY Kaushal Sharma , VAULT DOOR RELEASED REMOTELY BY CMS, AND VAULT OPENED BY BRANCH STAFF CONFIRMED BY A KEY CUSTOODIAN   8920340146"
"BM10619","Audit Purpose","gen36","2026-09-28","16:25:09","28/09/2026 16:25:04  gen36
LIVE VIEW CHECKED,NO SUSPICIOUS ACTIVITY OBSERVED,VAULT OPENING REQUEST FOR AUDIT, MAIL APPROVED BY Kaushal Sharma, VAULT DOOR RELEASED REMOTELY BY CMS, AND VAULT OPENED BY BRANCH STAFF CONFIRMED BY A KEY CUSTOODIAN.   8920340146"
"BM10619","Audit Purpose","gen23","2026-09-28","17:16:29","28/09/2026 17:16:24  gen23
LIVE VIEW CHECKED,NO SUSPICIOUS ACTIVITY OBSERVED,VAULT OPENING REQUEST FOR AUDIT, MAIL APPROVED BY Kaushal Sharma , VAULT DOOR RELEASED REMOTELY BY CMS, AND VAULT OPENED BY BRANCH STAFF CONFIRMED BY A KEY CUSTOODIAN.//08920340146"
"BM10619","Audit Purpose","gen13","2026-09-28","18:04:24","28/09/2026 18:04:09  gen13
LIVE VIEW CHECKED,NO SUSPICIOUS ACTIVITY OBSERVED,VAULT OPENING REQUEST FOR AUDIT, MAIL APPROVED BY Kaushal Sharma <kaushal.sharma@iifl.com>, VAULT DOOR RELEASED REMOTELY BY CMS, AND VAULT OPENED BY BRANCH STAFF CONFIRMED BY A KEY CUSTOODIAN 3/08077976579"
"BM10619","Audit Purpose","gen35","2026-09-28","18:34:14","28/09/2026 18:34:08  gen35
LIVE VIEW CHECKED,NO SUSPICIOUS ACTIVITY OBSERVED,VAULT OPENING REQUEST FOR AUDIT MAIL APPROVED BY Kaushal Sharma <kaushal.sharma@iifl.com>, VAULT DOOR RELEASED REMOTELY BY CMS, AND VAULT OPENED BY BRANCH STAFF CONFIRMED BY A KEY CUSTOODIAN.  08920340146"
"BM10619","Audit Check","gen10","2026-09-28","18:43:15","28/09/2026 18:43:07  gen10
TESTING BY AUDITOR SIR, CONFIRMED BY TWO WAY COMMUNICATION"
"BM10620","","admin","2026-09-28","09:16:14",""
"BM10620","Final Vault Closing","gen22","2026-09-28","18:09:44","28/09/2026 18:09:41  gen22
LIVE VIEW CHECKED,NO SUSPICIOUS ACTIVITY OBSERVED,VAULT OPENING REQUEST FOR CLOSING PURPOSE VAULT DOOR RELEASED REMOTELY BY CMS AND VAULT OPEN BY BRANCH STAFF CONFIRMED BY KEY CUSTOODIAN   1  6398419844"
"BM10620","","admin","2026-09-28","19:08:25",""
"BM10620","","admin","2026-09-28","19:35:25",""
"BM10620","","admin","2026-09-29","09:21:24",""
"BM10624","","admin","2026-09-28","08:46:49",""
"BM10624","Final Vault Closing","gen22","2026-09-28","18:13:18","28/09/2026 18:13:09  gen22
LIVE VIEW CHECKED,NO SUSPICIOUS ACTIVITY OBSERVED,VAULT OPENING REQUEST FOR CLOSING PURPOSE VAULT DOOR RELEASED REMOTELY BY CMS AND VAULT OPEN BY BRANCH STAFF CONFIRMED BY KEY CUSTOODIAN 1  9902868575"
"BM10624","","admin","2026-09-29","09:02:02",""
"BM10624","","admin","2026-09-29","09:22:52",""
"BM10625","Customer Purpose","gen10","2026-09-28","12:39:10","28/09/2026 12:39:07  gen10
LIVE VIEW CHECKED, NO SUSPICIOUS ACTIVITY OBSERVED, VAULT DOOR RELEASED REMOTELY BY CMS AND VAULT OPENED BY BRANCH STAFF, CONFIRMED BY A KEY CUSTODIAN 2.............9525907205"
"BM10625","Final Vault Closing","gen46","2026-09-28","18:08:28","28/09/2026 18:08:24  gen46
LIVE VIEW CHECKED,NO SUSPICIOUS ACTIVITY OBSERVED,VAULT OPENING REQUEST FOR CLOSING PURPOSE VAULT DOOR RELEASED REMOTELY BY CMS AND VAULT OPEN BY BRANCH STAFF CONFIRMED BY KEY CUSTOODIAN   9525907205"
"BM10626","","admin","2026-09-28","08:43:25",""
"BM10626","Audit Purpose","gen32","2026-09-28","11:38:55","28/09/2026 11:38:58  gen32
LIVE VIEW CHECKED,NO SUSPICIOUS ACTIVITY OBSERVED,VAULT OPENING REQUEST FOR AUDIT MAIL APPROVED BY Mohammad Tahir Khan  VAULT DOOR RELEASED REMOTELY BY CMS, AND VAULT OPENED BY BRANCH STAFF CONFIRMED BY A KEY CUSTOODIAN.   \08871107738"
"BM10626","Audit Check","gen32","2026-09-28","11:40:35","28/09/2026 11:40:31  gen32
TESTING, AUDITOR SIR CONFIRMED BY TWO WAY COMMUNICATION KEY CUSTOODIAN 1/2 /3, ALL OK."
"BM10626","Audit Purpose","gen38","2026-09-28","11:56:25","28/09/2026 11:56:21  gen38
LIVE VIEW CHECKED,NO SUSPICIOUS ACTIVITY OBSERVED,VAULT OPENING REQUEST FOR AUDIT, MAIL APPROVED BY Mohammad Tahir Khan <mohammadtahir.khan@iifl.com> , VAULT DOOR RELEASED REMOTELY BY CMS, AND VAULT OPENED BY BRANCH STAFF CONFIRMED BY A KEY CUSTOODIAN.8871107738"
"BM10626","Audit Purpose","gen30","2026-09-28","13:10:29","28/09/2026 13:10:04  gen30
LIVE VIEW CHECKED,NO SUSPICIOUS ACTIVITY OBSERVED,VAULT OPENING REQUEST FOR AUDIT, MAIL APPROVED BY Mohammad Tahir Khan  VAULT DOOR RELEASED REMOTELY BY CMS, AND VAULT OPENED BY BRANCH STAFF CONFIRMED BY A KEY CUSTOODIAN. 2.8871107738"
"BM10626","Audit Purpose","gen46","2026-09-28","14:05:48","28/09/2026 14:05:45  gen46
LIVE VIEW CHECKED,NO SUSPICIOUS ACTIVITY OBSERVED,VAULT OPENING REQUEST FOR AUDIT MAIL APPROVED BY 
  
Mohammad Tahir Khan  VAULT DOOR RELEASED REMOTELY BY CMS, AND VAULT OPENED BY BRANCH STAFF CONFIRMED BY A KEY CUSTOODIAN.   8871107738"
"BM10626","Audit Purpose","gen46","2026-09-28","14:45:42","28/09/2026 14:45:38  gen46
LIVE VIEW CHECKED,NO SUSPICIOUS ACTIVITY OBSERVED,VAULT OPENING REQUEST FOR AUDIT  MAIL APPROVED BY
  
Mohammad Tahir Khan AULT DOOR RELEASED REMOTELY BY CMS, AND VAULT OPENED BY BRANCH STAFF CONFIRMED BY A KEY CUSTOODIAN.  7000516062"
"BM10626","Audit Purpose","gen6","2026-09-28","15:49:43","28/09/2026 15:49:39  gen6
LIVE VIEW CHECKED,NO SUSPICIOUS ACTIVITY OBSERVED,VAULT OPENING REQUEST FOR AUDIT MAIL APPROVED BY Mohammad Tahir Khan, VAULT DOOR RELEASED REMOTELY BY CMS, AND VAULT OPENED BY BRANCH STAFF CONFIRMED BY A KEY CUSTOODIAN. 08871107738"
"BM10626","Audit Check","gen19","2026-09-28","16:26:59","28/09/2026 16:26:54  gen19
TESTING BY AUDITOR SIR  CONFIRMED BY TWOWAY KC2..8871107738"
"BM10626","Audit Check","gen19","2026-09-28","16:27:20","28/09/2026 16:27:15  gen19
TESTING BY AUDITOR SIR  CONFIRMED BY TWOWAY KC2..8871107738"
"BM10626","Audit Purpose","gen19","2026-09-28","16:27:36","28/09/2026 16:27:30  gen19
TESTING BY AUDITOR SIR  CONFIRMED BY TWOWAY KC2..8871107738"
"BM10626","Audit Check","gen19","2026-09-28","16:28:03","28/09/2026 16:27:57  gen19
TESTING BY AUDITOR SIR  CONFIRMED BY TWOWAY KC2..8871107738"
"BM10626","Audit Check","gen19","2026-09-28","16:28:19","28/09/2026 16:28:14  gen19
TESTING BY AUDITOR SIR  CONFIRMED BY TWOWAY KC2..8871107738"
"BM10626","Audit Purpose","gen21","2026-09-28","17:21:10","28/09/2026 17:21:48  gen21
LIVE VIEW CHECKED,NO SUSPICIOUS ACTIVITY OBSERVED,VAULT OPENING REQUEST FOR AUDIT, MAIL APPROVED BY BALU RATHOD <balu.rathod@iifl.com>, VAULT DOOR RELEASED REMOTELY BY CMS, AND VAULT OPENED BY BRANCH STAFF CONFIRMED BY A KEY CUSTOODIAN.1/   7000516062"
"BM10626","Engineer at site","","2026-09-28","17:23:25",""
"BM10626","Engineer at site","iifl2","2026-09-28","17:23:25",""
"BM10626","Engineer at site","iifl2","2026-09-28","17:23:25",""
"BM10626","Engineer at site","iifl2","2026-09-28","17:23:25",""
"BM10626","Engineer at site","iifl2","2026-09-28","17:23:25",""
"BM10626","Audit Check","gen6","2026-09-28","17:24:26","28/09/2026 17:24:22  gen6
TESTING BY AUDITOR , CONFIRMED BY  TWO WAY"
"BM10626","Final Vault Closing","gen32","2026-09-28","18:23:01","28/09/2026 18:23:04  gen32
LIVE VIEW CHECKED,NO SUSPICIOUS ACTIVITY OBSERVED,VAULT OPENING REQUEST FOR CLOSING PURPOSE VAULT DOOR RELEASED REMOTELY BY CMS AND VAULT OPEN BY BRANCH STAFF CONFIRMED BY KEY CUSTOODIAN  08871107738"
"BM10626","","admin","2026-09-29","09:02:02",""
"BM10627","","admin","2026-09-28","09:26:43",""
"BM10627","Customer Purpose","gen16","2026-09-28","12:22:58","28/09/2026 12:22:54  gen16
LIVE VIEW CHECKED, NO SUSPICIOUS ACTIVITY OBSERVED, VAULT DOOR RELEASED REMOTELY BY CMS AND VAULT OPENED BY BRANCH STAFF, CONFIRMED BY A KEY CUSTODIAN  9902233859"
"BM10627","Final Vault Closing","gen29","2026-09-28","18:05:04","28/09/2026 18:04:57  gen29
LIVE VIEW CHECKED,NO SUSPICIOUS ACTIVITY OBSERVED,VAULT OPENING REQUEST FOR CLOSING PURPOSE VAULT DOOR RELEASED REMOTELY BY CMS AND VAULT OPEN BY BRANCH STAFF CONFIRMED BY KEY CUSTOODIAN  9844867289"
"BM10627","","admin","2026-09-29","09:26:04",""
"BM10628","","admin","2026-09-28","09:21:19",""
"BM10628","Customer Purpose","gen21","2026-09-28","10:55:43","28/09/2026 10:56:27  gen21
LIVE VIEW CHECKED, NO SUSPICIOUS ACTIVITY OBSERVED, VAULT DOOR RELEASED REMOTELY BY CMS AND VAULT OPENED BY BRANCH STAFF, CONFIRMED BY A KEY CUSTODIAN    1    7204972693"
"BM10628","Customer Purpose","gen23","2026-09-28","11:49:10","28/09/2026 11:49:06  gen23
LIVE VIEW CHECKED, NO SUSPICIOUS ACTIVITY OBSERVED, VAULT DOOR RELEASED REMOTELY BY CMS AND VAULT OPENED BY BRANCH STAFF, CONFIRMED BY A KEY CUSTODIAN//09620261893"
"BM10628","Final Vault Closing","gen36","2026-09-28","17:58:46","28/09/2026 17:58:39  gen36
LIVE VIEW CHECKED, NO SUSPICIOUS ACTIVITY OBSERVED, VAULT DOOR RELEASED REMOTELY BY CMS AND VAULT OPENED BY BRANCH STAFF, CONFIRMED BY A KEY CUSTODIAN   7204972693"
"BM10628","","admin","2026-09-29","09:19:11",""
"BM10629","Customer Purpose","gen39","2026-09-28","14:39:39","28/09/2026 14:39:35  gen39
LIVE VIEW CHECKED, NO SUSPICIOUS ACTIVITY OBSERVED, VAULT DOOR RELEASED REMOTELY BY CMS AND VAULT OPENED BY BRANCH STAFF, CONFIRMED BY A KEY CUSTODIAN   7898563504"
"BM10629","Final Vault Closing","gen30","2026-09-28","18:30:34","28/09/2026 18:30:16  gen30
LIVE VIEW CHECKED,NO SUSPICIOUS ACTIVITY OBSERVED,VAULT OPENING REQUEST FOR CLOSING PURPOSE VAULT DOOR RELEASED REMOTELY BY CMS AND VAULT OPEN BY BRANCH STAFF CONFIRMED BY KEY CUSTOODIAN 1 .9753641164"
"BM10630","Final Vault Closing","gen11","2026-09-28","17:42:40","28/09/2026 17:42:37  gen11
LIVE VIEW CHECKED,NO SUSPICIOUS ACTIVITY OBSERVED,VAULT OPENING REQUEST FOR CLOSING PURPOSE VAULT DOOR RELEASED REMOTELY BY CMS AND VAULT OPEN BY BRANCH STAFF CONFIRMED BY KEY CUSTOODIAN    2  7975750974"
"BM10630","","admin","2026-09-29","09:28:02",""
"BM10631","","admin","2026-09-28","09:17:39",""
"BM10631","Not Operate","gen23","2026-09-28","11:37:09","28/09/2026 11:36:59  gen23
LIVE VIEW CHECKED,NO SUSPICIOUS ACTIVITY OBSERVED,NO NEED TO OPERATE VAULT CONFIRMED BY KEY CUSTOODIAN.//07569012965"
"BM10631","Customer Purpose","gen18","2026-09-28","11:59:07","28/09/2026 11:59:01  gen18
LIVE VIEW CHECKED, NO SUSPICIOUS ACTIVITY OBSERVED, VAULT DOOR RELEASED REMOTELY BY CMS AND VAULT OPENED BY BRANCH STAFF, CONFIRMED BY A KEY CUSTODIAN   08523092947"
"BM10631","Customer Purpose","gen36","2026-09-28","16:50:30","28/09/2026 16:50:26  gen36
LIVE VIEW CHECKED, NO SUSPICIOUS ACTIVITY OBSERVED, VAULT DOOR RELEASED REMOTELY BY CMS AND VAULT OPENED BY BRANCH STAFF, CONFIRMED BY A KEY CUSTODIAN  8523092947"
"BM10631","Final Vault Closing","gen2","2026-09-28","18:14:55","28/09/2026 18:14:51  gen2
LIVE VIEW CHECKED, NO SUSPICIOUS ACTIVITY OBSERVED, VAULT DOOR RELEASED REMOTELY BY CMS AND VAULT OPENED BY BRANCH STAFF, CONFIRMED BY A KEY CUSTODIAN   1  8523092947"
"BM10631","","admin","2026-09-29","08:09:49",""
"BM10631","","admin","2026-09-29","09:20:39",""
"BM10632","","admin","2026-09-28","09:19:04",""
"BM10632","Customer Purpose","gen6","2026-09-28","12:06:27","28/09/2026 12:06:23  gen6
LIVE VIEW CHECKED, NO SUSPICIOUS ACTIVITY OBSERVED, VAULT DOOR RELEASED REMOTELY BY CMS AND VAULT OPENED BY BRANCH STAFF, CONFIRMED BY A KEY CUSTODIAN 09705005790"
"BM10632","Customer Purpose","gen18","2026-09-28","12:55:54","28/09/2026 12:55:49  gen18
LIVE VIEW CHECKED, NO SUSPICIOUS ACTIVITY OBSERVED, VAULT DOOR RELEASED REMOTELY BY CMS AND VAULT OPENED BY BRANCH STAFF, CONFIRMED BY A KEY CUSTODIAN    09701010021"
"BM10632","Final Vault Closing","gen1","2026-09-28","17:50:05","28/09/2026 17:50:00  gen1
LIVE VIEW CHECKED,NO SUSPICIOUS ACTIVITY OBSERVED,VAULT OPENING REQUEST FOR CLOSING PURPOSE VAULT DOOR RELEASED REMOTELY BY CMS AND VAULT OPEN BY BRANCH STAFF CONFIRMED BY KEY CUSTOODIAN  09705005790"
"BM10632","","admin","2026-09-29","09:19:09",""
"BM10633","","admin","2026-09-28","09:22:50",""
"BM10633","Customer Purpose","gen26","2026-09-28","11:35:35","28/09/2026 11:35:26  gen26
LIVE VIEW CHECKED, NO SUSPICIOUS ACTIVITY OBSERVED, VAULT DOOR RELEASED REMOTELY BY CMS AND VAULT OPENED BY BRANCH STAFF, CONFIRMED BY A KEY CUSTODIAN   09701692282"
"BM10633","Final Vault Closing","gen21","2026-09-28","18:03:47","28/09/2026 18:04:28  gen21
LIVE VIEW CHECKED,NO SUSPICIOUS ACTIVITY OBSERVED,VAULT OPENING REQUEST FOR CLOSING PURPOSE VAULT DOOR RELEASED REMOTELY BY CMS AND VAULT OPEN BY BRANCH STAFF CONFIRMED BY KEY CUSTOODIAN 1/   9640993448"
"BM10633","","admin","2026-09-29","09:18:21",""
"BM10634","Customer Purpose","gen1","2026-09-28","12:04:23","28/09/2026 12:04:15  gen1
LIVE VIEW CHECKED, NO SUSPICIOUS ACTIVITY OBSERVED, VAULT DOOR RELEASED REMOTELY BY CMS AND VAULT OPENED BY BRANCH STAFF, CONFIRMED BY A KEY CUSTODIAN   09032156429"
"BM10634","Customer Purpose","gen34","2026-09-28","13:23:10","28/09/2026 13:23:06  gen34
LIVE VIEW CHECKED, NO SUSPICIOUS ACTIVITY OBSERVED, VAULT DOOR RELEASED REMOTELY BY CMS AND VAULT OPENED BY BRANCH STAFF, CONFIRMED BY A KEY CUSTODIAN 9032156429"
"BM10634","Final Vault Closing","gen9","2026-09-28","17:56:49","28/09/2026 17:56:44  gen9
LIVE VIEW CHECKED,NO SUSPICIOUS ACTIVITY OBSERVED,VAULT OPENING REQUEST FOR CLOSING PURPOSE VAULT DOOR RELEASED REMOTELY BY CMS AND VAULT OPEN BY BRANCH STAFF CONFIRMED BY KEY CUSTOODIAN     1     09000993654"
"BM10634","","admin","2026-09-29","09:21:24",""
"BM10635","Audit Purpose","gen37","2026-09-28","10:49:45","28/09/2026 10:49:40  gen37
LIVE VIEW CHECKED,NO SUSPICIOUS ACTIVITY OBSERVED,VAULT OPENING REQUEST FOR AUDIT, MAIL APPROVED BY BALU RATHOD <balu.rathod@iifl.com>, VAULT DOOR RELEASED REMOTELY BY CMS, AND VAULT OPENED BY BRANCH STAFF CONFIRMED BY A KEY CUSTOODIAN.1 07024692177"
"BM10635","Audit Purpose","gen17","2026-09-28","11:41:41","28/09/2026 11:41:36  gen17
LIVE VIEW CHECKED,NO SUSPICIOUS ACTIVITY OBSERVED,VAULT OPENING REQUEST FOR AUDIT, MAIL APPROVED BY BALU RATHOD, VAULT DOOR RELEASED REMOTELY BY CMS, AND VAULT OPENED BY BRANCH STAFF CONFIRMED BY A KEY CUSTOODIAN.1...07697282802"
"BM10635","Audit Check","gen23","2026-09-28","11:52:05","28/09/2026 11:51:57  gen23
TESTING,BY AUDITOR SIR  CONFIRMED BY TWO WAY COMMUNICATION , ALL OK."
"BM10635","Audit Purpose","gen9","2026-09-28","12:43:32","28/09/2026 12:43:10  gen9
LIVE VIEW CHECKED,NO SUSPICIOUS ACTIVITY OBSERVED,VAULT OPENING REQUEST FOR AUDIT MAIL APPROVED BY BALU RATHOD <balu.rathod@iifl.com> VAULT DOOR RELEASED REMOTELY BY CMS, AND VAULT OPENED BY BRANCH STAFF CONFIRMED BY A KEY CUSTOODIAN.       3    07024692177"
"BM10635","Customer Purpose","gen25","2026-09-28","13:28:27","28/09/2026 13:28:25  gen25
LIVE VIEW CHECKED, NO SUSPICIOUS ACTIVITY OBSERVED, VAULT DOOR RELEASED REMOTELY BY CMS AND VAULT OPENED BY BRANCH STAFF, CONFIRMED BY A KEY CUSTODIAN       1       07697282802"
"BM10635","Customer Purpose","gen2","2026-09-28","14:08:24","28/09/2026 14:08:20  gen2
LIVE VIEW CHECKED, NO SUSPICIOUS ACTIVITY OBSERVED, VAULT DOOR RELEASED REMOTELY BY CMS AND VAULT OPENED BY BRANCH STAFF, CONFIRMED BY A KEY CUSTODIAN   1  7697282802"
"BM10635","Customer Purpose","gen2","2026-09-28","14:15:53","28/09/2026 14:15:50  gen2
LIVE VIEW CHECKED, NO SUSPICIOUS ACTIVITY OBSERVED, VAULT DOOR RELEASED REMOTELY BY CMS AND VAULT OPENED BY BRANCH STAFF, CONFIRMED BY A KEY CUSTODIAN   3   7024692177"
"BM10635","Customer Purpose","gen46","2026-09-28","14:25:57","28/09/2026 14:25:54  gen46
LIVE VIEW CHECKED, NO SUSPICIOUS ACTIVITY OBSERVED, VAULT DOOR RELEASED REMOTELY BY CMS AND VAULT OPENED BY BRANCH STAFF, CONFIRMED BY A KEY CUSTODIAN     7024692177"
"BM10635","Taken Excess Time","iifl2","2026-09-28","14:46:37","28/09/2026 14:46:32  iifl2
IN ACCORDANCE WITH LIVE MONITORING,BRANCH STAFF TOOK LONGER THAN STATED TIME FOR VAULT ROOM OPERATION,AND THE OPERATION WAS COMPLETED IN 07 MINUTES.ALSO INFORMED BY TWO WAY COMMUNICATION 

TIME: 14:15:24 TO  2:22:15 PM"
"BM10635","Customer Purpose","gen30","2026-09-28","15:52:46","28/09/2026 15:57:23  gen30
LIVE VIEW CHECKED, NO SUSPICIOUS ACTIVITY OBSERVED, VAULT DOOR RELEASED REMOTELY BY CMS AND VAULT OPENED BY BRANCH STAFF, CONFIRMED BY A KEY CUSTODIAN 3 .07024692177"
"BM10635","Customer Purpose","gen46","2026-09-28","18:19:31","28/09/2026 18:19:28  gen46
LIVE VIEW CHECKED, NO SUSPICIOUS ACTIVITY OBSERVED, VAULT DOOR RELEASED REMOTELY BY CMS AND VAULT OPENED BY BRANCH STAFF, CONFIRMED BY A KEY CUSTODIAN     7024692177"
"BM10635","Final Vault Closing","gen9","2026-09-28","18:37:01","28/09/2026 18:36:58  gen9
LIVE VIEW CHECKED,NO SUSPICIOUS ACTIVITY OBSERVED,VAULT OPENING REQUEST FOR CLOSING PURPOSE VAULT DOOR RELEASED REMOTELY BY CMS AND VAULT OPEN BY BRANCH STAFF CONFIRMED BY KEY CUSTOODIAN       3      07024692177"
"BM10635","","admin","2026-09-28","18:40:48",""
"BM10636","Customer Purpose","gen9","2026-09-28","12:05:54","28/09/2026 12:05:51  gen9
LIVE VIEW CHECKED, NO SUSPICIOUS ACTIVITY OBSERVED, VAULT DOOR RELEASED REMOTELY BY CMS AND VAULT OPENED BY BRANCH STAFF, CONFIRMED BY A KEY CUSTODIAN    2     08871310132"
"BM10636","Customer Purpose","gen35","2026-09-28","12:25:21","28/09/2026 12:25:18  gen35
LIVE VIEW CHECKED, NO SUSPICIOUS ACTIVITY OBSERVED, VAULT DOOR RELEASED REMOTELY BY CMS AND VAULT OPENED BY BRANCH STAFF, CONFIRMED BY A KEY CUSTODIAN   08871310132"
"BM10636","Final Vault Closing","gen37","2026-09-28","18:31:52","28/09/2026 18:31:45  gen37
LIVE VIEW CHECKED,NO SUSPICIOUS ACTIVITY OBSERVED,VAULT OPENING REQUEST FOR CLOSING PURPOSE VAULT DOOR RELEASED REMOTELY BY CMS AND VAULT OPEN BY BRANCH STAFF CONFIRMED BY KEY CUSTOODIAN 1 08871310132"
"BM10636","","admin","2026-09-28","18:46:29",""
"BM10637","","admin","2026-09-28","09:22:54",""
"BM10637","Final Vault Closing","gen23","2026-09-28","17:46:56","28/09/2026 17:46:51  gen23
LIVE VIEW CHECKED,NO SUSPICIOUS ACTIVITY OBSERVED,VAULT OPENING REQUEST FOR CLOSING PURPOSE VAULT DOOR RELEASED REMOTELY BY CMS AND VAULT OPEN BY BRANCH STAFF CONFIRMED BY KEY CUSTOODIAN //09932722321"
"BM10637","","admin","2026-09-29","09:23:39",""
"BM10638","Customer Purpose","gen8","2026-09-28","13:48:13","28/09/2026 13:48:03  gen8
LIVE VIEW CHECKED, NO SUSPICIOUS ACTIVITY OBSERVED, VAULT DOOR RELEASED REMOTELY BY CMS AND VAULT OPENED BY BRANCH STAFF, CONFIRMED BY A KEY CUSTODIAN    3     9279874389"
"BM10638","Final Vault Closing","gen7","2026-09-28","18:41:40","28/09/2026 18:41:36  gen7
LIVE VIEW CHECKED,NO SUSPICIOUS ACTIVITY OBSERVED,VAULT OPENING REQUEST FOR CLOSING PURPOSE VAULT DOOR RELEASED REMOTELY BY CMS AND VAULT OPEN BY BRANCH STAFF CONFIRMED BY KEY CUSTOODIAN 1-7667016554"
"BM10639","","admin","2026-09-28","09:22:02",""
"BM10639","Customer Purpose","gen18","2026-09-28","10:39:22","28/09/2026 10:39:17  gen18
LIVE VIEW CHECKED, NO SUSPICIOUS ACTIVITY OBSERVED, VAULT DOOR RELEASED REMOTELY BY CMS AND VAULT OPENED BY BRANCH STAFF, CONFIRMED BY A KEY CUSTODIAN   08792215482"
"BM10639","Customer Purpose","gen30","2026-09-28","12:52:52","28/09/2026 12:52:34  gen30
DUE TO NETWORK ISSUE VIDEO VERIFICATION ON WHATSAPP VIDEO CALL,NO SUSPICIOUS ACTIVITY OBSERVED,VAULT OPENING REQUEST FOR CUSTOMER PURPOSE VAULT DOOR RELEASED REMOTELY BY CMS AND VAULT OPEN BY STAF CONFIRMED BY KEY CUSTOODIAN 2 .7411266228"
"BM10639","Final Vault Closing","gen46","2026-09-28","17:40:47","28/09/2026 17:40:40  gen46
DUE TO NETWORK ISSUE VIDEO VERIFICATION ON WHATSAPP VIDEO CALL,NO SUSPICIOUS ACTIVITY OBSERVED,VAULT OPENING REQUEST FOR FINAL CLOSING VAULT DOOR RELEASED MANUALLY BY CMS AND VAULT OPEN BY STAF CONFIRMED BY KEY CUSTOODIAN   7411266228"
"BM10640","Customer Purpose","gen46","2026-09-28","13:56:25","28/09/2026 13:56:22  gen46
LIVE VIEW CHECKED, NO SUSPICIOUS ACTIVITY OBSERVED, VAULT DOOR RELEASED REMOTELY BY CMS AND VAULT OPENED BY BRANCH STAFF, CONFIRMED BY A KEY CUSTODIAN     8085859930"
"BM10640","Final Vault Closing","gen34","2026-09-28","18:19:14","28/09/2026 18:19:05  gen34
LIVE VIEW CHECKED,NO SUSPICIOUS ACTIVITY OBSERVED,VAULT OPENING REQUEST FOR CLOSING PURPOSE VAULT DOOR RELEASED REMOTELY BY CMS AND VAULT OPEN BY BRANCH STAFF CONFIRMED BY KEY CUSTOODIAN 8269574951"
"BM10640","","admin","2026-09-28","18:37:14",""
"BM10641","","admin","2026-09-28","09:25:55",""
"BM10641","Customer Purpose","gen10","2026-09-28","13:23:12","28/09/2026 13:23:09  gen10
LIVE VIEW CHECKED, NO SUSPICIOUS ACTIVITY OBSERVED, VAULT DOOR RELEASED REMOTELY BY CMS AND VAULT OPENED BY BRANCH STAFF, CONFIRMED BY A KEY CUSTODIAN 2.................7061534306"
"BM10641","Customer Purpose","gen13","2026-09-28","14:02:11","28/09/2026 14:02:07  gen13
LIVE VIEW CHECKED, NO SUSPICIOUS ACTIVITY OBSERVED, VAULT DOOR RELEASED REMOTELY BY CMS AND VAULT OPENED BY BRANCH STAFF, CONFIRMED BY A KEY CUSTODIAN 1/08670227676"
"BM10641","Customer Purpose","gen34","2026-09-28","15:05:17","28/09/2026 15:05:12  gen34
LIVE VIEW CHECKED, NO SUSPICIOUS ACTIVITY OBSERVED, VAULT DOOR RELEASED REMOTELY BY CMS AND VAULT OPENED BY BRANCH STAFF, CONFIRMED BY A KEY CUSTODIAN  7061534306"
"BM10641","Final Vault Closing","gen9","2026-09-28","18:13:57","28/09/2026 18:13:51  gen9
LIVE VIEW CHECKED,NO SUSPICIOUS ACTIVITY OBSERVED,VAULT OPENING REQUEST FOR CLOSING PURPOSE VAULT DOOR RELEASED REMOTELY BY CMS AND VAULT OPEN BY BRANCH STAFF CONFIRMED BY KEY CUSTOODIAN     1    08670227676"
"BM10641","","admin","2026-09-28","18:37:09",""
"BM10641","","admin","2026-09-29","09:28:57",""
"BM10642","Final Vault Closing","gen23","2026-09-28","18:54:27","28/09/2026 18:54:23  gen23
LIVE VIEW CHECKED,NO SUSPICIOUS ACTIVITY OBSERVED,VAULT OPENING REQUEST FOR CLOSING PURPOSE VAULT DOOR RELEASED REMOTELY BY CMS AND VAULT OPEN BY BRANCH STAFF CONFIRMED BY KEY CUSTOODIAN //07990852654"
"BM10642","","admin","2026-09-28","19:05:29",""
"BM10643","Customer Purpose","gen38","2026-09-28","11:45:43","28/09/2026 11:45:41  gen38
LIVE VIEW CHECKED, NO SUSPICIOUS ACTIVITY OBSERVED, VAULT DOOR RELEASED REMOTELY BY CMS AND VAULT OPENED BY BRANCH STAFF, CONFIRMED BY A KEY CUSTODIAN 7889961736"
"BM10643","Customer Purpose","gen13","2026-09-28","12:40:23","28/09/2026 12:40:19  gen13
LIVE VIEW CHECKED, NO SUSPICIOUS ACTIVITY OBSERVED, VAULT DOOR RELEASED REMOTELY BY CMS AND VAULT OPENED BY BRANCH STAFF, CONFIRMED BY A KEY CUSTODIAN 3/07889961736"
"BM10643","Final Vault Closing","gen3","2026-09-28","17:28:46","28/09/2026 17:28:42  gen3
LIVE VIEW CHECKED,NO SUSPICIOUS ACTIVITY OBSERVED,VAULT OPENING REQUEST FOR CLOSING PURPOSE VAULT DOOR RELEASED REMOTELY BY CMS AND VAULT OPEN BY BRANCH STAFF CONFIRMED BY KEY CUSTOODIAN  07889961736"
"BM10644","","admin","2026-09-28","18:35:22",""
"BM10644","","admin","2026-09-28","19:05:28",""
"BM10645","","admin","2026-09-28","09:27:30",""
"BM10645","Not Allowed","gen","2026-09-28","10:41:03","28/09/2026 10:41:00  gen
LIVE VIEW CHECKED, NO SUSPICIOUS ACTIVITY OBSERVED, VAULT OPENING REQUEST FOR AUDIT NEEDS TO MAIL APPROVAL, AND NOT ALLOWED VAULT OPERATION, CALL TO KEY CUSTOODIAN  9632027893"
"BM10645","Audit Purpose","gen34","2026-09-28","10:50:39","28/09/2026 10:50:33  gen34
LIVE VIEW CHECKED,NO SUSPICIOUS ACTIVITY OBSERVED,VAULT OPENING REQUEST FOR AUDIT MAIL APPROVED BY 
ivananda Shellikeri  VAULT DOOR RELEASED REMOTELY BY CMS, AND VAULT OPENED BY BRANCH STAFF CONFIRMED BY A KEY CUSTOODIAN.08880912102"
"BM10645","Customer Purpose","gen34","2026-09-28","17:38:43","28/09/2026 17:38:38  gen34
LIVE VIEW CHECKED, NO SUSPICIOUS ACTIVITY OBSERVED, VAULT DOOR RELEASED REMOTELY BY CMS AND VAULT OPENED BY BRANCH STAFF, CONFIRMED BY A KEY CUSTODIAN 8880912102"
"BM10645","Final Vault Closing","gen38","2026-09-28","18:12:56","28/09/2026 18:12:43  gen38
LIVE VIEW CHECKED,NO SUSPICIOUS ACTIVITY OBSERVED,VAULT OPENING REQUEST FOR CLOSING PURPOSE VAULT DOOR RELEASED REMOTELY BY CMS AND VAULT OPEN BY BRANCH STAFF CONFIRMED BY KEY CUSTOODIAN  8880912102"
"BM10645","","admin","2026-09-29","09:29:48",""
"BM10646","","admin","2026-09-28","09:19:52",""
"BM10646","Customer Purpose","gen35","2026-09-28","17:31:55","28/09/2026 17:31:50  gen35
LIVE VIEW CHECKED, NO SUSPICIOUS ACTIVITY OBSERVED, VAULT DOOR RELEASED REMOTELY BY CMS AND VAULT OPENED BY BRANCH STAFF, CONFIRMED BY A KEY CUSTODIAN    08688429532"
"BM10646","","admin","2026-09-29","09:20:38",""
"BM10648","","admin","2026-09-28","09:21:20",""
"BM10648","Customer Purpose","gen3","2026-09-28","13:55:26","28/09/2026 13:55:23  gen3
LIVE VIEW CHECKED, NO SUSPICIOUS ACTIVITY OBSERVED, VAULT DOOR RELEASED REMOTELY BY CMS AND VAULT OPENED BY BRANCH STAFF, CONFIRMED BY A KEY CUSTODIAN 08617332245"
"BM10648","Final Vault Closing","gen22","2026-09-28","17:53:12","28/09/2026 17:53:10  gen22
LIVE VIEW CHECKED,NO SUSPICIOUS ACTIVITY OBSERVED,VAULT OPENING REQUEST FOR CLOSING PURPOSE VAULT DOOR RELEASED REMOTELY BY CMS AND VAULT OPEN BY BRANCH STAFF CONFIRMED BY KEY CUSTOODIAN   1  8345925484"
"BM10648","","admin","2026-09-29","09:23:38",""
"BM10649","","admin","2026-09-28","09:16:58",""
"BM10649","Final Vault Closing","gen16","2026-09-28","17:38:06","28/09/2026 17:38:00  gen16
LIVE VIEW CHECKED,NO SUSPICIOUS ACTIVITY OBSERVED,VAULT OPENING REQUEST FOR CLOSING PURPOSE VAULT DOOR RELEASED REMOTELY BY CMS AND VAULT OPEN BY BRANCH STAFF CONFIRMED BY KEY CUSTOODIAN  7729032081"
"BM10649","","admin","2026-09-29","09:21:23",""
"BM10652","","admin","2026-09-28","09:25:54",""
"BM10652","Customer Purpose","gen32","2026-09-28","11:15:49","28/09/2026 11:15:52  gen32
LIVE VIEW CHECKED, NO SUSPICIOUS ACTIVITY OBSERVED, VAULT DOOR RELEASED REMOTELY BY CMS AND VAULT OPENED BY BRANCH STAFF, CONFIRMED BY A KEY CUSTODIAN            09481345720"
"BM10652","Customer Purpose","gen9","2026-09-28","11:54:04","28/09/2026 11:54:00  gen9
LIVE VIEW CHECKED, NO SUSPICIOUS ACTIVITY OBSERVED, VAULT DOOR RELEASED REMOTELY BY CMS AND VAULT OPENED BY BRANCH STAFF, CONFIRMED BY A KEY CUSTODIAN      1      07829111764"
"BM10652","Customer Purpose","gen46","2026-09-28","13:07:49","28/09/2026 13:07:46  gen46
LIVE VIEW CHECKED, NO SUSPICIOUS ACTIVITY OBSERVED, VAULT DOOR RELEASED REMOTELY BY CMS AND VAULT OPENED BY BRANCH STAFF, CONFIRMED BY A KEY CUSTODIAN      9481345720"
"BM10652","Customer Purpose","gen2","2026-09-28","15:17:16","28/09/2026 15:17:12  gen2
LIVE VIEW CHECKED, NO SUSPICIOUS ACTIVITY OBSERVED, VAULT DOOR RELEASED REMOTELY BY CMS AND VAULT OPENED BY BRANCH STAFF, CONFIRMED BY A KEY CUSTODIAN   2  9481345720"
"BM10652","Final Vault Closing","gen12","2026-09-28","18:24:53","28/09/2026 18:23:20  gen12
LIVE VIEW CHECKED,NO SUSPICIOUS ACTIVITY OBSERVED,VAULT OPENING REQUEST FOR CLOSING PURPOSE VAULT DOOR RELEASED REMOTELY BY CMS AND VAULT OPEN BY BRANCH STAFF CONFIRMED BY KEY CUSTOODIAN 2/09481345720"
"BM10652","","admin","2026-09-28","18:33:12",""
"BM10652","","admin","2026-09-29","09:23:40",""
"BM10653","","admin","2026-09-28","09:24:22",""
"BM10653","","admin","2026-09-29","09:19:11",""
"BM10655","Final Vault Closing","gen16","2026-09-28","18:10:01","28/09/2026 18:09:56  gen16
LIVE VIEW CHECKED,NO SUSPICIOUS ACTIVITY OBSERVED,VAULT OPENING REQUEST FOR CLOSING PURPOSE VAULT DOOR RELEASED REMOTELY BY CMS AND VAULT OPEN BY BRANCH STAFF CONFIRMED BY KEY CUSTOODIAN   7061039531"
"BM10655","","admin","2026-09-28","18:35:30",""
"BM10656","Final Vault Closing","gen19","2026-09-28","18:20:59","28/09/2026 18:20:54  gen19
LIVE VIEW CHECKED,NO SUSPICIOUS ACTIVITY OBSERVED,VAULT OPENING REQUEST FOR CLOSING PURPOSE VAULT DOOR RELEASED REMOTELY BY CMS AND VAULT OPEN BY BRANCH STAFF CONFIRMED BY KEY CUSTOODIAN 7004580413"
"BM10656","","admin","2026-09-28","18:36:50",""
"BM10657","Customer Purpose","gen34","2026-09-28","17:23:39","28/09/2026 17:23:31  gen34
LIVE VIEW CHECKED, NO SUSPICIOUS ACTIVITY OBSERVED, VAULT DOOR RELEASED REMOTELY BY CMS AND VAULT OPENED BY BRANCH STAFF, CONFIRMED BY A KEY CUSTODIAN 9643687349"
"BM10657","Final Vault Closing","gen48","2026-09-28","18:24:56","28/09/2026 18:24:51  gen48
LIVE VIEW CHECKED,NO SUSPICIOUS ACTIVITY OBSERVED,VAULT OPENING REQUEST FOR CLOSING PURPOSE VAULT DOOR RELEASED REMOTELY BY CMS AND VAULT OPEN BY BRANCH STAFF CONFIRMED BY KEY CUSTOODIAN   2  09473290007"
"BM10657","","admin","2026-09-28","18:37:24",""
"BM10658","Final Vault Closing","gen36","2026-09-28","18:16:28","28/09/2026 18:16:21  gen36
LIVE VIEW CHECKED, NO SUSPICIOUS ACTIVITY OBSERVED, VAULT DOOR RELEASED REMOTELY BY CMS AND VAULT OPENED BY BRANCH STAFF, CONFIRMED BY A KEY CUSTODIAN 9784926597"
"BM10658","","admin","2026-09-28","18:34:49",""
"BM10667","","admin","2026-09-28","09:28:22",""
"BM10667","Final Vault Closing","iifl7","2026-09-28","17:43:03","28/09/2026 17:42:59  iifl7
LIVE VIEW CHECKED,NO SUSPICIOUS ACTIVITY OBSERVED,VAULT OPENING REQUEST FOR CLOSING PURPOSE VAULT DOOR RELEASED REMOTELY BY CMS AND VAULT OPEN BY BRANCH STAFF CONFIRMED BY KEY CUSTOODIAN 2 09663738391"
"BM10668","","admin","2026-09-28","09:11:59",""
"BM10668","Customer Purpose","gen3","2026-09-28","11:31:32","28/09/2026 11:31:28  gen3
LIVE VIEW CHECKED, NO SUSPICIOUS ACTIVITY OBSERVED, VAULT DOOR RELEASED REMOTELY BY CMS AND VAULT OPENED BY BRANCH STAFF, CONFIRMED BY A KEY CUSTODIAN 09366104793"
"BM10668","Final Vault Closing","gen32","2026-09-28","18:03:48","28/09/2026 18:03:45  gen32
LIVE VIEW CHECKED,NO SUSPICIOUS ACTIVITY OBSERVED,VAULT OPENING REQUEST FOR CLOSING PURPOSE VAULT DOOR RELEASED REMOTELY BY CMS AND VAULT OPEN BY BRANCH STAFF CONFIRMED BY KEY CUSTOODIAN   08787754089"
"BM10668","","admin","2026-09-29","09:13:23",""
"BM10669","","admin","2026-09-28","09:29:56",""
"BM10669","Customer Purpose","gen10","2026-09-28","12:00:16","28/09/2026 12:00:12  gen10
LIVE VIEW CHECKED, NO SUSPICIOUS ACTIVITY OBSERVED, VAULT DOOR RELEASED REMOTELY BY CMS AND VAULT OPENED BY BRANCH STAFF, CONFIRMED BY A KEY CUSTODIAN 2.....................8652758698"
"BM10669","Customer Purpose","gen30","2026-09-28","13:24:04","28/09/2026 13:23:47  gen30
LIVE VIEW CHECKED, NO SUSPICIOUS ACTIVITY OBSERVED, VAULT DOOR RELEASED REMOTELY BY CMS AND VAULT OPENED BY BRANCH STAFF, CONFIRMED BY A KEY CUSTODIAN 1 .7249856861"
"BM10669","Customer Purpose","gen25","2026-09-28","15:48:04","28/09/2026 15:48:01  gen25
LIVE VIEW CHECKED, NO SUSPICIOUS ACTIVITY OBSERVED, VAULT DOOR RELEASED REMOTELY BY CMS AND VAULT OPENED BY BRANCH STAFF, CONFIRMED BY A KEY CUSTODIAN       1 ,      07249856861"
"BM10669","Final Vault Closing","gen9","2026-09-28","18:25:06","28/09/2026 18:25:02  gen9
LIVE VIEW CHECKED,NO SUSPICIOUS ACTIVITY OBSERVED,VAULT OPENING REQUEST FOR CLOSING PURPOSE VAULT DOOR RELEASED REMOTELY BY CMS AND VAULT OPEN BY BRANCH STAFF CONFIRMED BY KEY CUSTOODIAN    1    07249856861"
"BM10669","","admin","2026-09-28","18:35:06",""
"BM10669","","admin","2026-09-29","09:29:48",""
"BM10670","Customer Purpose","gen3","2026-09-28","16:26:27","28/09/2026 16:26:23  gen3
LIVE VIEW CHECKED, NO SUSPICIOUS ACTIVITY OBSERVED, VAULT DOOR RELEASED REMOTELY BY CMS AND VAULT OPENED BY BRANCH STAFF, CONFIRMED BY A KEY CUSTODIAN 09844791182"
"BM10670","Final Vault Closing","gen15","2026-09-28","17:48:09","28/09/2026 17:48:03  gen15
LIVE VIEW CHECKED,NO SUSPICIOUS ACTIVITY OBSERVED,VAULT OPENING REQUEST FOR CLOSING PURPOSE VAULT DOOR RELEASED REMOTELY BY CMS AND VAULT OPEN BY BRANCH STAFF CONFIRMED BY KEY CUSTOODIAN 2 9900797285"
"BM10671","","admin","2026-09-28","08:57:00",""
"BM10671","","admin","2026-09-28","09:26:44",""
"BM10671","Customer Purpose","gen25","2026-09-28","16:40:25","28/09/2026 16:40:21  gen25
LIVE VIEW CHECKED, NO SUSPICIOUS ACTIVITY OBSERVED, VAULT DOOR RELEASED REMOTELY BY CMS AND VAULT OPENED BY BRANCH STAFF, CONFIRMED BY A KEY CUSTODIAN      1      08951876002"
"BM10671","Final Vault Closing","gen30","2026-09-28","17:54:37","28/09/2026 17:54:18  gen30
LIVE VIEW CHECKED,NO SUSPICIOUS ACTIVITY OBSERVED,VAULT OPENING REQUEST FOR CLOSING PURPOSE VAULT DOOR RELEASED REMOTELY BY CMS AND VAULT OPEN BY BRANCH STAFF CONFIRMED BY KEY CUSTOODIAN 1 .8951876002"
"BM10671","","admin","2026-09-28","18:46:32",""
"BM10671","","admin","2026-09-29","08:54:23",""
"BM10671","","admin","2026-09-29","09:27:01",""
"BM10672","Customer Purpose","gen6","2026-09-28","10:37:36","28/09/2026 10:37:33  gen6
LIVE VIEW CHECKED, NO SUSPICIOUS ACTIVITY OBSERVED, VAULT DOOR RELEASED REMOTELY BY CMS AND VAULT OPENED BY BRANCH STAFF, CONFIRMED BY A KEY CUSTODIAN 06362650934"
"BM10672","Final Vault Closing","gen20","2026-09-28","17:56:06","28/09/2026 17:55:56  gen20
LIVE VIEW CHECKED,NO SUSPICIOUS ACTIVITY OBSERVED,VAULT OPENING REQUEST FOR CLOSING PURPOSE VAULT DOOR RELEASED REMOTELY BY CMS AND VAULT OPEN BY BRANCH STAFF CONFIRMED BY KEY CUSTOODIAN 1/  06362650934"
"BM10672","","admin","2026-09-29","09:17:34",""
"BM10673","Audit Purpose","gen8","2026-09-28","10:43:32","28/09/2026 10:43:20  gen8
LIVE VIEW CHECKED,NO SUSPICIOUS ACTIVITY OBSERVED,VAULT OPENING REQUEST FOR AUDIT, MAIL APPROVED BY Bijumon P , VAULT DOOR RELEASED REMOTELY BY CMS, AND VAULT OPENED BY BRANCH STAFF CONFIRMED BY A KEY CUSTOODIAN.   3     8114042114"
"BM10673","Audit Check","gen8","2026-09-28","10:53:52","28/09/2026 10:53:39  gen8
TESTING  BY AUDIT SIR , CONFIRMED BY   TWO WAY COMMUNICATION"
"BM10673","Audit Purpose","gen30","2026-09-28","12:09:05","28/09/2026 12:08:47  gen30
LIVE VIEW CHECKED,NO SUSPICIOUS ACTIVITY OBSERVED,VAULT OPENING REQUEST FOR AUDIT, MAIL APPROVED BY Bijumon P , VAULT DOOR RELEASED REMOTELY BY CMS, AND VAULT OPENED BY BRANCH STAFF CONFIRMED BY A KEY CUSTOODIAN.1 .8896011356"
"BM10673","Customer Purpose","gen20","2026-09-28","14:37:36","28/09/2026 14:37:33  gen20
LIVE VIEW CHECKED, NO SUSPICIOUS ACTIVITY OBSERVED, VAULT DOOR RELEASED REMOTELY BY CMS AND VAULT OPENED BY BRANCH STAFF, CONFIRMED BY A KEY CUSTODIAN   3  08114042114"
"BM10673","Final Vault Closing","gen9","2026-09-28","18:41:46","28/09/2026 18:41:40  gen9
LIVE VIEW CHECKED,NO SUSPICIOUS ACTIVITY OBSERVED,VAULT OPENING REQUEST FOR CLOSING PURPOSE VAULT DOOR RELEASED REMOTELY BY CMS AND VAULT OPEN BY BRANCH STAFF CONFIRMED BY KEY CUSTOODIAN    3     08114042114"
"BM10673","","admin","2026-09-28","18:49:52",""
"BM10674","Not Operate","gen46","2026-09-28","14:23:02","28/09/2026 14:22:58  gen46
LIVE VIEW CHECKED,NO SUSPICIOUS ACTIVITY OBSERVED,NO NEED TO OPERATE VAULT CONFIRMED BY KEY CUSTOODIAN.1   7987084713"
"BM10674","Not Responded","gen2","2026-09-28","18:19:38","28/09/2026 18:19:30  gen2
LIVE VIEW CHECKED, NO SUSPICIOUS ACTIVITY OBSERVED. CALL TO KC 1   9993690365    2   7987084713    3   9171550807      BUT NOT RESPONDED."
"BM10674","Final Vault Closing","gen30","2026-09-28","18:37:08","28/09/2026 18:36:50  gen30
LIVE VIEW CHECKED,NO SUSPICIOUS ACTIVITY OBSERVED,VAULT OPENING REQUEST FOR CLOSING PURPOSE VAULT DOOR RELEASED REMOTELY BY CMS AND VAULT OPEN BY BRANCH STAFF CONFIRMED BY KEY CUSTOODIAN  2 .7987084713"
"BM10675","Customer Purpose","gen37","2026-09-28","16:12:47","28/09/2026 16:12:44  gen37
LIVE VIEW CHECKED, NO SUSPICIOUS ACTIVITY OBSERVED, VAULT DOOR RELEASED REMOTELY BY CMS AND VAULT OPENED BY BRANCH STAFF, CONFIRMED BY A KEY CUSTODIAN  1 09193421400"
"BM10675","Final Vault Closing","gen28","2026-09-28","18:06:14","28/09/2026 18:06:07  gen28
DUE TO NETWORK ISSUE VIDEO VERIFICATION ON WHATSAPP VIDEO CALL,NO SUSPICIOUS ACTIVITY OBSERVED,VAULT OPENING REQUEST FOR CLOSING PURPOSE VAULT DOOR RELEASED REMOTELY/MANUALLY BY CMS AND VAULT OPEN BY STAF CONFIRMED BY KEY CUSTOODIAN  09193421400"
"BM10675","","admin","2026-09-28","18:35:03",""
"BM10677","Customer Purpose","gen16","2026-09-28","13:21:07","28/09/2026 13:21:02  gen16
LIVE VIEW CHECKED, NO SUSPICIOUS ACTIVITY OBSERVED, VAULT DOOR RELEASED REMOTELY BY CMS AND VAULT OPENED BY BRANCH STAFF, CONFIRMED BY A KEY CUSTODIAN  8423859482"
"BM10677","Final Vault Closing","gen6","2026-09-28","18:13:53","28/09/2026 18:13:48  gen6
LIVE VIEW CHECKED,NO SUSPICIOUS ACTIVITY OBSERVED,VAULT OPENING REQUEST FOR CLOSING PURPOSE VAULT DOOR RELEASED REMOTELY BY CMS AND VAULT OPEN BY BRANCH STAFF CONFIRMED BY KEY CUSTOODIAN 08423859482"
"BM10678","Customer Purpose","gen35","2026-09-28","11:20:35","28/09/2026 11:20:32  gen35
LIVE VIEW CHECKED, NO SUSPICIOUS ACTIVITY OBSERVED, VAULT DOOR RELEASED REMOTELY BY CMS AND VAULT OPENED BY BRANCH STAFF, CONFIRMED BY A KEY CUSTODIAN  08318507921"
"BM10678","Final Vault Closing","gen12","2026-09-28","18:08:20","28/09/2026 18:08:17  gen12
LIVE VIEW CHECKED,NO SUSPICIOUS ACTIVITY OBSERVED,VAULT OPENING REQUEST FOR CLOSING PURPOSE VAULT DOOR RELEASED REMOTELY BY CMS AND VAULT OPEN BY BRANCH STAFF CONFIRMED BY KEY CUSTOODIAN 08318507921"
"BM10678","","admin","2026-09-28","18:36:56",""
"BM10679","","admin","2026-09-28","09:27:29",""
"BM10679","Customer Purpose","gen8","2026-09-28","11:56:01","28/09/2026 11:55:50  gen8
LIVE VIEW CHECKED, NO SUSPICIOUS ACTIVITY OBSERVED, VAULT DOOR RELEASED REMOTELY BY CMS AND VAULT OPENED BY BRANCH STAFF, CONFIRMED BY A KEY CUSTODIAN     3     8768767513"
"BM10679","Final Vault Closing","gen2","2026-09-28","17:46:01","28/09/2026 17:45:59  gen2
LIVE VIEW CHECKED, NO SUSPICIOUS ACTIVITY OBSERVED, VAULT DOOR RELEASED REMOTELY BY CMS AND VAULT OPENED BY BRANCH STAFF, CONFIRMED BY A KEY CUSTODIAN  3  8768767513"
"BM10679","","admin","2026-09-29","09:22:53",""
"BM10680","","admin","2026-09-28","09:13:21",""
"BM10680","Customer Purpose","gen2","2026-09-28","16:36:00","28/09/2026 16:35:54  gen2
LIVE VIEW CHECKED, NO SUSPICIOUS ACTIVITY OBSERVED, VAULT DOOR RELEASED REMOTELY BY CMS AND VAULT OPENED BY BRANCH STAFF, CONFIRMED BY A KEY CUSTODIAN   1   9247728770"
"BM10680","Final Vault Closing","gen2","2026-09-28","18:12:21","28/09/2026 18:12:16  gen2
LIVE VIEW CHECKED, NO SUSPICIOUS ACTIVITY OBSERVED, VAULT DOOR RELEASED REMOTELY BY CMS AND VAULT OPENED BY BRANCH STAFF, CONFIRMED BY A KEY CUSTODIAN  1  9247728770"
"BM10680","","admin","2026-09-28","19:46:37",""
"BM10680","","admin","2026-09-29","09:17:36",""
"BM10681","","admin","2026-09-28","09:29:08",""
"BM10681","Final Vault Closing","iifl7","2026-09-28","17:51:45","28/09/2026 17:51:41  iifl7
LIVE VIEW CHECKED,NO SUSPICIOUS ACTIVITY OBSERVED,VAULT OPENING REQUEST FOR CLOSING PURPOSE VAULT DOOR RELEASED REMOTELY BY CMS AND VAULT OPEN BY BRANCH STAFF CONFIRMED BY KEY CUSTOODIAN  3 08229964360"
"BM10681","","admin","2026-09-29","09:26:59",""
"BM10682","","admin","2026-09-28","09:27:29",""
"BM10682","Customer Purpose","gen38","2026-09-28","15:23:41","28/09/2026 15:23:39  gen38
LIVE VIEW CHECKED, NO SUSPICIOUS ACTIVITY OBSERVED, VAULT DOOR RELEASED REMOTELY BY CMS AND VAULT OPENED BY BRANCH STAFF, CONFIRMED BY A KEY CUSTODIAN 09106946626"
"BM10682","Final Vault Closing","gen6","2026-09-28","18:07:16","28/09/2026 18:07:12  gen6
LIVE VIEW CHECKED,NO SUSPICIOUS ACTIVITY OBSERVED,VAULT OPENING REQUEST FOR CLOSING PURPOSE VAULT DOOR RELEASED REMOTELY BY CMS AND VAULT OPEN BY BRANCH STAFF CONFIRMED BY KEY CUSTOODIAN  09106946626"
"BM10682","","admin","2026-09-29","09:28:58",""
"BM10683","Not Operate","gen30","2026-09-28","13:07:17","28/09/2026 13:06:57  gen30
LIVE VIEW CHECKED,NO SUSPICIOUS ACTIVITY OBSERVED,NO NEED TO OPERATE VAULT CONFIRMED BY KEY CUSTOODIAN.1 .7031166378"
"BM10683","Customer Purpose","gen24","2026-09-28","13:19:55","28/09/2026 13:19:52  gen24
LIVE VIEW CHECKED, NO SUSPICIOUS ACTIVITY OBSERVED, VAULT DOOR RELEASED REMOTELY BY CMS AND VAULT OPENED BY BRANCH STAFF, CONFIRMED BY A KEY CUSTODIAN  09564333022"
"BM10683","Final Vault Closing","gen23","2026-09-28","18:16:15","28/09/2026 18:16:09  gen23
LIVE VIEW CHECKED,NO SUSPICIOUS ACTIVITY OBSERVED,VAULT OPENING REQUEST FOR CLOSING PURPOSE VAULT DOOR RELEASED REMOTELY BY CMS AND VAULT OPEN BY BRANCH STAFF CONFIRMED BY KEY CUSTOODIAN //07031166378"
"BM10683","","admin","2026-09-29","09:27:09",""
"BM10685","Final Vault Closing","gen20","2026-09-28","17:06:31","28/09/2026 17:06:20  gen20
LIVE VIEW CHECKED,NO SUSPICIOUS ACTIVITY OBSERVED,VAULT OPENING REQUEST FOR CLOSING PURPOSE VAULT DOOR RELEASED REMOTELY BY CMS AND VAULT OPEN BY BRANCH STAFF CONFIRMED BY KEY CUSTOODIAN   2  6002299407"
"BM10685","","admin","2026-09-29","09:22:07",""
"BM10686","","admin","2026-09-28","09:20:37",""
"BM10686","Customer Purpose","gen11","2026-09-28","10:36:43","28/09/2026 10:36:40  gen11
LIVE VIEW CHECKED, NO SUSPICIOUS ACTIVITY OBSERVED, VAULT DOOR RELEASED REMOTELY BY CMS AND VAULT OPENED BY BRANCH STAFF, CONFIRMED BY A KEY CUSTODIAN   2  6309624849"
"BM10686","Customer Purpose","gen14","2026-09-28","12:26:44","28/09/2026 12:26:41  gen14
LIVE VIEW CHECKED, NO SUSPICIOUS ACTIVITY OBSERVED, VAULT DOOR RELEASED REMOTELY BY CMS AND VAULT OPENED BY BRANCH STAFF, CONFIRMED BY A KEY CUSTODIAN  1  09581082324"
"BM10686","Not Allowed","gen18","2026-09-28","14:21:34","28/09/2026 14:21:27  gen18
LIVE VIEW CHECKED,NO SUSPICIOUS ACTIVITY OBSERVED,NO NEED TO OPERATE VAULT CONFIRMED BY KEY CUSTOODIAN.1    09581082324"
"BM10686","Not Operate","gen2","2026-09-28","17:40:47","28/09/2026 17:40:43  gen2
LIVE VIEW CHECKED,NO SUSPICIOUS ACTIVITY OBSERVED,NO NEED TO OPERATE VAULT CONFIRMED BY KEY CUSTOODIAN.1  9581082324"
"BM10686","Final Vault Closing","gen19","2026-09-28","17:59:59","28/09/2026 17:59:55  gen19
LIVE VIEW CHECKED,NO SUSPICIOUS ACTIVITY OBSERVED,VAULT OPENING REQUEST FOR CLOSING PURPOSE VAULT DOOR RELEASED REMOTELY BY CMS AND VAULT OPEN BY BRANCH STAFF CONFIRMED BY KEY CUSTOODIAN 9581082324"
"BM10686","","admin","2026-09-29","09:26:57",""
"BM10687","","admin","2026-09-28","09:22:06",""
"BM10687","Customer Purpose","gen20","2026-09-28","14:05:26","28/09/2026 14:05:21  gen20
LIVE VIEW CHECKED, NO SUSPICIOUS ACTIVITY OBSERVED, VAULT DOOR RELEASED REMOTELY BY CMS AND VAULT OPENED BY BRANCH STAFF, CONFIRMED BY A KEY CUSTODIAN   1   07708505362"
"BM10687","Final Vault Closing","gen30","2026-09-28","17:51:42","28/09/2026 17:51:21  gen30
LIVE VIEW CHECKED,NO SUSPICIOUS ACTIVITY OBSERVED,VAULT OPENING REQUEST FOR CLOSING PURPOSE VAULT DOOR RELEASED REMOTELY BY CMS AND VAULT OPEN BY BRANCH STAFF CONFIRMED BY KEY CUSTOODIAN 1 .7708505362"
"BM10687","","admin","2026-09-29","09:16:46",""
"BM10688","","admin","2026-09-28","09:27:30",""
"BM10688","Customer Purpose","gen2","2026-09-28","16:42:27","28/09/2026 16:42:24  gen2
LIVE VIEW CHECKED, NO SUSPICIOUS ACTIVITY OBSERVED, VAULT DOOR RELEASED REMOTELY BY CMS AND VAULT OPENED BY BRANCH STAFF, CONFIRMED BY A KEY CUSTODIAN   3    9775996458"
"BM10688","Final Vault Closing","gen16","2026-09-28","17:54:50","28/09/2026 17:54:45  gen16
LIVE VIEW CHECKED,NO SUSPICIOUS ACTIVITY OBSERVED,VAULT OPENING REQUEST FOR CLOSING PURPOSE VAULT DOOR RELEASED REMOTELY BY CMS AND VAULT OPEN BY BRANCH STAFF CONFIRMED BY KEY CUSTOODIAN 9775996458"
"BM10688","","admin","2026-09-29","09:27:03",""
"BM10690","Final Vault Closing","gen9","2026-09-28","17:36:28","28/09/2026 17:36:25  gen9
LIVE VIEW CHECKED,NO SUSPICIOUS ACTIVITY OBSERVED,VAULT OPENING REQUEST FOR CLOSING PURPOSE VAULT DOOR RELEASED REMOTELY BY CMS AND VAULT OPEN BY BRANCH STAFF CONFIRMED BY KEY CUSTOODIAN     1     09996810613"
"BM10690","","admin","2026-09-29","09:17:37",""
"BM10691","Customer Purpose","gen38","2026-09-28","10:37:55","28/09/2026 10:37:51  gen38
LIVE VIEW CHECKED, NO SUSPICIOUS ACTIVITY OBSERVED, VAULT DOOR RELEASED REMOTELY BY CMS AND VAULT OPENED BY BRANCH STAFF, CONFIRMED BY A KEY CUSTODIAN 8882528678"
"BM10691","Customer Purpose","gen23","2026-09-28","11:31:39","28/09/2026 11:31:32  gen23
LIVE VIEW CHECKED, NO SUSPICIOUS ACTIVITY OBSERVED, VAULT DOOR RELEASED REMOTELY BY CMS AND VAULT OPENED BY BRANCH STAFF, CONFIRMED BY A KEY CUSTODIAN//09990404074"
"BM10691","Customer Purpose","gen19","2026-09-28","13:28:27","28/09/2026 13:28:24  gen19
LIVE VIEW CHECKED, NO SUSPICIOUS ACTIVITY OBSERVED, VAULT DOOR RELEASED REMOTELY BY CMS AND VAULT OPENED BY BRANCH STAFF, CONFIRMED BY A KEY CUSTODIAN 8882528678"
"BM10691","Customer Purpose","gen5","2026-09-28","16:34:41","28/09/2026 16:34:37  gen5
LIVE VIEW CHECKED, NO SUSPICIOUS ACTIVITY OBSERVED, VAULT DOOR RELEASED REMOTELY BY CMS AND VAULT OPENED BY BRANCH STAFF, CONFIRMED BY A KEY CUSTODIAN  1.... 08882528678"
"BM10691","Customer Purpose","gen46","2026-09-28","17:19:27","28/09/2026 17:19:24  gen46
LIVE VIEW CHECKED, NO SUSPICIOUS ACTIVITY OBSERVED, VAULT DOOR RELEASED REMOTELY BY CMS AND VAULT OPENED BY BRANCH STAFF, CONFIRMED BY A KEY CUSTODIAN    8882528678"
"BM10692","","admin","2026-09-28","09:26:47",""
"BM10692","Customer Purpose","gen23","2026-09-28","10:21:44","28/09/2026 10:21:39  gen23
LIVE VIEW CHECKED, NO SUSPICIOUS ACTIVITY OBSERVED, VAULT DOOR RELEASED REMOTELY BY CMS AND VAULT OPENED BY BRANCH STAFF, CONFIRMED BY A KEY CUSTODIAN//09542845185"
"BM10692","Customer Purpose","gen23","2026-09-28","13:05:10","28/09/2026 13:05:03  gen23
LIVE VIEW CHECKED, NO SUSPICIOUS ACTIVITY OBSERVED, VAULT DOOR RELEASED REMOTELY BY CMS AND VAULT OPENED BY BRANCH STAFF, CONFIRMED BY A KEY CUSTODIAN//09542845185"
"BM10692","Final Vault Closing","gen6","2026-09-28","17:36:55","28/09/2026 17:36:52  gen6
LIVE VIEW CHECKED,NO SUSPICIOUS ACTIVITY OBSERVED,VAULT OPENING REQUEST FOR CLOSING PURPOSE VAULT DOOR RELEASED REMOTELY BY CMS AND VAULT OPEN BY BRANCH STAFF CONFIRMED BY KEY CUSTOODIAN  08498849609"
"BM10692","","admin","2026-09-29","09:26:13",""
"BM10693","","admin","2026-09-28","09:21:19",""
"BM10693","Customer Purpose","gen23","2026-09-28","13:18:17","28/09/2026 13:18:13  gen23
LIVE VIEW CHECKED, NO SUSPICIOUS ACTIVITY OBSERVED, VAULT DOOR RELEASED REMOTELY BY CMS AND VAULT OPENED BY BRANCH STAFF, CONFIRMED BY A KEY CUSTODIAN//09100628042"
"BM10693","Customer Purpose","gen21","2026-09-28","14:19:44","28/09/2026 14:20:29  gen21
LIVE VIEW CHECKED, NO SUSPICIOUS ACTIVITY OBSERVED, VAULT DOOR RELEASED REMOTELY BY CMS AND VAULT OPENED BY BRANCH STAFF, CONFIRMED BY A KEY CUSTODIAN     1      9398348413"
"BM10693","Final Vault Closing","gen15","2026-09-28","18:11:20","28/09/2026 18:11:15  gen15
LIVE VIEW CHECKED,NO SUSPICIOUS ACTIVITY OBSERVED,VAULT OPENING REQUEST FOR CLOSING PURPOSE VAULT DOOR RELEASED REMOTELY BY CMS AND VAULT OPEN BY BRANCH STAFF CONFIRMED BY KEY CUSTOODIAN 1 9398348413"
"BM10693","","admin","2026-09-29","09:27:58",""
"BM10694","","admin","2026-09-28","09:28:13",""
"BM10694","Audit Purpose","gen5","2026-09-28","10:14:31","28/09/2026 10:14:28  gen5
LIVE VIEW CHECKED,NO SUSPICIOUS ACTIVITY OBSERVED,VAULT OPENING REQUEST FOR AUDIT, MAIL APPROVED BY Sansar Chand <sansar.chand@iifl.com>, VAULT DOOR RELEASED REMOTELY BY CMS, AND VAULT OPENED BY BRANCH STAFF CONFIRMED BY A KEY CUSTOODIAN. 09588181793"
"BM10694","Audit Check","gen48","2026-09-28","10:40:45","28/09/2026 10:40:40  gen48
TESTING  BY AUDITOR SIR AND , CONFIRMED BY  TWO WAY COMMUNICATION , ALL OK."
"BM10694","Audit Purpose","gen8","2026-09-28","11:39:04","28/09/2026 11:38:53  gen8
LIVE VIEW CHECKED,NO SUSPICIOUS ACTIVITY OBSERVED,VAULT OPENING REQUEST FOR AUDIT, MAIL APPROVED BY Sansar Chand , VAULT DOOR RELEASED REMOTELY BY CMS, AND VAULT OPENED BY BRANCH STAFF CONFIRMED BY A KEY CUSTOODIAN.      2    9588181793"
"BM10694","Genuine","iifl3","2026-09-28","15:53:31","28/09/2026 15:53:24  iifl3
LIVE VIEW CHECKED, SUSPICIOUS ACTIVITY OBSERVED, BRANCH STAFF TAKE OTP FOR AUDIT PURPOSE BUT ENTER 2 MINUTES LATE INSIDE VAULT ROOM, ALSO INFORMED BY TWO WAY COMMUNICATION 
TIME - 11:34:03"
"BM10694","Audit Purpose","gen46","2026-09-28","15:59:42","28/09/2026 15:59:37  gen46
LIVE VIEW CHECKED,NO SUSPICIOUS ACTIVITY OBSERVED,VAULT OPENING REQUEST FOR AUDIT  MAIL APPROVED BY Sansar Chand , VAULT DOOR RELEASED REMOTELY BY CMS, AND VAULT OPENED BY BRANCH STAFF CONFIRMED BY A KEY CUSTOODIAN.   9588181793"
"BM10694","Audit Purpose","gen36","2026-09-28","16:36:31","28/09/2026 16:36:20  gen36
LIVE VIEW CHECKED,NO SUSPICIOUS ACTIVITY OBSERVED,VAULT OPENING REQUEST FOR AUDIT, MAIL APPROVED BY Sansar Chand, VAULT DOOR RELEASED REMOTELY BY CMS, AND VAULT OPENED BY BRANCH STAFF CONFIRMED BY A KEY CUSTOODIAN.     9896530015"
"BM10694","Customer Purpose","gen9","2026-09-28","17:19:17","28/09/2026 17:19:13  gen9
LIVE VIEW CHECKED, NO SUSPICIOUS ACTIVITY OBSERVED, VAULT DOOR RELEASED REMOTELY BY CMS AND VAULT OPENED BY BRANCH STAFF, CONFIRMED BY A KEY CUSTODIAN   2   09896530015"
"BM10694","Final Vault Closing","gen46","2026-09-28","17:52:32","28/09/2026 17:52:23  gen46
LIVE VIEW CHECKED,NO SUSPICIOUS ACTIVITY OBSERVED,VAULT OPENING REQUEST FOR CLOSING PURPOSE VAULT DOOR RELEASED REMOTELY BY CMS AND VAULT OPEN BY BRANCH STAFF CONFIRMED BY KEY CUSTOODIAN    9588181793"
"BM10696","Customer Purpose","gen30","2026-09-28","13:13:36","28/09/2026 13:13:19  gen30
LIVE VIEW CHECKED, NO SUSPICIOUS ACTIVITY OBSERVED, VAULT DOOR RELEASED REMOTELY BY CMS AND VAULT OPENED BY BRANCH STAFF, CONFIRMED BY A KEY CUSTODIAN 1 .8128380333"
"BM10696","Engineer at site","gen23","2026-09-28","15:13:53","28/09/2026 15:13:49  gen23
WORK IN PROGRESS, ENGINEER AT SITE. CONFIRMED BY  TWO WAY COMMUNICATION"
"BM10696","Engineer at site","gen23","2026-09-28","15:14:14","28/09/2026 15:14:11  gen23
WORK IN PROGRESS, ENGINEER AT SITE. CONFIRMED BY  TWO WAY COMMUNICATION"
"BM10696","Engineer at site","gen23","2026-09-28","15:14:32","28/09/2026 15:14:28  gen23
WORK IN PROGRESS, ENGINEER AT SITE. CONFIRMED BY  TWO WAY COMMUNICATION"
"BM10696","Engineer at site","gen23","2026-09-28","15:14:58","28/09/2026 15:14:54  gen23
WORK IN PROGRESS, ENGINEER AT SITE. CONFIRMED BY  TWO WAY COMMUNICATION"
"BM10696","Engineer at site","gen23","2026-09-28","15:15:18","28/09/2026 15:15:14  gen23
WORK IN PROGRESS, ENGINEER AT SITE. CONFIRMED BY  TWO WAY COMMUNICATION"
"BM10696","Engineer at site","gen23","2026-09-28","15:15:36","28/09/2026 15:15:32  gen23
WORK IN PROGRESS, ENGINEER AT SITE. CONFIRMED BY  TWO WAY COMMUNICATION"
"BM10696","Engineer at site","gen23","2026-09-28","15:15:57","28/09/2026 15:15:52  gen23
WORK IN PROGRESS, ENGINEER AT SITE. CONFIRMED BY  TWO WAY COMMUNICATION"
"BM10696","Engineer at site","gen23","2026-09-28","15:16:17","28/09/2026 15:16:12  gen23
WORK IN PROGRESS, ENGINEER AT SITE. CONFIRMED BY  TWO WAY COMMUNICATION"
"BM10696","Engineer at site","gen23","2026-09-28","15:16:42","28/09/2026 15:16:39  gen23
WORK IN PROGRESS, ENGINEER AT SITE. CONFIRMED BY  TWO WAY COMMUNICATION"
"BM10696","Engineer at site","gen23","2026-09-28","15:16:59","28/09/2026 15:16:53  gen23
WORK IN PROGRESS, ENGINEER AT SITE. CONFIRMED BY  TWO WAY COMMUNICATION"
"BM10696","Engineer at site","gen23","2026-09-28","15:18:34","28/09/2026 15:18:31  gen23
WORK IN PROGRESS, ENGINEER AT SITE. CONFIRMED BY  TWO WAY COMMUNICATION"
"BM10696","Not Operate","gen33","2026-09-28","16:12:09","28/09/2026 16:11:59  gen33
LIVE VIEW CHECKED,NO SUSPICIOUS ACTIVITY OBSERVED,NO NEED TO OPERATE VAULT CONFIRMED BY KEY CUSTOODIAN. 09723815570"
"BM10696","Engineer at site","gen3","2026-09-28","16:15:50","28/09/2026 16:15:44  gen3
WORK IN PROGRESS, ENGINEER AT SITE."
"BM10696","Engineer at site","","2026-09-28","16:16:01",""
"BM10696","Engineer at site","gen3","2026-09-28","16:16:01",""
"BM10696","Engineer at site","gen3","2026-09-28","16:16:01",""
"BM10696","Engineer at site","gen3","2026-09-28","16:16:26",""
"BM10696","Engineer at site","","2026-09-28","16:16:26",""
"BM10696","Engineer at site","gen3","2026-09-28","16:16:35",""
"BM10696","Engineer at site","","2026-09-28","16:16:35",""
"BM10696","Engineer at site","","2026-09-28","16:34:37",""
"BM10696","Engineer at site","gen5","2026-09-28","16:39:54","28/09/2026 16:39:51  gen5
WORK IN PROGRESS, ENGINEER AT SITE. CONFIRMED BY TWO WAY COMMUNICFATUION AND KC 1.... 08128380333"
"BM10696","Engineer at site","gen13","2026-09-28","16:42:09",""
"BM10696","Engineer at site","gen13","2026-09-28","16:42:47",""
"BM10696","Final Vault Closing","gen9","2026-09-28","18:10:03","28/09/2026 18:09:51  gen9
LIVE VIEW CHECKED,NO SUSPICIOUS ACTIVITY OBSERVED,VAULT OPENING REQUEST FOR CLOSING PURPOSE VAULT DOOR RELEASED REMOTELY BY CMS AND VAULT OPEN BY BRANCH STAFF CONFIRMED BY KEY CUSTOODIAN     2    09723815570"
"BM10696","","admin","2026-09-28","18:39:22",""
"BM10697","Final Vault Closing","gen6","2026-09-28","17:48:28","28/09/2026 17:48:25  gen6
LIVE VIEW CHECKED,NO SUSPICIOUS ACTIVITY OBSERVED,VAULT OPENING REQUEST FOR CLOSING PURPOSE VAULT DOOR RELEASED REMOTELY BY CMS AND VAULT OPEN BY BRANCH STAFF CONFIRMED BY KEY CUSTOODIAN 09666086349"
"BM10697","","admin","2026-09-29","09:29:45",""
"BM10698","Engineer at site","gen21","2026-09-28","12:02:45","28/09/2026 12:03:27  gen21
WORK IN PROGRESS, ENGINEER AT SITE CONFIRMED BY TWOWAY COMMUNICATION"
"BM10698","Engineer at site","gen21","2026-09-28","12:03:02","28/09/2026 12:03:43  gen21
WORK IN PROGRESS, ENGINEER AT SITE CONFIRMED BY TWOWAY COMMUNICATION"
"BM10698","Engineer at site","gen21","2026-09-28","12:03:45","28/09/2026 12:04:28  gen21
WORK IN PROGRESS, ENGINEER AT SITE CONFIRMED BY TWOWAY COMMUNICATION"
"BM10698","Engineer at site","gen21","2026-09-28","12:04:06","28/09/2026 12:04:46  gen21
WORK IN PROGRESS, ENGINEER AT SITE CONFIRMED BY TWOWAY COMMUNICATION"
"BM10698","Engineer at site","gen21","2026-09-28","12:04:15",""
"BM10698","Engineer at site","gen21","2026-09-28","12:04:26",""
"BM10698","Engineer at site","gen21","2026-09-28","12:04:37",""
"BM10698","Engineer at site","","2026-09-28","12:09:44",""
"BM10698","Engineer at site","gen12","2026-09-28","12:17:00","28/09/2026 12:16:54  gen12
WORK IN PROGRESS, ENGINEER AT SITE.  CONFIRMED BY KC-2/09632064820"
"BM10698","Engineer at site","gen12","2026-09-28","12:18:03","28/09/2026 12:17:57  gen12
WORK IN PROGRESS, ENGINEER AT SITE. CONFIRMED BY KC-2/09632064820"
"BM10698","Engineer at site","gen7","2026-09-28","12:27:18","28/09/2026 12:27:10  gen7
WORK IN PROGRESS, ENGINEER AT SITE. CONFIRMED BY KC2-9632064820"
"BM10698","Engineer at site","gen25","2026-09-28","12:37:52","28/09/2026 12:37:47  gen25
WORK IN PROGRESS, ENGINEER AT SITE.CONFIRM BY  KC 2   09632064820"
"BM10698","Engineer at site","","2026-09-28","12:43:09",""
"BM10698","Engineer at site","gen25","2026-09-28","13:10:22","28/09/2026 13:10:18  gen25
WORK IN PROGRESS, ENGINEER AT SITE.CONFIRM BY  KC   2   09632064820"
"BM10698","Engineer at site","gen15","2026-09-28","16:15:39",""
"BM10698","Customer Purpose","gen30","2026-09-28","17:08:04","28/09/2026 17:07:46  gen30
LIVE VIEW CHECKED, NO SUSPICIOUS ACTIVITY OBSERVED, VAULT DOOR RELEASED REMOTELY BY CMS AND VAULT OPENED BY BRANCH STAFF, CONFIRMED BY A KEY CUSTODIAN 1 .9945904068"
"BM10698","Final Vault Closing","gen14","2026-09-28","17:51:52","28/09/2026 17:51:49  gen14
LIVE VIEW CHECKED,NO SUSPICIOUS ACTIVITY OBSERVED,VAULT OPENING REQUEST FOR CLOSING PURPOSE VAULT DOOR RELEASED REMOTELY BY CMS AND VAULT OPEN BY BRANCH STAFF CONFIRMED BY KEY CUSTOODIAN 1   09945904068"
"BM10700","Customer Purpose","gen15","2026-09-28","15:37:21","28/09/2026 15:37:16  gen15
LIVE VIEW CHECKED, NO SUSPICIOUS ACTIVITY OBSERVED, VAULT DOOR RELEASED REMOTELY BY CMS AND VAULT OPENED BY BRANCH STAFF, CONFIRMED BY A KEY CUSTODIAN  2  9033179991"
"BM10700","Customer Purpose","gen20","2026-09-28","16:12:26","28/09/2026 16:12:17  gen20
LIVE VIEW CHECKED, NO SUSPICIOUS ACTIVITY OBSERVED, VAULT DOOR RELEASED REMOTELY BY CMS AND VAULT OPENED BY BRANCH STAFF, CONFIRMED BY A KEY CUSTODIAN KC 2 09106866191"
"BM10700","Final Vault Closing","gen26","2026-09-28","18:09:40","28/09/2026 18:09:35  gen26
LIVE VIEW CHECKED,NO SUSPICIOUS ACTIVITY OBSERVED,VAULT OPENING REQUEST FOR CLOSING PURPOSE VAULT DOOR RELEASED REMOTELY BY CMS AND VAULT OPEN BY BRANCH STAFF CONFIRMED BY KEY CUSTOODIAN    09033179991"
"BM10700","","admin","2026-09-28","18:33:13",""
"BM10701","Final Vault Closing","gen8","2026-09-28","18:02:22","28/09/2026 18:02:13  gen8
LIVE VIEW CHECKED,NO SUSPICIOUS ACTIVITY OBSERVED,VAULT OPENING REQUEST FOR CLOSING PURPOSE VAULT DOOR RELEASED REMOTELY BY CMS AND VAULT OPEN BY BRANCH STAFF CONFIRMED BY KEY CUSTOODIAN    2    9510445164"
"BM10701","","admin","2026-09-28","18:44:48",""
"BM10702","Customer Purpose","gen9","2026-09-28","10:49:43","28/09/2026 10:49:38  gen9
LIVE VIEW CHECKED, NO SUSPICIOUS ACTIVITY OBSERVED, VAULT DOOR RELEASED REMOTELY BY CMS AND VAULT OPENED BY BRANCH STAFF, CONFIRMED BY A KEY CUSTODIAN    2     09133400161"
"BM10702","Customer Purpose","gen4","2026-09-28","12:26:04","28/09/2026 12:26:01  gen4
LIVE VIEW CHECKED, NO SUSPICIOUS ACTIVITY OBSERVED, VAULT DOOR RELEASED REMOTELY BY CMS AND VAULT OPENED BY BRANCH STAFF, CONFIRMED BY A KEY CUSTODIAN  8897934651"
"BM10702","Not Operate","gen29","2026-09-28","13:31:42","28/09/2026 13:31:33  gen29
LIVE VIEW CHECKED,NO SUSPICIOUS ACTIVITY OBSERVED,NO NEED TO OPERATE VAULT CONFIRMED BY KEY CUSTOODIAN.1 9133400161"
"BM10702","Customer Purpose","gen32","2026-09-28","13:57:40","28/09/2026 13:57:42  gen32
LIVE VIEW CHECKED, NO SUSPICIOUS ACTIVITY OBSERVED, VAULT DOOR RELEASED REMOTELY BY CMS AND VAULT OPENED BY BRANCH STAFF, CONFIRMED BY A KEY CUSTODIAN       09133400161"
"BM10702","Not Responded","gen10","2026-09-28","14:42:58","28/09/2026 14:42:53  gen10
LIVE VIEW CHECKED, NO SUSPICIOUS ACTIVITY OBSERVED. CALL TO KC 1/2/3 BUT NOT RESPONDED."
"BM10702","Customer Purpose","gen35","2026-09-28","14:50:07","28/09/2026 14:50:03  gen35
LIVE VIEW CHECKED, NO SUSPICIOUS ACTIVITY OBSERVED, VAULT DOOR RELEASED REMOTELY BY CMS AND VAULT OPENED BY BRANCH STAFF, CONFIRMED BY A KEY CUSTODIAN    09133400161"
"BM10702","Customer Purpose","gen16","2026-09-28","15:30:03","28/09/2026 15:29:58  gen16
LIVE VIEW CHECKED, NO SUSPICIOUS ACTIVITY OBSERVED, VAULT DOOR RELEASED REMOTELY BY CMS AND VAULT OPENED BY BRANCH STAFF, CONFIRMED BY A KEY CUSTODIAN  8897934651"
"BM10702","Customer Purpose","gen13","2026-09-28","16:10:16","28/09/2026 16:10:13  gen13
LIVE VIEW CHECKED, NO SUSPICIOUS ACTIVITY OBSERVED, VAULT DOOR RELEASED REMOTELY BY CMS AND VAULT OPENED BY BRANCH STAFF, CONFIRMED BY A KEY CUSTODIAN 1/08897934651"
"BM10702","Customer Purpose","gen21","2026-09-28","17:18:00","28/09/2026 17:18:43  gen21
LIVE VIEW CHECKED, NO SUSPICIOUS ACTIVITY OBSERVED, VAULT DOOR RELEASED REMOTELY BY CMS AND VAULT OPENED BY BRANCH STAFF, CONFIRMED BY A KEY CUSTODIAN      1     9133400161"
"BM10702","Final Vault Closing","gen6","2026-09-28","17:45:11","28/09/2026 17:45:05  gen6
LIVE VIEW CHECKED,NO SUSPICIOUS ACTIVITY OBSERVED,VAULT OPENING REQUEST FOR CLOSING PURPOSE VAULT DOOR RELEASED REMOTELY BY CMS AND VAULT OPEN BY BRANCH STAFF CONFIRMED BY KEY CUSTOODIAN 09133400161"
"BM10702","","admin","2026-09-29","09:20:39",""
"BM10703","","admin","2026-09-28","09:28:13",""
"BM10703","Customer Purpose","gen3","2026-09-28","13:16:59","28/09/2026 13:16:53  gen3
LIVE VIEW CHECKED, NO SUSPICIOUS ACTIVITY OBSERVED, VAULT DOOR RELEASED REMOTELY BY CMS AND VAULT OPENED BY BRANCH STAFF, CONFIRMED BY A KEY CUSTODIAN 08519847553"
"BM10703","Final Vault Closing","iifl7","2026-09-28","20:03:24","28/09/2026 20:03:06  iifl7
LIVE VIEW CHECKED,NO SUSPICIOUS ACTIVITY OBSERVED,VAULT OPENING REQUEST AFTER WORKING HOUR, MAIL APPROVAL BY Sandeep Kumar Reddy Kondala VAULT DOOR RELEASED REMOTELY BY CMS, AND VAULT OPENED BY BRANCH STAFF CONFIRMED BY A KEY CUSTOODIAN. 8519847553"
"BM10704","","admin","2026-09-28","09:25:12",""
"BM10704","Customer Purpose","gen21","2026-09-28","10:18:16","28/09/2026 10:19:01  gen21
LIVE VIEW CHECKED, NO SUSPICIOUS ACTIVITY OBSERVED, VAULT DOOR RELEASED REMOTELY BY CMS AND VAULT OPENED BY BRANCH STAFF, CONFIRMED BY A KEY CUSTODIAN    1    9914461650"
"BM10704","Audit Purpose","gen25","2026-09-28","11:32:40","28/09/2026 11:32:36  gen25
LIVE VIEW CHECKED,NO SUSPICIOUS ACTIVITY OBSERVED,VAULT OPENING REQUEST FOR AUDIT, MAIL APPROVED BY Shailesh Sharma <shailesh.sharma3@iifl.com>, VAULT DOOR RELEASED REMOTELY BY CMS, AND VAULT OPENED BY BRANCH STAFF CONFIRMED BY A KEY CUSTOODIAN.      1     09914461650"
"BM10704","Audit Purpose","gen46","2026-09-28","12:27:13","28/09/2026 12:27:10  gen46
LIVE VIEW CHECKED,NO SUSPICIOUS ACTIVITY OBSERVED,VAULT OPENING REQUEST FOR AUDIT MAIL APPROVED BY
  
Shailesh Sharma VAULT DOOR RELEASED REMOTELY BY CMS, AND VAULT OPENED BY BRANCH STAFF CONFIRMED BY A KEY CUSTOODIAN.   9914461650"
"BM10704","Audit Check","gen7","2026-09-28","12:29:49","28/09/2026 12:29:40  gen7
TESTING BY AUDITOR SIR , CONFIRMED BY TWO WAY COMMUNICATION"
"BM10704","Audit Check","gen7","2026-09-28","12:30:12","28/09/2026 12:30:06  gen7
TESTING BY AUDITOR SIR , CONFIRMED BY TWO WAY COMMUNICATION"
"BM10704","Audit Check","gen7","2026-09-28","12:30:37","28/09/2026 12:30:28  gen7
TESTING BY AUDITOR SIR , CONFIRMED BY TWO WAY COMMUNICATION"
"BM10704","Audit Check","gen7","2026-09-28","12:30:56","28/09/2026 12:30:48  gen7
TESTING BY AUDITOR SIR , CONFIRMED BY TWO WAY COMMUNICATION"
"BM10704","Audit Check","gen7","2026-09-28","12:31:18","28/09/2026 12:31:07  gen7
TESTING BY AUDITOR SIR , CONFIRMED BY TWO WAY COMMUNICATION"
"BM10704","Audit Check","gen7","2026-09-28","12:31:39","28/09/2026 12:31:30  gen7
TESTING BY AUDITOR SIR , CONFIRMED BY TWO WAY COMMUNICATION"
"BM10704","Audit Check","gen7","2026-09-28","12:34:00","28/09/2026 12:33:48  gen7
TESTING AUDITOR , CONFIRMED BY TWO WAY COMMUNICATION"
"BM10704","Customer Purpose","gen38","2026-09-28","15:46:16","28/09/2026 15:46:10  gen38
LIVE VIEW CHECKED, NO SUSPICIOUS ACTIVITY OBSERVED, VAULT DOOR RELEASED REMOTELY BY CMS AND VAULT OPENED BY BRANCH STAFF, CONFIRMED BY A KEY CUSTODIAN 9914461650"
"BM10704","Genuine","iifl3","2026-09-28","15:55:22","28/09/2026 15:55:18  iifl3
LIVE VIEW CHECKED, SUSPICIOUS ACTIVITY OBSERVED, BRANCH STAFF USE MOBILE INSIDE VAULT ROOM, ALSO INFORMED BY TWO WAY COMMUNICATION
TIME - 12:26:29"
"BM10704","Final Vault Closing","gen23","2026-09-28","17:25:14","28/09/2026 17:25:08  gen23
LIVE VIEW CHECKED,NO SUSPICIOUS ACTIVITY OBSERVED,VAULT OPENING REQUEST FOR CLOSING PURPOSE VAULT DOOR RELEASED REMOTELY BY CMS AND VAULT OPEN BY BRANCH STAFF CONFIRMED BY KEY CUSTOODIAN //09779639281"
"BM10704","","admin","2026-09-29","09:20:40",""
"BM10706","","admin","2026-09-28","09:29:06",""
"BM10706","Final Vault Closing","gen30","2026-09-28","18:10:55","28/09/2026 18:10:36  gen30
LIVE VIEW CHECKED,NO SUSPICIOUS ACTIVITY OBSERVED,VAULT OPENING REQUEST FOR CLOSING PURPOSE VAULT DOOR RELEASED REMOTELY BY CMS AND VAULT OPEN BY BRANCH STAFF CONFIRMED BY KEY CUSTOODIAN 1 .9441038359"
"BM10706","","admin","2026-09-29","09:29:50",""
"BM10707","","admin","2026-09-28","09:25:09",""
"BM10707","Final Vault Closing","gen6","2026-09-28","17:54:16","28/09/2026 17:54:11  gen6
LIVE VIEW CHECKED,NO SUSPICIOUS ACTIVITY OBSERVED,VAULT OPENING REQUEST FOR CLOSING PURPOSE VAULT DOOR RELEASED REMOTELY BY CMS AND VAULT OPEN BY BRANCH STAFF CONFIRMED BY KEY CUSTOODIAN  09592544548"
"BM10707","","admin","2026-09-29","09:23:36",""
"BM10708","Customer Purpose","gen48","2026-09-28","10:43:59","28/09/2026 10:43:55  gen48
LIVE VIEW CHECKED, NO SUSPICIOUS ACTIVITY OBSERVED, VAULT DOOR RELEASED REMOTELY BY CMS AND VAULT OPENED BY BRANCH STAFF, CONFIRMED BY A KEY CUSTODIAN   1   08057313001"
"BM10708","Customer Purpose","gen8","2026-09-28","12:49:51","28/09/2026 12:49:41  gen8
LIVE VIEW CHECKED, NO SUSPICIOUS ACTIVITY OBSERVED, VAULT DOOR RELEASED REMOTELY BY CMS AND VAULT OPENED BY BRANCH STAFF, CONFIRMED BY A KEY CUSTODIAN   2    09312592008"
"BM10708","Customer Purpose","gen18","2026-09-28","13:54:44","28/09/2026 13:54:40  gen18
LIVE VIEW CHECKED, NO SUSPICIOUS ACTIVITY OBSERVED, VAULT DOOR RELEASED REMOTELY BY CMS AND VAULT OPENED BY BRANCH STAFF, CONFIRMED BY A KEY CUSTODIAN     08057313001"
"BM10708","Final Vault Closing","gen23","2026-09-28","17:58:40","28/09/2026 17:58:34  gen23
LIVE VIEW CHECKED,NO SUSPICIOUS ACTIVITY OBSERVED,VAULT OPENING REQUEST FOR CLOSING PURPOSE VAULT DOOR RELEASED REMOTELY BY CMS AND VAULT OPEN BY BRANCH STAFF CONFIRMED BY KEY CUSTOODIAN //09312592008"
"BM10708","","admin","2026-09-28","18:35:11",""
"BM10709","Customer Purpose","gen46","2026-09-28","12:13:27","28/09/2026 12:13:24  gen46
LIVE VIEW CHECKED, NO SUSPICIOUS ACTIVITY OBSERVED, VAULT DOOR RELEASED REMOTELY BY CMS AND VAULT OPENED BY BRANCH STAFF, CONFIRMED BY A KEY CUSTODIAN     9050181238"
"BM10709","Customer Purpose","gen15","2026-09-28","13:47:43","28/09/2026 13:47:37  gen15
LIVE VIEW CHECKED, NO SUSPICIOUS ACTIVITY OBSERVED, VAULT DOOR RELEASED REMOTELY BY CMS AND VAULT OPENED BY BRANCH STAFF, CONFIRMED BY A KEY CUSTODIAN 1  9050181238"
"BM10709","Final Vault Closing","gen35","2026-09-28","18:17:26","28/09/2026 18:17:23  gen35
LIVE VIEW CHECKED,NO SUSPICIOUS ACTIVITY OBSERVED,VAULT OPENING REQUEST FOR CLOSING PURPOSE VAULT DOOR RELEASED REMOTELY BY CMS AND VAULT OPEN BY BRANCH STAFF CONFIRMED BY KEY CUSTOODIAN    09050181238"
"BM10710","Customer Purpose","gen29","2026-09-28","14:32:42","28/09/2026 14:32:33  gen29
LIVE VIEW CHECKED, NO SUSPICIOUS ACTIVITY OBSERVED, VAULT DOOR RELEASED REMOTELY BY CMS AND VAULT OPENED BY BRANCH STAFF, CONFIRMED BY A KEY CUSTODIAN  09236568631"
"BM10710","Final Vault Closing","gen16","2026-09-28","18:26:47","28/09/2026 18:26:38  gen16
LIVE VIEW CHECKED,NO SUSPICIOUS ACTIVITY OBSERVED,VAULT OPENING REQUEST FOR CLOSING PURPOSE VAULT DOOR RELEASED REMOTELY BY CMS AND VAULT OPEN BY BRANCH STAFF CONFIRMED BY KEY CUSTOODIAN  9236568631"
"BM10711","","admin","2026-09-28","18:34:56",""
"BM10716","Customer Purpose","gen9","2026-09-28","11:14:58","28/09/2026 11:14:54  gen9
LIVE VIEW CHECKED, NO SUSPICIOUS ACTIVITY OBSERVED, VAULT DOOR RELEASED REMOTELY BY CMS AND VAULT OPENED BY BRANCH STAFF, CONFIRMED BY A KEY CUSTODIAN      1      07509587540"
"BM10716","Customer Purpose","gen7","2026-09-28","12:49:42","28/09/2026 12:49:37  gen7
LIVE VIEW CHECKED, NO SUSPICIOUS ACTIVITY OBSERVED, VAULT DOOR RELEASED REMOTELY BY CMS AND VAULT OPENED BY BRANCH STAFF, CONFIRMED BY A KEY CUSTODIAN 8120739374"
"BM10716","Not Operate","gen23","2026-09-28","17:06:01","28/09/2026 17:05:52  gen23
LIVE VIEW CHECKED,NO SUSPICIOUS ACTIVITY OBSERVED,NO NEED TO OPERATE VAULT CONFIRMED BY KEY CUSTOODIAN.//09617574363"
"BM10716","Engineer at site","gen46","2026-09-28","17:28:07","28/09/2026 17:28:03  gen46
WORK IN PROGRESS, ENGINEER AT SITE."
"BM10716","Final Vault Closing","gen12","2026-09-28","18:47:54","28/09/2026 18:47:49  gen12
LIVE VIEW CHECKED,NO SUSPICIOUS ACTIVITY OBSERVED,VAULT OPENING REQUEST FOR CLOSING PURPOSE VAULT DOOR RELEASED REMOTELY BY CMS AND VAULT OPEN BY BRANCH STAFF CONFIRMED BY KEY CUSTOODIAN 1/07509587540"
"BM10716","","admin","2026-09-28","19:12:46",""
"BM10723","Customer Purpose","gen28","2026-09-28","11:18:39","28/09/2026 11:18:35  gen28
LIVE VIEW CHECKED, NO SUSPICIOUS ACTIVITY OBSERVED, VAULT DOOR RELEASED REMOTELY BY CMS AND VAULT OPENED BY BRANCH STAFF, CONFIRMED BY A KEY CUSTODIAN    09426551794"
"BM10723","Customer Purpose","gen38","2026-09-28","17:24:30","28/09/2026 17:24:22  gen38
LIVE VIEW CHECKED, NO SUSPICIOUS ACTIVITY OBSERVED, VAULT DOOR RELEASED REMOTELY BY CMS AND VAULT OPENED BY BRANCH STAFF, CONFIRMED BY A KEY CUSTODIAN 9173056224"
"BM10723","Final Vault Closing","gen29","2026-09-28","18:18:35","28/09/2026 18:18:31  gen29
LIVE VIEW CHECKED,NO SUSPICIOUS ACTIVITY OBSERVED,VAULT OPENING REQUEST FOR CLOSING PURPOSE VAULT DOOR RELEASED REMOTELY BY CMS AND VAULT OPEN BY BRANCH STAFF CONFIRMED BY KEY CUSTOODIAN  09173056224"
"BM10724","Customer Purpose","gen7","2026-09-28","12:21:00","28/09/2026 12:20:57  gen7
LIVE VIEW CHECKED, NO SUSPICIOUS ACTIVITY OBSERVED, VAULT DOOR RELEASED REMOTELY BY CMS AND VAULT OPENED BY BRANCH STAFF, CONFIRMED BY A KEY CUSTODIAN 6294361247"
"BM10724","Customer Purpose","gen20","2026-09-28","14:18:13","28/09/2026 14:18:10  gen20
LIVE VIEW CHECKED, NO SUSPICIOUS ACTIVITY OBSERVED, VAULT DOOR RELEASED REMOTELY BY CMS AND VAULT OPENED BY BRANCH STAFF, CONFIRMED BY A KEY CUSTODIAN   3  6294361247"
"BM10724","Final Vault Closing","gen39","2026-09-28","17:30:37","28/09/2026 17:30:32  gen39
LIVE VIEW CHECKED,NO SUSPICIOUS ACTIVITY OBSERVED,VAULT OPENING REQUEST FOR CLOSING PURPOSE VAULT DOOR RELEASED REMOTELY BY CMS AND VAULT OPEN BY BRANCH STAFF CONFIRMED BY KEY CUSTOODIAN 6294361247"
"BM10725","","admin","2026-09-28","09:27:27",""
"BM10725","Audit Purpose","gen24","2026-09-28","10:15:50","28/09/2026 10:15:47  gen24
LIVE VIEW CHECKED,NO SUSPICIOUS ACTIVITY OBSERVED,VAULT OPENING REQUEST FOR AUDIT, MAIL APPROVED BY Lokesh K , VAULT DOOR RELEASED REMOTELY BY CMS, AND VAULT OPENED BY BRANCH STAFF CONFIRMED BY A KEY CUSTOODIAN. 07022866043"
"BM10725","Audit Purpose","gen3","2026-09-28","14:56:21","28/09/2026 14:56:14  gen3
LIVE VIEW CHECKED,NO SUSPICIOUS ACTIVITY OBSERVED,VAULT OPENING REQUEST FOR AUDIT , MAIL APPROVED BY Lokesh K <lokeshk@iifl.com> VAULT DOOR RELEASED REMOTELY BY CMS, AND VAULT OPENED BY BRANCH STAFF CONFIRMED BY A KEY CUSTOODIAN. 07022866043"
"BM10725","Audit Check","iifl2","2026-09-28","16:10:21","28/09/2026 16:10:16  iifl2
TESTING BY AUDITOR SIR , CONFIRMED BY  TWOWAY COMMUNICATION ALL OK."
"BM10725","Final Vault Closing","gen12","2026-09-28","17:47:37","28/09/2026 17:47:33  gen12
LIVE VIEW CHECKED,NO SUSPICIOUS ACTIVITY OBSERVED,VAULT OPENING REQUEST FOR CLOSING PURPOSE VAULT DOOR RELEASED REMOTELY BY CMS AND VAULT OPEN BY BRANCH STAFF CONFIRMED BY KEY CUSTOODIAN 1/07022866043"
"BM10726","","admin","2026-09-28","09:21:18",""
"BM10726","Customer Purpose","gen33","2026-09-28","12:34:27","28/09/2026 12:34:22  gen33
LIVE VIEW CHECKED, NO SUSPICIOUS ACTIVITY OBSERVED, VAULT OPENING REQUEST FOR AUDIT/PACKET COUNTING NEEDS TO MAIL APPROVAL, AND NOT ALLOWED VAULT OPERATION, CALL TO KEY CUSTOODIAN. 09480908889"
"BM10726","Final Vault Closing","gen2","2026-09-28","17:38:52","28/09/2026 17:38:47  gen2
LIVE VIEW CHECKED, NO SUSPICIOUS ACTIVITY OBSERVED, VAULT DOOR RELEASED REMOTELY BY CMS AND VAULT OPENED BY BRANCH STAFF, CONFIRMED BY A KEY CUSTODIAN   3  9731988473"
"BM10726","","admin","2026-09-29","09:22:07",""
"BM10727","","admin","2026-09-28","09:14:50",""
"BM10727","Final Vault Closing","gen34","2026-09-28","17:53:39","28/09/2026 17:53:31  gen34
LIVE VIEW CHECKED,NO SUSPICIOUS ACTIVITY OBSERVED,VAULT OPENING REQUEST FOR CLOSING PURPOSE VAULT DOOR RELEASED REMOTELY BY CMS AND VAULT OPEN BY BRANCH STAFF CONFIRMED BY KEY CUSTOODIAN 9392260474"
"BM10727","","admin","2026-09-29","09:07:05",""
"BM10728","","admin","2026-09-28","09:25:58",""
"BM10728","Customer Purpose","gen36","2026-09-28","17:06:19","28/09/2026 17:06:14  gen36
LIVE VIEW CHECKED, NO SUSPICIOUS ACTIVITY OBSERVED, VAULT DOOR RELEASED REMOTELY BY CMS AND VAULT OPENED BY BRANCH STAFF, CONFIRMED BY A KEY CUSTODIAN  9591881004"
"BM10728","Final Vault Closing","gen32","2026-09-28","18:08:43","28/09/2026 18:08:43  gen32
LIVE VIEW CHECKED,NO SUSPICIOUS ACTIVITY OBSERVED,VAULT OPENING REQUEST FOR CLOSING PURPOSE VAULT DOOR RELEASED REMOTELY BY CMS AND VAULT OPEN BY BRANCH STAFF CONFIRMED BY KEY CUSTOODIAN     09535134593"
"BM10728","","admin","2026-09-29","09:27:53",""
"BM10729","Final Vault Closing","iifl2","2026-09-28","19:18:09","28/09/2026 19:18:06  iifl2
LIVE VIEW CHECKED,NO SUSPICIOUS ACTIVITY OBSERVED,VAULT OPENING REQUEST  FOR CLOSING AFTER WORKING HOUR, MAIL APPROVAL BY SREEDHARACHARI V  VAULT DOOR RELEASED REMOTELY BY CMS, AND VAULT OPENED BY BRANCH STAFF CONFIRMED BY A KEY CUSTOODIAN.1  07416515912"
"BM10729","","admin","2026-09-28","19:28:40",""
"BM10729","","admin","2026-09-29","09:27:53",""
"BM10730","","admin","2026-09-28","09:29:08",""
"BM10730","Customer Purpose","gen13","2026-09-28","16:22:02","28/09/2026 16:21:58  gen13
LIVE VIEW CHECKED, NO SUSPICIOUS ACTIVITY OBSERVED, VAULT DOOR RELEASED REMOTELY BY CMS AND VAULT OPENED BY BRANCH STAFF, CONFIRMED BY A KEY CUSTODIAN 2/06385226083"
"BM10730","Customer Purpose","gen7","2026-09-28","17:19:23","28/09/2026 17:19:19  gen7
LIVE VIEW CHECKED, NO SUSPICIOUS ACTIVITY OBSERVED, VAULT DOOR RELEASED REMOTELY BY CMS AND VAULT OPENED BY BRANCH STAFF, CONFIRMED BY A KEY CUSTODIAN 9629587947"
"BM10730","Final Vault Closing","gen37","2026-09-28","18:16:17","28/09/2026 18:16:05  gen37
LIVE VIEW CHECKED,NO SUSPICIOUS ACTIVITY OBSERVED,VAULT OPENING REQUEST FOR CLOSING PURPOSE VAULT DOOR RELEASED REMOTELY BY CMS AND VAULT OPEN BY BRANCH STAFF CONFIRMED BY KEY CUSTOODIAN 1 09629587947"
"BM10730","","admin","2026-09-29","09:27:04",""
"BM10731","","admin","2026-09-28","09:20:33",""
"BM10731","Customer Purpose","gen8","2026-09-28","14:35:02","28/09/2026 14:34:49  gen8
LIVE VIEW CHECKED, NO SUSPICIOUS ACTIVITY OBSERVED, VAULT DOOR RELEASED REMOTELY BY CMS AND VAULT OPENED BY BRANCH STAFF, CONFIRMED BY A KEY CUSTODIAN    2   9353220314"
"BM10731","Final Vault Closing","gen21","2026-09-28","17:57:52","28/09/2026 17:58:37  gen21
LIVE VIEW CHECKED,NO SUSPICIOUS ACTIVITY OBSERVED,VAULT OPENING REQUEST FOR CLOSING PURPOSE VAULT DOOR RELEASED REMOTELY BY CMS AND VAULT OPEN BY BRANCH STAFF CONFIRMED BY KEY CUSTOODIAN 1/  9353220314"
"BM10731","","admin","2026-09-29","09:26:11",""
"BM10733","","admin","2026-09-28","09:00:58",""
"BM10733","","admin","2026-09-28","09:05:03",""
"BM10733","","admin","2026-09-28","09:07:05",""
"BM10733","Final Vault Closing","gen10","2026-09-28","17:31:48","28/09/2026 17:31:43  gen10
LIVE VIEW CHECKED,NO SUSPICIOUS ACTIVITY OBSERVED,VAULT OPENING REQUEST FOR CLOSING PURPOSE VAULT DOOR RELEASED REMOTELY BY CMS AND VAULT OPEN BY BRANCH STAFF CONFIRMED BY KEY CUSTOODIAN  2......................7635930768"
"BM10733","","admin","2026-09-29","08:59:55",""
"BM10734","","admin","2026-09-28","09:25:14",""
"BM10734","Customer Purpose","gen3","2026-09-28","12:09:06","28/09/2026 12:09:02  gen3
LIVE VIEW CHECKED, NO SUSPICIOUS ACTIVITY OBSERVED, VAULT DOOR RELEASED REMOTELY BY CMS AND VAULT OPENED BY BRANCH STAFF, CONFIRMED BY A KEY CUSTODIAN 06304431457"
"BM10734","Customer Purpose","gen4","2026-09-28","17:39:37","28/09/2026 17:39:34  gen4
LIVE VIEW CHECKED, NO SUSPICIOUS ACTIVITY OBSERVED, VAULT DOOR RELEASED REMOTELY BY CMS AND VAULT OPENED BY BRANCH STAFF, CONFIRMED BY A KEY CUSTODIAN  6304431457"
"BM10734","","admin","2026-09-29","09:24:27",""
"BM10735","Customer Purpose","gen29","2026-09-28","13:03:06","28/09/2026 13:03:03  gen29
LIVE VIEW CHECKED, NO SUSPICIOUS ACTIVITY OBSERVED, VAULT DOOR RELEASED REMOTELY BY CMS AND VAULT OPENED BY BRANCH STAFF, CONFIRMED BY A KEY CUSTODIAN 8309572685"
"BM10735","Customer Purpose","gen30","2026-09-28","15:16:00","28/09/2026 15:15:43  gen30
LIVE VIEW CHECKED, NO SUSPICIOUS ACTIVITY OBSERVED, VAULT DOOR RELEASED REMOTELY BY CMS AND VAULT OPENED BY BRANCH STAFF, CONFIRMED BY A KEY CUSTODIAN 3 .8309572685"
"BM10735","Final Vault Closing","gen9","2026-09-28","18:06:30","28/09/2026 18:06:22  gen9
LIVE VIEW CHECKED,NO SUSPICIOUS ACTIVITY OBSERVED,VAULT OPENING REQUEST FOR CLOSING PURPOSE VAULT DOOR RELEASED REMOTELY BY CMS AND VAULT OPEN BY BRANCH STAFF CONFIRMED BY KEY CUSTOODIAN        1     09642861672"
"BM10736","","admin","2026-09-28","09:29:12",""
"BM10736","Customer Purpose","gen5","2026-09-28","11:21:25","28/09/2026 11:21:18  gen5
LIVE VIEW CHECKED, NO SUSPICIOUS ACTIVITY OBSERVED, VAULT DOOR RELEASED REMOTELY BY CMS AND VAULT OPENED BY BRANCH STAFF, CONFIRMED BY A KEY CUSTODIAN  1,,,,,,,,,,,,,, 07738312192"
"BM10736","Final Vault Closing","gen2","2026-09-28","17:43:06","28/09/2026 17:43:03  gen2
LIVE VIEW CHECKED, NO SUSPICIOUS ACTIVITY OBSERVED, VAULT DOOR RELEASED REMOTELY BY CMS AND VAULT OPENED BY BRANCH STAFF, CONFIRMED BY A KEY CUSTODIAN   1   7738312192"
"BM10736","","admin","2026-09-29","09:16:49",""
"BM10737","Customer Purpose","gen34","2026-09-28","13:31:39","28/09/2026 13:31:34  gen34
LIVE VIEW CHECKED, NO SUSPICIOUS ACTIVITY OBSERVED, VAULT DOOR RELEASED REMOTELY BY CMS AND VAULT OPENED BY BRANCH STAFF, CONFIRMED BY A KEY CUSTODIAN 9630612826"
"BM10737","Final Vault Closing","gen2","2026-09-28","18:28:39","28/09/2026 18:28:36  gen2
LIVE VIEW CHECKED, NO SUSPICIOUS ACTIVITY OBSERVED, VAULT DOOR RELEASED REMOTELY BY CMS AND VAULT OPENED BY BRANCH STAFF, CONFIRMED BY A KEY CUSTODIAN  1   9630612826"
"BM10738","Customer Purpose","gen39","2026-09-28","16:12:33","28/09/2026 16:12:29  gen39
LIVE VIEW CHECKED, NO SUSPICIOUS ACTIVITY OBSERVED, VAULT DOOR RELEASED REMOTELY BY CMS AND VAULT OPENED BY BRANCH STAFF, CONFIRMED BY A KEY CUSTODIAN  8838877568"
"BM10738","Final Vault Closing","gen15","2026-09-28","17:39:42","28/09/2026 17:39:36  gen15
LIVE VIEW CHECKED,NO SUSPICIOUS ACTIVITY OBSERVED,VAULT OPENING REQUEST FOR CLOSING PURPOSE VAULT DOOR RELEASED REMOTELY BY CMS AND VAULT OPEN BY BRANCH STAFF CONFIRMED BY KEY CUSTOODIAN 2 8838877568"
"BM10738","","admin","2026-09-29","09:26:10",""
"BM10740","","admin","2026-09-28","09:26:46",""
"BM10740","Final Vault Closing","gen11","2026-09-28","17:58:28","28/09/2026 17:58:24  gen11
LIVE VIEW CHECKED,NO SUSPICIOUS ACTIVITY OBSERVED,VAULT OPENING REQUEST FOR CLOSING PURPOSE VAULT DOOR RELEASED REMOTELY BY CMS AND VAULT OPEN BY BRANCH STAFF CONFIRMED BY KEY CUSTOODIAN 1  7842514245"
"BM10740","","admin","2026-09-29","09:27:55",""
"BM10741","","admin","2026-09-28","09:29:08",""
"BM10741","Not Responded","gen4","2026-09-28","10:07:53","28/09/2026 10:07:47  gen4
LIVE VIEW CHECKED, NO SUSPICIOUS ACTIVITY OBSERVED. CALL TO KC 1/2/3 BUT NOT RESPONDED.   7799078585     9381452472    8500355784"
"BM10741","Audit Purpose","gen3","2026-09-28","10:11:03","28/09/2026 10:10:57  gen3
LIVE VIEW CHECKED,NO SUSPICIOUS ACTIVITY OBSERVED,VAULT OPENING REQUEST FOR AUDIT, MAIL APPROVED BY Venkatesh Javvadi <venkatesh.javvadi@iifl.com>, VAULT DOOR RELEASED REMOTELY BY CMS, AND VAULT OPENED BY BRANCH STAFF CONFIRMED BY A KEY CUSTOODIAN. 08500355784"
"BM10741","Audit Check","gen3","2026-09-28","11:27:20","28/09/2026 11:27:15  gen3
TESTING BY AUDITOR SIR, CONFIRMED BY TWO WAY."
"BM10741","Audit Purpose","gen14","2026-09-28","13:14:38","28/09/2026 13:14:34  gen14
LIVE VIEW CHECKED,NO SUSPICIOUS ACTIVITY OBSERVED,VAULT OPENING REQUEST FOR AUDIT, MAIL APPROVED BY Venkatesh Javvadi , VAULT DOOR RELEASED REMOTELY BY CMS, AND VAULT OPENED BY BRANCH STAFF CONFIRMED BY A KEY CUSTOODIAN   07799078585"
"BM10741","Audit Purpose","gen22","2026-09-28","14:19:06","28/09/2026 14:19:02  gen22
LIVE VIEW CHECKED,NO SUSPICIOUS ACTIVITY OBSERVED,VAULT OPENING REQUEST FOR AUDIT, MAIL APPROVED BY Venkatesh Javvadi <venkatesh.javvadi@iifl.com> , VAULT DOOR RELEASED REMOTELY BY CMS, AND VAULT OPENED BY BRANCH STAFF CONFIRMED BY A KEY CUSTOODIAN.1/9381452472"
"BM10741","Audit Purpose","gen20","2026-09-28","17:51:51","28/09/2026 17:51:45  gen20
LIVE VIEW CHECKED,NO SUSPICIOUS ACTIVITY OBSERVED,VAULT OPENING REQUEST FOR AUDIT, MAIL APPROVED BY   Venkatesh Javvadi <venkatesh.javvadi@iifl.com>, VAULT DOOR RELEASED REMOTELY BY CMS, AND VAULT OPENED BY BRANCH STAFF CONFIRMED BY A KEY CUSTOODIAN.  3  09381452472"
"BM10741","Not Operate","gen30","2026-09-28","17:59:48","28/09/2026 17:59:27  gen30
LIVE VIEW CHECKED,NO SUSPICIOUS ACTIVITY OBSERVED,NO NEED TO OPERATE VAULT CONFIRMED BY KEY CUSTOODIAN.1 .7799078585"
"BM10741","Final Vault Closing","gen4","2026-09-28","18:10:04","28/09/2026 18:10:01  gen4
LIVE VIEW CHECKED,NO SUSPICIOUS ACTIVITY OBSERVED,VAULT OPENING REQUEST FOR CLOSING PURPOSE VAULT DOOR RELEASED REMOTELY BY CMS AND VAULT OPEN BY BRANCH STAFF CONFIRMED BY KEY CUSTOODIAN 
   9381452472"
"BM10741","","admin","2026-09-29","09:26:12",""
"BM10743","Customer Purpose","gen30","2026-09-28","13:30:50","28/09/2026 13:30:33  gen30
LIVE VIEW CHECKED, NO SUSPICIOUS ACTIVITY OBSERVED, VAULT DOOR RELEASED REMOTELY BY CMS AND VAULT OPENED BY BRANCH STAFF, CONFIRMED BY A KEY CUSTODIAN 1 .7001602746"
"BM10745","Not Responded","gen2","2026-09-28","18:03:51","28/09/2026 18:03:45  gen2
LIVE VIEW CHECKED, NO SUSPICIOUS ACTIVITY OBSERVED. CALL TO KC      1  9560498339    2     09318460443    BUT NOT RESPONDED."
"BM10745","Not Responded","gen48","2026-09-28","18:17:35","28/09/2026 18:17:23  gen48
LIVE VIEW CHECKED, NO SUSPICIOUS ACTIVITY OBSERVED. CALL TO KC 1/09318460443  AND KC  2   9560498339  BUT NOT RESPONDED."
"BM10745","Final Vault Closing","gen11","2026-09-28","18:20:54","28/09/2026 18:20:50  gen11
LIVE VIEW CHECKED,NO SUSPICIOUS ACTIVITY OBSERVED,VAULT OPENING REQUEST FOR CLOSING PURPOSE VAULT DOOR RELEASED REMOTELY BY CMS AND VAULT OPEN BY BRANCH STAFF CONFIRMED BY KEY CUSTOODIAN 1  9560498339"
"BM10746","","admin","2026-09-28","09:23:35",""
"BM10746","Customer Purpose","gen36","2026-09-28","12:45:16","28/09/2026 12:45:14  gen36
LIVE VIEW CHECKED, NO SUSPICIOUS ACTIVITY OBSERVED, VAULT DOOR RELEASED REMOTELY BY CMS AND VAULT OPENED BY BRANCH STAFF, CONFIRMED BY A KEY CUSTODIAN  9052899855"
"BM10746","Customer Purpose","gen4","2026-09-28","13:30:36","28/09/2026 13:30:30  gen4
LIVE VIEW CHECKED, NO SUSPICIOUS ACTIVITY OBSERVED, VAULT DOOR RELEASED REMOTELY BY CMS AND VAULT OPENED BY BRANCH STAFF, CONFIRMED BY A KEY CUSTODIAN   6303112257"
"BM10746","Final Vault Closing","gen33","2026-09-28","18:25:26","28/09/2026 18:25:07  gen33
LIVE VIEW CHECKED,NO SUSPICIOUS ACTIVITY OBSERVED,VAULT OPENING REQUEST FOR CLOSING PURPOSE VAULT DOOR RELEASED REMOTELY BY CMS AND VAULT OPEN BY BRANCH STAFF CONFIRMED BY KEY CUSTOODIAN 09052899855"
"BM10748","Not Allowed","gen30","2026-09-28","10:46:43","28/09/2026 10:46:24  gen30
LIVE VIEW CHECKED, NO SUSPICIOUS ACTIVITY OBSERVED, VAULT OPENING REQUEST FOR AUDIT NEEDS TO MAIL APPROVAL, AND NOT ALLOWED VAULT OPERATION, CALL TO KEY CUSTOODIAN.1 .8320700019"
"BM10748","Audit Purpose","gen10","2026-09-28","10:59:41","28/09/2026 10:59:38  gen10
LIVE VIEW CHECKED,NO SUSPICIOUS ACTIVITY OBSERVED,VAULT OPENING REQUEST FOR AUDIT MAIL APPROVED BYSandeep Parekh <sandeep.parekh@iifl.com> VAULT DOOR RELEASED REMOTELY BY CMS, AND VAULT OPENED BY BRANCH STAFF CONFIRMED BY A KEY CUSTOODIAN.1  8320700019


without gaurd 28-Sep-2026 28-Sep-2026    Bhavinkumar Pansheria <bhavinkumar.pansheria@iifl.com>"
"BM10748","Not Operate","gen30","2026-09-28","14:47:13","28/09/2026 14:46:55  gen30
LIVE VIEW CHECKED,NO SUSPICIOUS ACTIVITY OBSERVED,NO NEED TO OPERATE VAULT CONFIRMED BY KEY CUSTOODIAN.1 .8320700019"
"BM10748","Audit Purpose","gen12","2026-09-28","15:04:23","28/09/2026 15:04:18  gen12
LIVE VIEW CHECKED,NO SUSPICIOUS ACTIVITY OBSERVED,VAULT OPENING REQUEST FOR AUDIT MAIL APPROVED BY Sandeep Parekh <sandeep.parekh@iifl.com>, VAULT DOOR RELEASED REMOTELY BY CMS, AND VAULT OPENED BY BRANCH STAFF CONFIRMED BY A KEY CUSTOODIAN.08155841052"
"BM10748","Audit Check","gen3","2026-09-28","15:09:11","28/09/2026 15:09:04  gen3
TESTING BY AUDITOR SIR , CONFIRMED BY TWO WAY COMMUNICATION . ALL OK."
"BM10748","Audit Check","gen3","2026-09-28","15:10:18","28/09/2026 15:10:12  gen3
TESTING BY AUDITOR SIR , CONFIRMED BY TWO WAY COMMUNICATION . ALL OK."
"BM10748","Audit Check","gen3","2026-09-28","15:10:46","28/09/2026 15:10:38  gen3
TESTING BY AUDITOR SIR , CONFIRMED BY TWO WAY COMMUNICATION . ALL OK."
"BM10748","Audit Check","gen3","2026-09-28","15:11:23","28/09/2026 15:11:18  gen3
TESTING BY AUDITOR SIR , CONFIRMED BY TWO WAY"
"BM10748","Audit Purpose","gen7","2026-09-28","16:33:56","28/09/2026 16:33:48  gen7
LIVE VIEW CHECKED,NO SUSPICIOUS ACTIVITY OBSERVED,VAULT OPENING REQUEST FOR AUDIT  MAIL APPROVED BY Sandeep Parekh , VAULT DOOR RELEASED REMOTELY BY CMS, AND VAULT OPENED BY BRANCH STAFF CONFIRMED BY A KEY CUSTOODIAN.2-8155841052"
"BM10748","Audit Purpose","gen3","2026-09-28","16:52:16","28/09/2026 16:52:09  gen3
LIVE VIEW CHECKED,NO SUSPICIOUS ACTIVITY OBSERVED,VAULT OPENING REQUEST FOR AUDIT, MAIL APPROVED BY  Sandeep Parekh <sandeep.parekh@iifl.com> VAULT DOOR RELEASED REMOTELY BY CMS, AND VAULT OPENED BY BRANCH STAFF CONFIRMED BY A KEY CUSTOODIAN. 08155841052"
"BM10749","","admin","2026-09-28","09:25:57",""
"BM10749","Audit Purpose","gen36","2026-09-28","11:03:08","28/09/2026 11:02:59  gen36
DUE TO NETWORK ISSUE VIDEO VERIFICATION ON WHATSAPP VIDEO CALL,NO SUSPICIOUS ACTIVITY OBSERVED,VAULT OPENING REQUEST FOR AUDIT ,MAIL APPROVED BY Shankar Jayakumar VAULT DOOR RELEASED MANUALLY BY CMS AND VAULT OPEN BY STAF CONFIRMED BY KEY CUSTOODIAN  09360122329"
"BM10749","Audit Purpose","gen10","2026-09-28","13:10:05","28/09/2026 13:10:02  gen10
LIVE VIEW CHECKED,NO SUSPICIOUS ACTIVITY OBSERVED,VAULT OPENING REQUEST FOR AUDIT, MAIL APPROVED BY Shankar Jayakumar, VAULT DOOR RELEASED REMOTELY BY CMS, AND VAULT OPENED BY BRANCH STAFF CONFIRMED BY A KEY CUSTOODIAN. 2.....................8695356911"
"BM10749","Audit Purpose","gen19","2026-09-28","14:08:58","28/09/2026 14:08:18  gen19
LIVE VIEW CHECKED,NO SUSPICIOUS ACTIVITY OBSERVED,VAULT OPENING REQUEST FOR AUDIT MAIL APPROVED BY Shankar Jayakumar  VAULT DOOR RELEASED REMOTELY BY CMS, AND VAULT OPENED BY BRANCH STAFF CONFIRMED BY A KEY CUSTOODIAN

28/09/2026 14:08:54  gen19
LIVE VIEW CHECKED,NO SUSPICIOUS ACTIVITY OBSERVED,VAULT OPENING REQUEST FOR AUDIT MAIL APPROVED BY Shankar Jayakumar  VAULT DOOR RELEASED REMOTELY BY CMS, AND VAULT OPENED BY BRANCH STAFF CONFIRMED BY A KEY CUSTOODIAN 8695356911"
"BM10749","Audit Purpose","gen30","2026-09-28","15:01:30","28/09/2026 15:01:12  gen30
LIVE VIEW CHECKED,NO SUSPICIOUS ACTIVITY OBSERVED,VAULT OPENING REQUEST FOR AUDIT MAIL APPROVED BY Shankar Jayakumar, VAULT DOOR RELEASED REMOTELY BY CMS, AND VAULT OPENED BY BRANCH STAFF CONFIRMED BY A KEY CUSTOODIAN.1 .8695356911"
"BM10749","Audit Purpose","gen25","2026-09-28","16:37:29","28/09/2026 16:37:25  gen25
LIVE VIEW CHECKED,NO SUSPICIOUS ACTIVITY OBSERVED,VAULT OPENING REQUEST FOR AUDIT, MAIL APPROVED BY Shankar Jayakumar <shankar.jayakumar@iifl.com>, VAULT DOOR RELEASED REMOTELY BY CMS, AND VAULT OPENED BY BRANCH STAFF CONFIRMED BY A KEY CUSTOODIAN.    1     08695356911"
"BM10749","Audit Purpose","gen36","2026-09-28","17:15:56","28/09/2026 17:15:51  gen36
LIVE VIEW CHECKED,NO SUSPICIOUS ACTIVITY OBSERVED,VAULT OPENING REQUEST FOR AUDIT, MAIL APPROVED BY Shankar Jayakumar, VAULT DOOR RELEASED REMOTELY BY CMS, AND VAULT OPENED BY BRANCH STAFF CONFIRMED BY A KEY CUSTOODIAN.   8695356911"
"BM10749","Audit Check","gen15","2026-09-28","17:25:04","28/09/2026 17:24:54  gen15
TESTING,  AUDITOR CONFIRMED BY TWOWAY ALL OK."
"BM10749","Audit Check","gen15","2026-09-28","17:25:33","28/09/2026 17:25:16  gen15
TESTING,  AUDITOR CONFIRMED BY TWOWAY ALL OK."
"BM10749","Audit Check","gen15","2026-09-28","17:25:57","28/09/2026 17:25:48  gen15
TESTING,  AUDITOR CONFIRMED BY TWOWAY ALL OK."
"BM10749","Audit Check","gen15","2026-09-28","17:26:19","28/09/2026 17:26:13  gen15
TESTING,  AUDITOR CONFIRMED BY TWOWAY ALL OK."
"BM10749","Audit Check","gen15","2026-09-28","17:26:39","28/09/2026 17:26:31  gen15
TESTING,  AUDITOR CONFIRMED BY TWOWAY ALL OK."
"BM10749","Audit Check","gen15","2026-09-28","17:26:58","28/09/2026 17:26:50  gen15
TESTING,  AUDITOR CONFIRMED BY TWOWAY ALL OK."
"BM10749","","admin","2026-09-28","18:34:49",""
"BM10749","","admin","2026-09-29","09:28:56",""
"BM10750","Final Vault Closing","gen25","2026-09-28","18:29:30","28/09/2026 18:29:22  gen25
LIVE VIEW CHECKED,NO SUSPICIOUS ACTIVITY OBSERVED,VAULT OPENING REQUEST FOR CLOSING PURPOSE VAULT DOOR RELEASED REMOTELY BY CMS AND VAULT OPEN BY BRANCH STAFF CONFIRMED BY KEY CUSTOODIAN      1     07600260075"
"BM10750","","admin","2026-09-28","18:49:50",""
"BM10754","Audit Purpose","gen6","2026-09-28","12:50:22","28/09/2026 12:50:18  gen6
LIVE VIEW CHECKED,NO SUSPICIOUS ACTIVITY OBSERVED,VAULT OPENING REQUEST FOR AUDIT MAIL APPROVED BY Bijumon P , VAULT DOOR RELEASED REMOTELY BY CMS, AND VAULT OPENED BY BRANCH STAFF CONFIRMED BY A KEY CUSTOODIAN. 09664060636"
"BM10754","Audit Check","gen8","2026-09-28","14:31:41","28/09/2026 14:31:30  gen8
TESTING      BY AUDIT SIR , CONFIRMED BY    TWO WAY AND KC    2     9664060636      , ALL OK."
"BM10754","Audit Purpose","gen13","2026-09-28","14:59:52","28/09/2026 14:59:46  gen13
LIVE VIEW CHECKED,NO SUSPICIOUS ACTIVITY OBSERVED,VAULT OPENING REQUEST FOR AUDIT, MAIL APPROVED BY Bijumon P <bijumon.p@iifl.com>, VAULT DOOR RELEASED REMOTELY BY CMS, AND VAULT OPENED BY BRANCH STAFF CONFIRMED BY A KEY CUSTOODIAN2/09664060636"
"BM10754","Final Vault Closing","gen22","2026-09-28","18:06:31","28/09/2026 18:06:12  gen22
LIVE VIEW CHECKED,NO SUSPICIOUS ACTIVITY OBSERVED,VAULT OPENING REQUEST FOR CLOSING PURPOSE VAULT DOOR RELEASED REMOTELY BY CMS AND VAULT OPEN BY BRANCH STAFF CONFIRMED BY KEY CUSTOODIAN  1  9024240249"
"BM10754","","admin","2026-09-28","18:39:08",""
"BM10756","Customer Purpose","gen23","2026-09-28","15:05:06","28/09/2026 15:05:02  gen23
LIVE VIEW CHECKED, NO SUSPICIOUS ACTIVITY OBSERVED, VAULT DOOR RELEASED REMOTELY BY CMS AND VAULT OPENED BY BRANCH STAFF, CONFIRMED BY A KEY CUSTODIAN//07701906372"
"BM10756","","admin","2026-09-28","18:37:10",""
"BM10757","","admin","2026-09-28","18:35:28",""
"BM10758","","admin","2026-09-28","18:32:51",""
"BM10759","Customer Purpose","gen28","2026-09-28","15:29:16","28/09/2026 15:29:11  gen28
LIVE VIEW CHECKED, NO SUSPICIOUS ACTIVITY OBSERVED, VAULT DOOR RELEASED REMOTELY BY CMS AND VAULT OPENED BY BRANCH STAFF, CONFIRMED BY A KEY CUSTODIAN   07889328913"
"BM10759","Customer Purpose","gen22","2026-09-28","16:01:49","28/09/2026 16:01:45  gen22
LIVE VIEW CHECKED, NO SUSPICIOUS ACTIVITY OBSERVED, VAULT DOOR RELEASED REMOTELY BY CMS AND VAULT OPENED BY BRANCH STAFF, CONFIRMED BY A KEY CUSTODIAN   1   7889328913"
"BM10759","Final Vault Closing","gen33","2026-09-28","17:26:20","28/09/2026 17:26:14  gen33
LIVE VIEW CHECKED,NO SUSPICIOUS ACTIVITY OBSERVED,VAULT OPENING REQUEST FOR CLOSING PURPOSE VAULT DOOR RELEASED REMOTELY BY CMS AND VAULT OPEN BY BRANCH STAFF CONFIRMED BY KEY CUSTOODIAN 07889328913"
"BM10761","Customer Purpose","gen11","2026-09-28","11:44:44","28/09/2026 11:44:41  gen11
LIVE VIEW CHECKED, NO SUSPICIOUS ACTIVITY OBSERVED, VAULT DOOR RELEASED REMOTELY BY CMS AND VAULT OPENED BY BRANCH STAFF, CONFIRMED BY A KEY CUSTODIAN     2      9350494430"
"BM10761","Customer Purpose","gen9","2026-09-28","15:35:32","28/09/2026 15:35:30  gen9
LIVE VIEW CHECKED, NO SUSPICIOUS ACTIVITY OBSERVED, VAULT DOOR RELEASED REMOTELY BY CMS AND VAULT OPENED BY BRANCH STAFF, CONFIRMED BY A KEY CUSTODIAN       2     09350494430"
"BM10761","Customer Purpose","gen15","2026-09-28","15:40:34","28/09/2026 15:40:29  gen15
LIVE VIEW CHECKED, NO SUSPICIOUS ACTIVITY OBSERVED, VAULT DOOR RELEASED REMOTELY BY CMS AND VAULT OPENED BY BRANCH STAFF, CONFIRMED BY A KEY CUSTODIAN 2 9350494430"
"BM10761","Customer Purpose","gen9","2026-09-28","16:34:03","28/09/2026 16:33:47  gen9
LIVE VIEW CHECKED, NO SUSPICIOUS ACTIVITY OBSERVED, VAULT DOOR RELEASED REMOTELY BY CMS AND VAULT OPENED BY BRANCH STAFF, CONFIRMED BY A KEY CUSTODIAN    2     09350494430"
"BM10761","Final Vault Closing","gen19","2026-09-28","18:05:06","28/09/2026 18:05:02  gen19
LIVE VIEW CHECKED,NO SUSPICIOUS ACTIVITY OBSERVED,VAULT OPENING REQUEST FOR CLOSING PURPOSE VAULT DOOR RELEASED REMOTELY BY CMS AND VAULT OPEN BY BRANCH STAFF CONFIRMED BY KEY CUSTOODIAN 9350494430"
"BM10761","","admin","2026-09-28","18:34:47",""
"BM10762","Final Vault Closing","gen6","2026-09-28","17:28:21","28/09/2026 17:28:17  gen6
LIVE VIEW CHECKED,NO SUSPICIOUS ACTIVITY OBSERVED,VAULT OPENING REQUEST FOR CLOSING PURPOSE VAULT DOOR RELEASED REMOTELY BY CMS AND VAULT OPEN BY BRANCH STAFF CONFIRMED BY KEY CUSTOODIAN  08158885826"
"BM10762","","admin","2026-09-29","09:28:49",""
"BM10763","","admin","2026-09-28","09:21:20",""
"BM10763","Customer Purpose","gen32","2026-09-28","14:32:29","28/09/2026 14:32:07  gen32
LIVE VIEW CHECKED, NO SUSPICIOUS ACTIVITY OBSERVED, VAULT DOOR RELEASED REMOTELY BY CMS AND VAULT OPENED BY BRANCH STAFF, CONFIRMED BY A KEY CUSTODIAN            08790950799"
"BM10763","Customer Purpose","gen4","2026-09-28","17:50:42","28/09/2026 17:50:39  gen4
LIVE VIEW CHECKED, NO SUSPICIOUS ACTIVITY OBSERVED, VAULT DOOR RELEASED REMOTELY BY CMS AND VAULT OPENED BY BRANCH STAFF, CONFIRMED BY A KEY CUSTODIAN   8790950799"
"BM10763","Final Vault Closing","gen25","2026-09-28","18:46:35","28/09/2026 18:46:30  gen25
LIVE VIEW CHECKED,NO SUSPICIOUS ACTIVITY OBSERVED,VAULT OPENING REQUEST FOR CLOSING PURPOSE VAULT DOOR RELEASED REMOTELY BY CMS AND VAULT OPEN BY BRANCH STAFF CONFIRMED BY KEY CUSTOODIAN    1     09502325548"
"BM10763","","admin","2026-09-29","09:19:09",""
"BM10764","","admin","2026-09-28","09:29:07",""
"BM10764","Customer Purpose","gen37","2026-09-28","10:55:27","28/09/2026 10:55:23  gen37
LIVE VIEW CHECKED, NO SUSPICIOUS ACTIVITY OBSERVED, VAULT DOOR RELEASED REMOTELY BY CMS AND VAULT OPENED BY BRANCH STAFF, CONFIRMED BY A KEY CUSTODIAN  1 09110301448"
"BM10764","Customer Purpose","gen17","2026-09-28","13:47:05","28/09/2026 13:47:02  gen17
LIVE VIEW CHECKED, NO SUSPICIOUS ACTIVITY OBSERVED, VAULT DOOR RELEASED REMOTELY BY CMS AND VAULT OPENED BY BRANCH STAFF, CONFIRMED BY A KEY CUSTODIAN   1...09110301448"
"BM10764","Final Vault Closing","gen23","2026-09-28","18:20:45","28/09/2026 18:20:40  gen23
LIVE VIEW CHECKED,NO SUSPICIOUS ACTIVITY OBSERVED,VAULT OPENING REQUEST FOR CLOSING PURPOSE VAULT DOOR RELEASED REMOTELY BY CMS AND VAULT OPEN BY BRANCH STAFF CONFIRMED BY KEY CUSTOODIAN //09493232605"
"BM10764","","admin","2026-09-28","18:37:25",""
"BM10764","","admin","2026-09-29","09:19:13",""
"BM10765","Customer Purpose","gen3","2026-09-28","12:11:58","28/09/2026 12:11:52  gen3
LIVE VIEW CHECKED, NO SUSPICIOUS ACTIVITY OBSERVED, VAULT DOOR RELEASED REMOTELY BY CMS AND VAULT OPENED BY BRANCH STAFF, CONFIRMED BY A KEY CUSTODIAN 09675152043"
"BM10765","Final Vault Closing","gen25","2026-09-28","18:59:25","28/09/2026 18:59:20  gen25
LIVE VIEW CHECKED,NO SUSPICIOUS ACTIVITY OBSERVED,VAULT OPENING REQUEST FOR CLOSING PURPOSE VAULT DOOR RELEASED REMOTELY BY CMS AND VAULT OPEN BY BRANCH STAFF CONFIRMED BY KEY CUSTOODIAN     1     07078405780"
"BM10765","","admin","2026-09-28","19:05:30",""
"BM10766","","admin","2026-09-28","09:27:28",""
"BM10766","Customer Purpose","gen5","2026-09-28","10:49:14","28/09/2026 10:49:11  gen5
LIVE VIEW CHECKED, NO SUSPICIOUS ACTIVITY OBSERVED, VAULT DOOR RELEASED REMOTELY BY CMS AND VAULT OPENED BY BRANCH STAFF, CONFIRMED BY A KEY CUSTODIAN  2,,,,,,,,,,,,,, 09090303252"
"BM10766","Customer Purpose","gen","2026-09-28","11:25:35","28/09/2026 11:25:32  gen
LIVE VIEW CHECKED, NO SUSPICIOUS ACTIVITY OBSERVED, VAULT DOOR RELEASED REMOTELY BY CMS AND VAULT OPENED BY BRANCH STAFF, CONFIRMED BY A KEY CUSTODIAN    9090303252"
"BM10766","Customer Purpose","gen23","2026-09-28","13:12:16","28/09/2026 13:12:10  gen23
LIVE VIEW CHECKED, NO SUSPICIOUS ACTIVITY OBSERVED, VAULT DOOR RELEASED REMOTELY BY CMS AND VAULT OPENED BY BRANCH STAFF, CONFIRMED BY A KEY CUSTODIAN//09090303252"
"BM10766","Customer Purpose","gen38","2026-09-28","15:19:06","28/09/2026 15:19:02  gen38
LIVE VIEW CHECKED, NO SUSPICIOUS ACTIVITY OBSERVED, VAULT DOOR RELEASED REMOTELY BY CMS AND VAULT OPENED BY BRANCH STAFF, CONFIRMED BY A KEY CUSTODIAN 7008215156"
"BM10766","Final Vault Closing","gen20","2026-09-28","17:45:21","28/09/2026 17:45:09  gen20
LIVE VIEW CHECKED,NO SUSPICIOUS ACTIVITY OBSERVED,VAULT OPENING REQUEST FOR CLOSING PURPOSE VAULT DOOR RELEASED REMOTELY BY CMS AND VAULT OPEN BY BRANCH STAFF CONFIRMED BY KEY CUSTOODIAN 1/   09090303252"
"BM10766","","admin","2026-09-28","19:01:51",""
"BM10766","","admin","2026-09-29","09:25:19",""
"BM10767","","admin","2026-09-28","09:27:27",""
"BM10767","","admin","2026-09-28","18:37:06",""
"BM10768","Final Vault Closing","gen23","2026-09-28","18:11:36","28/09/2026 18:11:32  gen23
LIVE VIEW CHECKED,NO SUSPICIOUS ACTIVITY OBSERVED,VAULT OPENING REQUEST FOR CLOSING PURPOSE VAULT DOOR RELEASED REMOTELY BY CMS AND VAULT OPEN BY BRANCH STAFF CONFIRMED BY KEY CUSTOODIAN ///07908312908"
"BM10768","","admin","2026-09-28","18:33:08",""
"BM10769","","admin","2026-09-28","09:18:23",""
"BM10769","Audit Purpose","gen22","2026-09-28","12:29:36","28/09/2026 12:29:32  gen22
LIVE VIEW CHECKED,NO SUSPICIOUS ACTIVITY OBSERVED,VAULT OPENING REQUEST FOR AUDIT, MAIL APPROVED BY Shankar Jayakumar , VAULT DOOR RELEASED REMOTELY BY CMS, AND VAULT OPENED BY BRANCH STAFF CONFIRMED BY A KEY CUSTOODIAN.1/8072635258"
"BM10769","Audit Purpose","gen2","2026-09-28","14:26:42","28/09/2026 14:26:39  gen2
LIVE VIEW CHECKED,NO SUSPICIOUS ACTIVITY OBSERVED,VAULT OPENING REQUEST FOR AUDIT , MAIL APPROVED BY     Shankar Jayakumar    VAULT DOOR RELEASED REMOTELY BY CMS, AND VAULT OPENED BY BRANCH STAFF CONFIRMED BY A KEY CUSTOODIAN.  2  8072635258"
"BM10769","Audit Purpose","gen35","2026-09-28","15:09:22","28/09/2026 15:09:11  gen35
LIVE VIEW CHECKED,NO SUSPICIOUS ACTIVITY OBSERVED,VAULT OPENING REQUEST FOR AUDIT MAIL APPROVED BY Shankar Jayakumar <shankar.jayakumar@iifl.com>, VAULT DOOR RELEASED REMOTELY BY CMS, AND VAULT OPENED BY BRANCH STAFF CONFIRMED BY A KEY CUSTOODIAN.  08072635258"
"BM10769","Audit Purpose","gen16","2026-09-28","17:04:49","28/09/2026 17:04:40  gen16
LIVE VIEW CHECKED,NO SUSPICIOUS ACTIVITY OBSERVED,VAULT OPENING REQUEST FOR AUDIT, MAIL APPROVED BY Shankar Jayakumar, VAULT DOOR RELEASED REMOTELY BY CMS, AND VAULT OPENED BY BRANCH STAFF CONFIRMED BY A KEY CUSTOODIAN.  8072635258"
"BM10769","Audit Purpose","gen33","2026-09-28","17:46:23","28/09/2026 17:46:17  gen33
LIVE VIEW CHECKED,NO SUSPICIOUS ACTIVITY OBSERVED,VAULT OPENING REQUEST FOR AUDIT, MAIL APPROVED BY Shankar Jayakumar <shankar.jayakumar@iifl.com>, VAULT DOOR RELEASED REMOTELY BY CMS, AND VAULT OPENED BY BRANCH STAFF CONFIRMED BY A KEY CUSTOODIAN  
08072635258"
"BM10769","Audit Check","gen26","2026-09-28","17:55:36","28/09/2026 17:55:26  gen26
TESTING BY AUDITOR SIR , CONFIRMED BY KEY  TWO WAY COMMUNICATION"
"BM10769","Audit Check","gen26","2026-09-28","17:55:53",""
"BM10769","","admin","2026-09-28","18:44:41",""
"BM10769","","admin","2026-09-29","09:18:21",""
"BM10771","Customer Purpose","gen5","2026-09-28","10:52:58","28/09/2026 10:52:52  gen5
LIVE VIEW CHECKED, NO SUSPICIOUS ACTIVITY OBSERVED, VAULT DOOR RELEASED REMOTELY BY CMS AND VAULT OPENED BY BRANCH STAFF, CONFIRMED BY A KEY CUSTODIAN  1,,,,,,,,,,,,,,, 09340737255"
"BM10771","Final Vault Closing","gen19","2026-09-28","18:15:35","28/09/2026 18:15:31  gen19
LIVE VIEW CHECKED,NO SUSPICIOUS ACTIVITY OBSERVED,VAULT OPENING REQUEST FOR CLOSING PURPOSE VAULT DOOR RELEASED REMOTELY BY CMS AND VAULT OPEN BY BRANCH STAFF CONFIRMED BY KEY CUSTOODIAN 9340737255"
"BM10771","","admin","2026-09-28","18:35:39",""
"BM10772","","admin","2026-09-28","09:11:59",""
"BM10772","Customer Purpose","gen19","2026-09-28","14:59:28","28/09/2026 14:59:25  gen19
LIVE VIEW CHECKED, NO SUSPICIOUS ACTIVITY OBSERVED, VAULT DOOR RELEASED REMOTELY BY CMS AND VAULT OPENED BY BRANCH STAFF, CONFIRMED BY A KEY CUSTODIAN 9787002732"
"BM10772","Customer Purpose","gen7","2026-09-28","15:43:22","28/09/2026 15:43:08  gen7
LIVE VIEW CHECKED, NO SUSPICIOUS ACTIVITY OBSERVED, VAULT DOOR RELEASED REMOTELY BY CMS AND VAULT OPENED BY BRANCH STAFF, CONFIRMED BY A KEY CUSTODIAN 9787002732"
"BM10772","Final Vault Closing","gen7","2026-09-28","18:00:14","28/09/2026 18:00:10  gen7
LIVE VIEW CHECKED,NO SUSPICIOUS ACTIVITY OBSERVED,VAULT OPENING REQUEST FOR CLOSING PURPOSE VAULT DOOR RELEASED REMOTELY BY CMS AND VAULT OPEN BY BRANCH STAFF CONFIRMED BY KEY CUSTOODIAN 1-8124941806"
"BM10772","","admin","2026-09-29","09:18:23",""
"BM10773","Customer Purpose","gen6","2026-09-28","10:57:37","28/09/2026 10:57:29  gen6
LIVE VIEW CHECKED, NO SUSPICIOUS ACTIVITY OBSERVED, VAULT DOOR RELEASED REMOTELY BY CMS AND VAULT OPENED BY BRANCH STAFF, CONFIRMED BY A KEY CUSTODIAN 09976551738"
"BM10773","Customer Purpose","gen38","2026-09-28","11:12:25","28/09/2026 11:12:22  gen38
LIVE VIEW CHECKED, NO SUSPICIOUS ACTIVITY OBSERVED, VAULT DOOR RELEASED REMOTELY BY CMS AND VAULT OPENED BY BRANCH STAFF, CONFIRMED BY A KEY CUSTODIAN 9976551738"
"BM10773","Final Vault Closing","gen11","2026-09-28","18:13:52","28/09/2026 18:13:49  gen11
LIVE VIEW CHECKED,NO SUSPICIOUS ACTIVITY OBSERVED,VAULT OPENING REQUEST FOR CLOSING PURPOSE VAULT DOOR RELEASED REMOTELY BY CMS AND VAULT OPEN BY BRANCH STAFF CONFIRMED BY KEY CUSTOODIAN 1,  9976551738"
"BM10774","Customer Purpose","gen7","2026-09-28","14:32:15","28/09/2026 14:32:11  gen7
LIVE VIEW CHECKED, NO SUSPICIOUS ACTIVITY OBSERVED, VAULT DOOR RELEASED REMOTELY BY CMS AND VAULT OPENED BY BRANCH STAFF, CONFIRMED BY A KEY CUSTODIAN 8609681284"
"BM10774","Final Vault Closing","gen37","2026-09-28","18:21:03","28/09/2026 18:20:54  gen37
LIVE VIEW CHECKED,NO SUSPICIOUS ACTIVITY OBSERVED,VAULT OPENING REQUEST FOR CLOSING PURPOSE VAULT DOOR RELEASED REMOTELY BY CMS AND VAULT OPEN BY BRANCH STAFF CONFIRMED BY KEY CUSTOODIAN 1 08609681284"
"BM10774","","admin","2026-09-28","18:33:08",""
"BM10786","","admin","2026-09-28","09:27:32",""
"BM10786","Customer Purpose","gen38","2026-09-28","11:25:23","28/09/2026 11:25:21  gen38
LIVE VIEW CHECKED, NO SUSPICIOUS ACTIVITY OBSERVED, VAULT DOOR RELEASED REMOTELY BY CMS AND VAULT OPENED BY BRANCH STAFF, CONFIRMED BY A KEY CUSTODIAN 7387771483"
"BM10786","Customer Purpose","gen29","2026-09-28","14:26:37","28/09/2026 14:26:33  gen29
LIVE VIEW CHECKED, NO SUSPICIOUS ACTIVITY OBSERVED, VAULT DOOR RELEASED REMOTELY BY CMS AND VAULT OPENED BY BRANCH STAFF, CONFIRMED BY A KEY CUSTODIAN  7066004904"
"BM10786","Final Vault Closing","gen7","2026-09-28","18:08:42","28/09/2026 18:08:37  gen7
LIVE VIEW CHECKED,NO SUSPICIOUS ACTIVITY OBSERVED,VAULT OPENING REQUEST FOR CLOSING PURPOSE VAULT DOOR RELEASED REMOTELY BY CMS AND VAULT OPEN BY BRANCH STAFF CONFIRMED BY KEY CUSTOODIAN 2-7066004904"
"BM10786","","admin","2026-09-29","09:27:00",""
"BM10788","Customer Purpose","gen32","2026-09-28","17:22:45","28/09/2026 17:22:48  gen32
LIVE VIEW CHECKED, NO SUSPICIOUS ACTIVITY OBSERVED, VAULT DOOR RELEASED REMOTELY BY CMS AND VAULT OPENED BY BRANCH STAFF, CONFIRMED BY A KEY CUSTODIAN   08435157404"
"BM10788","Final Vault Closing","gen1","2026-09-28","18:15:05","28/09/2026 18:15:01  gen1
LIVE VIEW CHECKED,NO SUSPICIOUS ACTIVITY OBSERVED,VAULT OPENING REQUEST FOR CLOSING PURPOSE VAULT DOOR RELEASED REMOTELY BY CMS AND VAULT OPEN BY BRANCH STAFF CONFIRMED BY KEY CUSTOODIAN  08435157404"
"BM10788","","admin","2026-09-28","18:36:59",""
"BM10789","Final Vault Closing","iifl5","2026-09-28","17:56:37","28/09/2026 17:56:32  iifl5
LIVE VIEW CHECKED,NO SUSPICIOUS ACTIVITY OBSERVED,VAULT OPENING REQUEST FOR CLOSING PURPOSE VAULT DOOR RELEASED REMOTELY BY CMS AND VAULT OPEN BY BRANCH STAFF CONFIRMED BY KEY CUSTOODIAN 9648812101"
"BM10790","Customer Purpose","gen2","2026-09-28","17:51:04","28/09/2026 17:51:00  gen2
LIVE VIEW CHECKED, NO SUSPICIOUS ACTIVITY OBSERVED, VAULT DOOR RELEASED REMOTELY BY CMS AND VAULT OPENED BY BRANCH STAFF, CONFIRMED BY A KEY CUSTODIAN  1  9897699464"
"BM10790","Final Vault Closing","gen37","2026-09-28","18:40:54","28/09/2026 18:40:49  gen37
LIVE VIEW CHECKED,NO SUSPICIOUS ACTIVITY OBSERVED,VAULT OPENING REQUEST FOR CLOSING PURPOSE VAULT DOOR RELEASED REMOTELY BY CMS AND VAULT OPEN BY BRANCH STAFF CONFIRMED BY KEY CUSTOODIAN 1 09897699464"
"BM10791","Not Operate","gen22","2026-09-28","18:30:59","28/09/2026 18:30:53  gen22
LIVE VIEW CHECKED,NO SUSPICIOUS ACTIVITY OBSERVED,NO NEED TO OPERATE VAULT CONFIRMED BY KEY CUSTOODIAN.1   1    8825216601"
"BM10791","Final Vault Closing","gen12","2026-09-28","18:43:26","28/09/2026 18:43:21  gen12
LIVE VIEW CHECKED,NO SUSPICIOUS ACTIVITY OBSERVED,VAULT OPENING REQUEST FOR CLOSING PURPOSE VAULT DOOR RELEASED REMOTELY BY CMS AND VAULT OPEN BY BRANCH STAFF CONFIRMED BY KEY CUSTOODIAN 1/08825216601"
"BM10792","Final Vault Closing","gen22","2026-09-28","18:29:19","28/09/2026 18:29:16  gen22
LIVE VIEW CHECKED,NO SUSPICIOUS ACTIVITY OBSERVED,VAULT OPENING REQUEST FOR CLOSING PURPOSE VAULT DOOR RELEASED REMOTELY BY CMS AND VAULT OPEN BY BRANCH STAFF CONFIRMED BY KEY CUSTOODIAN  1 7000443928"
"BM10792","","admin","2026-09-28","18:40:31",""
"BM10793","Customer Purpose","gen36","2026-09-28","13:54:46","28/09/2026 13:54:41  gen36
LIVE VIEW CHECKED, NO SUSPICIOUS ACTIVITY OBSERVED, VAULT DOOR RELEASED REMOTELY BY CMS AND VAULT OPENED BY BRANCH STAFF, CONFIRMED BY A KEY CUSTODIAN  07903294533"
"BM10793","Final Vault Closing","gen15","2026-09-28","18:24:52","28/09/2026 18:24:40  gen15
LIVE VIEW CHECKED,NO SUSPICIOUS ACTIVITY OBSERVED,VAULT OPENING REQUEST FOR CLOSING PURPOSE VAULT DOOR RELEASED REMOTELY BY CMS AND VAULT OPEN BY BRANCH STAFF CONFIRMED BY KEY CUSTOODIAN  2 8434821454"
"BM10795","Not Allowed","gen21","2026-09-28","10:22:51","28/09/2026 10:23:32  gen21
LIVE VIEW CHECKED, NO SUSPICIOUS ACTIVITY OBSERVED, VAULT OPENING REQUEST FOR CUSTOMER PURPOSE NEEDS OTP BEFORE TIME , AND NOT ALLOWED VAULT OPERATION, CALL TO KEY CUSTOODIAN.1    8619333287"
"BM10795","Customer Purpose","gen15","2026-09-28","10:35:15","28/09/2026 10:35:10  gen15
LIVE VIEW CHECKED, NO SUSPICIOUS ACTIVITY OBSERVED, VAULT DOOR RELEASED REMOTELY BY CMS AND VAULT OPENED BY BRANCH STAFF, CONFIRMED BY A KEY CUSTODIAN 1 8619333287"
"BM10795","Customer Purpose","gen28","2026-09-28","11:14:02","28/09/2026 11:13:56  gen28
LIVE VIEW CHECKED, NO SUSPICIOUS ACTIVITY OBSERVED, VAULT DOOR RELEASED REMOTELY BY CMS AND VAULT OPENED BY BRANCH STAFF, CONFIRMED BY A KEY CUSTODIAN    8619333287"
"BM10795","Customer Purpose","gen30","2026-09-28","16:55:55","28/09/2026 16:55:38  gen30
LIVE VIEW CHECKED, NO SUSPICIOUS ACTIVITY OBSERVED, VAULT DOOR RELEASED REMOTELY BY CMS AND VAULT OPENED BY BRANCH STAFF, CONFIRMED BY A KEY CUSTODIAN 1 .8619333287"
"BM10795","Audit Purpose","gen22","2026-09-28","17:59:54","28/09/2026 17:59:51  gen22
LIVE VIEW CHECKED,NO SUSPICIOUS ACTIVITY OBSERVED,VAULT OPENING REQUEST FOR AUDIT, MAIL APPROVED BY Bijumon P , VAULT DOOR RELEASED REMOTELY BY CMS, AND VAULT OPENED BY BRANCH STAFF CONFIRMED BY A KEY CUSTOODIAN.1/8619333287"
"BM10795","Final Vault Closing","gen18","2026-09-28","18:45:00","28/09/2026 18:44:53  gen18
LIVE VIEW CHECKED,NO SUSPICIOUS ACTIVITY OBSERVED,VAULT OPENING REQUEST FOR CLOSING PURPOSE VAULT DOOR RELEASED REMOTELY BY CMS AND VAULT OPEN BY BRANCH STAFF CONFIRMED BY KEY CUSTOODIAN   08619333287"
"BM10805","Customer Purpose","gen39","2026-09-28","14:34:40","28/09/2026 14:34:28  gen39
LIVE VIEW CHECKED, NO SUSPICIOUS ACTIVITY OBSERVED, VAULT DOOR RELEASED REMOTELY BY CMS AND VAULT OPENED BY BRANCH STAFF, CONFIRMED BY A KEY CUSTODIAN   8349392467"
"BM10805","Customer Purpose","gen23","2026-09-28","18:03:33","28/09/2026 18:03:28  gen23
LIVE VIEW CHECKED, NO SUSPICIOUS ACTIVITY OBSERVED, VAULT DOOR RELEASED REMOTELY BY CMS AND VAULT OPENED BY BRANCH STAFF, CONFIRMED BY A KEY CUSTODIAN/08349392467"
"BM10807","","admin","2026-09-28","09:14:04",""
"BM10807","Customer Purpose","gen19","2026-09-28","10:32:50","28/09/2026 10:32:41  gen19
LIVE VIEW CHECKED, NO SUSPICIOUS ACTIVITY OBSERVED, VAULT DOOR RELEASED REMOTELY BY CMS AND VAULT OPENED BY BRANCH STAFF, CONFIRMED BY A KEY CUSTODIAN 6302285197"
"BM10807","Customer Purpose","gen32","2026-09-28","12:34:07","28/09/2026 12:34:06  gen32
LIVE VIEW CHECKED, NO SUSPICIOUS ACTIVITY OBSERVED, VAULT DOOR RELEASED REMOTELY BY CMS AND VAULT OPENED BY BRANCH STAFF, CONFIRMED BY A KEY CUSTODIAN       08500711454"
"BM10807","Customer Purpose","gen22","2026-09-28","16:54:07","28/09/2026 16:54:04  gen22
LIVE VIEW CHECKED, NO SUSPICIOUS ACTIVITY OBSERVED, VAULT DOOR RELEASED REMOTELY BY CMS AND VAULT OPENED BY BRANCH STAFF, CONFIRMED BY A KEY CUSTODIAN   2    8500711454"
"BM10807","Final Vault Closing","gen5","2026-09-28","17:33:05","28/09/2026 17:33:02  gen5
LIVE VIEW CHECKED,NO SUSPICIOUS ACTIVITY OBSERVED,VAULT OPENING REQUEST FOR CLOSING PURPOSE VAULT DOOR RELEASED REMOTELY BY CMS AND VAULT OPEN BY BRANCH STAFF CONFIRMED BY KEY CUSTOODIAN. 07989153055"
"BM10807","","admin","2026-09-29","09:19:54",""
"BM10808","","admin","2026-09-28","09:26:46",""
"BM10808","Final Vault Closing","gen2","2026-09-28","18:06:45","28/09/2026 18:06:38  gen2
LIVE VIEW CHECKED, NO SUSPICIOUS ACTIVITY OBSERVED, VAULT DOOR RELEASED REMOTELY BY CMS AND VAULT OPENED BY BRANCH STAFF, CONFIRMED BY A KEY CUSTODIAN   1  9706505177"
"BM10808","","admin","2026-09-29","09:13:25",""
"BM10809","Final Vault Closing","gen13","2026-09-28","18:17:43","28/09/2026 18:17:38  gen13
LIVE VIEW CHECKED,NO SUSPICIOUS ACTIVITY OBSERVED,VAULT OPENING REQUEST FOR CLOSING PURPOSE VAULT DOOR RELEASED REMOTELY BY CMS AND VAULT OPEN BY BRANCH STAFF CONFIRMED BY KEY CUSTOODIAN 1/09456119016"
"BM10809","","admin","2026-09-28","18:35:12",""
"BM10811","","admin","2026-09-28","09:29:59",""
"BM10811","Customer Purpose","gen28","2026-09-28","14:08:48","28/09/2026 14:08:45  gen28
LIVE VIEW CHECKED, NO SUSPICIOUS ACTIVITY OBSERVED, VAULT DOOR RELEASED REMOTELY BY CMS AND VAULT OPENED BY BRANCH STAFF, CONFIRMED BY A KEY CUSTODIAN     9542007474"
"BM10811","Customer Purpose","gen36","2026-09-28","15:26:09","28/09/2026 15:26:05  gen36
LIVE VIEW CHECKED, NO SUSPICIOUS ACTIVITY OBSERVED, VAULT DOOR RELEASED REMOTELY BY CMS AND VAULT OPENED BY BRANCH STAFF, CONFIRMED BY A KEY CUSTODIAN  9542007474"
"BM10811","Customer Purpose","gen1","2026-09-28","15:38:53","28/09/2026 15:38:49  gen1
LIVE VIEW CHECKED, NO SUSPICIOUS ACTIVITY OBSERVED, VAULT DOOR RELEASED REMOTELY BY CMS AND VAULT OPENED BY BRANCH STAFF, CONFIRMED BY A KEY CUSTODIANn  09542007474"
"BM10811","Final Vault Closing","gen32","2026-09-28","17:59:33","28/09/2026 17:59:31  gen32
LIVE VIEW CHECKED,NO SUSPICIOUS ACTIVITY OBSERVED,VAULT OPENING REQUEST FOR CLOSING PURPOSE VAULT DOOR RELEASED REMOTELY BY CMS AND VAULT OPEN BY BRANCH STAFF CONFIRMED BY KEY CUSTOODIAN   09542007474"
"BM10811","","admin","2026-09-29","09:25:16",""
"BM10812","Customer Purpose","gen34","2026-09-28","11:06:54","28/09/2026 11:06:50  gen34
LIVE VIEW CHECKED, NO SUSPICIOUS ACTIVITY OBSERVED, VAULT DOOR RELEASED REMOTELY BY CMS AND VAULT OPENED BY BRANCH STAFF, CONFIRMED BY A KEY CUSTODIAN 9538078285"
"BM10812","Final Vault Closing","gen2","2026-09-28","17:55:35","28/09/2026 17:55:29  gen2
LIVE VIEW CHECKED, NO SUSPICIOUS ACTIVITY OBSERVED, VAULT DOOR RELEASED REMOTELY BY CMS AND VAULT OPENED BY BRANCH STAFF, CONFIRMED BY A KEY CUSTODIAN   1  9538078285"
"BM10813","","admin","2026-09-28","09:19:04",""
"BM10813","Customer Purpose","gen5","2026-09-28","10:29:17","28/09/2026 10:28:46  gen5
LIVE VIEW CHECKED, NO SUSPICIOUS ACTIVITY OBSERVED, VAULT DOOR RELEASED REMOTELY BY CMS AND VAULT OPENED BY BRANCH STAFF, CONFIRMED BY A KEY CUSTODIAN  1..... 09047098347

28/09/2026 10:29:14  gen5
TIME : 10:24:48"
"BM10813","Customer Purpose","gen30","2026-09-28","10:56:11","28/09/2026 10:55:53  gen30
LIVE VIEW CHECKED, NO SUSPICIOUS ACTIVITY OBSERVED, VAULT DOOR RELEASED REMOTELY BY CMS AND VAULT OPENED BY BRANCH STAFF, CONFIRMED BY A KEY CUSTODIAN 3 .6379082953"
"BM10813","Customer Purpose","gen30","2026-09-28","11:30:28","28/09/2026 11:30:10  gen30
LIVE VIEW CHECKED, NO SUSPICIOUS ACTIVITY OBSERVED, VAULT DOOR RELEASED REMOTELY BY CMS AND VAULT OPENED BY BRANCH STAFF, CONFIRMED BY A KEY CUSTODIAN 1 .9047098347"
"BM10813","Final Vault Closing","gen28","2026-09-28","17:50:51","28/09/2026 17:50:46  gen28
LIVE VIEW CHECKED,NO SUSPICIOUS ACTIVITY OBSERVED,VAULT OPENING REQUEST FOR CLOSING PURPOSE VAULT DOOR RELEASED REMOTELY BY CMS AND VAULT OPEN BY BRANCH STAFF CONFIRMED BY KEY CUSTOODIAN  09047098347"
"BM10813","","admin","2026-09-29","09:21:23",""
"BM10814","","admin","2026-09-28","18:35:26",""
"BM10816","","admin","2026-09-28","09:23:37",""
"BM10816","Final Vault Closing","gen36","2026-09-28","17:10:13","28/09/2026 17:10:09  gen36
LIVE VIEW CHECKED, NO SUSPICIOUS ACTIVITY OBSERVED, VAULT DOOR RELEASED REMOTELY BY CMS AND VAULT OPENED BY BRANCH STAFF, CONFIRMED BY A KEY CUSTODIAN   7814909178"
"BM10817","","admin","2026-09-28","08:48:52",""
"BM10817","Customer Purpose","gen21","2026-09-28","16:22:23","28/09/2026 16:23:00  gen21
LIVE VIEW CHECKED, NO SUSPICIOUS ACTIVITY OBSERVED, VAULT DOOR RELEASED REMOTELY BY CMS AND VAULT OPENED BY BRANCH STAFF, CONFIRMED BY A KEY CUSTODIAN     1   8839966280"
"BM10819","","admin","2026-09-28","09:29:56",""
"BM10819","Customer Purpose","gen32","2026-09-28","11:20:44","28/09/2026 11:20:46  gen32
LIVE VIEW CHECKED, NO SUSPICIOUS ACTIVITY OBSERVED, VAULT DOOR RELEASED REMOTELY BY CMS AND VAULT OPENED BY BRANCH STAFF, CONFIRMED BY A KEY CUSTODIAN       08008903570"
"BM10819","Final Vault Closing","gen26","2026-09-28","18:15:04","28/09/2026 18:15:00  gen26
LIVE VIEW CHECKED,NO SUSPICIOUS ACTIVITY OBSERVED,VAULT OPENING REQUEST FOR CLOSING PURPOSE VAULT DOOR RELEASED REMOTELY BY CMS AND VAULT OPEN BY BRANCH STAFF CONFIRMED BY KEY CUSTOODIAN    09963561795"
"BM10819","","admin","2026-09-29","09:26:05",""
"BM10820","Final Vault Closing","gen38","2026-09-28","17:47:25","28/09/2026 17:47:03  gen38
LIVE VIEW CHECKED,NO SUSPICIOUS ACTIVITY OBSERVED,VAULT OPENING REQUEST AFTER OR BEFORE WORKING HOUR, MAIL APPROVAL BY TM/AM/RH, VAULT DOOR RELEASED REMOTELY BY CMS, AND VAULT OPENED BY BRANCH STAFF CONFIRMED BY A KEY CUSTOODIAN. 07625089847

28/09/2026 17:47:20  gen38
LIVE VIEW CHECKED,NO SUSPICIOUS ACTIVITY OBSERVED,VAULT OPENING REQUEST FOR CLOSING PURPOSE VAULT DOOR RELEASED REMOTELY BY CMS AND VAULT OPEN BY BRANCH STAFF CONFIRMED BY KEY CUSTOODIAN 07625089847"
"BM10820","Not Allowed","gen39","2026-09-28","18:23:47","28/09/2026 18:23:34  gen39
LIVE VIEW CHECKED, NO SUSPICIOUS ACTIVITY OBSERVED, VAULT OPENING REQUEST FOR RE-CLOSING PURPOSE NEEDS TO MAIL APPROVAL, AND NOT ALLOWED VAULT OPERATION, CALL TO KEY CUSTOODIAN.07625089847"
"BM10820","Final Vault Closing","gen29","2026-09-28","18:43:00","28/09/2026 18:42:52  gen29
LIVE VIEW CHECKED,NO SUSPICIOUS ACTIVITY OBSERVED,VAULT OPENING REQUEST FOR RECLOSING, MAIL APPROVED BY Cini Prashanth VAULT DOOR RELEASED REMOTELY BY CMS, AND VAULT OPENED BY BRANCH STAFF CONFIRMED BY A KEY CUSTOODIAN. 07625089847"
"BM10820","","admin","2026-09-28","18:45:42",""
"BM10821","Customer Purpose","gen15","2026-09-28","11:27:42","28/09/2026 11:27:37  gen15
LIVE VIEW CHECKED, NO SUSPICIOUS ACTIVITY OBSERVED, VAULT DOOR RELEASED REMOTELY BY CMS AND VAULT OPENED BY BRANCH STAFF, CONFIRMED BY A KEY CUSTODIAN 3  7024444551"
"BM10821","Final Vault Closing","gen12","2026-09-28","18:14:06","28/09/2026 18:14:02  gen12
LIVE VIEW CHECKED,NO SUSPICIOUS ACTIVITY OBSERVED,VAULT OPENING REQUEST FOR CLOSING PURPOSE VAULT DOOR RELEASED REMOTELY BY CMS AND VAULT OPEN BY BRANCH STAFF CONFIRMED BY KEY CUSTOODIAN 09752223185"
"BM10821","","admin","2026-09-28","18:34:51",""
"BM10822","","admin","2026-09-28","09:14:03",""
"BM10822","Customer Purpose","gen32","2026-09-28","16:39:15","28/09/2026 16:39:18  gen32
LIVE VIEW CHECKED, NO SUSPICIOUS ACTIVITY OBSERVED, VAULT DOOR RELEASED REMOTELY BY CMS AND VAULT OPENED BY BRANCH STAFF, CONFIRMED BY A KEY CUSTODIAN       09101547646"
"BM10822","Final Vault Closing","gen15","2026-09-28","17:35:24","28/09/2026 17:35:19  gen15
LIVE VIEW CHECKED,NO SUSPICIOUS ACTIVITY OBSERVED,VAULT OPENING REQUEST FOR CLOSING PURPOSE VAULT DOOR RELEASED REMOTELY BY CMS AND VAULT OPEN BY BRANCH STAFF CONFIRMED BY KEY CUSTOODIAN 1 8638645632"
"BM10823","Customer Purpose","gen1","2026-09-28","13:53:51","28/09/2026 13:53:46  gen1
LIVE VIEW CHECKED, NO SUSPICIOUS ACTIVITY OBSERVED, VAULT DOOR RELEASED REMOTELY BY CMS AND VAULT OPENED BY BRANCH STAFF, CONFIRMED BY A KEY CUSTODIAN  07002119966"
"BM10823","Final Vault Closing","gen1","2026-09-28","18:06:24","28/09/2026 18:06:20  gen1
LIVE VIEW CHECKED,NO SUSPICIOUS ACTIVITY OBSERVED,VAULT OPENING REQUEST FOR CLOSING PURPOSE VAULT DOOR RELEASED REMOTELY BY CMS AND VAULT OPEN BY BRANCH STAFF CONFIRMED BY KEY CUSTOODIAN 09395261294"
"BM10823","","admin","2026-09-29","09:09:24",""
"BM10824","Final Vault Closing","gen38","2026-09-28","18:21:18","28/09/2026 18:21:12  gen38
LIVE VIEW CHECKED,NO SUSPICIOUS ACTIVITY OBSERVED,VAULT OPENING REQUEST FOR CLOSING PURPOSE VAULT DOOR RELEASED REMOTELY BY CMS AND VAULT OPEN BY BRANCH STAFF CONFIRMED BY KEY CUSTOODIAN 6268502317"
"BM10824","","admin","2026-09-28","18:37:51",""
"BM10825","","admin","2026-09-28","09:28:20",""
"BM10826","Customer Purpose","gen14","2026-09-28","12:48:12","28/09/2026 12:48:09  gen14
LIVE VIEW CHECKED, NO SUSPICIOUS ACTIVITY OBSERVED, VAULT DOOR RELEASED REMOTELY BY CMS AND VAULT OPENED BY BRANCH STAFF, CONFIRMED BY A KEY CUSTODIAN  2  08160073228"
"BM10826","Not Responded","","2026-09-28","18:39:05","28/09/2026 18:39:01  gen11
LIVE VIEW CHECKED, NO SUSPICIOUS ACTIVITY OBSERVED. CALL TO KC 1/2/3 BUT NOT RESPONDED."
"BM10826","Final Vault Closing","gen25","2026-09-28","18:39:37","28/09/2026 18:39:32  gen25
LIVE VIEW CHECKED,NO SUSPICIOUS ACTIVITY OBSERVED,VAULT OPENING REQUEST FOR CLOSING PURPOSE VAULT DOOR RELEASED REMOTELY BY CMS AND VAULT OPEN BY BRANCH STAFF CONFIRMED BY KEY CUSTOODIAN      1     09106014562"
"BM10828","","admin","2026-09-28","09:18:22",""
"BM10828","Audit Purpose","gen36","2026-09-28","12:51:38","28/09/2026 12:51:33  gen36
LIVE VIEW CHECKED,NO SUSPICIOUS ACTIVITY OBSERVED,VAULT OPENING REQUEST FOR AUDIT, MAIL APPROVED BY Biswajit Deka , VAULT DOOR RELEASED REMOTELY BY CMS, AND VAULT OPENED BY BRANCH STAFF CONFIRMED BY A KEY CUSTOODIAN.  9101636496"
"BM10828","Audit Check","gen14","2026-09-28","15:11:17","28/09/2026 15:11:01  gen14
TESTING BY AUDITOR SIR AND  CONFIRMED BY   TWO WAY , ALL OK."
"BM10828","Audit Purpose","gen14","2026-09-28","15:12:38","28/09/2026 15:12:35  gen14
LIVE VIEW CHECKED,NO SUSPICIOUS ACTIVITY OBSERVED,VAULT OPENING REQUEST FOR AUDIT, MAIL APPROVED BY Biswajit Deka <biswajit.deka@iifl.com>VAULT DOOR RELEASED REMOTELY BY CMS, AND VAULT OPENED BY BRANCH STAFF CONFIRMED BY A KEY CUSTOODIAN 2  09101636496"
"BM10828","Final Vault Closing","gen18","2026-09-28","18:27:38","28/09/2026 18:27:32  gen18
LIVE VIEW CHECKED,NO SUSPICIOUS ACTIVITY OBSERVED,VAULT OPENING REQUEST FOR CLOSING PURPOSE VAULT DOOR RELEASED REMOTELY BY CMS AND VAULT OPEN BY BRANCH STAFF CONFIRMED BY KEY CUSTOODIAN   07002259704"
"BM10828","","admin","2026-09-29","09:19:09",""
"BM10829","Packet Counting","gen46","2026-09-28","17:59:27","28/09/2026 17:59:22  gen46
LIVE VIEW CHECKED,NO SUSPICIOUS ACTIVITY OBSERVED,VAULT OPENING REQUEST FOR PACKET COUNTING, MAIL APPROVED BYSupradip Seth <, VAULT DOOR RELEASED REMOTELY BY CMS, AND VAULT OPENED BY BRANCH STAFF CONFIRMED BY A KEY CUSTOODIAN.  7980748567"
"BM10829","","admin","2026-09-28","18:32:06",""
"BM10829","Vigilance Security Check","iifl3","2026-09-28","18:54:12","28/09/2026 18:54:00  iifl3
LIVE VIEW CHECKED, SUSPICIOUS ACTIVITY OBSERVED,THREE PERSON IN VAULT ROOM WITHOUT PERMISION SO SIR TESTING,CONFIRMED BY TWO WAY COMMUNICATION AND KEY CUSTOODIAN 2     7980748567
TIME - 17:59:05"
"BM10837","","admin","2026-09-28","09:26:01",""
"BM10837","Customer Purpose","gen11","2026-09-28","12:12:54","28/09/2026 12:12:51  gen11
LIVE VIEW CHECKED, NO SUSPICIOUS ACTIVITY OBSERVED, VAULT DOOR RELEASED REMOTELY BY CMS AND VAULT OPENED BY BRANCH STAFF, CONFIRMED BY A KEY CUSTODIAN   3   9421983677"
"BM10837","Customer Purpose","gen6","2026-09-28","13:52:57","28/09/2026 13:52:54  gen6
LIVE VIEW CHECKED, NO SUSPICIOUS ACTIVITY OBSERVED, VAULT DOOR RELEASED REMOTELY BY CMS AND VAULT OPENED BY BRANCH STAFF, CONFIRMED BY A KEY CUSTODIAN 09421983677"
"BM10837","Customer Purpose","gen46","2026-09-28","14:58:34","28/09/2026 14:58:31  gen46
LIVE VIEW CHECKED, NO SUSPICIOUS ACTIVITY OBSERVED, VAULT DOOR RELEASED REMOTELY BY CMS AND VAULT OPENED BY BRANCH STAFF, CONFIRMED BY A KEY CUSTODIAN      9421983677"
"BM10837","Customer Purpose","gen19","2026-09-28","16:46:48","28/09/2026 16:46:44  gen19
LIVE VIEW CHECKED, NO SUSPICIOUS ACTIVITY OBSERVED, VAULT DOOR RELEASED REMOTELY BY CMS AND VAULT OPENED BY BRANCH STAFF, CONFIRMED BY A KEY CUSTODIAN 9665315890"
"BM10837","Customer Purpose","gen36","2026-09-28","16:53:15","28/09/2026 16:53:12  gen36
LIVE VIEW CHECKED, NO SUSPICIOUS ACTIVITY OBSERVED, VAULT DOOR RELEASED REMOTELY BY CMS AND VAULT OPENED BY BRANCH STAFF, CONFIRMED BY A KEY CUSTODIAN  9665315890"
"BM10837","Vigilance check","gen22","2026-09-28","17:03:19","28/09/2026 17:03:12  gen22
TESTING BY SO SIR , CONFIRMED BY TWOWAY KEY CUSTOODIAN     2    9421983677      , ALL OK."
"BM10837","Final Vault Closing","iifl5","2026-09-28","18:41:48","28/09/2026 18:41:43  iifl5
LIVE VIEW CHECKED,NO SUSPICIOUS ACTIVITY OBSERVED,VAULT OPENING REQUEST FOR CLOSING PURPOSE VAULT DOOR RELEASED REMOTELY BY CMS AND VAULT OPEN BY BRANCH STAFF CONFIRMED BY KEY CUSTOODIAN 9665315890"
"BM10837","","admin","2026-09-28","18:42:40",""
"BM10837","","admin","2026-09-29","09:26:58",""
"BM10838","","admin","2026-09-28","09:26:42",""
"BM10838","Customer Purpose","gen15","2026-09-28","13:52:35","28/09/2026 13:52:30  gen15
LIVE VIEW CHECKED, NO SUSPICIOUS ACTIVITY OBSERVED, VAULT DOOR RELEASED REMOTELY BY CMS AND VAULT OPENED BY BRANCH STAFF, CONFIRMED BY A KEY CUSTODIAN 1 9780869700"
"BM10838","Final Vault Closing","gen30","2026-09-28","17:29:43","28/09/2026 17:29:25  gen30
LIVE VIEW CHECKED,NO SUSPICIOUS ACTIVITY OBSERVED,VAULT OPENING REQUEST FOR CLOSING PURPOSE VAULT DOOR RELEASED REMOTELY BY CMS AND VAULT OPEN BY BRANCH STAFF CONFIRMED BY KEY CUSTOODIAN 1 .9780869700"
"BM10838","","admin","2026-09-28","19:11:17",""
"BM10838","","admin","2026-09-29","09:24:29",""
"BM10839","","admin","2026-09-28","18:35:00",""
"BM10840","","admin","2026-09-28","18:34:43",""
"BM10846","Final Vault Closing","iifl4","2026-09-28","18:04:39","28/09/2026 18:04:35  iifl4
DUE TO NETWORK ISSUE VIDEO VERIFICATION ON WHATSAPP VIDEO CALL,NO SUSPICIOUS ACTIVITY OBSERVED,VAULT OPENING REQUEST FOR FINAL VAULT CLOSING VAULT DOOR RELEASED REMOTELY BY CMS AND VAULT OPEN BY STAF CONFIRMED BY KEY CUSTOODIAN    8340448619"
"BM10846","","admin","2026-09-28","18:40:35",""
"BM10847","Customer Purpose","gen16","2026-09-28","11:20:57","28/09/2026 11:20:52  gen16
LIVE VIEW CHECKED, NO SUSPICIOUS ACTIVITY OBSERVED, VAULT DOOR RELEASED REMOTELY BY CMS AND VAULT OPENED BY BRANCH STAFF, CONFIRMED BY A KEY CUSTODIAN  7060104101"
"BM10847","Customer Purpose","gen18","2026-09-28","14:41:39","28/09/2026 14:41:35  gen18
LIVE VIEW CHECKED, NO SUSPICIOUS ACTIVITY OBSERVED, VAULT DOOR RELEASED REMOTELY BY CMS AND VAULT OPENED BY BRANCH STAFF, CONFIRMED BY A KEY CUSTODIAN   08273196317"
"BM10847","Final Vault Closing","iifl7","2026-09-28","18:14:33","28/09/2026 18:14:29  iifl7
LIVE VIEW CHECKED,NO SUSPICIOUS ACTIVITY OBSERVED,VAULT OPENING REQUEST FOR CLOSING PURPOSE VAULT DOOR RELEASED REMOTELY BY CMS AND VAULT OPEN BY BRANCH STAFF CONFIRMED BY KEY CUSTOODIAN 2 08273196317"
"BM10849","","admin","2026-09-28","09:21:18",""
"BM10849","Customer Purpose","gen2","2026-09-28","10:27:49","28/09/2026 10:27:42  gen2
LIVE VIEW CHECKED, NO SUSPICIOUS ACTIVITY OBSERVED, VAULT DOOR RELEASED REMOTELY BY CMS AND VAULT OPENED BY BRANCH STAFF, CONFIRMED BY A KEY CUSTODIAN  1  9989671834"
"BM10849","Agency Check","gen11","2026-09-28","12:17:58","28/09/2026 12:17:53  gen11
TESTING AUDITOR SIR CONFIRMED BY TWOWAY COMMUNICATION

28/09/2026 12:19:04  gen11
AUDIT CHECK
AUDIT CHECK"
"BM10849","Customer Purpose","gen11","2026-09-28","12:20:38","28/09/2026 12:20:35  gen11
LIVE VIEW CHECKED, NO SUSPICIOUS ACTIVITY OBSERVED, VAULT DOOR RELEASED REMOTELY BY CMS AND VAULT OPENED BY BRANCH STAFF, CONFIRMED BY A KEY CUSTODIAN   2    9542404383"
"BM10849","Customer Purpose","gen48","2026-09-28","12:52:10","28/09/2026 12:52:08  gen48
LIVE VIEW CHECKED, NO SUSPICIOUS ACTIVITY OBSERVED, VAULT DOOR RELEASED REMOTELY BY CMS AND VAULT OPENED BY BRANCH STAFF, CONFIRMED BY A KEY CUSTODIAN  2   09542404383"
"BM10849","Customer Purpose","gen3","2026-09-28","16:45:56","28/09/2026 16:45:51  gen3
LIVE VIEW CHECKED, NO SUSPICIOUS ACTIVITY OBSERVED, VAULT DOOR RELEASED REMOTELY BY CMS AND VAULT OPENED BY BRANCH STAFF, CONFIRMED BY A KEY CUSTODIAN 09989671834"
"BM10849","Customer Purpose","gen39","2026-09-28","17:57:45","28/09/2026 17:57:40  gen39
LIVE VIEW CHECKED, NO SUSPICIOUS ACTIVITY OBSERVED, VAULT DOOR RELEASED REMOTELY BY CMS AND VAULT OPENED BY BRANCH STAFF, CONFIRMED BY A KEY CUSTODIAN  9989671834"
"BM10849","","admin","2026-09-29","09:19:56",""
"BM10851","Customer Purpose","gen13","2026-09-28","12:52:24","28/09/2026 12:52:21  gen13
LIVE VIEW CHECKED, NO SUSPICIOUS ACTIVITY OBSERVED, VAULT DOOR RELEASED REMOTELY BY CMS AND VAULT OPENED BY BRANCH STAFF, CONFIRMED BY A KEY CUSTODIAN /08770110136"
"BM10851","Final Vault Closing","gen46","2026-09-28","18:32:55","28/09/2026 18:32:51  gen46
LIVE VIEW CHECKED,NO SUSPICIOUS ACTIVITY OBSERVED,VAULT OPENING REQUEST FOR CLOSING PURPOSE VAULT DOOR RELEASED REMOTELY BY CMS AND VAULT OPEN BY BRANCH STAFF CONFIRMED BY KEY CUSTOODIAN     7470701320"
"BM10851","","admin","2026-09-28","18:43:42",""
"BM10853","Customer Purpose","gen3","2026-09-28","12:28:32","28/09/2026 12:28:27  gen3
DUE TO NETWORK ISSUE VIDEO VERIFICATION ON WHATSAPP VIDEO CALL,NO SUSPICIOUS ACTIVITY OBSERVED,VAULT OPENING REQUEST FOR CUSTOMER PURPOSE VAULT DOOR RELEASED MANUALLY BY CMS AND VAULT OPEN BY STAF CONFIRMED BY KEY CUSTOODIAN 09624928405"
"BM10853","Not Allowed","gen11","2026-09-28","13:30:49","28/09/2026 13:30:44  gen11
DUE TO NETWORK ISSUE VIDEO VERIFICATION ON WHATSAPP VIDEO, VAULT OPENING REQUEST FOR ENGINEER PURPOSE NEEDS TO MAIL APPROVAL, AND NOT ALLOWED VAULT OPERATION, CALL TO KEY CUSTOODIAN. 2   9624928405"
"BM10853","Other Purpose","gen29","2026-09-28","14:05:58","28/09/2026 14:05:47  gen29
DUE TO NETWORK ISSUE VIDEO VERIFICATION ON WHATSAPP VIDEO CALL,NO SUSPICIOUS ACTIVITY OBSERVED,VAULT OPENING REQUEST FOR BROADBAND ENGINEER MAIL APPROVED BY CONTROL ROOM VAULT DOOR RELEASED MANUALLY BY CMS AND VAULT OPEN BY STAF CONFIRMED BY KEY CUSTOODIAN  9624928405"
"BM10853","Customer Purpose","gen21","2026-09-28","16:08:55","28/09/2026 16:09:40  gen21
DUE TO NETWORK ISSUE VIDEO VERIFICATION ON WHATSAPP VIDEO CALL,NO SUSPICIOUS ACTIVITY OBSERVED,VAULT OPENING REQUEST FOR CUSTOMER PURPOSE VAULT DOOR RELEASED MANUALLY BY CMS AND VAULT OPEN BY STAF CONFIRMED BY KEY CUSTOODIAN 1/    8469467751"
"BM10853","Not Responded","gen10","2026-09-28","18:14:54","28/09/2026 18:14:48  gen10
LIVE VIEW CHECKED, NO SUSPICIOUS ACTIVITY OBSERVED. CALL TO KC 1/2/3 BUT NOT RESPONDED.

7383043110
9624928405
8469467751"
"BM10853","Final Vault Closing","gen29","2026-09-28","18:26:12","28/09/2026 18:26:01  gen29
DUE TO NETWORK ISSUE VIDEO VERIFICATION ON WHATSAPP VIDEO CALL,NO SUSPICIOUS ACTIVITY OBSERVED,VAULT OPENING REQUEST FOR CLOSING  PURPOSE VAULT DOOR RELEASED REMOTELY/MANUALLY BY CMS AND VAULT OPEN BY STAF CONFIRMED BY KEY CUSTOODIAN 9624928405"
"BM10857","Customer Purpose","gen35","2026-09-28","11:08:22","28/09/2026 11:08:19  gen35
LIVE VIEW CHECKED, NO SUSPICIOUS ACTIVITY OBSERVED, VAULT DOOR RELEASED REMOTELY BY CMS AND VAULT OPENED BY BRANCH STAFF, CONFIRMED BY A KEY CUSTODIAN   09826737280"
"BM10857","Customer Purpose","gen32","2026-09-28","12:57:39","28/09/2026 12:57:42  gen32
LIVE VIEW CHECKED, NO SUSPICIOUS ACTIVITY OBSERVED, VAULT DOOR RELEASED REMOTELY BY CMS AND VAULT OPENED BY BRANCH STAFF, CONFIRMED BY A KEY CUSTODIAN          09826737280"
"BM10857","Customer Purpose","gen20","2026-09-28","13:18:35","28/09/2026 13:18:32  gen20
LIVE VIEW CHECKED, NO SUSPICIOUS ACTIVITY OBSERVED, VAULT DOOR RELEASED REMOTELY BY CMS AND VAULT OPENED BY BRANCH STAFF, CONFIRMED BY A KEY CUSTODIAN   1  9977603532"
"BM10857","Customer Purpose","iifl7","2026-09-28","16:17:24","28/09/2026 16:17:20  iifl7
LIVE VIEW CHECKED, NO SUSPICIOUS ACTIVITY OBSERVED, VAULT DOOR RELEASED REMOTELY BY CMS AND VAULT OPENED BY BRANCH STAFF, CONFIRMED BY A KEY CUSTODIAN 2 07974344357"
"BM10857","Customer Purpose","gen3","2026-09-28","16:36:55","28/09/2026 16:36:52  gen3
LIVE VIEW CHECKED, NO SUSPICIOUS ACTIVITY OBSERVED, VAULT DOOR RELEASED REMOTELY BY CMS AND VAULT OPENED BY BRANCH STAFF, CONFIRMED BY A KEY CUSTODIAN 09977603532"
"BM10857","Final Vault Closing","gen9","2026-09-28","18:50:17","28/09/2026 18:50:14  gen9
LIVE VIEW CHECKED,NO SUSPICIOUS ACTIVITY OBSERVED,VAULT OPENING REQUEST FOR CLOSING PURPOSE VAULT DOOR RELEASED REMOTELY BY CMS AND VAULT OPEN BY BRANCH STAFF CONFIRMED BY KEY CUSTOODIAN     3     09826737280"
"BM10857","","admin","2026-09-28","18:59:34",""
"BM10858","Customer Purpose","gen9","2026-09-28","11:27:25","28/09/2026 11:27:21  gen9
LIVE VIEW CHECKED, NO SUSPICIOUS ACTIVITY OBSERVED, VAULT DOOR RELEASED REMOTELY BY CMS AND VAULT OPENED BY BRANCH STAFF, CONFIRMED BY A KEY CUSTODIAN    2    08792396682"
"BM10858","Final Vault Closing","gen26","2026-09-28","17:46:02","28/09/2026 17:45:50  gen26
LIVE VIEW CHECKED,NO SUSPICIOUS ACTIVITY OBSERVED,VAULT OPENING REQUEST FOR CLOSING PURPOSE VAULT DOOR RELEASED REMOTELY BY CMS AND VAULT OPEN BY BRANCH STAFF CONFIRMED BY KEY CUSTOODIAN  08792396682"
"BM10859","","admin","2026-09-28","09:25:09",""
"BM10859","Not Responded","gen11","2026-09-28","11:35:44","28/09/2026 11:35:38  gen11
LIVE VIEW CHECKED, NO SUSPICIOUS ACTIVITY OBSERVED. CALL TO KC 1/2/3 BUT NOT RESPONDED.
9342488252
7639031430
9342488252"
"BM10859","Customer Purpose","gen26","2026-09-28","11:45:05","28/09/2026 11:45:01  gen26
LIVE VIEW CHECKED, NO SUSPICIOUS ACTIVITY OBSERVED, VAULT DOOR RELEASED REMOTELY BY CMS AND VAULT OPENED BY BRANCH STAFF, CONFIRMED BY A KEY CUSTODIAN  09342488252"
"BM10859","Customer Purpose","gen20","2026-09-28","13:12:51","28/09/2026 13:12:47  gen20
LIVE VIEW CHECKED, NO SUSPICIOUS ACTIVITY OBSERVED, VAULT DOOR RELEASED REMOTELY BY CMS AND VAULT OPENED BY BRANCH STAFF, CONFIRMED BY A KEY CUSTODIAN  1   09342488252"
"BM10859","Final Vault Closing","","2026-09-28","18:28:30","28/09/2026 18:28:27  iifl6
DUE TO NETWORK ISSUE VIDEO VERIFICATION ON WHATSAPP VIDEO CALL,NO SUSPICIOUS ACTIVITY OBSERVED,VAULT OPENING REQUEST FOR CLOSING PURPOSE VAULT DOOR RELEASED MANUALLY BY CMS AND VAULT OPEN BY STAF CONFIRMED BY KEY CUSTOODIAN  8015346618"
"BM10859","","admin","2026-09-29","09:18:24",""
"BM10861","","admin","2026-09-28","09:28:22",""
"BM10861","Customer Purpose","gen30","2026-09-28","15:11:28","28/09/2026 15:11:07  gen30
LIVE VIEW CHECKED, NO SUSPICIOUS ACTIVITY OBSERVED, VAULT DOOR RELEASED REMOTELY BY CMS AND VAULT OPENED BY BRANCH STAFF, CONFIRMED BY A KEY CUSTODIAN 1 .8886828668"
"BM10861","Final Vault Closing","gen46","2026-09-28","18:22:03","28/09/2026 18:21:56  gen46
LIVE VIEW CHECKED,NO SUSPICIOUS ACTIVITY OBSERVED,VAULT OPENING REQUEST FOR CLOSING PURPOSE VAULT DOOR RELEASED REMOTELY BY CMS AND VAULT OPEN BY BRANCH STAFF CONFIRMED BY KEY CUSTOODIAN    9381289449"
"BM10861","","admin","2026-09-29","09:28:02",""
"BM10862","Customer Purpose","gen30","2026-09-28","15:04:56","28/09/2026 15:04:38  gen30
DUE TO NETWORK ISSUE VIDEO VERIFICATION ON WHATSAPP VIDEO CALL,NO SUSPICIOUS ACTIVITY OBSERVED,VAULT OPENING REQUEST FOR CUSTOMER PURPOSE VAULT DOOR RELEASED REMOTELY BY CMS AND VAULT OPEN BY STAF CONFIRMED BY KEY CUSTOODIAN 1 .8225893773"
"BM10862","Final Vault Closing","iifl5","2026-09-28","18:13:40","28/09/2026 18:13:36  iifl5
LIVE VIEW CHECKED,NO SUSPICIOUS ACTIVITY OBSERVED,VAULT OPENING REQUEST FOR CLOSING PURPOSE VAULT DOOR RELEASED REMOTELY BY CMS AND VAULT OPEN BY BRANCH STAFF CONFIRMED BY KEY CUSTOODIAN 8225893773"
"BM10863","","admin","2026-09-28","09:09:11",""
"BM10863","Customer Purpose","gen32","2026-09-28","15:25:26","28/09/2026 15:25:29  gen32
LIVE VIEW CHECKED, NO SUSPICIOUS ACTIVITY OBSERVED, VAULT DOOR RELEASED REMOTELY BY CMS AND VAULT OPENED BY BRANCH STAFF, CONFIRMED BY A KEY CUSTODIAN  09703573841"
"BM10863","Final Vault Closing","gen20","2026-09-28","18:02:22","28/09/2026 18:02:18  gen20
LIVE VIEW CHECKED,NO SUSPICIOUS ACTIVITY OBSERVED,VAULT OPENING REQUEST FOR CLOSING PURPOSE VAULT DOOR RELEASED REMOTELY BY CMS AND VAULT OPEN BY BRANCH STAFF CONFIRMED BY KEY CUSTOODIAN 1/  07013096097"
"BM10863","","admin","2026-09-29","09:06:19",""
"BM10864","Customer Purpose","gen12","2026-09-28","13:18:14","28/09/2026 13:18:10  gen12
LIVE VIEW CHECKED, NO SUSPICIOUS ACTIVITY OBSERVED, VAULT DOOR RELEASED REMOTELY BY CMS AND VAULT OPENED BY BRANCH STAFF, CONFIRMED BY A KEY CUSTODIAN   07987942867"
"BM10864","Engineer at site","gen7","2026-09-28","13:53:55","28/09/2026 13:53:48  gen7
WORK IN PROGRESS, ENGINEER AT SITE. CONFIRMED BY KC2-7898346640"
"BM10864","Engineer at site","gen7","2026-09-28","13:54:07",""
"BM10864","Engineer at site","gen7","2026-09-28","13:54:18",""
"BM10864","Engineer at site","gen1","2026-09-28","13:57:35","28/09/2026 13:57:32  gen1
WORK IN PROGRESS, ENGINEER AT SITE."
"BM10864","Engineer at site","gen5","2026-09-28","13:58:01","28/09/2026 13:57:58  gen5
WORK IN PROGRESS, ENGINEER AT SITE. CONFIRMED BY TWO WAY COMMUNICATION"
"BM10864","Engineer at site","gen5","2026-09-28","13:58:17","28/09/2026 13:58:11  gen5
WORK IN PROGRESS, ENGINEER AT SITE. CONFIRMED BY TWO WAY COMMUNICATION"
"BM10864","Engineer at site","","2026-09-28","14:07:57",""
"BM10864","Engineer at site","gen14","2026-09-28","14:07:57",""
"BM10864","Engineer at site","gen14","2026-09-28","14:07:57",""
"BM10864","Engineer at site","gen25","2026-09-28","14:26:27","28/09/2026 14:26:23  gen25
WORK IN PROGRESS, ENGINEER AT SITE.CONFIRM BY  KC  1  07987942867"
"BM10864","Engineer at site","","2026-09-28","14:27:00","28/09/2026 14:26:48  gen25
WORK IN PROGRESS, ENGINEER AT SITE.CONFIRM BY  KC  1  07987942867"
"BM10864","Engineer at site","gen25","2026-09-28","14:27:00",""
"BM10864","Engineer at site","gen25","2026-09-28","14:27:18","28/09/2026 14:27:14  gen25
WORK IN PROGRESS, ENGINEER AT SITE.CONFIRM BY  KC  1  07987942867"
"BM10864","Customer Purpose","gen46","2026-09-28","14:30:03","28/09/2026 14:29:58  gen46
LIVE VIEW CHECKED, NO SUSPICIOUS ACTIVITY OBSERVED, VAULT DOOR RELEASED REMOTELY BY CMS AND VAULT OPENED BY BRANCH STAFF, CONFIRMED BY A KEY CUSTODIAN     7898346640"
"BM10864","Engineer at site","gen46","2026-09-28","14:31:29","28/09/2026 14:31:23  gen46
WORK IN PROGRESS, ENGINEER AT SITE. twoway"
"BM10864","Engineer at site","gen46","2026-09-28","14:31:49","28/09/2026 14:31:45  gen46
WORK IN PROGRESS, ENGINEER AT SITE.  twoway"
"BM10864","Engineer at site","","2026-09-28","14:32:00",""
"BM10864","Engineer at site","","2026-09-28","14:32:09",""
"BM10864","Engineer at site","","2026-09-28","14:32:21",""
"BM10864","Customer Purpose","gen2","2026-09-28","14:40:35","28/09/2026 14:40:32  gen2
LIVE VIEW CHECKED, NO SUSPICIOUS ACTIVITY OBSERVED, VAULT DOOR RELEASED REMOTELY BY CMS AND VAULT OPENED BY BRANCH STAFF, CONFIRMED BY A KEY CUSTODIAN  1  7987942867"
"BM10864","Engineer at site","gen25","2026-09-28","14:52:06","28/09/2026 14:52:02  gen25
WORK IN PROGRESS, ENGINEER AT SITE.CONFIRM BY TWOWAY COMMUNICATION"
"BM10864","Engineer at site","gen25","2026-09-28","14:52:24","28/09/2026 14:52:20  gen25
WORK IN PROGRESS, ENGINEER AT SITE.CONFIRM BY TWOWAY COMMUNICATION"
"BM10864","Engineer at site","gen25","2026-09-28","14:52:35",""
"BM10864","Engineer at site","gen25","2026-09-28","14:52:53","28/09/2026 14:52:49  gen25
WORK IN PROGRESS, ENGINEER AT SITE.CONFIRM BY TWOWAY COMMUNICATION"
"BM10864","Engineer at site","gen25","2026-09-28","14:53:06",""
"BM10864","Engineer at site","","2026-09-28","14:53:21",""
"BM10864","Engineer at site","gen25","2026-09-28","14:53:21",""
"BM10864","Engineer at site","gen25","2026-09-28","14:53:40","28/09/2026 14:53:35  gen25
WORK IN PROGRESS, ENGINEER AT SITE.CONFIRM BY TWOWAY COMMUNICATION"
"BM10864","Engineer at site","gen25","2026-09-28","14:53:50",""
"BM10864","Engineer at site","gen25","2026-09-28","14:54:00",""
"BM10864","Taken Excess Time","iifl2","2026-09-28","14:55:42","28/09/2026 14:55:40  iifl2
IN ACCORDANCE WITH LIVE MONITORING,BRANCH STAFF TOOK LONGER THAN STATED TIME FOR VAULT ROOM OPERATION,AND THE OPERATION WAS COMPLETED IN 07 MINUTES.ALSO INFORMED BY TWO WAY COMMUNICATION 

TIME: 14:38:53 TO  2:46:00 PM"
"BM10864","Not Operate","gen38","2026-09-28","17:29:34","28/09/2026 17:29:27  gen38
LIVE VIEW CHECKED,NO SUSPICIOUS ACTIVITY OBSERVED,NO NEED TO OPERATE VAULT CONFIRMED BY KEY CUSTOODIAN.7987942867"
"BM10864","Customer Purpose","gen35","2026-09-28","17:38:27","28/09/2026 17:38:20  gen35
LIVE VIEW CHECKED, NO SUSPICIOUS ACTIVITY OBSERVED, VAULT DOOR RELEASED REMOTELY BY CMS AND VAULT OPENED BY BRANCH STAFF, CONFIRMED BY A KEY CUSTODIAN   07987942867"
"BM10864","Final Vault Closing","iifl3","2026-09-28","19:11:23","28/09/2026 19:11:19  iifl3
LIVE VIEW CHECKED,NO SUSPICIOUS ACTIVITY OBSERVED,VAULT OPENING REQUEST AFTER WORKING HOUR, MAIL APPROVAL BY Ranjit Jha VAULT DOOR RELEASED REMOTELY BY CMS, AND VAULT OPENED BY BRANCH STAFF CONFIRMED BY A KEY CUSTOODIAN.  07987942867"
"BM10865","Customer Purpose","gen46","2026-09-28","16:15:43","28/09/2026 16:15:40  gen46
LIVE VIEW CHECKED, NO SUSPICIOUS ACTIVITY OBSERVED, VAULT DOOR RELEASED REMOTELY BY CMS AND VAULT OPENED BY BRANCH STAFF, CONFIRMED BY A KEY CUSTODIAN     7026412077"
"BM10865","Final Vault Closing","gen21","2026-09-28","18:18:03","28/09/2026 18:18:47  gen21
LIVE VIEW CHECKED,NO SUSPICIOUS ACTIVITY OBSERVED,VAULT OPENING REQUEST FOR CLOSING PURPOSE VAULT DOOR RELEASED REMOTELY BY CMS AND VAULT OPEN BY BRANCH STAFF CONFIRMED BY KEY CUSTOODIAN 1/   7026412077"
"BM10865","","admin","2026-09-29","09:29:48",""
"BM10866","Final Vault Closing","gen36","2026-09-28","17:54:03","28/09/2026 17:53:57  gen36
LIVE VIEW CHECKED, NO SUSPICIOUS ACTIVITY OBSERVED, VAULT DOOR RELEASED REMOTELY BY CMS AND VAULT OPENED BY BRANCH STAFF, CONFIRMED BY A KEY CUSTODIAN  8865883492"
"BM10866","","admin","2026-09-28","18:35:02",""
"BM10867","Customer Purpose","gen21","2026-09-28","16:30:10","28/09/2026 16:30:54  gen21
LIVE VIEW CHECKED, NO SUSPICIOUS ACTIVITY OBSERVED, VAULT DOOR RELEASED REMOTELY BY CMS AND VAULT OPENED BY BRANCH STAFF, CONFIRMED BY A KEY CUSTODIAN      1    7667542842"
"BM10867","Final Vault Closing","iifl4","2026-09-28","19:28:11","28/09/2026 19:27:53  iifl4
LIVE VIEW CHECKED,NO SUSPICIOUS ACTIVITY OBSERVED,VAULT OPENING REQUEST AFTER WORKING HOUR, MAIL APPROVAL BY Rabbani M, VAULT DOOR RELEASED REMOTELY BY CMS, AND VAULT OPENED BY BRANCH STAFF CONFIRMED BY A KEY CUSTOODIAN.1 .7010900513"
"BM10867","","admin","2026-09-29","09:19:54",""
"BM10868","Customer Purpose","gen2","2026-09-28","11:03:11","28/09/2026 11:03:07  gen2
LIVE VIEW CHECKED, NO SUSPICIOUS ACTIVITY OBSERVED, VAULT DOOR RELEASED REMOTELY BY CMS AND VAULT OPENED BY BRANCH STAFF, CONFIRMED BY A KEY CUSTODIAN  1  9898224592"
"BM10868","Final Vault Closing","gen14","2026-09-28","18:26:25","28/09/2026 18:26:22  gen14
LIVE VIEW CHECKED,NO SUSPICIOUS ACTIVITY OBSERVED,VAULT OPENING REQUEST FOR CLOSING PURPOSE VAULT DOOR RELEASED REMOTELY BY CMS AND VAULT OPEN BY BRANCH STAFF CONFIRMED BY KEY CUSTOODIAN    09898224592"
"BM10871","","admin","2026-09-28","09:25:59",""
"BM10871","Final Vault Closing","gen4","2026-09-28","17:46:49","28/09/2026 17:46:44  gen4
LIVE VIEW CHECKED,NO SUSPICIOUS ACTIVITY OBSERVED,VAULT OPENING REQUEST FOR CLOSING PURPOSE VAULT DOOR RELEASED REMOTELY BY CMS AND VAULT OPEN BY BRANCH STAFF CONFIRMED BY KEY CUSTOODIAN   8790332760"
"BM10871","","admin","2026-09-29","09:21:21",""
"BM10872","Audit Purpose","gen36","2026-09-28","11:25:55","28/09/2026 11:25:49  gen36
LIVE VIEW CHECKED,NO SUSPICIOUS ACTIVITY OBSERVED,VAULT OPENING REQUEST FOR AUDIT , MAIL APPROVED BY BALU RATHOD, VAULT DOOR RELEASED REMOTELY BY CMS, AND VAULT OPENED BY BRANCH STAFF CONFIRMED BY A KEY CUSTOODIAN.   8871540294"
"BM10872","Audit Purpose","gen35","2026-09-28","12:30:32","28/09/2026 12:30:25  gen35
LIVE VIEW CHECKED,NO SUSPICIOUS ACTIVITY OBSERVED,VAULT OPENING REQUEST FOR AUDIT, MAIL APPROVED BY BALU RATHOD <balu.rathod@iifl.com> VAULT DOOR RELEASED REMOTELY BY CMS, AND VAULT OPENED BY BRANCH STAFF CONFIRMED BY A KEY CUSTOODIAN.  07697414938"
"BM10872","Audit Purpose","gen11","2026-09-28","13:02:25","28/09/2026 13:02:22  gen11
LIVE VIEW CHECKED,NO SUSPICIOUS ACTIVITY OBSERVED,VAULT OPENING REQUEST FOR AUDIT MAIL APPROVED BY BALU RATHOD <balu.rathod@iifl.com>VAULT DOOR RELEASED REMOTELY BY CMS, AND VAULT OPENED BY BRANCH STAFF CONFIRMED BY A KEY CUSTOODIAN.1   7697414938"
"BM10872","Audit Purpose","gen23","2026-09-28","13:41:08","28/09/2026 13:41:03  gen23
LIVE VIEW CHECKED,NO SUSPICIOUS ACTIVITY OBSERVED,VAULT OPENING REQUEST FOR AUDIT MAIL APPROVED BY BALU RATHOD, VAULT DOOR RELEASED REMOTELY BY CMS, AND VAULT OPENED BY BRANCH STAFF CONFIRMED BY A KEY CUSTOODIAN.//09826517348"
"BM10872","Audit Purpose","gen17","2026-09-28","14:14:43","28/09/2026 14:14:38  gen17
LIVE VIEW CHECKED,NO SUSPICIOUS ACTIVITY OBSERVED,VAULT OPENING REQUEST FOR AUDIT, MAIL APPROVED BY BALU RATHOD, VAULT DOOR RELEASED REMOTELY BY CMS, AND VAULT OPENED BY BRANCH STAFF CONFIRMED BY A KEY CUSTOODIAN.3....9826517348"
"BM10872","Audit Purpose","gen33","2026-09-28","14:51:09","28/09/2026 14:51:04  gen33
LIVE VIEW CHECKED,NO SUSPICIOUS ACTIVITY OBSERVED,VAULT OPENING REQUEST FOR AUDIT MAIL APPROVED BYBALU RATHOD <balu.rathod@iifl.com> VAULT DOOR RELEASED REMOTELY BY CMS, AND VAULT OPENED BY BRANCH STAFF CONFIRMED BY A KEY CUSTOODIAN.
07697414938"
"BM10872","Not Operate","gen16","2026-09-28","15:45:51","28/09/2026 15:45:45  gen16
LIVE VIEW CHECKED,NO SUSPICIOUS ACTIVITY OBSERVED,NO NEED TO OPERATE VAULT CONFIRMED BY KEY CUSTOODIAN.  8871540294"
"BM10872","Audit Check","gen26","2026-09-28","15:50:00","28/09/2026 15:49:54  gen26
TESTING, BY AUDITOR SIR  CONFIRMED BY TWO WAY"
"BM10872","Audit Purpose","gen26","2026-09-28","15:57:24","28/09/2026 15:57:20  gen26
LIVE VIEW CHECKED,NO SUSPICIOUS ACTIVITY OBSERVED,VAULT OPENING REQUEST FOR AUDIT, MAIL APPROVED BY BALU RATHOD VAULT DOOR RELEASED REMOTELY BY CMS, AND VAULT OPENED BY BRANCH STAFF CONFIRMED BY A KEY CUSTOODIAN.  09826517348"
"BM10872","Audit Purpose","gen34","2026-09-28","16:17:43","28/09/2026 16:17:35  gen34
LIVE VIEW CHECKED,NO SUSPICIOUS ACTIVITY OBSERVED,VAULT OPENING REQUEST FOR AUDIT MAIL APPROVED BY
BALU RATHOD , VAULT DOOR RELEASED REMOTELY BY CMS, AND VAULT OPENED BY BRANCH STAFF CONFIRMED BY A KEY CUSTOODIAN.8871540294"
"BM10872","Audit Check","gen7","2026-09-28","16:25:31","28/09/2026 16:25:20  gen7
TESTING BY AUDITOR SIR, CONFIRMED BY TWO WAY COMMUNICATION"
"BM10872","Customer Purpose","gen12","2026-09-28","16:44:02","28/09/2026 16:43:58  gen12
DUE TO NETWORK ISSUE VIDEO VERIFICATION ON WHATSAPP VIDEO CALL,NO SUSPICIOUS ACTIVITY OBSERVED,VAULT OPENING REQUEST FOR CUSTOMER PURPOSE VAULT DOOR RELEASED REMOTELY BY CMS AND VAULT OPEN BY STAF CONFIRMED BY KEY CUSTOODIAN 8871540294"
"BM10872","Final Vault Closing","gen10","2026-09-28","18:28:53","28/09/2026 18:28:49  gen10
LIVE VIEW CHECKED,NO SUSPICIOUS ACTIVITY OBSERVED,VAULT OPENING REQUEST FOR CLOSING PURPOSE VAULT DOOR RELEASED REMOTELY BY CMS AND VAULT OPEN BY BRANCH STAFF CONFIRMED BY KEY CUSTOODIAN 2...................7697414938"
"BM10873","Final Vault Closing","gen11","2026-09-28","18:06:04","28/09/2026 18:06:01  gen11
LIVE VIEW CHECKED,NO SUSPICIOUS ACTIVITY OBSERVED,VAULT OPENING REQUEST FOR CLOSING PURPOSE VAULT DOOR RELEASED REMOTELY BY CMS AND VAULT OPEN BY BRANCH STAFF CONFIRMED BY KEY CUSTOODIAN 1   9505117700"
"BM10874","","admin","2026-09-28","09:11:18",""
"BM10874","Final Vault Closing","gen15","2026-09-28","17:51:41","28/09/2026 17:51:34  gen15
LIVE VIEW CHECKED,NO SUSPICIOUS ACTIVITY OBSERVED,VAULT OPENING REQUEST FOR CLOSING PURPOSE VAULT DOOR RELEASED REMOTELY BY CMS AND VAULT OPEN BY BRANCH STAFF CONFIRMED BY KEY CUSTOODIAN 1 7893036021"
"BM10874","","admin","2026-09-29","09:13:28",""
"BM10884","","admin","2026-09-28","09:19:52",""
"BM10884","Customer Purpose","gen34","2026-09-28","13:05:56","28/09/2026 13:05:51  gen34
LIVE VIEW CHECKED, NO SUSPICIOUS ACTIVITY OBSERVED, VAULT DOOR RELEASED REMOTELY BY CMS AND VAULT OPENED BY BRANCH STAFF, CONFIRMED BY A KEY CUSTODIAN  8436398827"
"BM10884","Final Vault Closing","gen21","2026-09-28","17:31:42","28/09/2026 17:32:18  gen21
LIVE VIEW CHECKED,NO SUSPICIOUS ACTIVITY OBSERVED,VAULT OPENING REQUEST FOR CLOSING PURPOSE VAULT DOOR RELEASED REMOTELY BY CMS AND VAULT OPEN BY BRANCH STAFF CONFIRMED BY KEY CUSTOODIAN 1/    8436398827"
"BM10884","","admin","2026-09-29","09:19:55",""
"BM10885","","admin","2026-09-28","09:26:00",""
"BM10885","Engineer at site","gen","2026-09-28","10:24:58","28/09/2026 10:24:54  gen
WORK IN PROGRESS, ENGINEER AT SITE.  twoway"
"BM10885","Engineer at site","","2026-09-28","10:25:08",""
"BM10885","Engineer at site","","2026-09-28","10:25:18",""
"BM10885","Engineer at site","gen","2026-09-28","10:25:18",""
"BM10885","Engineer at site","","2026-09-28","10:25:27",""
"BM10885","Engineer at site","","2026-09-28","10:25:41",""
"BM10885","Final Vault Closing","gen21","2026-09-28","17:38:29","28/09/2026 17:39:10  gen21
LIVE VIEW CHECKED,NO SUSPICIOUS ACTIVITY OBSERVED,VAULT OPENING REQUEST FOR CLOSING PURPOSE VAULT DOOR RELEASED REMOTELY BY CMS AND VAULT OPEN BY BRANCH STAFF CONFIRMED BY KEY CUSTOODIAN 1   8794736822"
"BM10885","","admin","2026-09-29","09:23:36",""
"BM10886","","admin","2026-09-28","09:22:04",""
"BM10886","","admin","2026-09-29","09:21:21",""
"BM10888","","admin","2026-09-28","09:19:05",""
"BM10888","Engineer at site","gen48","2026-09-28","17:14:12","28/09/2026 17:14:07  gen48
WORK IN PROGRESS, ENGINEER AT SITE AND CONFIRMED BY KC  2  08421171918. ALL OK"
"BM10888","Engineer at site","","2026-09-28","17:14:33",""
"BM10888","Engineer at site","","2026-09-28","17:59:53",""
"BM10888","Engineer at site","","2026-09-28","18:00:05",""
"BM10888","Engineer at site","","2026-09-28","18:00:26",""
"BM10888","Engineer at site","","2026-09-28","18:00:36",""
"BM10888","Engineer at site","iifl2","2026-09-28","18:00:36",""
"BM10888","Engineer at site","","2026-09-28","18:03:54",""
"BM10888","Engineer at site","iifl2","2026-09-28","18:03:54",""
"BM10888","Engineer at site","","2026-09-28","18:04:28",""
"BM10888","Final Vault Closing","gen7","2026-09-28","18:04:43","28/09/2026 18:04:39  gen7
LIVE VIEW CHECKED,NO SUSPICIOUS ACTIVITY OBSERVED,VAULT OPENING REQUEST FOR CLOSING PURPOSE VAULT DOOR RELEASED REMOTELY BY CMS AND VAULT OPEN BY BRANCH STAFF CONFIRMED BY KEY CUSTOODIAN 2-8421171918"
"BM10888","","admin","2026-09-29","09:17:37",""
"BM10889","Customer Purpose","gen26","2026-09-28","10:23:44","28/09/2026 10:23:36  gen26
LIVE VIEW CHECKED, NO SUSPICIOUS ACTIVITY OBSERVED, VAULT DOOR RELEASED REMOTELY BY CMS AND VAULT OPENED BY BRANCH STAFF, CONFIRMED BY A KEY CUSTODIAN  09827952827"
"BM10889","Customer Purpose","gen22","2026-09-28","12:37:40","28/09/2026 12:37:37  gen22
LIVE VIEW CHECKED, NO SUSPICIOUS ACTIVITY OBSERVED, VAULT DOOR RELEASED REMOTELY BY CMS AND VAULT OPENED BY BRANCH STAFF, CONFIRMED BY A KEY CUSTODIAN     1           9827952827"
"BM10889","Final Vault Closing","gen10","2026-09-28","18:53:21","28/09/2026 18:53:16  gen10
LIVE VIEW CHECKED,NO SUSPICIOUS ACTIVITY OBSERVED,VAULT OPENING REQUEST FOR CLOSING PURPOSE VAULT DOOR RELEASED REMOTELY BY CMS AND VAULT OPEN BY BRANCH STAFF CONFIRMED BY KEY CUSTOODIAN 1..............9827952827"
"BM10889","Not Allowed","iifl2","2026-09-28","19:37:10","28/09/2026 19:37:04  iifl2
LIVE VIEW CHECKED, NO SUSPICIOUS ACTIVITY OBSERVED, VAULT OPENING REQUEST FOR FOR CLOSING AFTER WORKING HOUR  NEEDS TO MAIL APPROVAL, AND NOT ALLOWED VAULT OPERATION, CALL TO KEY CUSTOODIAN.1  09827952827"
"BM10889","Not Allowed","iifl2","2026-09-28","19:43:30","28/09/2026 19:43:23  iifl2
LIVE VIEW CHECKED, NO SUSPICIOUS ACTIVITY OBSERVED, VAULT OPENING REQUEST FOR FOR CLOSING AFTER WORKING HOUR  NEEDS TO MAIL APPROVAL, AND NOT ALLOWED VAULT OPERATION, CALL TO KEY CUSTOODIAN.1  09827952827"
"BM10889","Final Vault Closing","iifl6","2026-09-28","19:51:15","28/09/2026 19:51:04  iifl6
LIVE VIEW CHECKED,NO SUSPICIOUS ACTIVITY OBSERVED,VAULT OPENING REQUEST AFTER OR BEFORE WORKING HOUR, MAIL APPROVAL BY Abhishek Saha , VAULT DOOR RELEASED REMOTELY BY CMS, AND VAULT OPENED BY BRANCH STAFF CONFIRMED BY A KEY CUSTOODIAN.1 9827952827"
"BM10893","Final Vault Closing","gen14","2026-09-28","18:36:42","28/09/2026 18:36:39  gen14
LIVE VIEW CHECKED,NO SUSPICIOUS ACTIVITY OBSERVED,VAULT OPENING REQUEST FOR CLOSING PURPOSE VAULT DOOR RELEASED REMOTELY BY CMS AND VAULT OPEN BY BRANCH STAFF CONFIRMED BY KEY CUSTOODIAN   07979812675"
"BM10894","Customer Purpose","gen24","2026-09-28","13:27:27","28/09/2026 13:27:23  gen24
LIVE VIEW CHECKED, NO SUSPICIOUS ACTIVITY OBSERVED, VAULT DOOR RELEASED REMOTELY BY CMS AND VAULT OPENED BY BRANCH STAFF, CONFIRMED BY A KEY CUSTODIAN  08433489917"
"BM10894","Customer Purpose","gen23","2026-09-28","15:41:08","28/09/2026 15:41:01  gen23
LIVE VIEW CHECKED, NO SUSPICIOUS ACTIVITY OBSERVED, VAULT DOOR RELEASED REMOTELY BY CMS AND VAULT OPENED BY BRANCH STAFF, CONFIRMED BY A KEY CUSTODIAN//08433489917"
"BM10894","Final Vault Closing","gen12","2026-09-28","18:17:28","28/09/2026 18:17:23  gen12
LIVE VIEW CHECKED,NO SUSPICIOUS ACTIVITY OBSERVED,VAULT OPENING REQUEST FOR CLOSING PURPOSE VAULT DOOR RELEASED REMOTELY BY CMS AND VAULT OPEN BY BRANCH STAFF CONFIRMED BY KEY CUSTOODIAN 09871790719"
"BM10895","","admin","2026-09-28","09:25:56",""
"BM10895","Audit Purpose","gen23","2026-09-28","15:58:41","28/09/2026 15:58:34  gen23
LIVE VIEW CHECKED,NO SUSPICIOUS ACTIVITY OBSERVED,VAULT OPENING REQUEST FOR AUDIT MAIL APPROVED BY Subramaniyam G  VAULT DOOR RELEASED REMOTELY BY CMS, AND VAULT OPENED BY BRANCH STAFF CONFIRMED BY A KEY CUSTOODIAN.//09360003830"
"BM10895","Final Vault Closing","gen23","2026-09-28","17:39:32","28/09/2026 17:39:27  gen23
LIVE VIEW CHECKED,NO SUSPICIOUS ACTIVITY OBSERVED,VAULT OPENING REQUEST FOR CLOSING PURPOSE VAULT DOOR RELEASED REMOTELY BY CMS AND VAULT OPEN BY BRANCH STAFF CONFIRMED BY KEY CUSTOODIAN //08940832564"
"BM10896","Customer Purpose","gen23","2026-09-28","13:56:05","28/09/2026 13:56:00  gen23
LIVE VIEW CHECKED, NO SUSPICIOUS ACTIVITY OBSERVED, VAULT DOOR RELEASED REMOTELY BY CMS AND VAULT OPENED BY BRANCH STAFF, CONFIRMED BY A KEY CUSTODIAN//08946010805"
"BM10896","Customer Purpose","gen23","2026-09-28","16:50:49","28/09/2026 16:50:45  gen23
LIVE VIEW CHECKED, NO SUSPICIOUS ACTIVITY OBSERVED, VAULT DOOR RELEASED REMOTELY BY CMS AND VAULT OPENED BY BRANCH STAFF, CONFIRMED BY A KEY CUSTODIAN//09600676459"
"BM10896","Final Vault Closing","gen36","2026-09-28","18:02:13","28/09/2026 18:02:10  gen36
LIVE VIEW CHECKED, NO SUSPICIOUS ACTIVITY OBSERVED, VAULT DOOR RELEASED REMOTELY BY CMS AND VAULT OPENED BY BRANCH STAFF, CONFIRMED BY A KEY CUSTODIAN   9600676459"
"BM10900","","admin","2026-09-28","09:15:30",""
"BM10900","Customer Purpose","gen25","2026-09-28","16:17:08","28/09/2026 16:17:04  gen25
LIVE VIEW CHECKED, NO SUSPICIOUS ACTIVITY OBSERVED, VAULT DOOR RELEASED REMOTELY BY CMS AND VAULT OPENED BY BRANCH STAFF, CONFIRMED BY A KEY CUSTODIAN      1     08486746338"
"BM10900","Final Vault Closing","gen39","2026-09-28","17:15:41","28/09/2026 17:15:32  gen39
LIVE VIEW CHECKED,NO SUSPICIOUS ACTIVITY OBSERVED,VAULT OPENING REQUEST FOR CLOSING PURPOSE VAULT DOOR RELEASED REMOTELY BY CMS AND VAULT OPEN BY BRANCH STAFF CONFIRMED BY KEY CUSTOODIAN    8486746338"
"BM10900","","admin","2026-09-29","09:21:26",""
"BM10903","","admin","2026-09-28","09:24:21",""
"BM10903","Customer Purpose","gen6","2026-09-28","12:01:58","28/09/2026 12:01:53  gen6
LIVE VIEW CHECKED, NO SUSPICIOUS ACTIVITY OBSERVED, VAULT DOOR RELEASED REMOTELY BY CMS AND VAULT OPENED BY BRANCH STAFF, CONFIRMED BY A KEY CUSTODIAN 07639099877"
"BM10903","Customer Purpose","gen9","2026-09-28","15:42:05","28/09/2026 15:42:01  gen9
LIVE VIEW CHECKED, NO SUSPICIOUS ACTIVITY OBSERVED, VAULT DOOR RELEASED REMOTELY BY CMS AND VAULT OPENED BY BRANCH STAFF, CONFIRMED BY A KEY CUSTODIAN    3      07639099877"
"BM10903","Customer Purpose","gen48","2026-09-28","16:22:18","28/09/2026 16:22:14  gen48
LIVE VIEW CHECKED, NO SUSPICIOUS ACTIVITY OBSERVED, VAULT DOOR RELEASED REMOTELY BY CMS AND VAULT OPENED BY BRANCH STAFF, CONFIRMED BY A KEY CUSTODIAN   1   09965940747"
"BM10903","Final Vault Closing","gen36","2026-09-28","17:25:41","28/09/2026 17:25:36  gen36
LIVE VIEW CHECKED, NO SUSPICIOUS ACTIVITY OBSERVED, VAULT DOOR RELEASED REMOTELY BY CMS AND VAULT OPENED BY BRANCH STAFF, CONFIRMED BY A KEY CUSTODIAN   9965940747"
"BM10903","","admin","2026-09-29","09:17:37",""
"BM10914","Customer Purpose","gen4","2026-09-28","11:33:29","28/09/2026 11:33:22  gen4
LIVE VIEW CHECKED, NO SUSPICIOUS ACTIVITY OBSERVED, VAULT DOOR RELEASED REMOTELY BY CMS AND VAULT OPENED BY BRANCH STAFF, CONFIRMED BY A KEY CUSTODIAN  7904378586"
"BM10914","Final Vault Closing","gen7","2026-09-28","18:15:37","28/09/2026 18:15:31  gen7
LIVE VIEW CHECKED,NO SUSPICIOUS ACTIVITY OBSERVED,VAULT OPENING REQUEST FOR CLOSING PURPOSE VAULT DOOR RELEASED REMOTELY BY CMS AND VAULT OPEN BY BRANCH STAFF CONFIRMED BY KEY CUSTOODIAN 2-8883107910"
"BM10914","","admin","2026-09-28","18:32:29",""
"BM10914","","admin","2026-09-29","09:25:15",""
"BM10915","Customer Purpose","gen5","2026-09-28","11:07:52","28/09/2026 11:07:48  gen5
LIVE VIEW CHECKED, NO SUSPICIOUS ACTIVITY OBSERVED, VAULT DOOR RELEASED REMOTELY BY CMS AND VAULT OPENED BY BRANCH STAFF, CONFIRMED BY A KEY CUSTODIAN  1,,,,,,,,,,,,,, 08101746640"
"BM10915","Final Vault Closing","gen5","2026-09-28","17:36:48","28/09/2026 17:36:32  gen5
LIVE VIEW CHECKED,NO SUSPICIOUS ACTIVITY OBSERVED,VAULT OPENING REQUEST FOR CLOSING PURPOSE VAULT DOOR RELEASED REMOTELY BY CMS AND VAULT OPEN BY BRANCH STAFF CONFIRMED BY KEY CUSTOODIAN 1/2/3

28/09/2026 17:36:45  gen5
kc      1.... 08101746640"
"BM10915","","admin","2026-09-29","09:29:47",""
"BM10917","","admin","2026-09-28","09:11:18",""
"BM10917","Not Responded","gen11","2026-09-28","18:18:51","28/09/2026 18:18:46  gen11
LIVE VIEW CHECKED, NO SUSPICIOUS ACTIVITY OBSERVED. CALL TO KC 1/2/3 BUT NOT RESPONDED."
"BM10917","Final Vault Closing","iifl5","2026-09-28","18:19:06","28/09/2026 18:18:53  iifl5
LIVE VIEW CHECKED,NO SUSPICIOUS ACTIVITY OBSERVED,VAULT OPENING REQUEST FOR CLOSING PURPOSE VAULT DOOR RELEASED REMOTELY BY CMS AND VAULT OPEN BY BRANCH STAFF CONFIRMED BY KEY CUSTOODIAN 8374484450"
"BM10917","","admin","2026-09-29","09:27:59",""
"BM10918","","admin","2026-09-28","09:24:21",""
"BM10918","Customer Purpose","gen4","2026-09-28","13:14:11","28/09/2026 13:14:07  gen4
LIVE VIEW CHECKED, NO SUSPICIOUS ACTIVITY OBSERVED, VAULT DOOR RELEASED REMOTELY BY CMS AND VAULT OPENED BY BRANCH STAFF, CONFIRMED BY A KEY CUSTODIAN  07506610449"
"BM10918","Customer Purpose","gen37","2026-09-28","15:20:41","28/09/2026 15:20:37  gen37
LIVE VIEW CHECKED, NO SUSPICIOUS ACTIVITY OBSERVED, VAULT DOOR RELEASED REMOTELY BY CMS AND VAULT OPENED BY BRANCH STAFF, CONFIRMED BY A KEY CUSTODIAN  1 09136952737"
"BM10918","Customer Purpose","gen25","2026-09-28","15:53:36","28/09/2026 15:53:33  gen25
LIVE VIEW CHECKED, NO SUSPICIOUS ACTIVITY OBSERVED, VAULT DOOR RELEASED REMOTELY BY CMS AND VAULT OPENED BY BRANCH STAFF, CONFIRMED BY A KEY CUSTODIAN     1   09136952737"
"BM10918","Customer Purpose","gen5","2026-09-28","17:03:48","28/09/2026 17:03:45  gen5
LIVE VIEW CHECKED, NO SUSPICIOUS ACTIVITY OBSERVED, VAULT DOOR RELEASED REMOTELY BY CMS AND VAULT OPENED BY BRANCH STAFF, CONFIRMED BY A KEY CUSTODIAN  2,, 09136952737"
"BM10918","Customer Purpose","gen29","2026-09-28","17:56:08","28/09/2026 17:56:04  gen29
LIVE VIEW CHECKED, NO SUSPICIOUS ACTIVITY OBSERVED, VAULT DOOR RELEASED REMOTELY BY CMS AND VAULT OPENED BY BRANCH STAFF, CONFIRMED BY A KEY CUSTODIAN  9136952737"
"BM10918","","admin","2026-09-29","09:24:28",""
"BM10920","","admin","2026-09-28","09:29:07",""
"BM10920","Customer Purpose","gen12","2026-09-28","13:03:44","28/09/2026 13:03:40  gen12
LIVE VIEW CHECKED, NO SUSPICIOUS ACTIVITY OBSERVED, VAULT DOOR RELEASED REMOTELY BY CMS AND VAULT OPENED BY BRANCH STAFF, CONFIRMED BY A KEY CUSTODIAN   08825542990"
"BM10920","Final Vault Closing","gen48","2026-09-28","18:10:13","28/09/2026 18:10:10  gen48
LIVE VIEW CHECKED,NO SUSPICIOUS ACTIVITY OBSERVED,VAULT OPENING REQUEST FOR CLOSING PURPOSE VAULT DOOR RELEASED REMOTELY BY CMS AND VAULT OPEN BY BRANCH STAFF CONFIRMED BY KEY CUSTOODIAN 1/08825542990"
"BM10922","Engineer at site","gen25","2026-09-28","18:53:33","28/09/2026 18:53:29  gen25
WORK IN PROGRESS, ENGINEER AT SITE.CONFIRM BY TWOWAY COMMUNICATION"
"BM10922","Engineer at site","gen25","2026-09-28","18:53:48","28/09/2026 18:53:43  gen25
WORK IN PROGRESS, ENGINEER AT SITE.CONFIRM BY TWOWAY COMMUNICATION"
"BM10922","Engineer at site","gen25","2026-09-28","18:54:52","28/09/2026 18:54:48  gen25
WORK IN PROGRESS, ENGINEER AT SITE.CONFIRM BY TWOWAY COMMUNICATION"
"BM10924","Final Vault Closing","gen11","2026-09-28","18:27:26","28/09/2026 18:27:24  gen11
LIVE VIEW CHECKED,NO SUSPICIOUS ACTIVITY OBSERVED,VAULT OPENING REQUEST FOR CLOSING PURPOSE VAULT DOOR RELEASED REMOTELY BY CMS AND VAULT OPEN BY BRANCH STAFF CONFIRMED BY KEY CUSTOODIAN  1   9140997624"
"BM10924","","admin","2026-09-28","18:35:29",""
"BM10925","Customer Purpose","gen18","2026-09-28","15:01:52","28/09/2026 15:01:44  gen18
LIVE VIEW CHECKED, NO SUSPICIOUS ACTIVITY OBSERVED, VAULT DOOR RELEASED REMOTELY BY CMS AND VAULT OPENED BY BRANCH STAFF, CONFIRMED BY A KEY CUSTODIAN   07087235059"
"BM10925","Final Vault Closing","gen14","2026-09-28","18:15:03","28/09/2026 18:14:59  gen14
LIVE VIEW CHECKED,NO SUSPICIOUS ACTIVITY OBSERVED,VAULT OPENING REQUEST FOR CLOSING PURPOSE VAULT DOOR RELEASED REMOTELY BY CMS AND VAULT OPEN BY BRANCH STAFF CONFIRMED BY KEY CUSTOODIAN 1  07087235059"
"BM10927","","admin","2026-09-28","19:26:18",""
"BM10929","Engineer at site","gen21","2026-09-28","17:24:21","28/09/2026 17:25:05  gen21
WORK IN PROGRESS, ENGINEER AT SITE  CONFIRMED BY TWOWAY COMMUNICATION"
"BM10929","Engineer at site","gen21","2026-09-28","17:24:31",""
"BM10929","Engineer at site","","2026-09-28","17:40:49",""
"BM10929","Engineer at site","gen25","2026-09-28","17:40:49",""
"BM10929","Engineer at site","gen25","2026-09-28","17:40:49",""
"BM10929","Engineer at site","gen25","2026-09-28","17:40:49",""
"BM10930","Final Vault Closing","gen48","2026-09-28","18:30:51","28/09/2026 18:30:48  gen48
LIVE VIEW CHECKED,NO SUSPICIOUS ACTIVITY OBSERVED,VAULT OPENING REQUEST FOR CLOSING PURPOSE VAULT DOOR RELEASED REMOTELY BY CMS AND VAULT OPEN BY BRANCH STAFF CONFIRMED BY KEY CUSTOODIAN 1/09065283424"
"BM10930","","admin","2026-09-29","08:07:03",""
"BM10931","","admin","2026-09-28","18:46:26",""
"BM10934","Final Vault Closing","gen9","2026-09-28","17:29:30","28/09/2026 17:29:24  gen9
LIVE VIEW CHECKED,NO SUSPICIOUS ACTIVITY OBSERVED,VAULT OPENING REQUEST FOR CLOSING PURPOSE VAULT DOOR RELEASED REMOTELY BY CMS AND VAULT OPEN BY BRANCH STAFF CONFIRMED BY KEY CUSTOODIAN       2     09359872226"
"BM10938","","admin","2026-09-28","09:18:23",""
"BM10938","Not Operate","gen26","2026-09-28","15:13:22","28/09/2026 15:13:16  gen26
LIVE VIEW CHECKED,NO SUSPICIOUS ACTIVITY OBSERVED,NO NEED TO OPERATE VAULT CONFIRMED BY KEY CUSTOODIAN.  09663321431"
"BM10938","Customer Purpose","gen14","2026-09-28","15:34:30","28/09/2026 15:34:27  gen14
LIVE VIEW CHECKED, NO SUSPICIOUS ACTIVITY OBSERVED, VAULT DOOR RELEASED REMOTELY BY CMS AND VAULT OPENED BY BRANCH STAFF, CONFIRMED BY A KEY CUSTODIAN  1  09663321431"
"BM10938","Final Vault Closing","gen25","2026-09-28","17:51:13","28/09/2026 17:51:09  gen25
LIVE VIEW CHECKED,NO SUSPICIOUS ACTIVITY OBSERVED,VAULT OPENING REQUEST FOR CLOSING PURPOSE VAULT DOOR RELEASED REMOTELY BY CMS AND VAULT OPEN BY BRANCH STAFF CONFIRMED BY KEY CUSTOODIAN     1     09663321431"
"BM10939","","admin","2026-09-28","09:22:50",""
"BM10939","Customer Purpose","gen4","2026-09-28","10:53:46","28/09/2026 10:53:42  gen4
LIVE VIEW CHECKED, NO SUSPICIOUS ACTIVITY OBSERVED, VAULT DOOR RELEASED REMOTELY BY CMS AND VAULT OPENED BY BRANCH STAFF, CONFIRMED BY A KEY CUSTODIAN  8454000783"
"BM10939","Final Vault Closing","iifl2","2026-09-28","19:23:56","28/09/2026 19:23:53  iifl2
DUE TO NETWORK ISSUE VIDEO VERIFICATION ON WHATSAPP VIDEO CALL,NO SUSPICIOUS ACTIVITY OBSERVED,VAULT OPENING REQUEST FOR FOR CLOSING AFTER WORHING HOUR ,MAIL APPROVED BY AMIR TANKIWALA < VAULT DOOR RELEASED REMOTELY/MANUALLY BY CMS AND VAULT OPEN BY STAF CONFIRMED BY KEY CUSTOODIAN   8454000783"
"BM10939","","admin","2026-09-29","09:21:21",""
"BM10941","","admin","2026-09-28","09:10:34",""
"BM10941","Customer Purpose","gen2","2026-09-28","12:45:01","28/09/2026 12:44:57  gen2
LIVE VIEW CHECKED, NO SUSPICIOUS ACTIVITY OBSERVED, VAULT DOOR RELEASED REMOTELY BY CMS AND VAULT OPENED BY BRANCH STAFF, CONFIRMED BY A KEY CUSTODIAN  1  9444279052"
"BM10941","Customer Purpose","gen35","2026-09-28","13:56:22","28/09/2026 13:56:19  gen35
LIVE VIEW CHECKED, NO SUSPICIOUS ACTIVITY OBSERVED, VAULT DOOR RELEASED REMOTELY BY CMS AND VAULT OPENED BY BRANCH STAFF, CONFIRMED BY A KEY CUSTODIAN  08778972016"
"BM10941","Final Vault Closing","iifl1","2026-09-28","17:58:25","28/09/2026 17:58:21  iifl1
LIVE VIEW CHECKED,NO SUSPICIOUS ACTIVITY OBSERVED,VAULT OPENING REQUEST FOR CLOSING PURPOSE VAULT DOOR RELEASED REMOTELY BY CMS AND VAULT OPEN BY BRANCH STAFF CONFIRMED BY KEY CUSTOODIAN 1...09444279052"
"BM10941","","admin","2026-09-29","09:19:57",""
"BM10946","","admin","2026-09-28","09:14:03",""
"BM10946","Audit Purpose","gen21","2026-09-28","11:19:57","28/09/2026 11:20:39  gen21
LIVE VIEW CHECKED,NO SUSPICIOUS ACTIVITY OBSERVED,VAULT OPENING REQUEST FOR AUDIT, MAIL APPROVED BY Kalmesh Metri <kalmesh.metri@iifl.com>, VAULT DOOR RELEASED REMOTELY BY CMS, AND VAULT OPENED BY BRANCH STAFF CONFIRMED BY A KEY CUSTOODIAN.1    08970163920"
"BM10946","Audit Purpose","gen46","2026-09-28","13:49:47","28/09/2026 13:49:42  gen46
LIVE VIEW CHECKED,NO SUSPICIOUS ACTIVITY OBSERVED,VAULT OPENING REQUEST FOR AUDIT MAIL APPROVED BY Kalmesh Metri VAULT DOOR RELEASED REMOTELY BY CMS, AND VAULT OPENED BY BRANCH STAFF CONFIRMED BY A KEY CUSTOODIAN.   08970163920"
"BM10946","Audit Check","gen15","2026-09-28","13:56:51","28/09/2026 13:56:41  gen15
TESTING,  AUDITOR CONFIRMED BY  TWOWAAY ALL OK."
"BM10946","Audit Check","gen15","2026-09-28","13:57:17","28/09/2026 13:57:08  gen15
TESTING,  AUDITOR CONFIRMED BY  TWOWAAY ALL OK."
"BM10946","Audit Check","gen15","2026-09-28","13:57:43","28/09/2026 13:57:34  gen15
TESTING,  AUDITOR CONFIRMED BY  TWOWAAY ALL OK."
"BM10946","Audit Check","gen15","2026-09-28","13:58:15","28/09/2026 13:58:08  gen15
TESTING,  AUDITOR CONFIRMED BY  TWOWAAY ALL OK."
"BM10946","Audit Check","gen15","2026-09-28","13:58:33","28/09/2026 13:58:26  gen15
TESTING,  AUDITOR CONFIRMED BY  TWOWAAY ALL OK."
"BM10946","Audit Check","gen15","2026-09-28","13:58:57","28/09/2026 13:58:49  gen15
TESTING,  AUDITOR CONFIRMED BY  TWOWAAY ALL OK."
"BM10946","Audit Check","gen15","2026-09-28","13:59:22","28/09/2026 13:59:11  gen15
TESTING,  AUDITOR CONFIRMED BY  TWOWAAY ALL OK."
"BM10946","Audit Check","gen15","2026-09-28","13:59:42","28/09/2026 13:59:35  gen15
TESTING,  AUDITOR CONFIRMED BY  TWOWAAY ALL OK."
"BM10946","Audit Check","gen15","2026-09-28","14:00:00","28/09/2026 13:59:54  gen15
TESTING,  AUDITOR CONFIRMED BY  TWOWAAY ALL OK."
"BM10946","","admin","2026-09-29","09:23:39",""
"BM10947","Final Vault Closing","gen10","2026-09-28","18:02:38","28/09/2026 18:02:34  gen10
DUE TO NETWORK ISSUE VIDEO VERIFICATION ON WHATSAPP VIDEO CALL,NO SUSPICIOUS ACTIVITY OBSERVED,VAULT OPENING REQUEST FOR CLOSING PURPOSE VAULT DOOR RELEASED REMOTELY BY CMS AND VAULT OPEN BY STAF CONFIRMED BY KEY CUSTOODIAN 3...................7908094515"
"BM10947","","admin","2026-09-29","09:28:52",""
"BM10948","","admin","2026-09-28","09:26:01",""
"BM10948","Customer Purpose","gen6","2026-09-28","10:27:32","28/09/2026 10:27:29  gen6
LIVE VIEW CHECKED, NO SUSPICIOUS ACTIVITY OBSERVED, VAULT DOOR RELEASED REMOTELY BY CMS AND VAULT OPENED BY BRANCH STAFF, CONFIRMED BY A KEY CUSTODIAN 08260259803"
"BM10948","Customer Purpose","gen7","2026-09-28","16:51:45","28/09/2026 16:51:40  gen7
LIVE VIEW CHECKED, NO SUSPICIOUS ACTIVITY OBSERVED, VAULT DOOR RELEASED REMOTELY BY CMS AND VAULT OPENED BY BRANCH STAFF, CONFIRMED BY A KEY CUSTODIAN 09437292551"
"BM10948","Final Vault Closing","gen10","2026-09-28","17:53:04","28/09/2026 17:53:00  gen10
LIVE VIEW CHECKED,NO SUSPICIOUS ACTIVITY OBSERVED,VAULT OPENING REQUEST FOR CLOSING PURPOSE VAULT DOOR RELEASED REMOTELY BY CMS AND VAULT OPEN BY BRANCH STAFF CONFIRMED BY KEY CUSTOODIAN  2..................08260259803"
"BM10948","","admin","2026-09-29","09:16:49",""
"BM10950","Customer Purpose","gen25","2026-09-28","16:12:37","28/09/2026 16:12:34  gen25
LIVE VIEW CHECKED, NO SUSPICIOUS ACTIVITY OBSERVED, VAULT DOOR RELEASED REMOTELY BY CMS AND VAULT OPENED BY BRANCH STAFF, CONFIRMED BY A KEY CUSTODIAN       1      08898489523"
"BM10950","Not Responded","gen36","2026-09-28","17:20:54","28/09/2026 17:20:46  gen36
LIVE VIEW CHECKED, NO SUSPICIOUS ACTIVITY OBSERVED. CALL TO KC 1,2,3  BUT NOT RESPONDED. AND TWOWAY IS SWITCHED OFF"
"BM10950","Customer Purpose","gen34","2026-09-28","17:33:07","28/09/2026 17:33:02  gen34
LIVE VIEW CHECKED, NO SUSPICIOUS ACTIVITY OBSERVED, VAULT DOOR RELEASED REMOTELY BY CMS AND VAULT OPENED BY BRANCH STAFF, CONFIRMED BY A KEY CUSTODIAN  8898489523"
"BM10950","","admin","2026-09-28","18:32:53",""
"BM10953","Customer Purpose","gen4","2026-09-28","17:11:57","28/09/2026 17:11:54  gen4
LIVE VIEW CHECKED, NO SUSPICIOUS ACTIVITY OBSERVED, VAULT DOOR RELEASED REMOTELY BY CMS AND VAULT OPENED BY BRANCH STAFF, CONFIRMED BY A KEY CUSTODIAN  9663284515"
"BM10954","","admin","2026-09-28","09:23:38",""
"BM10954","Customer Purpose","gen39","2026-09-28","11:59:58","28/09/2026 11:59:52  gen39
LIVE VIEW CHECKED, NO SUSPICIOUS ACTIVITY OBSERVED, VAULT DOOR RELEASED REMOTELY BY CMS AND VAULT OPENED BY BRANCH STAFF, CONFIRMED BY A KEY CUSTODIAN   9933688128"
"BM10954","Customer Purpose","gen6","2026-09-28","13:00:42","28/09/2026 13:00:39  gen6
LIVE VIEW CHECKED, NO SUSPICIOUS ACTIVITY OBSERVED, VAULT DOOR RELEASED REMOTELY BY CMS AND VAULT OPENED BY BRANCH STAFF, CONFIRMED BY A KEY CUSTODIAN 09933688128"
"BM10954","Final Vault Closing","iifl7","2026-09-28","18:05:19","28/09/2026 18:05:15  iifl7
LIVE VIEW CHECKED,NO SUSPICIOUS ACTIVITY OBSERVED,VAULT OPENING REQUEST FOR CLOSING PURPOSE VAULT DOOR RELEASED REMOTELY BY CMS AND VAULT OPEN BY BRANCH STAFF CONFIRMED BY KEY CUSTOODIAN  2 08101132060"
"BM10954","","admin","2026-09-29","09:22:09",""
"BM10956","","admin","2026-09-28","09:29:57",""
"BM10956","Final Vault Closing","gen39","2026-09-28","18:14:22","28/09/2026 18:14:17  gen39
LIVE VIEW CHECKED,NO SUSPICIOUS ACTIVITY OBSERVED,VAULT OPENING REQUEST FOR CLOSING PURPOSE VAULT DOOR RELEASED REMOTELY BY CMS AND VAULT OPEN BY BRANCH STAFF CONFIRMED BY KEY CUSTOODIAN 6301357090"
"BM10956","","admin","2026-09-29","09:26:09",""
"BM10967","","admin","2026-09-28","09:14:05",""
"BM10967","Final Vault Closing","iifl1","2026-09-28","18:20:17","28/09/2026 18:20:00  iifl1
LIVE VIEW CHECKED,NO SUSPICIOUS ACTIVITY OBSERVED,VAULT OPENING REQUEST FOR CLOSING PURPOSE VAULT DOOR RELEASED REMOTELY BY CMS AND VAULT OPEN BY BRANCH STAFF CONFIRMED BY KEY CUSTOODIAN 1....07002740940"
"BM10967","","admin","2026-09-28","18:30:25",""
"BM10967","","admin","2026-09-29","09:08:41",""
"BM10972","Not Operate","gen21","2026-09-28","13:01:47","28/09/2026 13:02:24  gen21
LIVE VIEW CHECKED,NO SUSPICIOUS ACTIVITY OBSERVED,NO NEED TO OPERATE VAULT CONFIRMED BY KEY CUSTOODIAN.1/   7249444418"
"BM10972","Customer Purpose","gen14","2026-09-28","13:05:07","28/09/2026 13:05:04  gen14
LIVE VIEW CHECKED, NO SUSPICIOUS ACTIVITY OBSERVED, VAULT DOOR RELEASED REMOTELY BY CMS AND VAULT OPENED BY BRANCH STAFF, CONFIRMED BY A KEY CUSTODIAN 2  08802561345"
"BM10972","Final Vault Closing","gen10","2026-09-28","18:20:15","28/09/2026 18:20:12  gen10
LIVE VIEW CHECKED,NO SUSPICIOUS ACTIVITY OBSERVED,VAULT OPENING REQUEST FOR CLOSING PURPOSE VAULT DOOR RELEASED REMOTELY BY CMS AND VAULT OPEN BY BRANCH STAFF CONFIRMED BY KEY CUSTOODIAN 2..................8802561345"
"BM10972","","admin","2026-09-28","18:36:54",""
"BM10973","Final Vault Closing","iifl7","2026-09-28","18:20:49","28/09/2026 18:20:44  iifl7
LIVE VIEW CHECKED,NO SUSPICIOUS ACTIVITY OBSERVED,VAULT OPENING REQUEST FOR CLOSING PURPOSE VAULT DOOR RELEASED REMOTELY BY CMS AND VAULT OPEN BY BRANCH STAFF CONFIRMED BY KEY CUSTOODIAN  2 08527448274"
"BM10975","","admin","2026-09-28","09:22:07",""
"BM10975","Customer Purpose","gen3","2026-09-28","11:36:07","28/09/2026 11:36:03  gen3
LIVE VIEW CHECKED, NO SUSPICIOUS ACTIVITY OBSERVED, VAULT DOOR RELEASED REMOTELY BY CMS AND VAULT OPENED BY BRANCH STAFF, CONFIRMED BY A KEY CUSTODIAN 07002751935"
"BM10975","Engineer at site","gen4","2026-09-28","11:45:38","28/09/2026 11:45:29  gen4
WORK IN PROGRESS, ENGINEER AT SITE.  9365967809"
"BM10975","Engineer at site","gen24","2026-09-28","11:54:32","28/09/2026 11:54:29  gen24
WORK IN PROGRESS, ENGINEER AT SITE AND CONFIRMED BY KC 3  08876862291"
"BM10975","Engineer at site","","2026-09-28","12:36:23","28/09/2026 12:36:11  gen4
WORK IN PROGRESS, ENGINEER AT SITE."
"BM10975","Engineer at site","gen8","2026-09-28","12:38:58",""
"BM10975","Engineer at site","gen8","2026-09-28","12:39:07",""
"BM10975","Engineer at site","gen14","2026-09-28","12:43:34",""
"BM10975","Engineer at site","gen20","2026-09-28","13:03:34",""
"BM10975","Not Operate","gen30","2026-09-28","14:36:46","28/09/2026 14:36:26  gen30
LIVE VIEW CHECKED,NO SUSPICIOUS ACTIVITY OBSERVED,NO NEED TO OPERATE VAULT CONFIRMED BY KEY CUSTOODIAN.1 .7002751935"
"BM10975","Engineer at site","gen48","2026-09-28","14:50:06","28/09/2026 14:50:02  gen48
WORK IN PROGRESS, ENGINEER AT SITE AND CONFIRMED  BY KC 2   09365967809."
"BM10975","Engineer at site","gen26","2026-09-28","15:09:43","28/09/2026 15:09:33  gen26
WORK IN PROGRESS, ENGINEER AT SITE.  CONFIRMED BY TWO WAY AND KC 3   8876862291"
"BM10975","Engineer at site","","2026-09-28","15:09:52",""
"BM10975","Engineer at site","gen26","2026-09-28","15:09:52",""
"BM10975","Engineer at site","gen26","2026-09-28","15:09:52",""
"BM10975","Engineer at site","gen26","2026-09-28","15:09:52",""
"BM10975","Engineer at site","gen26","2026-09-28","15:09:52",""
"BM10975","Engineer at site","","2026-09-28","15:10:07",""
"BM10975","Engineer at site","gen26","2026-09-28","15:10:07",""
"BM10975","Engineer at site","","2026-09-28","15:10:16",""
"BM10975","Engineer at site","gen26","2026-09-28","15:10:16",""
"BM10975","Engineer at site","","2026-09-28","15:15:34",""
"BM10975","Engineer at site","gen16","2026-09-28","15:52:57","28/09/2026 15:52:52  gen16
WORK IN PROGRESS, ENGINEER AT SITE. 
CONFIRMED BY KC 1   7002751935"
"BM10975","Engineer at site","gen16","2026-09-28","15:53:19","28/09/2026 15:53:14  gen16
WORK IN PROGRESS, ENGINEER AT SITE. 
CONFIRMED BY KC 1   7002751935"
"BM10975","Engineer at site","gen16","2026-09-28","15:53:45","28/09/2026 15:53:35  gen16
WORK IN PROGRESS, ENGINEER AT SITE. 
CONFIRMED BY KC 1   7002751935"
"BM10975","Engineer at site","gen16","2026-09-28","15:54:11","28/09/2026 15:54:03  gen16
WORK IN PROGRESS, ENGINEER AT SITE. 
CONFIRMED BY KC 1   7002751935"
"BM10975","Engineer at site","gen16","2026-09-28","15:54:32",""
"BM10975","Engineer at site","gen16","2026-09-28","15:54:50",""
"BM10975","Engineer at site","","2026-09-28","15:55:16",""
"BM10975","Engineer at site","gen46","2026-09-28","15:55:16",""
"BM10975","Engineer at site","gen16","2026-09-28","15:55:16",""
"BM10975","Engineer at site","gen22","2026-09-28","16:15:59","28/09/2026 16:15:56  gen22
WORK IN PROGRESS, ENGINEER AT SITE.   KC  1   7002751935"
"BM10975","Final Vault Closing","gen28","2026-09-28","18:40:59","28/09/2026 18:40:50  gen28
LIVE VIEW CHECKED,NO SUSPICIOUS ACTIVITY OBSERVED,VAULT OPENING REQUEST FOR CLOSING PURPOSE VAULT DOOR RELEASED REMOTELY BY CMS AND VAULT OPEN BY BRANCH STAFF CONFIRMED BY KEY CUSTOODIAN 09182871688    OTP TIME     18:18:30"
"BM10975","","admin","2026-09-29","09:14:54",""
"BM10976","","admin","2026-09-28","09:14:49",""
"BM10976","","admin","2026-09-29","09:12:08",""
"BM10987","","admin","2026-09-29","09:09:24",""
"BM10992","Final Vault Closing","gen8","2026-09-28","17:44:45","28/09/2026 17:44:37  gen8
DUE TO NETWORK ISSUE VIDEO VERIFICATION ON WHATSAPP VIDEO CALL,NO SUSPICIOUS ACTIVITY OBSERVED,VAULT OPENING REQUEST FOR CLOSING PURPOSE VAULT DOOR RELEASED REMOTELY BY CMS AND VAULT OPEN BY STAF CONFIRMED BY KEY CUSTOODIAN    2   9981372749"
"BM10995","Customer Purpose","gen2","2026-09-28","14:48:33","28/09/2026 14:48:27  gen2
LIVE VIEW CHECKED, NO SUSPICIOUS ACTIVITY OBSERVED, VAULT DOOR RELEASED REMOTELY BY CMS AND VAULT OPENED BY BRANCH STAFF, CONFIRMED BY A KEY CUSTODIAN  2  9450444391"
"BM10998","Customer Purpose","gen37","2026-09-28","11:00:05","28/09/2026 11:00:02  gen37
LIVE VIEW CHECKED, NO SUSPICIOUS ACTIVITY OBSERVED, VAULT DOOR RELEASED REMOTELY BY CMS AND VAULT OPENED BY BRANCH STAFF, CONFIRMED BY A KEY CUSTODIAN  2 08103364634"
"BM10998","Final Vault Closing","gen1","2026-09-28","18:11:55","28/09/2026 18:11:48  gen1
LIVE VIEW CHECKED,NO SUSPICIOUS ACTIVITY OBSERVED,VAULT OPENING REQUEST FOR CLOSING PURPOSE VAULT DOOR RELEASED REMOTELY BY CMS AND VAULT OPEN BY BRANCH STAFF CONFIRMED BY KEY CUSTOODIAN  08103364634"
"BM11007","Final Vault Closing","gen10","2026-09-28","18:22:57","28/09/2026 18:22:49  gen10
LIVE VIEW CHECKED,NO SUSPICIOUS ACTIVITY OBSERVED,VAULT OPENING REQUEST FOR CLOSING PURPOSE VAULT DOOR RELEASED REMOTELY BY CMS AND VAULT OPEN BY BRANCH STAFF CONFIRMED BY KEY CUSTOODIAN 1................8953751350"
"BM11007","","admin","2026-09-28","18:35:32",""
"BM11009","","admin","2026-09-28","09:09:53",""
"BM11009","Customer Purpose","gen13","2026-09-28","17:15:40","28/09/2026 17:15:37  gen13
LIVE VIEW CHECKED, NO SUSPICIOUS ACTIVITY OBSERVED, VAULT DOOR RELEASED REMOTELY BY CMS AND VAULT OPENED BY BRANCH STAFF, CONFIRMED BY A KEY CUSTODIAN 2/06901677793"
"BM11009","Final Vault Closing","gen14","2026-09-28","17:55:10","28/09/2026 17:55:07  gen14
LIVE VIEW CHECKED,NO SUSPICIOUS ACTIVITY OBSERVED,VAULT OPENING REQUEST FOR CLOSING PURPOSE VAULT DOOR RELEASED REMOTELY BY CMS AND VAULT OPEN BY BRANCH STAFF CONFIRMED BY KEY CUSTOODIAN  2 06901677793"
"BM11009","","admin","2026-09-29","09:11:02",""
"BM11010","","admin","2026-09-28","09:19:05",""
"BM11010","Customer Purpose","gen4","2026-09-28","16:18:52","28/09/2026 16:18:45  gen4
LIVE VIEW CHECKED, NO SUSPICIOUS ACTIVITY OBSERVED, VAULT DOOR RELEASED REMOTELY BY CMS AND VAULT OPENED BY BRANCH STAFF, CONFIRMED BY A KEY CUSTODIAN 7894142059"
"BM11010","Final Vault Closing","gen11","2026-09-28","17:47:40","28/09/2026 17:47:36  gen11
LIVE VIEW CHECKED,NO SUSPICIOUS ACTIVITY OBSERVED,VAULT OPENING REQUEST FOR CLOSING PURPOSE VAULT DOOR RELEASED REMOTELY BY CMS AND VAULT OPEN BY BRANCH STAFF CONFIRMED BY KEY CUSTOODIAN 1  7894142059"
"BM11010","","admin","2026-09-29","09:12:06",""
"BM11030","","admin","2026-09-28","09:10:34",""
"BM11030","Final Vault Closing","gen4","2026-09-28","18:18:08","28/09/2026 18:18:04  gen4
LIVE VIEW CHECKED,NO SUSPICIOUS ACTIVITY OBSERVED,VAULT OPENING REQUEST FOR CLOSING PURPOSE VAULT DOOR RELEASED REMOTELY BY CMS AND VAULT OPEN BY BRANCH STAFF CONFIRMED BY KEY CUSTOODIAN   9963131600"
"BM11030","","admin","2026-09-29","09:14:54",""
"BM11031","","admin","2026-09-28","09:22:06",""
"BM11031","Customer Purpose","gen38","2026-09-28","16:17:34","28/09/2026 16:17:31  gen38
LIVE VIEW CHECKED, NO SUSPICIOUS ACTIVITY OBSERVED, VAULT DOOR RELEASED REMOTELY BY CMS AND VAULT OPENED BY BRANCH STAFF, CONFIRMED BY A KEY CUSTODIAN 9705604565"
"BM11031","Customer Purpose","gen4","2026-09-28","16:47:16","28/09/2026 16:47:07  gen4
LIVE VIEW CHECKED, NO SUSPICIOUS ACTIVITY OBSERVED, VAULT DOOR RELEASED REMOTELY BY CMS AND VAULT OPENED BY BRANCH STAFF, CONFIRMED BY A KEY CUSTODIAN 09705604565"
"BM11031","Genuine","iifl2","2026-09-28","18:49:04","28/09/2026 18:49:01  iifl2
LIVE VIEW CHECKED, SUSPICIOUS ACTIVITY OBSERVED, BRANCH STAFF USE MOBILE INSIDE VAULT ROOM, ALSO INFORMED BY TWO WAY COMMUNICATION AND KEY CUSTOODIAN 1        9705604565

TIME: 16:16:52"
"BM11031","","admin","2026-09-29","09:25:19",""
"BM11042","","admin","2026-09-28","09:20:34",""
"BM11042","Customer Purpose","gen25","2026-09-28","16:00:25","28/09/2026 16:00:21  gen25
LIVE VIEW CHECKED, NO SUSPICIOUS ACTIVITY OBSERVED, VAULT DOOR RELEASED REMOTELY BY CMS AND VAULT OPENED BY BRANCH STAFF, CONFIRMED BY A KEY CUSTODIAN      1     09491816151"
"BM11042","Final Vault Closing","gen15","2026-09-28","18:40:11","28/09/2026 18:40:02  gen15
LIVE VIEW CHECKED,NO SUSPICIOUS ACTIVITY OBSERVED,VAULT OPENING REQUEST FOR CLOSING PURPOSE VAULT DOOR RELEASED REMOTELY BY CMS AND VAULT OPEN BY BRANCH STAFF CONFIRMED BY KEY CUSTOODIAN  1 09491816151"
"BM11042","","admin","2026-09-29","09:20:38",""
"BM11057","Engineer at site","gen22","2026-09-28","17:08:04","28/09/2026 17:08:00  gen22
WORK IN PROGRESS, ENGINEER AT SITE.TWOWAY KC 1   9959582794"
"BM11057","Engineer at site","","2026-09-28","17:12:11",""
"BM11057","Engineer at site","iifl2","2026-09-28","17:12:20",""
"BM11057","Engineer at site","","2026-09-28","17:12:20",""
"BM11057","Engineer at site","iifl2","2026-09-28","17:12:20",""
"BM11057","Engineer at site","","2026-09-28","17:12:31",""
"BM11057","Engineer at site","","2026-09-28","17:12:39",""
"BM11057","Engineer at site","","2026-09-28","17:12:50",""
"BM11057","Engineer at site","","2026-09-28","17:12:58",""
"BM11057","Engineer at site","","2026-09-28","17:13:15",""
"BM11057","Engineer at site","gen48","2026-09-28","17:18:41","28/09/2026 17:18:35  gen48
WORK IN PROGRESS, ENGINEER AT SITE. AND CONFIRMED BY TWO WAY COMMUNICATION . ALL OK"
"BM11057","Engineer at site","gen48","2026-09-28","17:19:22",""
"BM11057","Engineer at site","gen48","2026-09-28","17:19:22",""
"BM11057","Engineer at site","","2026-09-28","17:19:22",""
"BM11057","Not Operate","gen48","2026-09-28","17:20:57","28/09/2026 17:18:03  gen48
WORK IN PROGRESS, ENGINEER AT SITE AND CONFIRMED BY TWO WAY COMUNICATION . ALL OK

28/09/2026 17:20:52  gen48
LIVE VIEW CHECKED,NO SUSPICIOUS ACTIVITY OBSERVED,NO NEED TO OPERATE VAULT CONFIRMED BY KEY CUSTOODIAN.1/09959582794"
"BM11057","Engineer at site","","2026-09-28","17:21:05",""
"BM11057","Engineer at site","","2026-09-28","17:21:17",""
"BM11057","Engineer at site","","2026-09-28","17:21:24",""
"BM11057","Engineer at site","","2026-09-28","17:21:33",""
"BM11057","Engineer at site","gen30","2026-09-28","17:38:57","28/09/2026 17:38:24  gen30
WORK IN PROGRESS, ENGINEER AT SITE. CONFIRMED BY 1 .9959582794"
"BM11057","Engineer at site","gen30","2026-09-28","17:39:23","28/09/2026 17:39:04  gen30
WORK IN PROGRESS, ENGINEER AT SITE. CONFIRMED BY 1 .9959582794"
"BM11057","Engineer at site","","2026-09-28","17:48:45",""
"BM11057","Not Operate","gen14","2026-09-28","18:06:58","28/09/2026 18:06:54  gen14
LIVE VIEW CHECKED,NO SUSPICIOUS ACTIVITY OBSERVED,NO NEED TO OPERATE VAULT CONFIRMED BY KEY CUSTOODIAN.   09392654650"
"BM11057","","admin","2026-09-29","09:18:22",""
"BM11094","Final Vault Closing","gen1","2026-09-28","17:42:47","28/09/2026 17:42:44  gen1
LIVE VIEW CHECKED,NO SUSPICIOUS ACTIVITY OBSERVED,VAULT OPENING REQUEST FOR CLOSING PURPOSE VAULT DOOR RELEASED REMOTELY BY CMS AND VAULT OPEN BY BRANCH STAFF CONFIRMED BY KEY CUSTOODIAN  07814171299"
"BM11160","","admin","2026-09-28","09:23:35",""
"BM11160","Final Vault Closing","gen28","2026-09-28","18:39:08","28/09/2026 18:38:58  gen28
LIVE VIEW CHECKED,NO SUSPICIOUS ACTIVITY OBSERVED,VAULT OPENING REQUEST FOR CLOSING PURPOSE VAULT DOOR RELEASED REMOTELY BY CMS AND VAULT OPEN BY BRANCH STAFF CONFIRMED BY KEY CUSTOODIAN   09182871688    OTP TIME 18:11:12 TO 18:16:12"
"BM11160","","admin","2026-09-29","09:24:27",""
"BM11175","Engineer at site","gen3","2026-09-28","14:48:56","28/09/2026 14:48:51  gen3
WORK IN PROGRESS, ENGINEER AT SITE. CONFIRMED BY TWO WAY COMMUNICATION."
"BM11175","Engineer at site","gen3","2026-09-28","14:49:35","28/09/2026 14:49:32  gen3
WORK IN PROGRESS, ENGINEER AT SITE.CONFIRMED BY TWO WAY COMMUNICATION."
"BM11175","Engineer at site","gen3","2026-09-28","14:49:53","28/09/2026 14:49:49  gen3
WORK IN PROGRESS, ENGINEER AT SITE.CONFIRMED BY TWO WAY COMMUNICATION."
"BM11175","Engineer at site","gen3","2026-09-28","14:50:13","28/09/2026 14:50:09  gen3
WORK IN PROGRESS, ENGINEER AT SITE.CONFIRMED BY TWO WAY COMMUNICATION."
"BM11175","Engineer at site","","2026-09-28","14:50:27",""
"BM11175","Engineer at site","","2026-09-28","14:50:43",""
"BM11175","Engineer at site","","2026-09-28","14:50:55",""
"BM11175","Engineer at site","gen3","2026-09-28","14:50:55",""
"BM11175","Engineer at site","gen3","2026-09-28","14:50:55",""
"BM11175","Engineer at site","gen3","2026-09-28","14:50:55",""
"BM11175","Engineer at site","gen3","2026-09-28","14:50:55",""
"BM11175","Engineer at site","gen3","2026-09-28","14:50:55",""
"BM11175","Engineer at site","","2026-09-28","14:51:06",""
"BM11175","Engineer at site","","2026-09-28","14:51:18",""
"BM11175","Engineer at site","gen3","2026-09-28","14:51:18",""
"BM11175","Final Vault Closing","gen4","2026-09-28","18:45:43","28/09/2026 18:45:37  gen4
LIVE VIEW CHECKED,NO SUSPICIOUS ACTIVITY OBSERVED,VAULT OPENING REQUEST FOR CLOSING PURPOSE VAULT DOOR RELEASED REMOTELY BY CMS AND VAULT OPEN BY BRANCH STAFF CONFIRMED BY KEY CUSTOODIAN   7033650640"
"BM11177","Not Allowed","iifl1","2026-09-28","18:15:10","28/09/2026 18:15:03  iifl1
LIVE VIEW CHECKED, NO SUSPICIOUS ACTIVITY OBSERVED, VAULT OPENING REQUEST FOR CLOSING but security guard not available NEEDS TO MAIL APPROVAL, AND NOT ALLOWED VAULT OPERATION, CALL TO KEY CUSTOODIAN.1....07854809932"
"BM11177","Final Vault Closing","gen16","2026-09-28","18:30:37","28/09/2026 18:30:32  gen16
LIVE VIEW CHECKED,NO SUSPICIOUS ACTIVITY OBSERVED,VAULT OPENING REQUEST FOR CLOSING PURPOSE VAULT DOOR RELEASED REMOTELY BY CMS AND VAULT OPEN BY BRANCH STAFF CONFIRMED BY KEY CUSTOODIAN  7854809932"
"BM11177","","admin","2026-09-28","18:40:46",""
"BM11213","","admin","2026-09-28","19:04:43",""
"BM11221","","admin","2026-09-28","09:27:31",""
"BM11221","Final Vault Closing","gen28","2026-09-28","18:05:10","28/09/2026 18:05:05  gen28
LIVE VIEW CHECKED,NO SUSPICIOUS ACTIVITY OBSERVED,VAULT OPENING REQUEST FOR CLOSING PURPOSE VAULT DOOR RELEASED REMOTELY BY CMS AND VAULT OPEN BY BRANCH STAFF CONFIRMED BY KEY CUSTOODIAN 09502542593"
"BM11221","","admin","2026-09-29","09:26:07",""
"BM11222","","admin","2026-09-28","09:27:29",""
"BM11222","Not Operate","gen13","2026-09-28","15:28:41","28/09/2026 15:28:36  gen13
LIVE VIEW CHECKED,NO SUSPICIOUS ACTIVITY OBSERVED,NO NEED TO OPERATE VAULT CONFIRMED BY KEY CUSTOODIAN.2/09966080235"
"BM11222","","admin","2026-09-29","09:27:01",""
"BM11249","","admin","2026-09-28","18:44:41",""
"BM11250","Engineer at site","gen48","2026-09-28","10:35:15","28/09/2026 10:35:11  gen48
WORK IN PROGRESS, ENGINEER AT SITE AND CONFIRMED BY KC 2   07622860986. ALL OK"
"BM11250","Engineer at site","gen48","2026-09-28","10:36:09","28/09/2026 10:36:05  gen48
WORK IN PROGRESS, ENGINEER AT SITE AND CONFIRMED BY 2   07622860986. ALL OK"
"BM11250","Engineer at site","gen48","2026-09-28","10:36:18",""
"BM11250","Engineer at site","gen48","2026-09-28","10:36:18",""
"BM11250","Engineer at site","gen48","2026-09-28","10:36:18",""
"BM11250","Engineer at site","","2026-09-28","10:36:18",""
"BM11250","Engineer at site","","2026-09-28","10:36:28",""
"BM11250","Final Vault Closing","iifl4","2026-09-28","18:25:46","28/09/2026 18:25:42  iifl4
DUE TO NETWORK ISSUE VIDEO VERIFICATION ON WHATSAPP VIDEO CALL,NO SUSPICIOUS ACTIVITY OBSERVED,VAULT OPENING REQUEST FOR FINAL VAULT CLOSING VAULT DOOR RELEASED REMOTELY BY CMS AND VAULT OPEN BY STAF CONFIRMED BY KEY CUSTOODIAN     9725986462"
"BM11250","","admin","2026-09-28","18:44:48",""
"BM11266","","admin","2026-09-29","09:21:23",""
"BM11282","Final Vault Closing","gen11","2026-09-28","18:36:44","28/09/2026 18:36:41  gen11
LIVE VIEW CHECKED,NO SUSPICIOUS ACTIVITY OBSERVED,VAULT OPENING REQUEST FOR CLOSING PURPOSE VAULT DOOR RELEASED REMOTELY BY CMS AND VAULT OPEN BY BRANCH STAFF CONFIRMED BY KEY CUSTOODIAN 1  8200726973"
"BM1171","","admin","2026-09-28","09:03:39",""
"BM1171","Customer Purpose","gen26","2026-09-28","10:47:41","28/09/2026 10:47:37  gen26
LIVE VIEW CHECKED, NO SUSPICIOUS ACTIVITY OBSERVED, VAULT DOOR RELEASED REMOTELY BY CMS AND VAULT OPENED BY BRANCH STAFF, CONFIRMED BY A KEY CUSTODIAN   09706170603"
"BM1171","Customer Purpose","gen6","2026-09-28","11:24:53","28/09/2026 11:24:45  gen6
LIVE VIEW CHECKED, NO SUSPICIOUS ACTIVITY OBSERVED, VAULT DOOR RELEASED REMOTELY BY CMS AND VAULT OPENED BY BRANCH STAFF, CONFIRMED BY A KEY CUSTODIAN  09678934910"
"BM1171","Customer Purpose","gen24","2026-09-28","12:09:01","28/09/2026 12:08:58  gen24
LIVE VIEW CHECKED, NO SUSPICIOUS ACTIVITY OBSERVED, VAULT DOOR RELEASED REMOTELY BY CMS AND VAULT OPENED BY BRANCH STAFF, CONFIRMED BY A KEY CUSTODIAN 2 09706170603"
"BM1171","Customer Purpose","gen48","2026-09-28","13:06:31","28/09/2026 13:06:27  gen48
LIVE VIEW CHECKED, NO SUSPICIOUS ACTIVITY OBSERVED, VAULT DOOR RELEASED REMOTELY BY CMS AND VAULT OPENED BY BRANCH STAFF, CONFIRMED BY A KEY CUSTODIAN   2   09706170603"
"BM1171","Customer Purpose","gen8","2026-09-28","14:17:40","28/09/2026 14:17:27  gen8
LIVE VIEW CHECKED, NO SUSPICIOUS ACTIVITY OBSERVED, VAULT DOOR RELEASED REMOTELY BY CMS AND VAULT OPENED BY BRANCH STAFF, CONFIRMED BY A KEY CUSTODIAN     2   9706170603"
"BM1171","Customer Purpose","gen37","2026-09-28","16:29:49","28/09/2026 16:29:45  gen37
LIVE VIEW CHECKED, NO SUSPICIOUS ACTIVITY OBSERVED, VAULT DOOR RELEASED REMOTELY BY CMS AND VAULT OPENED BY BRANCH STAFF, CONFIRMED BY A KEY CUSTODIAN  1 09706170603"
"BM1171","Final Vault Closing","gen48","2026-09-28","18:39:07","28/09/2026 18:39:04  gen48
LIVE VIEW CHECKED,NO SUSPICIOUS ACTIVITY OBSERVED,VAULT OPENING REQUEST FOR CLOSING PURPOSE VAULT DOOR RELEASED REMOTELY BY CMS AND VAULT OPEN BY BRANCH STAFF CONFIRMED BY KEY CUSTOODIAN 3    09678934910"
"BM1171","","admin","2026-09-28","18:52:07",""
"BM1171","","admin","2026-09-29","09:00:37",""
"BM1916","","admin","2026-09-28","09:26:44",""
"BM1916","Customer Purpose","gen30","2026-09-28","12:38:41","28/09/2026 12:38:22  gen30
LIVE VIEW CHECKED, NO SUSPICIOUS ACTIVITY OBSERVED, VAULT DOOR RELEASED REMOTELY BY CMS AND VAULT OPENED BY BRANCH STAFF, CONFIRMED BY A KEY CUSTODIAN 1 .7002014554"
"BM1916","Customer Purpose","gen5","2026-09-28","16:47:30","28/09/2026 16:47:26  gen5
LIVE VIEW CHECKED, NO SUSPICIOUS ACTIVITY OBSERVED, VAULT DOOR RELEASED REMOTELY BY CMS AND VAULT OPENED BY BRANCH STAFF, CONFIRMED BY A KEY CUSTODIAN  1... 07002014554"
"BM1916","Final Vault Closing","gen3","2026-09-28","18:02:05","28/09/2026 18:02:01  gen3
LIVE VIEW CHECKED,NO SUSPICIOUS ACTIVITY OBSERVED,VAULT OPENING REQUEST FOR CLOSING PURPOSE VAULT DOOR RELEASED REMOTELY BY CMS AND VAULT OPEN BY BRANCH STAFF CONFIRMED BY KEY CUSTOODIAN  07002644650"
"BM1916","","admin","2026-09-29","09:26:12",""
"BM218","Not Operate","gen6","2026-09-28","10:31:08","28/09/2026 10:31:02  gen6
LIVE VIEW CHECKED,NO SUSPICIOUS ACTIVITY OBSERVED,NO NEED TO OPERATE VAULT CONFIRMED BY KEY CUSTOODIAN. 07738333559"
"BM218","Audit Purpose","gen28","2026-09-28","10:51:23","28/09/2026 10:51:12  gen28
LIVE VIEW CHECKED,NO SUSPICIOUS ACTIVITY OBSERVED,VAULT OPENING REQUEST FOR AUDIT, MAIL APPROVED BY Dinesh Khairnar, VAULT DOOR RELEASED REMOTELY BY CMS, AND VAULT OPENED BY BRANCH STAFF CONFIRMED BY A KEY CUSTOODIAN.   07738333559"
"BM218","Audit Purpose","gen23","2026-09-28","11:44:26","28/09/2026 11:44:20  gen23
LIVE VIEW CHECKED,NO SUSPICIOUS ACTIVITY OBSERVED,VAULT OPENING REQUEST FOR AUDIT MAIL APPROVED BY Dinesh Khairnar , VAULT DOOR RELEASED REMOTELY BY CMS, AND VAULT OPENED BY BRANCH STAFF CONFIRMED BY A KEY CUSTOODIAN.//09321542141"
"BM218","Audit Purpose","gen7","2026-09-28","12:14:06","28/09/2026 12:13:52  gen7
LIVE VIEW CHECKED,NO SUSPICIOUS ACTIVITY OBSERVED,VAULT OPENING REQUEST FOR AUDIT  MAIL APPROVED BY Dinesh Khairnar, VAULT DOOR RELEASED REMOTELY BY CMS, AND VAULT OPENED BY BRANCH STAFF CONFIRMED BY A KEY CUSTOODIAN.3-9321542141"
"BM218","Audit Purpose","gen35","2026-09-28","12:48:22","28/09/2026 12:48:18  gen35
LIVE VIEW CHECKED,NO SUSPICIOUS ACTIVITY OBSERVED,VAULT OPENING REQUEST FOR AUDIT MAIL APPROVED BY Dinesh Khairnar <dinesh.khairnar@iifl.com>, VAULT DOOR RELEASED REMOTELY BY CMS, AND VAULT OPENED BY BRANCH STAFF CONFIRMED BY A KEY CUSTOODIAN.  09321542141"
"BM218","Audit Purpose","gen15","2026-09-28","13:38:35","28/09/2026 13:38:28  gen15
LIVE VIEW CHECKED,NO SUSPICIOUS ACTIVITY OBSERVED,VAULT OPENING REQUEST FOR AUDIT MAIL APPROVED BY Dinesh Khairnar <dinesh.khairnar@iifl.com>VAULT DOOR RELEASED REMOTELY BY CMS, AND VAULT OPENED BY BRANCH STAFF CONFIRMED BY A KEY CUSTOODIAN.1 09321542141"
"BM218","Audit Purpose","gen17","2026-09-28","14:19:40","28/09/2026 14:19:35  gen17
LIVE VIEW CHECKED,NO SUSPICIOUS ACTIVITY OBSERVED,VAULT OPENING REQUEST FOR AUDIT, MAIL APPROVED BY Dinesh Khairnar , VAULT DOOR RELEASED REMOTELY BY CMS, AND VAULT OPENED BY BRANCH STAFF CONFIRMED BY A KEY CUSTOODIAN. 3...09321542141"
"BM218","Audit Purpose","gen32","2026-09-28","14:56:05","28/09/2026 14:56:06  gen32
LIVE VIEW CHECKED,NO SUSPICIOUS ACTIVITY OBSERVED,VAULT OPENING REQUEST FOR AUDIT MAIL APPROVED BY Dinesh Khairnar VAULT DOOR RELEASED REMOTELY BY CMS, AND VAULT OPENED BY BRANCH STAFF CONFIRMED BY A KEY CUSTOODIAN.   09321542141"
"BM218","Audit Purpose","gen1","2026-09-28","15:45:47","28/09/2026 15:45:41  gen1
LIVE VIEW CHECKED,NO SUSPICIOUS ACTIVITY OBSERVED,VAULT OPENING REQUEST FOR AUDIT MAIL APPROVED BY Dinesh Khairnar <dinesh.khairnar@iifl.com>  VAULT DOOR RELEASED REMOTELY BY CMS, AND VAULT OPENED BY BRANCH STAFF CONFIRMED BY A KEY CUSTOODIAN.  09321542141"
"BM218","Not Responded","gen11","2026-09-28","16:02:11","28/09/2026 16:02:07  gen11
LIVE VIEW CHECKED, NO SUSPICIOUS ACTIVITY OBSERVED. CALL TO KC 1/2/3 BUT NOT RESPONDED."
"BM218","Audit Purpose","gen33","2026-09-28","16:19:39","28/09/2026 16:19:33  gen33
LIVE VIEW CHECKED,NO SUSPICIOUS ACTIVITY OBSERVED,VAULT OPENING REQUEST FOR AUDIT/, MAIL APPROVED BY Dinesh Khairnar <dinesh.khairnar@iifl.com>, VAULT DOOR RELEASED REMOTELY BY CMS, AND VAULT OPENED BY BRANCH STAFF CONFIRMED BY A KEY CUSTOODIAN.07738333559"
"BM218","Audit Purpose","gen13","2026-09-28","17:10:00","28/09/2026 17:09:47  gen13
LIVE VIEW CHECKED,NO SUSPICIOUS ACTIVITY OBSERVED,VAULT OPENING REQUEST FOR AUDIT, MAIL APPROVED BY Dinesh Khairnar <dinesh.khairnar@iifl.com>, VAULT DOOR RELEASED REMOTELY BY CMS, AND VAULT OPENED BY BRANCH STAFF CONFIRMED BY A KEY CUSTOODIAN3/09321542141"
"BM218","Audit Purpose","gen18","2026-09-28","17:50:08","28/09/2026 17:50:00  gen18
LIVE VIEW CHECKED,NO SUSPICIOUS ACTIVITY OBSERVED,VAULT OPENING REQUEST FOR AUDIT  MAIL APPROVED BY Dinesh Khairna, VAULT DOOR RELEASED REMOTELY BY CMS, AND VAULT OPENED BY BRANCH STAFF CONFIRMED BY A KEY CUSTOODIAN.   09321542141"
"BM218","Audit Purpose","gen30","2026-09-28","18:21:46","28/09/2026 18:21:24  gen30
LIVE VIEW CHECKED,NO SUSPICIOUS ACTIVITY OBSERVED,VAULT OPENING REQUEST FOR AUDIT MAIL APPROVED BY Dinesh Khairnar , VAULT DOOR RELEASED REMOTELY BY CMS, AND VAULT OPENED BY BRANCH STAFF CONFIRMED BY A KEY CUSTOODIAN.1 .7738333559"
"BM218","Final Vault Closing","gen11","2026-09-28","18:50:31","28/09/2026 18:50:28  gen11
LIVE VIEW CHECKED,NO SUSPICIOUS ACTIVITY OBSERVED,VAULT OPENING REQUEST FOR CLOSING PURPOSE VAULT DOOR RELEASED REMOTELY BY CMS AND VAULT OPEN BY BRANCH STAFF CONFIRMED BY KEY CUSTOODIAN 3   9321542141"
"BM218","Audit Check","iifl6","2026-09-28","19:01:02","28/09/2026 19:00:56  iifl6
TESTING BY AUDITOR SIR, CONFIRMED BY KEY CUSTOODIAN 1  7738333559  AND TWOWAY COMMUNICATION, ALL OK."
"BM218","Audit Check","iifl6","2026-09-28","19:01:27","28/09/2026 19:01:16  iifl6
TESTING BY AUDITOR SIR, CONFIRMED BY KEY CUSTOODIAN 1  7738333559  AND TWOWAY COMMUNICATION, ALL OK."
"BM218","Audit Check","iifl6","2026-09-28","19:01:52","28/09/2026 19:01:46  iifl6
TESTING BY AUDITOR SIR, CONFIRMED BY KEY CUSTOODIAN 1  7738333559  AND TWOWAY COMMUNICATION, ALL OK."
"BM218","","admin","2026-09-28","19:16:31",""
"BM218","","admin","2026-09-29","09:22:06",""
"BM2935","","admin","2026-09-28","09:22:50",""
"BM2935","Customer Purpose","gen38","2026-09-28","11:32:23","28/09/2026 11:32:20  gen38
LIVE VIEW CHECKED, NO SUSPICIOUS ACTIVITY OBSERVED, VAULT DOOR RELEASED REMOTELY BY CMS AND VAULT OPENED BY BRANCH STAFF, CONFIRMED BY A KEY CUSTODIAN 8011934843"
"BM2935","Customer Purpose","gen11","2026-09-28","13:33:13","28/09/2026 13:33:10  gen11
LIVE VIEW CHECKED, NO SUSPICIOUS ACTIVITY OBSERVED, VAULT DOOR RELEASED REMOTELY BY CMS AND VAULT OPENED BY BRANCH STAFF, CONFIRMED BY A KEY CUSTODIAN  1   8011934843"
"BM2935","Customer Purpose","gen15","2026-09-28","15:18:08","28/09/2026 15:18:04  gen15
LIVE VIEW CHECKED, NO SUSPICIOUS ACTIVITY OBSERVED, VAULT DOOR RELEASED REMOTELY BY CMS AND VAULT OPENED BY BRANCH STAFF, CONFIRMED BY A KEY CUSTODIAN 1 8011934843"
"BM2935","Final Vault Closing","gen33","2026-09-28","18:16:07","28/09/2026 18:16:01  gen33
LIVE VIEW CHECKED,NO SUSPICIOUS ACTIVITY OBSERVED,VAULT OPENING REQUEST FOR CLOSING PURPOSE VAULT DOOR RELEASED REMOTELY BY CMS AND VAULT OPEN BY BRANCH STAFF CONFIRMED BY KEY CUSTOODIAN 07086302548"
"BM2935","","admin","2026-09-28","18:30:11",""
"BM2935","","admin","2026-09-29","09:10:06",""
"BM2993","Customer Purpose","gen11","2026-09-28","11:56:02","28/09/2026 11:55:59  gen11
LIVE VIEW CHECKED, NO SUSPICIOUS ACTIVITY OBSERVED, VAULT DOOR RELEASED REMOTELY BY CMS AND VAULT OPENED BY BRANCH STAFF, CONFIRMED BY A KEY CUSTODIAN  1    6265375207"
"BM2993","Not Operate","gen13","2026-09-28","12:35:56","28/09/2026 12:35:49  gen13
LIVE VIEW CHECKED,NO SUSPICIOUS ACTIVITY OBSERVED,NO NEED TO OPERATE VAULT CONFIRMED BY KEY CUSTOODIAN1/06265375207"
"BM2993","Not Allowed","gen13","2026-09-28","12:47:07","28/09/2026 12:47:01  gen13
LIVE VIEW CHECKED, NO SUSPICIOUS ACTIVITY OBSERVED, VAULT OPENING REQUEST FOR CUSTOMER PURPOSE BUT SECURITY GUARD NOT AVAILABLE  , AND NOT ALLOWED VAULT OPERATION, CALL TO KEY CUSTOODIAN.1/06265375207"
"BM2993","Customer Purpose","gen24","2026-09-28","13:24:30","28/09/2026 13:24:24  gen24
LIVE VIEW CHECKED, NO SUSPICIOUS ACTIVITY OBSERVED, VAULT DOOR RELEASED REMOTELY BY CMS AND VAULT OPENED BY BRANCH STAFF, CONFIRMED BY A KEY CUSTODIAN  06265375207"
"BM2993","Customer Purpose","gen8","2026-09-28","15:08:55","28/09/2026 15:08:43  gen8
LIVE VIEW CHECKED, NO SUSPICIOUS ACTIVITY OBSERVED, VAULT DOOR RELEASED REMOTELY BY CMS AND VAULT OPENED BY BRANCH STAFF, CONFIRMED BY A KEY CUSTODIAN      1   06265375207"
"BM2993","Customer Purpose","gen38","2026-09-28","15:40:17","28/09/2026 15:40:14  gen38
LIVE VIEW CHECKED, NO SUSPICIOUS ACTIVITY OBSERVED, VAULT DOOR RELEASED REMOTELY BY CMS AND VAULT OPENED BY BRANCH STAFF, CONFIRMED BY A KEY CUSTODIAN 6265375207"
"BM2993","Customer Purpose","gen9","2026-09-28","16:38:26","28/09/2026 16:38:23  gen9
LIVE VIEW CHECKED, NO SUSPICIOUS ACTIVITY OBSERVED, VAULT DOOR RELEASED REMOTELY BY CMS AND VAULT OPENED BY BRANCH STAFF, CONFIRMED BY A KEY CUSTODIAN        1     06265375207"
"BM2993","Customer Purpose","gen48","2026-09-28","17:03:44","28/09/2026 17:03:41  gen48
LIVE VIEW CHECKED, NO SUSPICIOUS ACTIVITY OBSERVED, VAULT DOOR RELEASED REMOTELY BY CMS AND VAULT OPENED BY BRANCH STAFF, CONFIRMED BY A KEY CUSTODIAN   1   06265375207"
"BM2993","Customer Purpose","gen30","2026-09-28","18:16:21","28/09/2026 18:16:03  gen30
LIVE VIEW CHECKED, NO SUSPICIOUS ACTIVITY OBSERVED, VAULT DOOR RELEASED REMOTELY BY CMS AND VAULT OPENED BY BRANCH STAFF, CONFIRMED BY A KEY CUSTODIAN 1 .6265375207"
"BM2993","Final Vault Closing","gen8","2026-09-28","18:52:34","28/09/2026 18:52:22  gen8
LIVE VIEW CHECKED,NO SUSPICIOUS ACTIVITY OBSERVED,VAULT OPENING REQUEST FOR CLOSING PURPOSE VAULT DOOR RELEASED REMOTELY BY CMS AND VAULT OPEN BY BRANCH STAFF CONFIRMED BY KEY CUSTOODIAN     2    7389481486"
"BM2993","","admin","2026-09-28","19:06:56",""
"BM3098","Customer Purpose","gen8","2026-09-28","11:26:08","28/09/2026 11:25:57  gen8
LIVE VIEW CHECKED, NO SUSPICIOUS ACTIVITY OBSERVED, VAULT DOOR RELEASED REMOTELY BY CMS AND VAULT OPENED BY BRANCH STAFF, CONFIRMED BY A KEY CUSTODIAN   2   7017714140"
"BM3098","Final Vault Closing","gen6","2026-09-28","17:39:06","28/09/2026 17:39:03  gen6
LIVE VIEW CHECKED,NO SUSPICIOUS ACTIVITY OBSERVED,VAULT OPENING REQUEST FOR CLOSING PURPOSE VAULT DOOR RELEASED REMOTELY BY CMS AND VAULT OPEN BY BRANCH STAFF CONFIRMED BY KEY CUSTOODIAN 07828164638"
"BM3195","Customer Purpose","gen4","2026-09-28","17:43:46","28/09/2026 17:43:42  gen4
LIVE VIEW CHECKED, NO SUSPICIOUS ACTIVITY OBSERVED, VAULT DOOR RELEASED REMOTELY BY CMS AND VAULT OPENED BY BRANCH STAFF, CONFIRMED BY A KEY CUSTODIAN  8770971636"
"BM3195","Final Vault Closing","gen32","2026-09-28","18:26:07","28/09/2026 18:26:07  gen32
LIVE VIEW CHECKED,NO SUSPICIOUS ACTIVITY OBSERVED,VAULT OPENING REQUEST FOR CLOSING PURPOSE VAULT DOOR RELEASED REMOTELY BY CMS AND VAULT OPEN BY BRANCH STAFF CONFIRMED BY KEY CUSTOODIAN   07828359770"
"BM3195","","admin","2026-09-28","18:39:26",""
"BM3463","Customer Purpose","gen6","2026-09-28","10:53:58","28/09/2026 10:53:50  gen6
LIVE VIEW CHECKED, NO SUSPICIOUS ACTIVITY OBSERVED, VAULT DOOR RELEASED REMOTELY BY CMS AND VAULT OPENED BY BRANCH STAFF, CONFIRMED BY A KEY CUSTODIAN 09981441349"
"BM3463","Customer Purpose","gen46","2026-09-28","12:22:55","28/09/2026 12:22:52  gen46
LIVE VIEW CHECKED, NO SUSPICIOUS ACTIVITY OBSERVED, VAULT DOOR RELEASED REMOTELY BY CMS AND VAULT OPENED BY BRANCH STAFF, CONFIRMED BY A KEY CUSTODIAN    9522311118"
"BM3463","Customer Purpose","gen36","2026-09-28","15:42:01","28/09/2026 15:41:56  gen36
LIVE VIEW CHECKED, NO SUSPICIOUS ACTIVITY OBSERVED, VAULT DOOR RELEASED REMOTELY BY CMS AND VAULT OPENED BY BRANCH STAFF, CONFIRMED BY A KEY CUSTODIAN   8349685707"
"BM3463","Final Vault Closing","gen13","2026-09-28","18:46:08","28/09/2026 18:46:04  gen13
LIVE VIEW CHECKED,NO SUSPICIOUS ACTIVITY OBSERVED,VAULT OPENING REQUEST FOR CLOSING PURPOSE VAULT DOOR RELEASED REMOTELY BY CMS AND VAULT OPEN BY BRANCH STAFF CONFIRMED BY KEY CUSTOODIAN 1/09981441349"
"BM3463","","admin","2026-09-28","18:55:47",""
"BM3826","","admin","2026-09-28","09:29:12",""
"BM3826","Customer Purpose","gen48","2026-09-28","10:57:26","28/09/2026 10:57:23  gen48
LIVE VIEW CHECKED, NO SUSPICIOUS ACTIVITY OBSERVED, VAULT DOOR RELEASED REMOTELY BY CMS AND VAULT OPENED BY BRANCH STAFF, CONFIRMED BY A KEY CUSTODIAN  2   08486079984"
"BM3826","Customer Purpose","gen20","2026-09-28","12:47:52","28/09/2026 12:47:48  gen20
LIVE VIEW CHECKED, NO SUSPICIOUS ACTIVITY OBSERVED, VAULT DOOR RELEASED REMOTELY BY CMS AND VAULT OPENED BY BRANCH STAFF, CONFIRMED BY A KEY CUSTODIAN   3  7002755431"
"BM3826","Customer Purpose","gen30","2026-09-28","13:40:17","28/09/2026 13:39:59  gen30
LIVE VIEW CHECKED, NO SUSPICIOUS ACTIVITY OBSERVED, VAULT DOOR RELEASED REMOTELY BY CMS AND VAULT OPENED BY BRANCH STAFF, CONFIRMED BY A KEY CUSTODIAN 2 .8486079984"
"BM3826","Customer Purpose","gen9","2026-09-28","15:12:57","28/09/2026 15:12:53  gen9
LIVE VIEW CHECKED, NO SUSPICIOUS ACTIVITY OBSERVED, VAULT DOOR RELEASED REMOTELY BY CMS AND VAULT OPENED BY BRANCH STAFF, CONFIRMED BY A KEY CUSTODIAN       1     07002249821"
"BM3826","Customer Purpose","gen23","2026-09-28","16:11:30","28/09/2026 16:11:27  gen23
LIVE VIEW CHECKED, NO SUSPICIOUS ACTIVITY OBSERVED, VAULT DOOR RELEASED REMOTELY BY CMS AND VAULT OPENED BY BRANCH STAFF, CONFIRMED BY A KEY CUSTODIAN//07002249821"
"BM3826","Customer Purpose","gen15","2026-09-28","16:19:58","28/09/2026 16:19:54  gen15
LIVE VIEW CHECKED, NO SUSPICIOUS ACTIVITY OBSERVED, VAULT DOOR RELEASED REMOTELY BY CMS AND VAULT OPENED BY BRANCH STAFF, CONFIRMED BY A KEY CUSTODIAN 1 7002249821"
"BM3826","Other Purpose","gen12","2026-09-28","16:31:05","28/09/2026 16:30:50  gen12
LIVE VIEW CHECKED,NO SUSPICIOUS ACTIVITY OBSERVED,VAULT OPENING REQUEST FOR DISMANTLE, MAIL APPROVED BY glcontrolroom . <glcontrolroom@iifl.com>  VAULT DOOR RELEASED REMOTELY BY CMS, AND VAULT OPENED BY BRANCH STAFF CONFIRMED BY A KEY CUSTOODIAN.2/08486079984"
"BM3826","Final Vault Closing","gen15","2026-09-28","18:20:24","28/09/2026 18:20:17  gen15
LIVE VIEW CHECKED,NO SUSPICIOUS ACTIVITY OBSERVED,VAULT OPENING REQUEST FOR CLOSING PURPOSE VAULT DOOR RELEASED REMOTELY BY CMS AND VAULT OPEN BY BRANCH STAFF CONFIRMED BY KEY CUSTOODIAN 1 7002249821"
"BM3826","","admin","2026-09-28","19:02:33",""
"BM3837","Customer Purpose","gen21","2026-09-28","11:09:38","28/09/2026 11:10:19  gen21
LIVE VIEW CHECKED, NO SUSPICIOUS ACTIVITY OBSERVED, VAULT DOOR RELEASED REMOTELY BY CMS AND VAULT OPENED BY BRANCH STAFF, CONFIRMED BY A KEY CUSTODIAN    1  7002554766"
"BM3837","Customer Purpose","gen28","2026-09-28","12:37:58","28/09/2026 12:37:54  gen28
LIVE VIEW CHECKED, NO SUSPICIOUS ACTIVITY OBSERVED, VAULT DOOR RELEASED REMOTELY BY CMS AND VAULT OPENED BY BRANCH STAFF, CONFIRMED BY A KEY CUSTODIAN 07002554766"
"BM3837","Audit Purpose","gen35","2026-09-28","14:01:36","28/09/2026 14:01:31  gen35
LIVE VIEW CHECKED, NO SUSPICIOUS ACTIVITY OBSERVED, VAULT DOOR RELEASED REMOTELY BY CMS AND VAULT OPENED BY BRANCH STAFF, CONFIRMED BY A KEY CUSTODIAN    07002554766

28/09/2026 14:02:50  gen35
CUSTOMER PURPOSE
CUSTOMER PURPOSE
CUSTOMER PURPOSE
CUSTOMER PURPOSE"
"BM3837","Final Vault Closing","gen33","2026-09-28","18:12:10","28/09/2026 18:12:04  gen33
LIVE VIEW CHECKED,NO SUSPICIOUS ACTIVITY OBSERVED,VAULT OPENING REQUEST FOR CLOSING PURPOSE VAULT DOOR RELEASED REMOTELY BY CMS AND VAULT OPEN BY BRANCH STAFF CONFIRMED BY KEY CUSTOODIAN07002554766"
"BM3837","","admin","2026-09-28","18:30:25",""
"BM3837","","admin","2026-09-29","09:24:28",""
"BM4245","","admin","2026-09-28","09:19:07",""
"BM4245","Customer Purpose","gen3","2026-09-28","10:58:26","28/09/2026 10:58:20  gen3
LIVE VIEW CHECKED, NO SUSPICIOUS ACTIVITY OBSERVED, VAULT DOOR RELEASED REMOTELY BY CMS AND VAULT OPENED BY BRANCH STAFF, CONFIRMED BY A KEY CUSTODIAN 07002410949"
"BM4245","Other Purpose","gen21","2026-09-28","11:56:54","28/09/2026 11:57:22  gen21
LIVE VIEW CHECKED,NO SUSPICIOUS ACTIVITY OBSERVED,VAULT OPENING REQUEST FOR auction packets., MAIL APPROVED BY IQBAL TAPADAR <iqbal.tapadar@iifl.com>, VAULT DOOR RELEASED REMOTELY BY CMS, AND VAULT OPENED BY BRANCH STAFF CONFIRMED BY A KEY CUSTOODIAN.1   7002410949"
"BM4245","Not Allowed","gen8","2026-09-28","14:43:00","28/09/2026 14:42:41  gen8
LIVE VIEW CHECKED, NO SUSPICIOUS ACTIVITY OBSERVED, VAULT OPENING REQUEST FOR PACKET COUNTING NEEDS TO MAIL APPROVAL, AND NOT ALLOWED VAULT OPERATION, CALL TO KEY CUSTOODIAN.     3   6000843726"
"BM4245","Not Operate","gen6","2026-09-28","14:49:53","28/09/2026 14:49:48  gen6
LIVE VIEW CHECKED,NO SUSPICIOUS ACTIVITY OBSERVED,NO NEED TO OPERATE VAULT due to security guard not present in branch  CONFIRMED BY KEY CUSTOODIAN. 07002410949"
"BM4245","Packet Counting","gen9","2026-09-28","15:06:47","28/09/2026 15:06:43  gen9
LIVE VIEW CHECKED,NO SUSPICIOUS ACTIVITY OBSERVED,VAULT OPENING REQUEST FOR PACKET COUNTING, MAIL APPROVED BY IQBAL TAPADAR <iqbal.tapadar@iifl.com>, VAULT DOOR RELEASED REMOTELY BY CMS, AND VAULT OPENED BY BRANCH STAFF CONFIRMED BY A KEY CUSTOODIAN.    1     07002410949"
"BM4245","Packet Counting","gen38","2026-09-28","15:56:46","28/09/2026 15:56:39  gen38
LIVE VIEW CHECKED,NO SUSPICIOUS ACTIVITY OBSERVED,VAULT OPENING REQUEST FOR PACKET COUNTING, MAIL APPROVED BY IQBAL TAPADAR <iqbal.tapadar@iifl.com>, VAULT DOOR RELEASED REMOTELY BY CMS, AND VAULT OPENED BY BRANCH STAFF CONFIRMED BY A KEY CUSTOODIAN. 7002410949"
"BM4245","Final Vault Closing","gen10","2026-09-28","17:48:59","28/09/2026 17:48:56  gen10
LIVE VIEW CHECKED,NO SUSPICIOUS ACTIVITY OBSERVED,VAULT OPENING REQUEST FOR CLOSING PURPOSE VAULT DOOR RELEASED REMOTELY BY CMS AND VAULT OPEN BY BRANCH STAFF CONFIRMED BY KEY CUSTOODIAN  2...............09395194359"
"BM4245","","admin","2026-09-29","09:25:17",""
"BM4479","","admin","2026-09-28","09:08:27",""
"BM4479","Customer Purpose","gen26","2026-09-28","11:56:18","28/09/2026 11:56:12  gen26
LIVE VIEW CHECKED, NO SUSPICIOUS ACTIVITY OBSERVED, VAULT DOOR RELEASED REMOTELY BY CMS AND VAULT OPENED BY BRANCH STAFF, CONFIRMED BY A KEY CUSTODIAN  07002780511"
"BM4479","Customer Purpose","gen11","2026-09-28","13:15:08","28/09/2026 13:15:05  gen11
LIVE VIEW CHECKED, NO SUSPICIOUS ACTIVITY OBSERVED, VAULT DOOR RELEASED REMOTELY BY CMS AND VAULT OPENED BY BRANCH STAFF, CONFIRMED BY A KEY CUSTODIAN   1   7002780511"
"BM4479","Customer Purpose","gen35","2026-09-28","14:11:04","28/09/2026 14:11:00  gen35
LIVE VIEW CHECKED, NO SUSPICIOUS ACTIVITY OBSERVED, VAULT DOOR RELEASED REMOTELY BY CMS AND VAULT OPENED BY BRANCH STAFF, CONFIRMED BY A KEY CUSTODIAN  06000795190"
"BM4479","Customer Purpose","gen46","2026-09-28","15:49:12","28/09/2026 15:49:09  gen46
LIVE VIEW CHECKED, NO SUSPICIOUS ACTIVITY OBSERVED, VAULT DOOR RELEASED REMOTELY BY CMS AND VAULT OPENED BY BRANCH STAFF, CONFIRMED BY A KEY CUSTODIAN      7002780511"
"BM4479","Customer Purpose","gen48","2026-09-28","16:27:10","28/09/2026 16:27:07  gen48
LIVE VIEW CHECKED, NO SUSPICIOUS ACTIVITY OBSERVED, VAULT DOOR RELEASED REMOTELY BY CMS AND VAULT OPENED BY BRANCH STAFF, CONFIRMED BY A KEY CUSTODIAN   1   07002780511"
"BM4479","Final Vault Closing","gen39","2026-09-28","18:06:12","28/09/2026 18:06:05  gen39
LIVE VIEW CHECKED,NO SUSPICIOUS ACTIVITY OBSERVED,VAULT OPENING REQUEST FOR CLOSING PURPOSE VAULT DOOR RELEASED REMOTELY BY CMS AND VAULT OPEN BY BRANCH STAFF CONFIRMED BY KEY CUSTOODIAN 7002780511"
"BM4479","","admin","2026-09-29","09:14:11",""
"BM4535","","admin","2026-09-28","09:18:21",""
"BM4535","Customer Purpose","gen22","2026-09-28","10:14:39","28/09/2026 10:14:36  gen22
LIVE VIEW CHECKED, NO SUSPICIOUS ACTIVITY OBSERVED, VAULT DOOR RELEASED REMOTELY BY CMS AND VAULT OPENED BY BRANCH STAFF, CONFIRMED BY A KEY CUSTODIAN     1  8956571335"
"BM4535","Customer Purpose","gen30","2026-09-28","12:28:38","28/09/2026 12:28:20  gen30
LIVE VIEW CHECKED, NO SUSPICIOUS ACTIVITY OBSERVED, VAULT DOOR RELEASED REMOTELY BY CMS AND VAULT OPENED BY BRANCH STAFF, CONFIRMED BY A KEY CUSTODIAN  2 .8956571335"
"BM4535","Customer Purpose","gen19","2026-09-28","13:15:40","28/09/2026 13:15:35  gen19
LIVE VIEW CHECKED, NO SUSPICIOUS ACTIVITY OBSERVED, VAULT DOOR RELEASED REMOTELY BY CMS AND VAULT OPENED BY BRANCH STAFF, CONFIRMED BY A KEY CUSTODIAN 8956571335"
"BM4535","Customer Purpose","gen4","2026-09-28","14:25:10","28/09/2026 14:25:03  gen4
LIVE VIEW CHECKED, NO SUSPICIOUS ACTIVITY OBSERVED, VAULT DOOR RELEASED REMOTELY BY CMS AND VAULT OPENED BY BRANCH STAFF, CONFIRMED BY A KEY CUSTODIAN 8956571335"
"BM4535","Not Operate","gen15","2026-09-28","16:08:05","28/09/2026 16:07:57  gen15
LIVE VIEW CHECKED,NO SUSPICIOUS ACTIVITY OBSERVED,NO NEED TO OPERATE VAULT CONFIRMED BY KEY CUSTOODIAN. 2 8956571335"
"BM4535","Customer Purpose","gen13","2026-09-28","16:14:06","28/09/2026 16:14:02  gen13
LIVE VIEW CHECKED, NO SUSPICIOUS ACTIVITY OBSERVED, VAULT DOOR RELEASED REMOTELY BY CMS AND VAULT OPENED BY BRANCH STAFF, CONFIRMED BY A KEY CUSTODIAN 3/08956571335"
"BM4535","Customer Purpose","gen5","2026-09-28","16:26:58","28/09/2026 16:26:54  gen5
LIVE VIEW CHECKED, NO SUSPICIOUS ACTIVITY OBSERVED, VAULT DOOR RELEASED REMOTELY BY CMS AND VAULT OPENED BY BRANCH STAFF, CONFIRMED BY A KEY CUSTODIAN  1,,, 09096284090"
"BM4535","Final Vault Closing","gen21","2026-09-28","18:00:26","28/09/2026 18:00:33  gen21
LIVE VIEW CHECKED,NO SUSPICIOUS ACTIVITY OBSERVED,VAULT OPENING REQUEST FOR CLOSING PURPOSE VAULT DOOR RELEASED REMOTELY BY CMS AND VAULT OPEN BY BRANCH STAFF CONFIRMED BY KEY CUSTOODIAN 1/   8956571335"
"BM4535","","admin","2026-09-29","09:18:22",""
"BM4781","","admin","2026-09-28","09:14:04",""
"BM4781","Customer Purpose","gen21","2026-09-28","10:28:52","28/09/2026 10:29:36  gen21
LIVE VIEW CHECKED, NO SUSPICIOUS ACTIVITY OBSERVED, VAULT DOOR RELEASED REMOTELY BY CMS AND VAULT OPENED BY BRANCH STAFF, CONFIRMED BY A KEY CUSTODIAN    1   9862295858"
"BM4781","Customer Purpose","gen35","2026-09-28","11:18:16","28/09/2026 11:18:12  gen35
LIVE VIEW CHECKED, NO SUSPICIOUS ACTIVITY OBSERVED, VAULT DOOR RELEASED REMOTELY BY CMS AND VAULT OPENED BY BRANCH STAFF, CONFIRMED BY A KEY CUSTODIAN   08794850423"
"BM4781","Customer Purpose","gen26","2026-09-28","12:10:59","28/09/2026 12:10:55  gen26
LIVE VIEW CHECKED, NO SUSPICIOUS ACTIVITY OBSERVED, VAULT DOOR RELEASED REMOTELY BY CMS AND VAULT OPENED BY BRANCH STAFF, CONFIRMED BY A KEY CUSTODIAN   08794850423"
"BM4781","Customer Purpose","gen26","2026-09-28","13:58:01","28/09/2026 13:57:57  gen26
LIVE VIEW CHECKED, NO SUSPICIOUS ACTIVITY OBSERVED, VAULT DOOR RELEASED REMOTELY BY CMS AND VAULT OPENED BY BRANCH STAFF, CONFIRMED BY A KEY CUSTODIAN    08794850423"
"BM4781","Customer Purpose","gen26","2026-09-28","14:58:28","28/09/2026 14:58:23  gen26
LIVE VIEW CHECKED, NO SUSPICIOUS ACTIVITY OBSERVED, VAULT DOOR RELEASED REMOTELY BY CMS AND VAULT OPENED BY BRANCH STAFF, CONFIRMED BY A KEY CUSTODIAN  08794850423"
"BM4781","Final Vault Closing","gen2","2026-09-28","17:48:33","28/09/2026 17:48:29  gen2
LIVE VIEW CHECKED, NO SUSPICIOUS ACTIVITY OBSERVED, VAULT DOOR RELEASED REMOTELY BY CMS AND VAULT OPENED BY BRANCH STAFF, CONFIRMED BY A KEY CUSTODIAN   1    8794850423"
"BM4781","","admin","2026-09-29","09:07:04",""
"BM5092","Customer Purpose","gen38","2026-09-28","13:23:45","28/09/2026 13:23:40  gen38
LIVE VIEW CHECKED, NO SUSPICIOUS ACTIVITY OBSERVED, VAULT DOOR RELEASED REMOTELY BY CMS AND VAULT OPENED BY BRANCH STAFF, CONFIRMED BY A KEY CUSTODIAN 08130960458"
"BM5092","Customer Purpose","gen36","2026-09-28","14:18:28","28/09/2026 14:18:23  gen36
LIVE VIEW CHECKED, NO SUSPICIOUS ACTIVITY OBSERVED, VAULT DOOR RELEASED REMOTELY BY CMS AND VAULT OPENED BY BRANCH STAFF, CONFIRMED BY A KEY CUSTODIAN   08130960458"
"BM5092","","admin","2026-09-28","18:35:26",""
"BM5092","Final Vault Closing","iifl3","2026-09-28","18:44:50","28/09/2026 18:44:46  iifl3
LIVE VIEW CHECKED,NO SUSPICIOUS ACTIVITY OBSERVED,VAULT OPENING REQUEST FOR CLOSING PURPOSE VAULT DOOR RELEASED REMOTELY BY CMS AND VAULT OPEN BY BRANCH STAFF CONFIRMED BY KEY CUSTOODIAN..1   8130960458
IN TIME - 18:24:30"
"BM5420","","admin","2026-09-28","09:07:05",""
"BM5420","Customer Purpose","gen21","2026-09-28","12:10:11","28/09/2026 12:10:55  gen21
LIVE VIEW CHECKED, NO SUSPICIOUS ACTIVITY OBSERVED, VAULT DOOR RELEASED REMOTELY BY CMS AND VAULT OPENED BY BRANCH STAFF, CONFIRMED BY A KEY CUSTODIAN    1   6003067262"
"BM5420","Customer Purpose","gen14","2026-09-28","12:52:44","28/09/2026 12:52:42  gen14
LIVE VIEW CHECKED, NO SUSPICIOUS ACTIVITY OBSERVED, VAULT DOOR RELEASED REMOTELY BY CMS AND VAULT OPENED BY BRANCH STAFF, CONFIRMED BY A KEY CUSTODIAN 3  06003067262"
"BM5420","Customer Purpose","gen1","2026-09-28","13:03:52","28/09/2026 13:03:49  gen1
LIVE VIEW CHECKED, NO SUSPICIOUS ACTIVITY OBSERVED, VAULT DOOR RELEASED REMOTELY BY CMS AND VAULT OPENED BY BRANCH STAFF, CONFIRMED BY A KEY CUSTODIAN  06003067262"
"BM5420","Customer Purpose","gen12","2026-09-28","13:57:45","28/09/2026 13:57:39  gen12
LIVE VIEW CHECKED, NO SUSPICIOUS ACTIVITY OBSERVED, VAULT DOOR RELEASED REMOTELY BY CMS AND VAULT OPENED BY BRANCH STAFF, CONFIRMED BY A KEY CUSTODIAN  07578061006"
"BM5420","Customer Purpose","gen28","2026-09-28","15:33:11","28/09/2026 15:33:07  gen28
LIVE VIEW CHECKED, NO SUSPICIOUS ACTIVITY OBSERVED, VAULT DOOR RELEASED REMOTELY BY CMS AND VAULT OPENED BY BRANCH STAFF, CONFIRMED BY A KEY CUSTODIAN  09706402311"
"BM5420","Customer Purpose","gen21","2026-09-28","16:46:40","28/09/2026 16:47:18  gen21
LIVE VIEW CHECKED, NO SUSPICIOUS ACTIVITY OBSERVED, VAULT DOOR RELEASED REMOTELY BY CMS AND VAULT OPENED BY BRANCH STAFF, CONFIRMED BY A KEY CUSTODIAN    1    6003067262"
"BM5420","Customer Purpose","gen19","2026-09-28","16:56:20","28/09/2026 16:56:17  gen19
LIVE VIEW CHECKED, NO SUSPICIOUS ACTIVITY OBSERVED, VAULT DOOR RELEASED REMOTELY BY CMS AND VAULT OPENED BY BRANCH STAFF, CONFIRMED BY A KEY CUSTODIAN 6003067262"
"BM5420","Customer Purpose","gen23","2026-09-28","17:10:17","28/09/2026 17:10:14  gen23
LIVE VIEW CHECKED, NO SUSPICIOUS ACTIVITY OBSERVED, VAULT DOOR RELEASED REMOTELY BY CMS AND VAULT OPENED BY BRANCH STAFF, CONFIRMED BY A KEY CUSTODIAN//07578061006"
"BM5420","Final Vault Closing","gen46","2026-09-28","18:17:00","28/09/2026 18:16:54  gen46
LIVE VIEW CHECKED,NO SUSPICIOUS ACTIVITY OBSERVED,VAULT OPENING REQUEST FOR CLOSING PURPOSE VAULT DOOR RELEASED REMOTELY BY CMS AND VAULT OPEN BY BRANCH STAFF CONFIRMED BY KEY CUSTOODIAN    6003067262"
"BM5420","","admin","2026-09-28","18:39:13",""
"BM5420","","admin","2026-09-29","09:12:07",""
"BM5433","","admin","2026-09-28","09:29:05",""
"BM5433","Customer Purpose","gen35","2026-09-28","12:53:20","28/09/2026 12:53:16  gen35
LIVE VIEW CHECKED, NO SUSPICIOUS ACTIVITY OBSERVED, VAULT DOOR RELEASED REMOTELY BY CMS AND VAULT OPENED BY BRANCH STAFF, CONFIRMED BY A KEY CUSTODIAN  08621021714"
"BM5433","Final Vault Closing","gen11","2026-09-28","17:35:58","28/09/2026 17:35:54  gen11
LIVE VIEW CHECKED,NO SUSPICIOUS ACTIVITY OBSERVED,VAULT OPENING REQUEST FOR CLOSING PURPOSE VAULT DOOR RELEASED REMOTELY BY CMS AND VAULT OPEN BY BRANCH STAFF CONFIRMED BY KEY CUSTOODIAN 1  8621021714"
"BM5433","","admin","2026-09-29","09:28:57",""
"BM5441","","admin","2026-09-28","09:26:01",""
"BM5441","Customer Purpose","gen18","2026-09-28","12:02:27","28/09/2026 12:02:23  gen18
LIVE VIEW CHECKED, NO SUSPICIOUS ACTIVITY OBSERVED, VAULT DOOR RELEASED REMOTELY BY CMS AND VAULT OPENED BY BRANCH STAFF, CONFIRMED BY A KEY CUSTODIAN   09748093383"
"BM5441","Final Vault Closing","gen1","2026-09-28","17:46:50","28/09/2026 17:46:44  gen1
LIVE VIEW CHECKED,NO SUSPICIOUS ACTIVITY OBSERVED,VAULT OPENING REQUEST FOR CLOSING PURPOSE VAULT DOOR RELEASED REMOTELY BY CMS AND VAULT OPEN BY BRANCH STAFF CONFIRMED BY KEY CUSTOODIAN 09748093383"
"BM5525","","admin","2026-09-28","09:25:09",""
"BM5525","Audit Purpose","gen19","2026-09-28","10:27:40","28/09/2026 10:27:32  gen19
LIVE VIEW CHECKED,NO SUSPICIOUS ACTIVITY OBSERVED,VAULT OPENING REQUEST FOR AUDIT MAIL APPROVED BY DIPENDRA SHAHI   VAULT DOOR RELEASED REMOTELY BY CMS, AND VAULT OPENED BY BRANCH STAFF CONFIRMED BY A KEY CUSTOODIAN 8013536261"
"BM5525","Audit Purpose","gen14","2026-09-28","10:51:07","28/09/2026 10:50:58  gen14
DUE TO NETWORK ISSUE VIDEO VERIFICATION ON WHATSAPP VIDEO CALL,NO SUSPICIOUS ACTIVITY OBSERVED,VAULT OPENING REQUEST FOR AUDIT/ ,MAIL APPROVED BY DIPENDRA SHAHI <dipendra.shahi@iifl.com> VAULT DOOR RELEASED REMOTELY BY CMS AND VAULT OPEN BY STAF CONFIRMED BY KEY CUSTOODIAN  2  09933384744"
"BM5525","Audit Purpose","gen37","2026-09-28","11:44:03","28/09/2026 11:43:58  gen37
LIVE VIEW CHECKED,NO SUSPICIOUS ACTIVITY OBSERVED,VAULT OPENING REQUEST FOR AUDIT, MAIL APPROVED BY DIPENDRA SHAHI <dipendra.shahi@iifl.com>, VAULT DOOR RELEASED REMOTELY BY CMS, AND VAULT OPENED BY BRANCH STAFF CONFIRMED BY A KEY CUSTOODIAN.1 08013536261"
"BM5525","Audit Purpose","gen48","2026-09-28","12:47:12","28/09/2026 12:47:07  gen48
LIVE VIEW CHECKED,NO SUSPICIOUS ACTIVITY OBSERVED,VAULT OPENING REQUEST FOR AUDIT, MAIL APPROVED BY DIPENDRA SHAHI, VAULT DOOR RELEASED REMOTELY BY CMS, AND VAULT OPENED BY BRANCH STAFF CONFIRMED BY A KEY CUSTOODIAN.  1    08013536261"
"BM5525","Audit Purpose","gen16","2026-09-28","13:54:37","28/09/2026 13:54:08  gen16
LIVE VIEW CHECKED,NO SUSPICIOUS ACTIVITY OBSERVED,VAULT OPENING REQUEST FOR AUDIT, MAIL APPROVED BY DIPENDRA SHAHI, VAULT DOOR RELEASED REMOTELY BY CMS, AND VAULT OPENED BY BRANCH STAFF CONFIRMED BY A KEY CUSTOODIAN. 9933384744"
"BM5525","Audit Purpose","gen20","2026-09-28","16:20:27","28/09/2026 16:20:20  gen20
LIVE VIEW CHECKED,NO SUSPICIOUS ACTIVITY OBSERVED,VAULT OPENING REQUEST FOR AUDIT MAIL APPROVED BY DIPENDRA SHAHI <dipendra.shahi@iifl.com>, VAULT DOOR RELEASED REMOTELY BY CMS, AND VAULT OPENED BY BRANCH STAFF CONFIRMED BY A KEY CUSTOODIAN.1 08013536261"
"BM5525","Final Vault Closing","gen23","2026-09-28","18:07:20","28/09/2026 18:07:15  gen23
LIVE VIEW CHECKED,NO SUSPICIOUS ACTIVITY OBSERVED,VAULT OPENING REQUEST FOR CLOSING PURPOSE VAULT DOOR RELEASED REMOTELY BY CMS AND VAULT OPEN BY BRANCH STAFF CONFIRMED BY KEY CUSTOODIAN //08013536261"
"BM5579","","admin","2026-09-28","08:59:39",""
"BM5579","Customer Purpose","gen30","2026-09-28","11:33:15","28/09/2026 11:32:57  gen30
LIVE VIEW CHECKED, NO SUSPICIOUS ACTIVITY OBSERVED, VAULT DOOR RELEASED REMOTELY BY CMS AND VAULT OPENED BY BRANCH STAFF, CONFIRMED BY A KEY CUSTODIAN 1 .8486280584"
"BM5579","Customer Purpose","gen5","2026-09-28","11:40:11","28/09/2026 11:40:07  gen5
LIVE VIEW CHECKED, NO SUSPICIOUS ACTIVITY OBSERVED, VAULT DOOR RELEASED REMOTELY BY CMS AND VAULT OPENED BY BRANCH STAFF, CONFIRMED BY A KEY CUSTODIAN  1,,,,,,,,,,,,, 08486280584"
"BM5579","Customer Purpose","gen26","2026-09-28","12:46:55","28/09/2026 12:46:48  gen26
LIVE VIEW CHECKED, NO SUSPICIOUS ACTIVITY OBSERVED, VAULT DOOR RELEASED REMOTELY BY CMS AND VAULT OPENED BY BRANCH STAFF, CONFIRMED BY A KEY CUSTODIAN  07086456893"
"BM5579","Customer Purpose","gen14","2026-09-28","14:10:40","28/09/2026 14:10:36  gen14
LIVE VIEW CHECKED, NO SUSPICIOUS ACTIVITY OBSERVED, VAULT DOOR RELEASED REMOTELY BY CMS AND VAULT OPENED BY BRANCH STAFF, CONFIRMED BY A KEY CUSTODIAN 2    07086456893"
"BM5579","Final Vault Closing","gen35","2026-09-28","17:25:36","28/09/2026 17:25:32  gen35
LIVE VIEW CHECKED,NO SUSPICIOUS ACTIVITY OBSERVED,VAULT OPENING REQUEST FOR CLOSING PURPOSE VAULT DOOR RELEASED REMOTELY BY CMS AND VAULT OPEN BY BRANCH STAFF CONFIRMED BY KEY CUSTOODIAN   07086456893"
"BM5579","","admin","2026-09-29","09:05:35",""
"BM5614","","admin","2026-09-28","09:25:54",""
"BM5614","Customer Purpose","gen38","2026-09-28","10:17:37","28/09/2026 10:17:34  gen38
LIVE VIEW CHECKED, NO SUSPICIOUS ACTIVITY OBSERVED, VAULT DOOR RELEASED REMOTELY BY CMS AND VAULT OPENED BY BRANCH STAFF, CONFIRMED BY A KEY CUSTODIAN 7978046919"
"BM5614","Not Operate","gen10","2026-09-28","12:56:14","28/09/2026 12:56:11  gen10
LIVE VIEW CHECKED,NO SUSPICIOUS ACTIVITY OBSERVED,NO NEED TO OPERATE VAULT CONFIRMED BY KEY CUSTOODIAN. 2......................8763459497"
"BM5614","Customer Purpose","gen10","2026-09-28","12:56:40","28/09/2026 12:56:36  gen10
LIVE VIEW CHECKED, NO SUSPICIOUS ACTIVITY OBSERVED, VAULT DOOR RELEASED REMOTELY BY CMS AND VAULT OPENED BY BRANCH STAFF, CONFIRMED BY A KEY CUSTODIAN 2................8763459497"
"BM5614","Customer Purpose","gen36","2026-09-28","13:49:21","28/09/2026 13:49:17  gen36
LIVE VIEW CHECKED, NO SUSPICIOUS ACTIVITY OBSERVED, VAULT DOOR RELEASED REMOTELY BY CMS AND VAULT OPENED BY BRANCH STAFF, CONFIRMED BY A KEY CUSTODIAN  7978046919"
"BM5614","Final Vault Closing","gen3","2026-09-28","17:55:32","28/09/2026 17:55:28  gen3
LIVE VIEW CHECKED,NO SUSPICIOUS ACTIVITY OBSERVED,VAULT OPENING REQUEST FOR CLOSING PURPOSE VAULT DOOR RELEASED REMOTELY BY CMS AND VAULT OPEN BY BRANCH STAFF CONFIRMED BY KEY CUSTOODIAN  07978046919"
"BM5673","Customer Purpose","gen1","2026-09-28","10:15:36","28/09/2026 10:15:32  gen1
LIVE VIEW CHECKED, NO SUSPICIOUS ACTIVITY OBSERVED, VAULT DOOR RELEASED REMOTELY BY CMS AND VAULT OPENED BY BRANCH STAFF, CONFIRMED BY A KEY CUSTODIAN  09748147421"
"BM5673","Customer Purpose","gen3","2026-09-28","13:27:25","28/09/2026 13:27:20  gen3
LIVE VIEW CHECKED, NO SUSPICIOUS ACTIVITY OBSERVED, VAULT DOOR RELEASED REMOTELY BY CMS AND VAULT OPENED BY BRANCH STAFF, CONFIRMED BY A KEY CUSTODIAN 09748147421"
"BM5673","Customer Purpose","gen32","2026-09-28","14:24:48","28/09/2026 14:24:51  gen32
LIVE VIEW CHECKED, NO SUSPICIOUS ACTIVITY OBSERVED, VAULT DOOR RELEASED REMOTELY BY CMS AND VAULT OPENED BY BRANCH STAFF, CONFIRMED BY A KEY CUSTODIAN   09748147421"
"BM5673","Customer Purpose","gen30","2026-09-28","14:45:29","28/09/2026 14:45:09  gen30
LIVE VIEW CHECKED, NO SUSPICIOUS ACTIVITY OBSERVED, VAULT DOOR RELEASED REMOTELY BY CMS AND VAULT OPENED BY BRANCH STAFF, CONFIRMED BY A KEY CUSTODIAN 1 .9748147421"
"BM5673","Customer Purpose","gen11","2026-09-28","15:03:33","28/09/2026 15:03:29  gen11
LIVE VIEW CHECKED, NO SUSPICIOUS ACTIVITY OBSERVED, VAULT DOOR RELEASED REMOTELY BY CMS AND VAULT OPENED BY BRANCH STAFF, CONFIRMED BY A KEY CUSTODIAN  1     9748147421"
"BM5673","Customer Purpose","gen15","2026-09-28","16:12:39","28/09/2026 16:12:35  gen15
LIVE VIEW CHECKED, NO SUSPICIOUS ACTIVITY OBSERVED, VAULT DOOR RELEASED REMOTELY BY CMS AND VAULT OPENED BY BRANCH STAFF, CONFIRMED BY A KEY CUSTODIAN  1   9748147421"
"BM5673","Customer Purpose","gen13","2026-09-28","17:22:27","28/09/2026 17:22:23  gen13
LIVE VIEW CHECKED, NO SUSPICIOUS ACTIVITY OBSERVED, VAULT DOOR RELEASED REMOTELY BY CMS AND VAULT OPENED BY BRANCH STAFF, CONFIRMED BY A KEY CUSTODIAN 1/09748147421"
"BM5673","Final Vault Closing","gen23","2026-09-28","18:34:32","28/09/2026 18:34:27  gen23
LIVE VIEW CHECKED,NO SUSPICIOUS ACTIVITY OBSERVED,VAULT OPENING REQUEST FOR CLOSING PURPOSE VAULT DOOR RELEASED REMOTELY BY CMS AND VAULT OPEN BY BRANCH STAFF CONFIRMED BY KEY CUSTOODIAN //09038840079"
"BM5673","","admin","2026-09-28","18:52:06",""
"BM5673","","admin","2026-09-29","09:28:02",""
"BM5674","","admin","2026-09-28","09:26:00",""
"BM5674","Customer Purpose","gen34","2026-09-28","11:15:03","28/09/2026 11:14:57  gen34
LIVE VIEW CHECKED, NO SUSPICIOUS ACTIVITY OBSERVED, VAULT DOOR RELEASED REMOTELY BY CMS AND VAULT OPENED BY BRANCH STAFF, CONFIRMED BY A KEY CUSTODIAN 6003263445"
"BM5674","Customer Purpose","gen13","2026-09-28","12:59:18","28/09/2026 12:59:14  gen13
LIVE VIEW CHECKED, NO SUSPICIOUS ACTIVITY OBSERVED, VAULT DOOR RELEASED REMOTELY BY CMS AND VAULT OPENED BY BRANCH STAFF, CONFIRMED BY A KEY CUSTODIAN 1/09127111819"
"BM5674","Customer Purpose","gen21","2026-09-28","17:03:46","28/09/2026 17:04:27  gen21
LIVE VIEW CHECKED, NO SUSPICIOUS ACTIVITY OBSERVED, VAULT DOOR RELEASED REMOTELY BY CMS AND VAULT OPENED BY BRANCH STAFF, CONFIRMED BY A KEY CUSTODIAN    1     6003263445"
"BM5674","Final Vault Closing","gen14","2026-09-28","17:37:26","28/09/2026 17:37:22  gen14
LIVE VIEW CHECKED,NO SUSPICIOUS ACTIVITY OBSERVED,VAULT OPENING REQUEST FOR CLOSING PURPOSE VAULT DOOR RELEASED REMOTELY BY CMS AND VAULT OPEN BY BRANCH STAFF CONFIRMED BY KEY CUSTOODIAN  3  06003263445"
"BM5674","","admin","2026-09-29","09:29:45",""
"BM5727","","admin","2026-09-28","09:16:58",""
"BM5727","Customer Purpose","gen1","2026-09-28","10:46:45","28/09/2026 10:46:41  gen1
LIVE VIEW CHECKED, NO SUSPICIOUS ACTIVITY OBSERVED, VAULT DOOR RELEASED REMOTELY BY CMS AND VAULT OPENED BY BRANCH STAFF, CONFIRMED BY A KEY CUSTODIAN  09127148241"
"BM5727","Customer Purpose","gen23","2026-09-28","13:45:20","28/09/2026 13:45:15  gen23
LIVE VIEW CHECKED, NO SUSPICIOUS ACTIVITY OBSERVED, VAULT DOOR RELEASED REMOTELY BY CMS AND VAULT OPENED BY BRANCH STAFF, CONFIRMED BY A KEY CUSTODIAN//09706263693"
"BM5727","Final Vault Closing","gen19","2026-09-28","17:48:02","28/09/2026 17:47:57  gen19
LIVE VIEW CHECKED,NO SUSPICIOUS ACTIVITY OBSERVED,VAULT OPENING REQUEST FOR CLOSING PURPOSE VAULT DOOR RELEASED REMOTELY BY CMS AND VAULT OPEN BY BRANCH STAFF CONFIRMED BY KEY CUSTOODIAN 9127148241"
"BM5727","","admin","2026-09-29","09:16:49",""
"BM5728","","admin","2026-09-28","09:19:52",""
"BM5728","Customer Purpose","gen21","2026-09-28","11:26:47","28/09/2026 11:27:31  gen21
LIVE VIEW CHECKED, NO SUSPICIOUS ACTIVITY OBSERVED, VAULT DOOR RELEASED REMOTELY BY CMS AND VAULT OPENED BY BRANCH STAFF, CONFIRMED BY A KEY CUSTODIAN    1    8509223280"
"BM5728","Customer Purpose","gen26","2026-09-28","11:51:41","28/09/2026 11:51:36  gen26
LIVE VIEW CHECKED, NO SUSPICIOUS ACTIVITY OBSERVED, VAULT DOOR RELEASED REMOTELY BY CMS AND VAULT OPENED BY BRANCH STAFF, CONFIRMED BY A KEY CUSTODIAN   08972434638"
"BM5728","Customer Purpose","gen28","2026-09-28","13:28:12","28/09/2026 13:28:08  gen28
DUE TO NETWORK ISSUE VIDEO VERIFICATION ON WHATSAPP VIDEO CALL,NO SUSPICIOUS ACTIVITY OBSERVED,VAULT OPENING REQUEST FOR CUSTOMER PURPOSE VAULT DOOR RELEASED REMOTELY BY CMS AND VAULT OPEN BY STAF CONFIRMED BY KEY CUSTOODIAN    08972434638"
"BM5728","Customer Purpose","gen33","2026-09-28","16:36:34","28/09/2026 16:36:30  gen33
LIVE VIEW CHECKED, NO SUSPICIOUS ACTIVITY OBSERVED, VAULT DOOR RELEASED REMOTELY BY CMS AND VAULT OPENED BY BRANCH STAFF, CONFIRMED BY A KEY CUSTODIAN08972434638"
"BM5728","Final Vault Closing","gen16","2026-09-28","17:50:23","28/09/2026 17:50:17  gen16
LIVE VIEW CHECKED,NO SUSPICIOUS ACTIVITY OBSERVED,VAULT OPENING REQUEST FOR CLOSING PURPOSE VAULT DOOR RELEASED REMOTELY BY CMS AND VAULT OPEN BY BRANCH STAFF CONFIRMED BY KEY CUSTOODIAN   9734584696"
"BM5728","","admin","2026-09-29","09:28:02",""
"BM5729","","admin","2026-09-28","09:24:24",""
"BM5729","Customer Purpose","gen15","2026-09-28","14:54:15","28/09/2026 14:54:11  gen15
LIVE VIEW CHECKED, NO SUSPICIOUS ACTIVITY OBSERVED, VAULT DOOR RELEASED REMOTELY BY CMS AND VAULT OPENED BY BRANCH STAFF, CONFIRMED BY A KEY CUSTODIAN 1    9733785827"
"BM5729","Customer Purpose","gen48","2026-09-28","16:13:05","28/09/2026 16:13:01  gen48
LIVE VIEW CHECKED, NO SUSPICIOUS ACTIVITY OBSERVED, VAULT DOOR RELEASED REMOTELY BY CMS AND VAULT OPENED BY BRANCH STAFF, CONFIRMED BY A KEY CUSTODIAN  2   07001616451"
"BM5729","Final Vault Closing","gen3","2026-09-28","17:49:05","28/09/2026 17:49:01  gen3
LIVE VIEW CHECKED,NO SUSPICIOUS ACTIVITY OBSERVED,VAULT OPENING REQUEST FOR CLOSING PURPOSE VAULT DOOR RELEASED REMOTELY BY CMS AND VAULT OPEN BY BRANCH STAFF CONFIRMED BY KEY CUSTOODIAN  09733785827"
"BM5729","","admin","2026-09-29","09:25:14",""
"BM5731","","admin","2026-09-28","09:29:11",""
"BM5731","Customer Purpose","gen17","2026-09-28","14:01:56","28/09/2026 14:01:53  gen17
LIVE VIEW CHECKED, NO SUSPICIOUS ACTIVITY OBSERVED, VAULT DOOR RELEASED REMOTELY BY CMS AND VAULT OPENED BY BRANCH STAFF, CONFIRMED BY A KEY CUSTODIAN 1....09836550767"
"BM5731","Not Operate","gen25","2026-09-28","17:33:09","28/09/2026 17:33:03  gen25
LIVE VIEW CHECKED,NO SUSPICIOUS ACTIVITY OBSERVED,NO NEED TO OPERATE VAULT CONFIRMED BY KEY CUSTOODIAN.    1     09836550767"
"BM5731","Final Vault Closing","iifl7","2026-09-28","17:46:11","28/09/2026 17:46:06  iifl7
LIVE VIEW CHECKED,NO SUSPICIOUS ACTIVITY OBSERVED,VAULT OPENING REQUEST FOR CLOSING PURPOSE VAULT DOOR RELEASED REMOTELY BY CMS AND VAULT OPEN BY BRANCH STAFF CONFIRMED BY KEY CUSTOODIAN  2 09836550767"
"BM5771","","admin","2026-09-28","09:26:42",""
"BM5771","Customer Purpose","gen12","2026-09-28","10:34:30","28/09/2026 10:34:20  gen12
LIVE VIEW CHECKED, NO SUSPICIOUS ACTIVITY OBSERVED, VAULT DOOR RELEASED REMOTELY BY CMS AND VAULT OPENED BY BRANCH STAFF, CONFIRMED BY A KEY CUSTODIAN   07609024463"
"BM5771","Customer Purpose","gen38","2026-09-28","11:52:00","28/09/2026 11:51:58  gen38
LIVE VIEW CHECKED, NO SUSPICIOUS ACTIVITY OBSERVED, VAULT DOOR RELEASED REMOTELY BY CMS AND VAULT OPENED BY BRANCH STAFF, CONFIRMED BY A KEY CUSTODIAN 6372849214"
"BM5771","Customer Purpose","gen39","2026-09-28","12:50:54","28/09/2026 12:50:50  gen39
LIVE VIEW CHECKED, NO SUSPICIOUS ACTIVITY OBSERVED, VAULT DOOR RELEASED REMOTELY BY CMS AND VAULT OPENED BY BRANCH STAFF, CONFIRMED BY A KEY CUSTODIAN  6372849214"
"BM5771","Customer Purpose","gen23","2026-09-28","15:49:20","28/09/2026 15:49:16  gen23
LIVE VIEW CHECKED, NO SUSPICIOUS ACTIVITY OBSERVED, VAULT DOOR RELEASED REMOTELY BY CMS AND VAULT OPENED BY BRANCH STAFF, CONFIRMED BY A KEY CUSTODIAN/'/07377970403"
"BM5771","Final Vault Closing","gen3","2026-09-28","18:36:29","28/09/2026 18:36:25  gen3
LIVE VIEW CHECKED,NO SUSPICIOUS ACTIVITY OBSERVED,VAULT OPENING REQUEST FOR CLOSING PURPOSE VAULT DOOR RELEASED REMOTELY BY CMS AND VAULT OPEN BY BRANCH STAFF CONFIRMED BY KEY CUSTOODIAN  06372849214"
"BM5771","","admin","2026-09-29","09:21:25",""
"BM5776","","admin","2026-09-28","09:28:15",""
"BM5776","Customer Purpose","gen10","2026-09-28","11:29:23","28/09/2026 11:29:20  gen10
LIVE VIEW CHECKED, NO SUSPICIOUS ACTIVITY OBSERVED, VAULT DOOR RELEASED REMOTELY BY CMS AND VAULT OPENED BY BRANCH STAFF, CONFIRMED BY A KEY CUSTODIAN 1..................9674261849"
"BM5776","Customer Purpose","gen32","2026-09-28","15:17:49","28/09/2026 15:17:51  gen32
LIVE VIEW CHECKED, NO SUSPICIOUS ACTIVITY OBSERVED, VAULT DOOR RELEASED REMOTELY BY CMS AND VAULT OPENED BY BRANCH STAFF, CONFIRMED BY A KEY CUSTODIAN       09674261849"
"BM5776","Customer Purpose","gen3","2026-09-28","15:27:19","28/09/2026 15:27:13  gen3
LIVE VIEW CHECKED, NO SUSPICIOUS ACTIVITY OBSERVED, VAULT DOOR RELEASED REMOTELY BY CMS AND VAULT OPENED BY BRANCH STAFF, CONFIRMED BY A KEY CUSTODIAN 09804125421"
"BM5776","Customer Purpose","gen14","2026-09-28","15:36:15","28/09/2026 15:36:12  gen14
LIVE VIEW CHECKED, NO SUSPICIOUS ACTIVITY OBSERVED, VAULT DOOR RELEASED REMOTELY BY CMS AND VAULT OPENED BY BRANCH STAFF, CONFIRMED BY A KEY CUSTODIAN 1   09674261849"
"BM5776","Customer Purpose","gen35","2026-09-28","16:24:31","28/09/2026 16:24:27  gen35
LIVE VIEW CHECKED, NO SUSPICIOUS ACTIVITY OBSERVED, VAULT DOOR RELEASED REMOTELY BY CMS AND VAULT OPENED BY BRANCH STAFF, CONFIRMED BY A KEY CUSTODIAN    09804125421"
"BM5776","Final Vault Closing","gen11","2026-09-28","17:53:54","28/09/2026 17:53:51  gen11
LIVE VIEW CHECKED,NO SUSPICIOUS ACTIVITY OBSERVED,VAULT OPENING REQUEST FOR CLOSING PURPOSE VAULT DOOR RELEASED REMOTELY BY CMS AND VAULT OPEN BY BRANCH STAFF CONFIRMED BY KEY CUSTOODIAN 2   8240387255"
"BM5776","","admin","2026-09-28","18:32:25",""
"BM5776","","admin","2026-09-29","09:26:05",""
"BM5777","","admin","2026-09-28","09:25:13",""
"BM5777","Customer Purpose","gen4","2026-09-28","12:20:55","28/09/2026 12:20:52  gen4
LIVE VIEW CHECKED, NO SUSPICIOUS ACTIVITY OBSERVED, VAULT DOOR RELEASED REMOTELY BY CMS AND VAULT OPENED BY BRANCH STAFF, CONFIRMED BY A KEY CUSTODIAN 9064030081"
"BM5777","Customer Purpose","gen3","2026-09-28","13:10:24","28/09/2026 13:10:16  gen3
LIVE VIEW CHECKED, NO SUSPICIOUS ACTIVITY OBSERVED, VAULT DOOR RELEASED REMOTELY BY CMS AND VAULT OPENED BY BRANCH STAFF, CONFIRMED BY A KEY CUSTODIAN 09064030081"
"BM5777","Customer Purpose","gen30","2026-09-28","13:36:35","28/09/2026 13:33:16  gen30
DUE TO NETWORK ISSUE VIDEO VERIFICATION ON WHATSAPP VIDEO CALL,NO SUSPICIOUS ACTIVITY OBSERVED,VAULT OPENING REQUEST FOR CUSTOMER PURPOSE VAULT DOOR RELEASED REMOTELY BY CMS AND VAULT OPEN BY STAF CONFIRMED BY KEY CUSTOODIAN  3. 7029098589"
"BM5777","Not Allowed","gen46","2026-09-28","15:08:00","28/09/2026 15:07:55  gen46
LIVE VIEW CHECKED, NO SUSPICIOUS ACTIVITY OBSERVED, VAULT OPENING REQUEST FOR AUDIT NEEDS TO MAIL APPROVAL, AND NOT ALLOWED VAULT OPERATION, CALL TO KEY CUSTOODIAN.  7029098589"
"BM5777","Packet Counting","gen19","2026-09-28","15:23:27","28/09/2026 15:23:20  gen19
LIVE VIEW CHECKED,NO SUSPICIOUS ACTIVITY OBSERVED,VAULT OPENING REQUEST FOR PACKET COUNTING, MAIL APPROVED BY  Supradip Seth   VAULT DOOR RELEASED REMOTELY BY CMS, AND VAULT OPENED BY BRANCH STAFF CONFIRMED BY A KEY CUSTOODIAN 9064030081"
"BM5777","Packet Counting","gen3","2026-09-28","16:31:51","28/09/2026 16:31:46  gen3
LIVE VIEW CHECKED,NO SUSPICIOUS ACTIVITY OBSERVED,VAULT OPENING REQUEST FOR PACKET COUNTING, MAIL APPROVED BY Supradip Seth <supradip.seth@iifl.com> VAULT DOOR RELEASED REMOTELY BY CMS, AND VAULT OPENED BY BRANCH STAFF CONFIRMED BY A KEY CUSTOODIAN. 09635676687"
"BM5777","Final Vault Closing","gen14","2026-09-28","17:45:52","28/09/2026 17:45:49  gen14
LIVE VIEW CHECKED,NO SUSPICIOUS ACTIVITY OBSERVED,VAULT OPENING REQUEST FOR CLOSING PURPOSE VAULT DOOR RELEASED REMOTELY BY CMS AND VAULT OPEN BY BRANCH STAFF CONFIRMED BY KEY CUSTOODIAN  3   09064030081"
"BM5777","Genuine","iifl3","2026-09-28","18:50:37","28/09/2026 18:50:33  iifl3
LIVE VIEW CHECKED, SUSPICIOUS ACTIVITY OBSERVED, VAULT ROOM CLEANING WITHOUT PERMISSION ALSO INFORMED BY TWO WAY COMMUNICATION AND ALSO INFORMED TO KC 3   7029098589       
TIME - 17:45:40"
"BM5777","","admin","2026-09-29","09:26:59",""
"BM5786","","admin","2026-09-28","09:19:05",""
"BM5786","Customer Purpose","gen11","2026-09-28","10:45:10","28/09/2026 10:45:07  gen11
LIVE VIEW CHECKED, NO SUSPICIOUS ACTIVITY OBSERVED, VAULT DOOR RELEASED REMOTELY BY CMS AND VAULT OPENED BY BRANCH STAFF, CONFIRMED BY A KEY CUSTODIAN   3   8787591429"
"BM5786","Customer Purpose","gen28","2026-09-28","11:26:09","28/09/2026 11:26:03  gen28
LIVE VIEW CHECKED, NO SUSPICIOUS ACTIVITY OBSERVED, VAULT DOOR RELEASED REMOTELY BY CMS AND VAULT OPENED BY BRANCH STAFF, CONFIRMED BY A KEY CUSTODIAN    8787591429"
"BM5786","Customer Purpose","gen12","2026-09-28","12:13:32","28/09/2026 12:13:13  gen12
LIVE VIEW CHECKED, NO SUSPICIOUS ACTIVITY OBSERVED, VAULT DOOR RELEASED REMOTELY BY CMS AND VAULT OPENED BY BRANCH STAFF, CONFIRMED BY A KEY CUSTODIAN    07640064576"
"BM5786","Customer Purpose","gen25","2026-09-28","13:01:58","28/09/2026 13:01:55  gen25
LIVE VIEW CHECKED, NO SUSPICIOUS ACTIVITY OBSERVED, VAULT DOOR RELEASED REMOTELY BY CMS AND VAULT OPENED BY BRANCH STAFF, CONFIRMED BY A KEY CUSTODIAN     1       08787591429"
"BM5786","Customer Purpose","gen10","2026-09-28","13:36:31","28/09/2026 13:36:26  gen10
LIVE VIEW CHECKED, NO SUSPICIOUS ACTIVITY OBSERVED, VAULT DOOR RELEASED REMOTELY BY CMS AND VAULT OPENED BY BRANCH STAFF, CONFIRMED BY A KEY CUSTODIAN 3.................8787591429"
"BM5786","Final Vault Closing","gen4","2026-09-28","18:03:31","28/09/2026 18:03:27  gen4
LIVE VIEW CHECKED,NO SUSPICIOUS ACTIVITY OBSERVED,VAULT OPENING REQUEST FOR CLOSING PURPOSE VAULT DOOR RELEASED REMOTELY BY CMS AND VAULT OPEN BY BRANCH STAFF CONFIRMED BY KEY CUSTOODIAN   7640064576"
"BM5786","","admin","2026-09-29","09:19:13",""
"BM5792","","admin","2026-09-28","09:23:36",""
"BM5792","Customer Purpose","gen39","2026-09-28","11:53:58","28/09/2026 11:53:53  gen39
LIVE VIEW CHECKED, NO SUSPICIOUS ACTIVITY OBSERVED, VAULT DOOR RELEASED REMOTELY BY CMS AND VAULT OPENED BY BRANCH STAFF, CONFIRMED BY A KEY CUSTODIAN  8479972109"
"BM5792","Customer Purpose","gen33","2026-09-28","12:47:05","28/09/2026 12:47:01  gen33
LIVE VIEW CHECKED, NO SUSPICIOUS ACTIVITY OBSERVED, VAULT DOOR RELEASED REMOTELY BY CMS AND VAULT OPENED BY BRANCH STAFF, CONFIRMED BY A KEY CUSTODIAN 08479972109"
"BM5792","Not Responded","gen10","2026-09-28","13:16:01","28/09/2026 13:15:53  gen10
LIVE VIEW CHECKED, NO SUSPICIOUS ACTIVITY OBSERVED. CALL TO KC 1/2/3 BUT NOT RESPONDED."
"BM5792","Packet Counting","gen10","2026-09-28","13:19:14","28/09/2026 13:18:30  gen10
LIVE VIEW CHECKED,NO SUSPICIOUS ACTIVITY OBSERVED,VAULT OPENING REQUEST FOR PACKET COUNTING, MAIL APPROVED BY Raju Ghosh, VAULT DOOR RELEASED REMOTELY BY CMS, AND VAULT OPENED BY BRANCH STAFF CONFIRMED BY A KEY CUSTOODIAN.2...............8479972109"
"BM5792","Packet Counting","gen21","2026-09-28","14:07:20","28/09/2026 14:08:03  gen21
LIVE VIEW CHECKED,NO SUSPICIOUS ACTIVITY OBSERVED,VAULT OPENING REQUEST FOR PACKET COUNTING, MAIL APPROVED BY Raju Ghosh <raju.ghosh@iifl.com>, VAULT DOOR RELEASED REMOTELY BY CMS, AND VAULT OPENED BY BRANCH STAFF CONFIRMED BY A KEY CUSTOODIAN.1   8479972109"
"BM5792","Customer Purpose","gen33","2026-09-28","16:42:05","28/09/2026 16:41:59  gen33
LIVE VIEW CHECKED, NO SUSPICIOUS ACTIVITY OBSERVED, VAULT DOOR RELEASED REMOTELY BY CMS AND VAULT OPENED BY BRANCH STAFF, CONFIRMED BY A KEY CUSTODIAN 08910112821"
"BM5792","Final Vault Closing","gen16","2026-09-28","18:21:48","28/09/2026 18:21:35  gen16
DUE TO NETWORK ISSUE VIDEO VERIFICATION ON WHATSAPP VIDEO CALL,NO SUSPICIOUS ACTIVITY OBSERVED,VAULT OPENING REQUEST FOR CLOSING PURPOSE VAULT DOOR RELEASED REMOTELY BY CMS AND VAULT OPEN BY STAF CONFIRMED BY KEY CUSTOODIAN  8479972109"
"BM5792","","admin","2026-09-28","18:30:10",""
"BM5792","","admin","2026-09-29","09:28:02",""
"BM5797","Customer Purpose","gen9","2026-09-28","12:18:30","28/09/2026 12:18:27  gen9
DUE TO NETWORK ISSUE VIDEO VERIFICATION ON WHATSAPP VIDEO CALL,NO SUSPICIOUS ACTIVITY OBSERVED,VAULT OPENING REQUEST FOR CUSTOMER PURPOSE VAULT DOOR RELEASED REMOTELY BY CMS AND VAULT OPEN BY STAF CONFIRMED BY KEY CUSTOODIAN     2    06371073969"
"BM5797","Customer Purpose","gen11","2026-09-28","16:37:01","28/09/2026 16:36:57  gen11
LIVE VIEW CHECKED, NO SUSPICIOUS ACTIVITY OBSERVED, VAULT DOOR RELEASED REMOTELY BY CMS AND VAULT OPENED BY BRANCH STAFF, CONFIRMED BY A KEY CUSTODIAN   2   6371073969"
"BM5797","Final Vault Closing","gen11","2026-09-28","18:24:20","28/09/2026 18:24:17  gen11
LIVE VIEW CHECKED,NO SUSPICIOUS ACTIVITY OBSERVED,VAULT OPENING REQUEST FOR CLOSING PURPOSE VAULT DOOR RELEASED REMOTELY BY CMS AND VAULT OPEN BY BRANCH STAFF CONFIRMED BY KEY CUSTOODIAN 1  9861537906"
"BM5797","","admin","2026-09-28","18:36:57",""
"BM5801","","admin","2026-09-28","09:25:58",""
"BM5801","Customer Purpose","gen19","2026-09-28","12:05:01","28/09/2026 12:04:58  gen19
LIVE VIEW CHECKED, NO SUSPICIOUS ACTIVITY OBSERVED, VAULT DOOR RELEASED REMOTELY BY CMS AND VAULT OPENED BY BRANCH STAFF, CONFIRMED BY A KEY CUSTODIAN 08456083637"
"BM5801","Customer Purpose","gen4","2026-09-28","14:36:51","28/09/2026 14:36:44  gen4
LIVE VIEW CHECKED, NO SUSPICIOUS ACTIVITY OBSERVED, VAULT DOOR RELEASED REMOTELY BY CMS AND VAULT OPENED BY BRANCH STAFF, CONFIRMED BY A KEY CUSTODIAN 09861808181"
"BM5801","Customer Purpose","gen9","2026-09-28","15:18:23","28/09/2026 15:18:16  gen9
LIVE VIEW CHECKED, NO SUSPICIOUS ACTIVITY OBSERVED, VAULT DOOR RELEASED REMOTELY BY CMS AND VAULT OPENED BY BRANCH STAFF, CONFIRMED BY A KEY CUSTODIAN    1     08456083637"
"BM5801","Customer Purpose","gen20","2026-09-28","16:07:15","28/09/2026 16:07:04  gen20
LIVE VIEW CHECKED, NO SUSPICIOUS ACTIVITY OBSERVED, VAULT DOOR RELEASED REMOTELY BY CMS AND VAULT OPENED BY BRANCH STAFF, CONFIRMED BY A KEY CUSTODIAN KC 1 08456083637"
"BM5801","Customer Purpose","gen29","2026-09-28","16:19:50","28/09/2026 16:19:45  gen29
LIVE VIEW CHECKED, NO SUSPICIOUS ACTIVITY OBSERVED, VAULT DOOR RELEASED REMOTELY BY CMS AND VAULT OPENED BY BRANCH STAFF, CONFIRMED BY A KEY CUSTODIAN  08456083637"
"BM5801","Customer Purpose","gen26","2026-09-28","18:33:23","28/09/2026 18:33:12  gen26
LIVE VIEW CHECKED, NO SUSPICIOUS ACTIVITY OBSERVED, VAULT DOOR RELEASED REMOTELY BY CMS AND VAULT OPENED BY BRANCH STAFF, CONFIRMED BY A KEY CUSTODIAN  08456083637"
"BM5801","Final Vault Closing","gen15","2026-09-28","18:54:05","28/09/2026 18:53:59  gen15
LIVE VIEW CHECKED,NO SUSPICIOUS ACTIVITY OBSERVED,VAULT OPENING REQUEST FOR CLOSING PURPOSE VAULT DOOR RELEASED REMOTELY BY CMS AND VAULT OPEN BY BRANCH STAFF CONFIRMED BY KEY CUSTOODIAN 1 08456083637"
"BM5801","","admin","2026-09-29","09:27:53",""
"BM5809","","admin","2026-09-28","09:24:27",""
"BM5809","Not Allowed","gen7","2026-09-28","10:23:43","28/09/2026 10:23:34  gen7
LIVE VIEW CHECKED, NO SUSPICIOUS ACTIVITY OBSERVED, VAULT OPENING REQUEST FOR SECURITY GAURD NOT AVLEBEL, AND NOT ALLOWED VAULT OPERATION, CALL TO KEY CUSTOODIAN.1-7085311019"
"BM5809","Audit Purpose","gen25","2026-09-28","10:41:55","28/09/2026 10:41:50  gen25
LIVE VIEW CHECKED,NO SUSPICIOUS ACTIVITY OBSERVED,VAULT OPENING REQUEST FOR AUDIT, MAIL APPROVED BY Biswajit Deka <biswajit.deka@iifl.com>, VAULT DOOR RELEASED REMOTELY BY CMS, AND VAULT OPENED BY BRANCH STAFF CONFIRMED BY A KEY CUSTOODIAN      1     07085311019"
"BM5809","Audit Purpose","gen28","2026-09-28","11:39:20","28/09/2026 11:39:12  gen28
LIVE VIEW CHECKED,NO SUSPICIOUS ACTIVITY OBSERVED,VAULT OPENING REQUEST FOR AUDIT, MAIL APPROVED BY Biswajit Deka VAULT DOOR RELEASED REMOTELY BY CMS, AND VAULT OPENED BY BRANCH STAFF CONFIRMED BY A KEY CUSTOODIAN 7085311019"
"BM5809","Audit Purpose","gen39","2026-09-28","12:39:56","28/09/2026 12:39:51  gen39
LIVE VIEW CHECKED,NO SUSPICIOUS ACTIVITY OBSERVED,VAULT OPENING REQUEST FOR AUDIT MAIL APPROVED BY Biswajit Deka, VAULT DOOR RELEASED REMOTELY BY CMS, AND VAULT OPENED BY BRANCH STAFF CONFIRMED BY A KEY CUSTOODIAN. 7085311019"
"BM5809","Audit Purpose","gen17","2026-09-28","13:42:18","28/09/2026 13:42:05  gen17
LIVE VIEW CHECKED,NO SUSPICIOUS ACTIVITY OBSERVED,VAULT OPENING REQUEST FOR AUDIT, MAIL APPROVED BY Biswajit Deka, VAULT DOOR RELEASED REMOTELY BY CMS, AND VAULT OPENED BY BRANCH STAFF CONFIRMED BY A KEY CUSTOODIAN.2...07005288249"
"BM5809","Audit Purpose","gen19","2026-09-28","15:14:32","28/09/2026 15:14:26  gen19
LIVE VIEW CHECKED,NO SUSPICIOUS ACTIVITY OBSERVED,VAULT OPENING REQUEST FOR AUDIT MAIL APPROVED BY Biswajit Deka  VAULT DOOR RELEASED REMOTELY BY CMS, AND VAULT OPENED BY BRANCH STAFF CONFIRMED BY A KEY CUSTOODIAN 7085311019"
"BM5809","Audit Purpose","gen36","2026-09-28","16:12:26","28/09/2026 16:12:22  gen36
LIVE VIEW CHECKED,NO SUSPICIOUS ACTIVITY OBSERVED,VAULT OPENING REQUEST FOR AUDIT MAIL APPROVED BY Biswajit Deka, VAULT DOOR RELEASED REMOTELY BY CMS, AND VAULT OPENED BY BRANCH STAFF CONFIRMED BY A KEY CUSTOODIAN   .8794687629"
"BM5809","Audit Purpose","gen26","2026-09-28","17:01:53","28/09/2026 17:01:46  gen26
LIVE VIEW CHECKED,NO SUSPICIOUS ACTIVITY OBSERVED,VAULT OPENING REQUEST FOR AUDIT/ MAIL APPROVED BY Biswajit Deka , VAULT DOOR RELEASED REMOTELY BY CMS, AND VAULT OPENED BY BRANCH STAFF CONFIRMED BY A KEY CUSTOODIAN.   08794687629"
"BM5809","Final Vault Closing","iifl4","2026-09-28","18:33:41","28/09/2026 18:33:37  iifl4
LIVE VIEW CHECKED,NO SUSPICIOUS ACTIVITY OBSERVED,VAULT OPENING REQUEST FOR CLOSING PURPOSE VAULT DOOR RELEASED REMOTELY BY CMS AND VAULT OPEN BY BRANCH STAFF CONFIRMED BY KEY CUSTOODIAN    7005288249"
"BM5809","","admin","2026-09-28","18:42:45",""
"BM5809","Final Vault Closing","gen28","2026-09-28","18:43:33","28/09/2026 18:43:26  gen28
LIVE VIEW CHECKED,NO SUSPICIOUS ACTIVITY OBSERVED,VAULT OPENING REQUEST FOR CLOSING PURPOSE VAULT DOOR RELEASED REMOTELY BY CMS AND VAULT OPEN BY BRANCH STAFF CONFIRMED BY KEY CUSTOODIAN    07005288249    OTP TIME 18:26:09"
"BM5809","","admin","2026-09-29","09:24:24",""
"BM5810","","admin","2026-09-28","09:21:21",""
"BM5810","Customer Purpose","gen33","2026-09-28","10:28:00","28/09/2026 10:27:52  gen33
LIVE VIEW CHECKED, NO SUSPICIOUS ACTIVITY OBSERVED, VAULT DOOR RELEASED REMOTELY BY CMS AND VAULT OPENED BY BRANCH STAFF, CONFIRMED BY A KEY CUSTODIAN 09775320435"
"BM5810","Customer Purpose","gen46","2026-09-28","12:20:34","28/09/2026 12:20:31  gen46
LIVE VIEW CHECKED, NO SUSPICIOUS ACTIVITY OBSERVED, VAULT DOOR RELEASED REMOTELY BY CMS AND VAULT OPENED BY BRANCH STAFF, CONFIRMED BY A KEY CUSTODIAN      6296691210"
"BM5810","Customer Purpose","gen21","2026-09-28","12:35:32","28/09/2026 12:36:16  gen21
LIVE VIEW CHECKED, NO SUSPICIOUS ACTIVITY OBSERVED, VAULT DOOR RELEASED REMOTELY BY CMS AND VAULT OPENED BY BRANCH STAFF, CONFIRMED BY A KEY CUSTODIAN   1    07478400792"
"BM5810","Final Vault Closing","gen35","2026-09-28","17:44:55","28/09/2026 17:44:51  gen35
LIVE VIEW CHECKED,NO SUSPICIOUS ACTIVITY OBSERVED,VAULT OPENING REQUEST FOR CLOSING PURPOSE VAULT DOOR RELEASED REMOTELY BY CMS AND VAULT OPEN BY BRANCH STAFF CONFIRMED BY KEY CUSTOODIAN   06296691210"
"BM5810","","admin","2026-09-29","09:25:19",""
"BM5811","","admin","2026-09-28","09:20:34",""
"BM5811","Customer Purpose","gen3","2026-09-28","10:45:32","28/09/2026 10:45:27  gen3
LIVE VIEW CHECKED, NO SUSPICIOUS ACTIVITY OBSERVED, VAULT DOOR RELEASED REMOTELY BY CMS AND VAULT OPENED BY BRANCH STAFF, CONFIRMED BY A KEY CUSTODIAN 09038459712"
"BM5811","Customer Purpose","gen21","2026-09-28","13:16:42","28/09/2026 13:16:45  gen21
LIVE VIEW CHECKED, NO SUSPICIOUS ACTIVITY OBSERVED, VAULT DOOR RELEASED REMOTELY BY CMS AND VAULT OPENED BY BRANCH STAFF, CONFIRMED BY A KEY CUSTODIAN   1  9051162802"
"BM5811","Customer Purpose","gen37","2026-09-28","15:35:56","28/09/2026 15:35:53  gen37
LIVE VIEW CHECKED, NO SUSPICIOUS ACTIVITY OBSERVED, VAULT DOOR RELEASED REMOTELY BY CMS AND VAULT OPENED BY BRANCH STAFF, CONFIRMED BY A KEY CUSTODIAN  1 09563086700"
"BM5811","Customer Purpose","gen8","2026-09-28","17:15:34","28/09/2026 17:15:20  gen8
LIVE VIEW CHECKED, NO SUSPICIOUS ACTIVITY OBSERVED, VAULT DOOR RELEASED REMOTELY BY CMS AND VAULT OPENED BY BRANCH STAFF, CONFIRMED BY A KEY CUSTODIAN    2     9051162802"
"BM5811","Final Vault Closing","gen38","2026-09-28","18:03:37","28/09/2026 18:03:30  gen38
DUE TO NETWORK ISSUE VIDEO VERIFICATION ON WHATSAPP VIDEO CALL,NO SUSPICIOUS ACTIVITY OBSERVED,VAULT OPENING REQUEST FOR FINAL CLOSING PURPOSE VAULT DOOR RELEASED REMOTELY/MANUALLY BY CMS AND VAULT OPEN BY STAF CONFIRMED BY KEY CUSTOODIAN  9563086700
IN TIME:   17:59:03"
"BM5811","","admin","2026-09-29","09:20:40",""
"BM5833","","admin","2026-09-28","09:15:31",""
"BM5833","Customer Purpose","gen34","2026-09-28","11:37:35","28/09/2026 11:37:30  gen34
LIVE VIEW CHECKED, NO SUSPICIOUS ACTIVITY OBSERVED, VAULT DOOR RELEASED REMOTELY BY CMS AND VAULT OPENED BY BRANCH STAFF, CONFIRMED BY A KEY CUSTODIAN 7077708754"
"BM5833","Customer Purpose","gen15","2026-09-28","12:08:16","28/09/2026 12:08:11  gen15
LIVE VIEW CHECKED, NO SUSPICIOUS ACTIVITY OBSERVED, VAULT DOOR RELEASED REMOTELY BY CMS AND VAULT OPENED BY BRANCH STAFF, CONFIRMED BY A KEY CUSTODIAN 1  7077708754"
"BM5833","Not Operate","gen16","2026-09-28","14:23:51","28/09/2026 14:23:46  gen16
LIVE VIEW CHECKED,NO SUSPICIOUS ACTIVITY OBSERVED,NO NEED TO OPERATE VAULT CONFIRMED BY KEY CUSTOODIAN.  8984911353"
"BM5833","Customer Purpose","gen20","2026-09-28","14:50:31","28/09/2026 14:50:25  gen20
LIVE VIEW CHECKED, NO SUSPICIOUS ACTIVITY OBSERVED, VAULT DOOR RELEASED REMOTELY BY CMS AND VAULT OPENED BY BRANCH STAFF, CONFIRMED BY A KEY CUSTODIAN KC 2 08984911353"
"BM5833","Customer Purpose","gen46","2026-09-28","15:36:31","28/09/2026 15:36:27  gen46
LIVE VIEW CHECKED, NO SUSPICIOUS ACTIVITY OBSERVED, VAULT DOOR RELEASED REMOTELY BY CMS AND VAULT OPENED BY BRANCH STAFF, CONFIRMED BY A KEY CUSTODIAN    9439228948"
"BM5833","Customer Purpose","gen25","2026-09-28","16:56:20","28/09/2026 16:56:09  gen25
LIVE VIEW CHECKED, NO SUSPICIOUS ACTIVITY OBSERVED, VAULT DOOR RELEASED REMOTELY BY CMS AND VAULT OPENED BY BRANCH STAFF, CONFIRMED BY A KEY CUSTODIAN      1     09439228948"
"BM5833","Final Vault Closing","gen48","2026-09-28","18:05:14","28/09/2026 18:05:10  gen48
LIVE VIEW CHECKED,NO SUSPICIOUS ACTIVITY OBSERVED,VAULT OPENING REQUEST FOR CLOSING PURPOSE VAULT DOOR RELEASED REMOTELY BY CMS AND VAULT OPEN BY BRANCH STAFF CONFIRMED BY KEY CUSTOODIAN  2   08984911353"
"BM5833","","admin","2026-09-29","09:13:27",""
"BM5833","","admin","2026-09-29","09:19:58",""
"BM5842","","admin","2026-09-28","09:22:51",""
"BM5842","Customer Purpose","gen38","2026-09-28","10:34:06","28/09/2026 10:34:03  gen38
LIVE VIEW CHECKED, NO SUSPICIOUS ACTIVITY OBSERVED, VAULT DOOR RELEASED REMOTELY BY CMS AND VAULT OPENED BY BRANCH STAFF, CONFIRMED BY A KEY CUSTODIAN 7478214911"
"BM5842","Customer Purpose","gen47","2026-09-28","10:56:55","28/09/2026 10:56:51  gen47
LIVE VIEW CHECKED, NO SUSPICIOUS ACTIVITY OBSERVED, VAULT DOOR RELEASED REMOTELY BY CMS AND VAULT OPENED BY BRANCH STAFF, CONFIRMED BY A KEY CUSTODIAN     6290097509"
"BM5842","Customer Purpose","gen38","2026-09-28","13:26:24","28/09/2026 13:26:19  gen38
LIVE VIEW CHECKED, NO SUSPICIOUS ACTIVITY OBSERVED, VAULT DOOR RELEASED REMOTELY BY CMS AND VAULT OPENED BY BRANCH STAFF, CONFIRMED BY A KEY CUSTODIAN 9563582910"
"BM5842","Customer Purpose","gen35","2026-09-28","15:22:37","28/09/2026 15:22:34  gen35
LIVE VIEW CHECKED, NO SUSPICIOUS ACTIVITY OBSERVED, VAULT DOOR RELEASED REMOTELY BY CMS AND VAULT OPENED BY BRANCH STAFF, CONFIRMED BY A KEY CUSTODIAN   07478214911"
"BM5842","Customer Purpose","gen38","2026-09-28","15:43:35","28/09/2026 15:43:31  gen38
LIVE VIEW CHECKED, NO SUSPICIOUS ACTIVITY OBSERVED, VAULT DOOR RELEASED REMOTELY BY CMS AND VAULT OPENED BY BRANCH STAFF, CONFIRMED BY A KEY CUSTODIAN 6290097509"
"BM5842","Customer Purpose","gen9","2026-09-28","17:24:09","28/09/2026 17:24:07  gen9
LIVE VIEW CHECKED, NO SUSPICIOUS ACTIVITY OBSERVED, VAULT DOOR RELEASED REMOTELY BY CMS AND VAULT OPENED BY BRANCH STAFF, CONFIRMED BY A KEY CUSTODIAN       2      07478214911"
"BM5842","Final Vault Closing","gen33","2026-09-28","17:50:51","28/09/2026 17:50:46  gen33
LIVE VIEW CHECKED,NO SUSPICIOUS ACTIVITY OBSERVED,VAULT OPENING REQUEST FOR CLOSING PURPOSE VAULT DOOR RELEASED REMOTELY BY CMS AND VAULT OPEN BY BRANCH STAFF CONFIRMED BY KEY CUSTOODIAN 07478214911"
"BM5842","","admin","2026-09-29","09:25:16",""
"BM5849","Customer Purpose","gen24","2026-09-28","11:34:26","28/09/2026 11:34:13  gen24
LIVE VIEW CHECKED, NO SUSPICIOUS ACTIVITY OBSERVED, VAULT DOOR RELEASED REMOTELY BY CMS AND VAULT OPENED BY BRANCH STAFF, CONFIRMED BY A KEY CUSTODIAN   09178381864"
"BM5849","Customer Purpose","gen46","2026-09-28","13:26:07","28/09/2026 13:26:01  gen46
LIVE VIEW CHECKED, NO SUSPICIOUS ACTIVITY OBSERVED, VAULT DOOR RELEASED REMOTELY BY CMS AND VAULT OPENED BY BRANCH STAFF, CONFIRMED BY A KEY CUSTODIAN     8249134708"
"BM5849","Final Vault Closing","gen19","2026-09-28","18:30:39","28/09/2026 18:30:32  gen19
LIVE VIEW CHECKED,NO SUSPICIOUS ACTIVITY OBSERVED,VAULT OPENING REQUEST FOR CLOSING PURPOSE VAULT DOOR RELEASED REMOTELY BY CMS AND VAULT OPEN BY BRANCH STAFF CONFIRMED BY KEY CUSTOODIAN 8328945228"
"BM5888","Customer Purpose","gen21","2026-09-28","11:31:50","28/09/2026 11:32:34  gen21
LIVE VIEW CHECKED, NO SUSPICIOUS ACTIVITY OBSERVED, VAULT DOOR RELEASED REMOTELY BY CMS AND VAULT OPENED BY BRANCH STAFF, CONFIRMED BY A KEY CUSTODIAN    1   09670562210"
"BM5888","Customer Purpose","gen23","2026-09-28","13:29:14","28/09/2026 13:29:10  gen23
LIVE VIEW CHECKED, NO SUSPICIOUS ACTIVITY OBSERVED, VAULT DOOR RELEASED REMOTELY BY CMS AND VAULT OPENED BY BRANCH STAFF, CONFIRMED BY A KEY CUSTODIAN/09670562210"
"BM5888","Customer Purpose","gen18","2026-09-28","14:47:21","28/09/2026 14:47:16  gen18
LIVE VIEW CHECKED, NO SUSPICIOUS ACTIVITY OBSERVED, VAULT DOOR RELEASED REMOTELY BY CMS AND VAULT OPENED BY BRANCH STAFF, CONFIRMED BY A KEY CUSTODIAN     09670562210"
"BM5888","Customer Purpose","gen35","2026-09-28","16:28:06","28/09/2026 16:28:02  gen35
LIVE VIEW CHECKED, NO SUSPICIOUS ACTIVITY OBSERVED, VAULT DOOR RELEASED REMOTELY BY CMS AND VAULT OPENED BY BRANCH STAFF, CONFIRMED BY A KEY CUSTODIAN  09670562210"
"BM5888","Final Vault Closing","gen29","2026-09-28","18:31:32","28/09/2026 18:31:27  gen29
LIVE VIEW CHECKED,NO SUSPICIOUS ACTIVITY OBSERVED,VAULT OPENING REQUEST FOR CLOSING PURPOSE VAULT DOOR RELEASED REMOTELY BY CMS AND VAULT OPEN BY BRANCH STAFF CONFIRMED BY KEY CUSTOODIAN   09670562210"
"BM5901","","admin","2026-09-28","09:20:38",""
"BM5901","Customer Purpose","gen7","2026-09-28","13:59:47","28/09/2026 13:59:41  gen7
LIVE VIEW CHECKED, NO SUSPICIOUS ACTIVITY OBSERVED, VAULT DOOR RELEASED REMOTELY BY CMS AND VAULT OPENED BY BRANCH STAFF, CONFIRMED BY A KEY CUSTODIAN 7278210043"
"BM5901","Customer Purpose","gen16","2026-09-28","14:58:20","28/09/2026 14:58:14  gen16
LIVE VIEW CHECKED, NO SUSPICIOUS ACTIVITY OBSERVED, VAULT DOOR RELEASED REMOTELY BY CMS AND VAULT OPENED BY BRANCH STAFF, CONFIRMED BY A KEY CUSTODIAN  7278210043"
"BM5901","Final Vault Closing","gen38","2026-09-28","17:36:06","28/09/2026 17:36:02  gen38
LIVE VIEW CHECKED,NO SUSPICIOUS ACTIVITY OBSERVED,VAULT OPENING REQUEST FOR CLOSING PURPOSE VAULT DOOR RELEASED REMOTELY BY CMS AND VAULT OPEN BY BRANCH STAFF CONFIRMED BY KEY CUSTOODIAN 8777272050"
"BM5901","","admin","2026-09-29","09:25:15",""
"BM5905","Audit Purpose","gen36","2026-09-28","12:16:46","28/09/2026 12:16:40  gen36
LIVE VIEW CHECKED,NO SUSPICIOUS ACTIVITY OBSERVED,VAULT OPENING REQUEST FOR AUDIT, MAIL APPROVED BY Kaushal Sharma , VAULT DOOR RELEASED REMOTELY BY CMS, AND VAULT OPENED BY BRANCH STAFF CONFIRMED BY A KEY CUSTOODIAN.  8630162123"
"BM5905","Audit Purpose","gen1","2026-09-28","15:15:01","28/09/2026 15:14:56  gen1
LIVE VIEW CHECKED,NO SUSPICIOUS ACTIVITY OBSERVED,VAULT OPENING REQUEST FOR AUDIT MAIL APPROVED BY Kaushal Sharma <kaushal.sharma@iifl.com> VAULT DOOR RELEASED REMOTELY BY CMS, AND VAULT OPENED BY BRANCH STAFF CONFIRMED BY A KEY CUSTOODIAN.  08630162123"
"BM5905","Audit Check","gen37","2026-09-28","15:45:42","28/09/2026 15:45:33  gen37
TESTING BY AUDITOR SIR, CONFIRMED BY TWOWAY  COMMUNICATION, ALL OK."
"BM5905","Audit Check","gen37","2026-09-28","15:46:36","28/09/2026 15:46:29  gen37
TESTING BY AUDITOR SIR , CONFIRMED BY TWOWAY COMMUNICATION , ALL OK."
"BM5905","Final Vault Closing","gen26","2026-09-28","18:18:40","28/09/2026 18:18:33  gen26
LIVE VIEW CHECKED,NO SUSPICIOUS ACTIVITY OBSERVED,VAULT OPENING REQUEST FOR CLOSING PURPOSE VAULT DOOR RELEASED REMOTELY BY CMS AND VAULT OPEN BY BRANCH STAFF CONFIRMED BY KEY CUSTOODIAN  09389836551"
"BM5905","","admin","2026-09-28","18:49:04",""
"BM5908","Final Vault Closing","gen5","2026-09-28","17:57:00","28/09/2026 17:56:54  gen5
DUE TO NETWORK ISSUE VIDEO VERIFICATION ON WHATSAPP VIDEO CALL,NO SUSPICIOUS ACTIVITY OBSERVED,VAULT OPENING REQUEST FOR FINAL PURPOSE VAULT DOOR RELEASED REMOTELY BY CMS AND VAULT OPEN BY STAF CONFIRMED BY KEY CUSTOODIAN .  08926639938"
"BM5908","","admin","2026-09-29","09:29:52",""
"BM5939","Customer Purpose","gen24","2026-09-28","11:51:02","28/09/2026 11:50:59  gen24
LIVE VIEW CHECKED, NO SUSPICIOUS ACTIVITY OBSERVED, VAULT DOOR RELEASED REMOTELY BY CMS AND VAULT OPENED BY BRANCH STAFF, CONFIRMED BY A KEY CUSTODIAN   08697029717"
"BM5939","Customer Purpose","gen39","2026-09-28","14:48:33","28/09/2026 14:48:23  gen39
LIVE VIEW CHECKED, NO SUSPICIOUS ACTIVITY OBSERVED, VAULT DOOR RELEASED REMOTELY BY CMS AND VAULT OPENED BY BRANCH STAFF, CONFIRMED BY A KEY CUSTODIAN

28/09/2026 14:48:27  gen39
9804222920"
"BM5939","Final Vault Closing","gen15","2026-09-28","18:05:46","28/09/2026 18:05:40  gen15
LIVE VIEW CHECKED,NO SUSPICIOUS ACTIVITY OBSERVED,VAULT OPENING REQUEST FOR CLOSING PURPOSE VAULT DOOR RELEASED REMOTELY BY CMS AND VAULT OPEN BY BRANCH STAFF CONFIRMED BY KEY CUSTOODIAN  2 8697029717"
"BM5939","","admin","2026-09-29","09:29:50",""
"BM5940","","admin","2026-09-28","09:25:13",""
"BM5940","Customer Purpose","gen4","2026-09-28","10:47:20","28/09/2026 10:47:17  gen4
LIVE VIEW CHECKED, NO SUSPICIOUS ACTIVITY OBSERVED, VAULT DOOR RELEASED REMOTELY BY CMS AND VAULT OPENED BY BRANCH STAFF, CONFIRMED BY A KEY CUSTODIAN  8334966966"
"BM5940","Customer Purpose","gen19","2026-09-28","16:36:15","28/09/2026 16:36:10  gen19
LIVE VIEW CHECKED, NO SUSPICIOUS ACTIVITY OBSERVED, VAULT DOOR RELEASED REMOTELY BY CMS AND VAULT OPENED BY BRANCH STAFF, CONFIRMED BY A KEY CUSTODIAN 8334966966"
"BM5940","Final Vault Closing","gen3","2026-09-28","18:12:44","28/09/2026 18:12:40  gen3
LIVE VIEW CHECKED,NO SUSPICIOUS ACTIVITY OBSERVED,VAULT OPENING REQUEST FOR CLOSING PURPOSE VAULT DOOR RELEASED REMOTELY BY CMS AND VAULT OPEN BY BRANCH STAFF CONFIRMED BY KEY CUSTOODIAN  09547876096"
"BM5940","","admin","2026-09-29","09:22:06",""
"BM5987","","admin","2026-09-28","09:26:47",""
"BM5987","Customer Purpose","gen15","2026-09-28","10:30:37","28/09/2026 10:30:33  gen15
LIVE VIEW CHECKED, NO SUSPICIOUS ACTIVITY OBSERVED, VAULT DOOR RELEASED REMOTELY BY CMS AND VAULT OPENED BY BRANCH STAFF, CONFIRMED BY A KEY CUSTODIAN 1 8961388603"
"BM5987","Customer Purpose","gen16","2026-09-28","11:28:27","28/09/2026 11:28:18  gen16
LIVE VIEW CHECKED, NO SUSPICIOUS ACTIVITY OBSERVED, VAULT DOOR RELEASED REMOTELY BY CMS AND VAULT OPENED BY BRANCH STAFF, CONFIRMED BY A KEY CUSTODIAN   6291565450"
"BM5987","Customer Purpose","gen21","2026-09-28","12:14:08","28/09/2026 12:14:52  gen21
LIVE VIEW CHECKED, NO SUSPICIOUS ACTIVITY OBSERVED, VAULT DOOR RELEASED REMOTELY BY CMS AND VAULT OPENED BY BRANCH STAFF, CONFIRMED BY A KEY CUSTODIAN    1   7980582081"
"BM5987","Customer Purpose","gen18","2026-09-28","14:26:12","28/09/2026 14:26:08  gen18
LIVE VIEW CHECKED, NO SUSPICIOUS ACTIVITY OBSERVED, VAULT DOOR RELEASED REMOTELY BY CMS AND VAULT OPENED BY BRANCH STAFF, CONFIRMED BY A KEY CUSTODIAN    08961388603"
"BM5987","Customer Purpose","gen19","2026-09-28","15:41:41","28/09/2026 15:41:37  gen19
LIVE VIEW CHECKED, NO SUSPICIOUS ACTIVITY OBSERVED, VAULT DOOR RELEASED REMOTELY BY CMS AND VAULT OPENED BY BRANCH STAFF, CONFIRMED BY A KEY CUSTODIAN 8961388603"
"BM5987","Customer Purpose","gen37","2026-09-28","16:45:32","28/09/2026 16:45:28  gen37
LIVE VIEW CHECKED, NO SUSPICIOUS ACTIVITY OBSERVED, VAULT DOOR RELEASED REMOTELY BY CMS AND VAULT OPENED BY BRANCH STAFF, CONFIRMED BY A KEY CUSTODIAN  1 07980582081"
"BM5987","Customer Purpose","gen39","2026-09-28","17:11:30","28/09/2026 17:11:24  gen39
LIVE VIEW CHECKED, NO SUSPICIOUS ACTIVITY OBSERVED, VAULT DOOR RELEASED REMOTELY BY CMS AND VAULT OPENED BY BRANCH STAFF, CONFIRMED BY A KEY CUSTODIAN   8961388603"
"BM5987","Final Vault Closing","gen48","2026-09-28","18:12:50","28/09/2026 18:12:47  gen48
LIVE VIEW CHECKED,NO SUSPICIOUS ACTIVITY OBSERVED,VAULT OPENING REQUEST FOR CLOSING PURPOSE VAULT DOOR RELEASED REMOTELY BY CMS AND VAULT OPEN BY BRANCH STAFF CONFIRMED BY KEY CUSTOODIAN 1   08961388603"
"BM5987","","admin","2026-09-29","09:26:04",""
"BM5993","","admin","2026-09-28","09:22:54",""
"BM5993","Audit Purpose","gen10","2026-09-28","10:37:35","28/09/2026 10:37:30  gen10
LIVE VIEW CHECKED,NO SUSPICIOUS ACTIVITY OBSERVED,VAULT OPENING REQUEST FOR AUDIT, MAIL APPROVED BY Riyasat Ali Khan, VAULT DOOR RELEASED REMOTELY BY CMS, AND VAULT OPENED BY BRANCH STAFF CONFIRMED BY A KEY CUSTOODIAN. 3....................06371504026"
"BM5993","Audit Purpose","gen37","2026-09-28","11:57:05","28/09/2026 11:57:01  gen37
LIVE VIEW CHECKED,NO SUSPICIOUS ACTIVITY OBSERVED,VAULT OPENING REQUEST FOR AUDIT, MAIL APPROVED BY  Riyasat Ali Khan <riyasatali.khan@iifl.com>, VAULT DOOR RELEASED REMOTELY BY CMS, AND VAULT OPENED BY BRANCH STAFF CONFIRMED BY A KEY CUSTOODIAN.  1 06371504026"
"BM5993","Audit Purpose","gen30","2026-09-28","12:25:50","28/09/2026 12:25:31  gen30
LIVE VIEW CHECKED,NO SUSPICIOUS ACTIVITY OBSERVED,VAULT OPENING REQUEST FOR AUDIT, MAIL APPROVED BY Riyasat Ali Khan , VAULT DOOR RELEASED REMOTELY BY CMS, AND VAULT OPENED BY BRANCH STAFF CONFIRMED BY A KEY CUSTOODIAN. 3. 6371504026"
"BM5993","Not Operate","gen25","2026-09-28","17:46:24","28/09/2026 17:46:13  gen25
LIVE VIEW CHECKED,NO SUSPICIOUS ACTIVITY OBSERVED,NO NEED TO OPERATE VAULT CONFIRMED BY KEY CUSTOODIAN.     1      06371504026"
"BM5993","Final Vault Closing","gen20","2026-09-28","18:07:41","28/09/2026 18:07:37  gen20
LIVE VIEW CHECKED,NO SUSPICIOUS ACTIVITY OBSERVED,VAULT OPENING REQUEST FOR CLOSING PURPOSE VAULT DOOR RELEASED REMOTELY BY CMS AND VAULT OPEN BY BRANCH STAFF CONFIRMED BY KEY CUSTOODIAN 3  6371504026"
"BM5993","","admin","2026-09-28","18:52:50",""
"BM5993","","admin","2026-09-29","09:24:25",""
"BM5995","Customer Purpose","gen26","2026-09-28","10:57:53","28/09/2026 10:57:49  gen26
LIVE VIEW CHECKED, NO SUSPICIOUS ACTIVITY OBSERVED, VAULT DOOR RELEASED REMOTELY BY CMS AND VAULT OPENED BY BRANCH STAFF, CONFIRMED BY A KEY CUSTODIAN  09953636699"
"BM5995","Customer Purpose","gen4","2026-09-28","12:31:59","28/09/2026 12:31:41  gen4
LIVE VIEW CHECKED, NO SUSPICIOUS ACTIVITY OBSERVED, VAULT DOOR RELEASED REMOTELY BY CMS AND VAULT OPENED BY BRANCH STAFF, CONFIRMED BY A KEY CUSTODIAN  9760877807"
"BM5995","Engineer at site","gen2","2026-09-28","14:32:39","28/09/2026 14:32:33  gen2
WORK IN PROGRESS, ENGINEER AT SITE.  kc   1   9953636699"
"BM5995","Engineer at site","","2026-09-28","14:34:02",""
"BM5995","Engineer at site","gen20","2026-09-28","14:40:17","28/09/2026 14:39:58  gen20
WORK IN PROGRESS, ENGINEER AT SITE. CONFIRMED BY TWO WAY COMMUNICATION"
"BM5995","Engineer at site","gen20","2026-09-28","14:41:37","28/09/2026 14:41:29  gen20
WORK IN PROGRESS, ENGINEER AT SITE. CONFIRMED BY TWO WAY COMMUNICATION"
"BM5995","Engineer at site","gen20","2026-09-28","14:42:20","28/09/2026 14:42:06  gen20
WORK IN PROGRESS, ENGINEER AT SITE. CONFIRMED BY TWO WAY COMMUNICATION"
"BM5995","Engineer at site","gen20","2026-09-28","14:42:50","28/09/2026 14:42:42  gen20
WORK IN PROGRESS, ENGINEER AT SITE. CONFIRMED BY TWO WAY COMMUNICATION"
"BM5995","Engineer at site","","2026-09-28","14:43:42",""
"BM5995","Engineer at site","gen20","2026-09-28","14:44:01","28/09/2026 14:43:58  gen20
WORK IN PROGRESS, ENGINEER AT SITE. CONFIRMED BY TWO WAY COMMUNICATION"
"BM5995","Customer Purpose","gen14","2026-09-28","15:56:41","28/09/2026 15:56:38  gen14
LIVE VIEW CHECKED, NO SUSPICIOUS ACTIVITY OBSERVED, VAULT DOOR RELEASED REMOTELY BY CMS AND VAULT OPENED BY BRANCH STAFF, CONFIRMED BY A KEY CUSTODIAN  1  09953636699"
"BM5995","Final Vault Closing","gen36","2026-09-28","18:21:51","28/09/2026 18:21:46  gen36
LIVE VIEW CHECKED, NO SUSPICIOUS ACTIVITY OBSERVED, VAULT DOOR RELEASED REMOTELY BY CMS AND VAULT OPENED BY BRANCH STAFF, CONFIRMED BY A KEY CUSTODIAN   9953636699"
"BM5995","","admin","2026-09-28","18:35:08",""
"BM6008","Customer Purpose","gen4","2026-09-28","12:08:59","28/09/2026 12:08:55  gen4
LIVE VIEW CHECKED, NO SUSPICIOUS ACTIVITY OBSERVED, VAULT DOOR RELEASED REMOTELY BY CMS AND VAULT OPENED BY BRANCH STAFF, CONFIRMED BY A KEY CUSTODIAN  9907155066"
"BM6008","Customer Purpose","gen3","2026-09-28","12:32:04","28/09/2026 12:32:00  gen3
LIVE VIEW CHECKED, NO SUSPICIOUS ACTIVITY OBSERVED, VAULT DOOR RELEASED REMOTELY BY CMS AND VAULT OPENED BY BRANCH STAFF, CONFIRMED BY A KEY CUSTODIAN 09907155066"
"BM6008","Customer Purpose","gen14","2026-09-28","13:57:02","28/09/2026 13:56:59  gen14
LIVE VIEW CHECKED, NO SUSPICIOUS ACTIVITY OBSERVED, VAULT DOOR RELEASED REMOTELY BY CMS AND VAULT OPENED BY BRANCH STAFF, CONFIRMED BY A KEY CUSTODIAN 3     08236071523"
"BM6008","Customer Purpose","gen33","2026-09-28","17:04:58","28/09/2026 17:04:51  gen33
LIVE VIEW CHECKED, NO SUSPICIOUS ACTIVITY OBSERVED, VAULT DOOR RELEASED REMOTELY BY CMS AND VAULT OPENED BY BRANCH STAFF, CONFIRMED BY A KEY CUSTODIAN 07647092632"
"BM6008","Final Vault Closing","gen25","2026-09-28","18:19:21","28/09/2026 18:19:12  gen25
LIVE VIEW CHECKED,NO SUSPICIOUS ACTIVITY OBSERVED,VAULT OPENING REQUEST FOR CLOSING PURPOSE VAULT DOOR RELEASED REMOTELY BY CMS AND VAULT OPEN BY BRANCH STAFF CONFIRMED BY KEY CUSTOODIAN     1     07647092632"
"BM6008","","admin","2026-09-28","18:39:25",""
"BM6040","","admin","2026-09-28","09:27:30",""
"BM6040","Customer Purpose","gen30","2026-09-28","11:46:14","28/09/2026 11:45:57  gen30
LIVE VIEW CHECKED, NO SUSPICIOUS ACTIVITY OBSERVED, VAULT DOOR RELEASED REMOTELY BY CMS AND VAULT OPENED BY BRANCH STAFF, CONFIRMED BY A KEY CUSTODIAN 1 .9674253633"
"BM6040","Not Operate","gen6","2026-09-28","12:08:45","28/09/2026 12:08:40  gen6
LIVE VIEW CHECKED,NO SUSPICIOUS ACTIVITY OBSERVED,NO NEED TO OPERATE VAULT CONFIRMED BY KEY CUSTOODIAN. 08617064312"
"BM6040","Customer Purpose","gen8","2026-09-28","12:17:28","28/09/2026 12:17:15  gen8
LIVE VIEW CHECKED, NO SUSPICIOUS ACTIVITY OBSERVED, VAULT DOOR RELEASED REMOTELY BY CMS AND VAULT OPENED BY BRANCH STAFF, CONFIRMED BY A KEY CUSTODIAN     2     9674253633"
"BM6040","Packet Counting","gen10","2026-09-28","14:25:03","28/09/2026 14:25:00  gen10
LIVE VIEW CHECKED,NO SUSPICIOUS ACTIVITY OBSERVED,VAULT OPENING REQUEST FOR PACKET COUNTING, MAIL APPROVED BY Ayan Roy, VAULT DOOR RELEASED REMOTELY BY CMS, AND VAULT OPENED BY BRANCH STAFF CONFIRMED BY A KEY CUSTOODIAN. 2..................9674253633"
"BM6040","Packet Counting","gen7","2026-09-28","15:20:55","28/09/2026 15:20:45  gen7
LIVE VIEW CHECKED,NO SUSPICIOUS ACTIVITY OBSERVED,VAULT OPENING REQUEST FOR PACKET COUNTING, MAIL APPROVED BY Ayan Roy  VAULT DOOR RELEASED REMOTELY BY CMS, AND VAULT OPENED BY BRANCH STAFF CONFIRMED BY A KEY CUSTOODIAN.3-9674253633"
"BM6040","Packet Counting","gen39","2026-09-28","15:57:14","28/09/2026 15:56:57  gen39
LIVE VIEW CHECKED,NO SUSPICIOUS ACTIVITY OBSERVED,VAULT OPENING REQUEST FOR PACKET COUNTING, MAIL APPROVED BY Ayan Roy, VAULT DOOR RELEASED REMOTELY BY CMS, AND VAULT OPENED BY BRANCH STAFF CONFIRMED BY A KEY CUSTOODIAN.  9674253633"
"BM6040","Packet Counting","gen7","2026-09-28","16:57:23","28/09/2026 16:57:18  gen7
LIVE VIEW CHECKED,NO SUSPICIOUS ACTIVITY OBSERVED,VAULT OPENING REQUEST FOR PACKET COUNTING, MAIL APPROVED BY 
  
Ayan Roy  VAULT DOOR RELEASED REMOTELY BY CMS, AND VAULT OPENED BY BRANCH STAFF CONFIRMED BY A KEY CUSTOODIAN. 2-9674253633"
"BM6040","Final Vault Closing","gen30","2026-09-28","18:08:13","28/09/2026 18:07:54  gen30
LIVE VIEW CHECKED,NO SUSPICIOUS ACTIVITY OBSERVED,VAULT OPENING REQUEST FOR CLOSING PURPOSE VAULT DOOR RELEASED REMOTELY BY CMS AND VAULT OPEN BY BRANCH STAFF CONFIRMED BY KEY CUSTOODIAN 1 .9674253633"
"BM6040","","admin","2026-09-29","09:24:27",""
"BM6041","","admin","2026-09-28","09:25:09",""
"BM6041","Customer Purpose","gen18","2026-09-28","10:47:24","28/09/2026 10:47:19  gen18
LIVE VIEW CHECKED, NO SUSPICIOUS ACTIVITY OBSERVED, VAULT DOOR RELEASED REMOTELY BY CMS AND VAULT OPENED BY BRANCH STAFF, CONFIRMED BY A KEY CUSTODIAN    08328907599"
"BM6041","Customer Purpose","gen24","2026-09-28","11:12:25","28/09/2026 11:12:22  gen24
LIVE VIEW CHECKED, NO SUSPICIOUS ACTIVITY OBSERVED, VAULT DOOR RELEASED REMOTELY BY CMS AND VAULT OPENED BY BRANCH STAFF, CONFIRMED BY A KEY CUSTODIAN  06370630664"
"BM6041","Not Operate","gen","2026-09-28","11:48:45","28/09/2026 11:48:40  gen
vodio call  VIEW CHECKED,NO SUSPICIOUS ACTIVITY OBSERVED,NO NEED TO OPERATE VAULT CONFIRMED BY KEY CUSTOODIAN.    7008134199"
"BM6041","Customer Purpose","gen5","2026-09-28","12:31:27","28/09/2026 12:31:24  gen5
LIVE VIEW CHECKED, NO SUSPICIOUS ACTIVITY OBSERVED, VAULT DOOR RELEASED REMOTELY BY CMS AND VAULT OPENED BY BRANCH STAFF, CONFIRMED BY A KEY CUSTODIAN  1,,,,,,,,,,,,, 08328907599"
"BM6041","Customer Purpose","gen16","2026-09-28","15:17:33","28/09/2026 15:17:27  gen16
DUE TO NETWORK ISSUE VIDEO VERIFICATION ON WHATSAPP VIDEO CALL,NO SUSPICIOUS ACTIVITY OBSERVED,VAULT OPENING REQUEST FOR CUSTOMER PURPOSE VAULT DOOR RELEASED REMOTELY BY CMS AND VAULT OPEN BY STAF CONFIRMED BY KEY CUSTOODIAN 1   8328907599"
"BM6041","Customer Purpose","gen11","2026-09-28","15:27:57","28/09/2026 15:27:54  gen11
LIVE VIEW CHECKED, NO SUSPICIOUS ACTIVITY OBSERVED, VAULT DOOR RELEASED REMOTELY BY CMS AND VAULT OPENED BY BRANCH STAFF, CONFIRMED BY A KEY CUSTODIAN   1  6370630664"
"BM6041","Customer Purpose","gen7","2026-09-28","15:53:11","28/09/2026 15:53:03  gen7
DUE TO NETWORK ISSUE VIDEO VERIFICATION ON WHATSAPP VIDEO CALL,NO SUSPICIOUS ACTIVITY OBSERVED,VAULT OPENING REQUEST FOR CUSTOMER PURPOSE VAULT DOOR RELEASED REMOTELY  BY CMS AND VAULT OPEN BY STAF CONFIRMED BY KEY CUSTOODIAN 2-7008134199"
"BM6041","Final Vault Closing","iifl5","2026-09-28","18:16:54","28/09/2026 18:16:50  iifl5
LIVE VIEW CHECKED,NO SUSPICIOUS ACTIVITY OBSERVED,VAULT OPENING REQUEST FOR CLOSING PURPOSE VAULT DOOR RELEASED REMOTELY BY CMS AND VAULT OPEN BY BRANCH STAFF CONFIRMED BY KEY CUSTOODIAN 6370630664"
"BM6041","","admin","2026-09-29","09:23:40",""
"BM6043","","admin","2026-09-28","09:15:32",""
"BM6043","Customer Purpose","gen33","2026-09-28","11:43:54","28/09/2026 11:43:48  gen33
LIVE VIEW CHECKED, NO SUSPICIOUS ACTIVITY OBSERVED, VAULT DOOR RELEASED REMOTELY BY CMS AND VAULT OPENED BY BRANCH STAFF, CONFIRMED BY A KEY CUSTODIAN 06371400735"
"BM6043","Customer Purpose","gen39","2026-09-28","13:48:46","28/09/2026 13:48:39  gen39
LIVE VIEW CHECKED, NO SUSPICIOUS ACTIVITY OBSERVED, VAULT DOOR RELEASED REMOTELY BY CMS AND VAULT OPENED BY BRANCH STAFF, CONFIRMED BY A KEY CUSTODIAN   6371400735"
"BM6043","Customer Purpose","gen33","2026-09-28","15:05:09","28/09/2026 15:05:01  gen33
LIVE VIEW CHECKED, NO SUSPICIOUS ACTIVITY OBSERVED, VAULT DOOR RELEASED REMOTELY BY CMS AND VAULT OPENED BY BRANCH STAFF, CONFIRMED BY A KEY CUSTODIAN 09861076535"
"BM6043","Customer Purpose","gen38","2026-09-28","15:34:02","28/09/2026 15:34:00  gen38
LIVE VIEW CHECKED, NO SUSPICIOUS ACTIVITY OBSERVED, VAULT DOOR RELEASED REMOTELY BY CMS AND VAULT OPENED BY BRANCH STAFF, CONFIRMED BY A KEY CUSTODIAN 06371400735"
"BM6043","Engineer at site","gen38","2026-09-28","15:34:51","28/09/2026 15:34:45  gen38
WORK IN PROGRESS, ENGINEER AT SITE.  CONFIRMED BY TWO WAY AND KC...06371400735"
"BM6043","Engineer at site","gen38","2026-09-28","15:35:01",""
"BM6043","Engineer at site","","2026-09-28","15:35:25",""
"BM6043","Engineer at site","","2026-09-28","15:35:34",""
"BM6043","Engineer at site","","2026-09-28","15:35:44",""
"BM6043","Customer Purpose","gen3","2026-09-28","16:13:35","28/09/2026 16:13:31  gen3
LIVE VIEW CHECKED, NO SUSPICIOUS ACTIVITY OBSERVED, VAULT DOOR RELEASED REMOTELY BY CMS AND VAULT OPENED BY BRANCH STAFF, CONFIRMED BY A KEY CUSTODIAN 06371400735"
"BM6043","Final Vault Closing","gen14","2026-09-28","17:29:56","28/09/2026 17:29:53  gen14
LIVE VIEW CHECKED,NO SUSPICIOUS ACTIVITY OBSERVED,VAULT OPENING REQUEST FOR CLOSING PURPOSE VAULT DOOR RELEASED REMOTELY BY CMS AND VAULT OPEN BY BRANCH STAFF CONFIRMED BY KEY CUSTOODIAN  2   06371400735"
"BM6043","","admin","2026-09-29","09:23:42",""
"BM6046","Customer Purpose","gen21","2026-09-28","11:14:50","28/09/2026 11:15:33  gen21
LIVE VIEW CHECKED, NO SUSPICIOUS ACTIVITY OBSERVED, VAULT DOOR RELEASED REMOTELY BY CMS AND VAULT OPENED BY BRANCH STAFF, CONFIRMED BY A KEY CUSTODIAN     1    07599762637"
"BM6046","Customer Purpose","gen35","2026-09-28","11:33:15","28/09/2026 11:33:08  gen35
LIVE VIEW CHECKED, NO SUSPICIOUS ACTIVITY OBSERVED, VAULT DOOR RELEASED REMOTELY BY CMS AND VAULT OPENED BY BRANCH STAFF, CONFIRMED BY A KEY CUSTODIAN    07505148781"
"BM6046","Customer Purpose","gen18","2026-09-28","14:31:02","28/09/2026 14:30:58  gen18
LIVE VIEW CHECKED, NO SUSPICIOUS ACTIVITY OBSERVED, VAULT DOOR RELEASED REMOTELY BY CMS AND VAULT OPENED BY BRANCH STAFF, CONFIRMED BY A KEY CUSTODIAN    07505148781"
"BM6046","Customer Purpose","gen3","2026-09-28","15:17:44","28/09/2026 15:17:39  gen3
LIVE VIEW CHECKED, NO SUSPICIOUS ACTIVITY OBSERVED, VAULT DOOR RELEASED REMOTELY BY CMS AND VAULT OPENED BY BRANCH STAFF, CONFIRMED BY A KEY CUSTODIAN 07505148781"
"BM6046","Customer Purpose","gen48","2026-09-28","16:09:33","28/09/2026 16:09:30  gen48
LIVE VIEW CHECKED, NO SUSPICIOUS ACTIVITY OBSERVED, VAULT DOOR RELEASED REMOTELY BY CMS AND VAULT OPENED BY BRANCH STAFF, CONFIRMED BY A KEY CUSTODIAN   1   07505148781"
"BM6046","Final Vault Closing","gen4","2026-09-28","18:13:00","28/09/2026 18:12:57  gen4
LIVE VIEW CHECKED,NO SUSPICIOUS ACTIVITY OBSERVED,VAULT OPENING REQUEST FOR CLOSING PURPOSE VAULT DOOR RELEASED REMOTELY BY CMS AND VAULT OPEN BY BRANCH STAFF CONFIRMED BY KEY CUSTOODIAN    07599762637"
"BM6060","","admin","2026-09-28","09:28:14",""
"BM6060","Customer Purpose","gen30","2026-09-28","11:36:11","28/09/2026 11:35:54  gen30
LIVE VIEW CHECKED, NO SUSPICIOUS ACTIVITY OBSERVED, VAULT DOOR RELEASED REMOTELY BY CMS AND VAULT OPENED BY BRANCH STAFF, CONFIRMED BY A KEY CUSTODIAN 1 .9861614459"
"BM6060","Customer Purpose","gen14","2026-09-28","14:03:04","28/09/2026 14:03:01  gen14
LIVE VIEW CHECKED, NO SUSPICIOUS ACTIVITY OBSERVED, VAULT DOOR RELEASED REMOTELY BY CMS AND VAULT OPENED BY BRANCH STAFF, CONFIRMED BY A KEY CUSTODIAN 1    09861614459"
"BM6060","Customer Purpose","gen11","2026-09-28","15:18:39","28/09/2026 15:18:34  gen11
LIVE VIEW CHECKED, NO SUSPICIOUS ACTIVITY OBSERVED, VAULT DOOR RELEASED REMOTELY BY CMS AND VAULT OPENED BY BRANCH STAFF, CONFIRMED BY A KEY CUSTODIAN     3    9938753916"
"BM6060","Final Vault Closing","gen23","2026-09-28","18:25:02","28/09/2026 18:24:58  gen23
LIVE VIEW CHECKED,NO SUSPICIOUS ACTIVITY OBSERVED,VAULT OPENING REQUEST FOR CLOSING PURPOSE VAULT DOOR RELEASED REMOTELY BY CMS AND VAULT OPEN BY BRANCH STAFF CONFIRMED BY KEY CUSTOODIAN //09938753916"
"BM6060","","admin","2026-09-28","18:41:47",""
"BM6060","","admin","2026-09-29","09:25:17",""
"BM6076","Not Allowed","gen21","2026-09-28","13:21:39","28/09/2026 13:22:22  gen21
LIVE VIEW CHECKED, NO SUSPICIOUS ACTIVITY OBSERVED, VAULT OPENING REQUEST FOR COSTUMER PURPOSE NEEDS TO  OTP , AND NOT ALLOWED VAULT OPERATION BECAUSE SECURITY GAURD NOT AVALIBLE IN BRANCH , CALL TO KEY CUSTOODIAN.1    9897846416"
"BM6076","Customer Purpose","gen12","2026-09-28","13:52:48","28/09/2026 13:52:44  gen12
DUE TO NETWORK ISSUE VIDEO VERIFICATION ON WHATSAPP VIDEO CALL,NO SUSPICIOUS ACTIVITY OBSERVED,VAULT OPENING REQUEST FOR CUSTOMER PURPOSE VAULT DOOR RELEASED  MANUALLY BY CMS AND VAULT OPEN BY STAF CONFIRMED BY KEY CUSTOODIAN 2/8650744164"
"BM6076","Engineer at site","gen7","2026-09-28","16:40:49","28/09/2026 16:40:43  gen7
WORK IN PROGRESS, ENGINEER AT SITE. CONFIRMED BY KC3-9897846416"
"BM6076","Engineer at site","gen7","2026-09-28","16:41:02",""
"BM6076","Engineer at site","gen7","2026-09-28","16:41:27",""
"BM6076","Engineer at site","gen7","2026-09-28","16:41:27",""
"BM6076","Engineer at site","gen7","2026-09-28","16:41:27",""
"BM6076","Engineer at site","","2026-09-28","16:41:27","28/09/2026 16:41:14  gen7
WORK IN PROGRESS, ENGINEER AT SITE. CONFIRMED BY KC3-9897846416"
"BM6076","Engineer at site","gen48","2026-09-28","16:51:18","28/09/2026 16:51:14  gen48
WORK IN PROGRESS, ENGINEER AT SITE."
"BM6076","Engineer at site","gen39","2026-09-28","17:03:18","28/09/2026 17:03:14  gen39
WORK IN PROGRESS, ENGINEER AT SITE. CONFIRMED BY TWOWAY COMMUNICATION"
"BM6076","Engineer at site","gen39","2026-09-28","17:03:32","28/09/2026 17:03:27  gen39
WORK IN PROGRESS, ENGINEER AT SITE. CONFIRMED BY TWOWAY COMMUNICATION"
"BM6076","Engineer at site","gen39","2026-09-28","17:03:52","28/09/2026 17:03:48  gen39
WORK IN PROGRESS, ENGINEER AT SITE. CONFIRMED BY TWOWAY COMMUNICATION"
"BM6076","Engineer at site","gen39","2026-09-28","17:04:10","28/09/2026 17:04:04  gen39
WORK IN PROGRESS, ENGINEER AT SITE. CONFIRMED BY TWOWAY COMMUNICATION"
"BM6076","Engineer at site","gen39","2026-09-28","17:04:26","28/09/2026 17:04:21  gen39
WORK IN PROGRESS, ENGINEER AT SITE. CONFIRMED BY TWOWAY COMMUNICATION"
"BM6076","Engineer at site","gen39","2026-09-28","17:04:46","28/09/2026 17:04:35  gen39
WORK IN PROGRESS, ENGINEER AT SITE. CONFIRMED BY TWOWAY COMMUNICATION"
"BM6076","Engineer at site","","2026-09-28","17:15:29",""
"BM6076","Engineer at site","gen8","2026-09-28","17:27:58",""
"BM6076","Engineer at site","gen8","2026-09-28","17:28:20",""
"BM6076","Engineer at site","gen8","2026-09-28","17:31:23",""
"BM6076","Engineer at site","","2026-09-28","17:31:43",""
"BM6076","Engineer at site","gen11","2026-09-28","17:31:43",""
"BM6076","Engineer at site","gen8","2026-09-28","17:31:56",""
"BM6076","Engineer at site","gen8","2026-09-28","17:32:06",""
"BM6076","Engineer at site","gen13","2026-09-28","17:36:19","28/09/2026 17:36:15  gen13
WORK IN PROGRESS, ENGINEER AT SITE CONFIRME BY KC 3/09897846416"
"BM6076","Engineer at site","gen13","2026-09-28","17:36:54","28/09/2026 17:36:50  gen13
WORK IN PROGRESS, ENGINEER AT SITE CONFIRME BY TWO WAY"
"BM6076","Engineer at site","gen13","2026-09-28","17:37:03",""
"BM6076","Engineer at site","","2026-09-28","17:37:03",""
"BM6076","Engineer at site","","2026-09-28","17:37:13",""
"BM6076","Engineer at site","gen13","2026-09-28","17:37:13",""
"BM6076","Engineer at site","gen13","2026-09-28","17:37:26",""
"BM6076","Engineer at site","gen13","2026-09-28","17:37:35",""
"BM6076","Engineer at site","gen13","2026-09-28","17:37:44",""
"BM6076","Engineer at site","gen13","2026-09-28","17:37:51",""
"BM6076","Engineer at site","gen13","2026-09-28","17:38:01",""
"BM6076","Engineer at site","","2026-09-28","17:38:01",""
"BM6076","Engineer at site","gen13","2026-09-28","17:38:09",""
"BM6076","Engineer at site","gen13","2026-09-28","17:39:30","28/09/2026 17:39:26  gen13
WORK IN PROGRESS, ENGINEER AT SITE CONFIRME BY KC 3/09897846416"
"BM6076","Engineer at site","gen37","2026-09-28","17:43:13",""
"BM6076","Customer Purpose","gen2","2026-09-28","18:00:49","28/09/2026 18:00:45  gen2
LIVE VIEW CHECKED, NO SUSPICIOUS ACTIVITY OBSERVED, VAULT DOOR RELEASED REMOTELY BY CMS AND VAULT OPENED BY BRANCH STAFF, CONFIRMED BY A KEY CUSTODIAN   1  9719526705"
"BM6076","Not Operate","gen19","2026-09-28","18:07:14","28/09/2026 18:07:07  gen19
LIVE VIEW CHECKED,NO SUSPICIOUS ACTIVITY OBSERVED,NO NEED TO OPERATE VAULT CONFIRMED BY KEY CUSTOODIAN 9719526705"
"BM6076","Final Vault Closing","gen8","2026-09-28","18:30:12","28/09/2026 18:30:03  gen8
LIVE VIEW CHECKED,NO SUSPICIOUS ACTIVITY OBSERVED,VAULT OPENING REQUEST FOR CLOSING PURPOSE VAULT DOOR RELEASED REMOTELY BY CMS AND VAULT OPEN BY BRANCH STAFF CONFIRMED BY KEY CUSTOODIAN     3    9897846416"
"BM6088","Customer Purpose","gen15","2026-09-28","12:30:54","28/09/2026 12:30:39  gen15
LIVE VIEW CHECKED, NO SUSPICIOUS ACTIVITY OBSERVED, VAULT DOOR RELEASED REMOTELY BY CMS AND VAULT OPENED BY BRANCH STAFF, CONFIRMED BY A KEY CUSTODIAN  1 9088723145"
"BM6088","Customer Purpose","gen37","2026-09-28","13:22:58","28/09/2026 13:22:54  gen37
LIVE VIEW CHECKED, NO SUSPICIOUS ACTIVITY OBSERVED, VAULT DOOR RELEASED REMOTELY BY CMS AND VAULT OPENED BY BRANCH STAFF, CONFIRMED BY A KEY CUSTODIAN  1 08350025958"
"BM6088","Customer Purpose","gen35","2026-09-28","13:54:09","28/09/2026 13:54:06  gen35
LIVE VIEW CHECKED, NO SUSPICIOUS ACTIVITY OBSERVED, VAULT DOOR RELEASED REMOTELY BY CMS AND VAULT OPENED BY BRANCH STAFF, CONFIRMED BY A KEY CUSTODIAN   08350025958"
"BM6088","Customer Purpose","gen46","2026-09-28","15:14:09","28/09/2026 15:14:06  gen46
LIVE VIEW CHECKED, NO SUSPICIOUS ACTIVITY OBSERVED, VAULT DOOR RELEASED REMOTELY BY CMS AND VAULT OPENED BY BRANCH STAFF, CONFIRMED BY A KEY CUSTODIAN     8350025958"
"BM6088","Customer Purpose","gen3","2026-09-28","16:05:00","28/09/2026 16:04:57  gen3
LIVE VIEW CHECKED, NO SUSPICIOUS ACTIVITY OBSERVED, VAULT DOOR RELEASED REMOTELY BY CMS AND VAULT OPENED BY BRANCH STAFF, CONFIRMED BY A KEY CUSTODIAN 08350025958"
"BM6088","Final Vault Closing","gen2","2026-09-28","17:57:57","28/09/2026 17:57:54  gen2
LIVE VIEW CHECKED, NO SUSPICIOUS ACTIVITY OBSERVED, VAULT DOOR RELEASED REMOTELY BY CMS AND VAULT OPENED BY BRANCH STAFF, CONFIRMED BY A KEY CUSTODIAN  1  9088723145"
"BM6088","","admin","2026-09-29","09:29:48",""
"BM6092","","admin","2026-09-28","09:18:23",""
"BM6092","Customer Purpose","gen","2026-09-28","10:07:28","28/09/2026 10:07:24  gen
LIVE VIEW CHECKED, NO SUSPICIOUS ACTIVITY OBSERVED, VAULT DOOR RELEASED REMOTELY BY CMS AND VAULT OPENED BY BRANCH STAFF, CONFIRMED BY A KEY CUSTODIAN     9937875795"
"BM6092","Customer Purpose","gen15","2026-09-28","10:52:11","28/09/2026 10:52:07  gen15
LIVE VIEW CHECKED, NO SUSPICIOUS ACTIVITY OBSERVED, VAULT DOOR RELEASED REMOTELY BY CMS AND VAULT OPENED BY BRANCH STAFF, CONFIRMED BY A KEY CUSTODIAN 3  9078392074"
"BM6092","Customer Purpose","gen15","2026-09-28","12:28:04","28/09/2026 12:27:59  gen15
LIVE VIEW CHECKED, NO SUSPICIOUS ACTIVITY OBSERVED, VAULT DOOR RELEASED REMOTELY BY CMS AND VAULT OPENED BY BRANCH STAFF, CONFIRMED BY A KEY CUSTODIAN 3   9078392074"
"BM6092","Final Vault Closing","gen9","2026-09-28","18:03:13","28/09/2026 18:03:09  gen9
LIVE VIEW CHECKED,NO SUSPICIOUS ACTIVITY OBSERVED,VAULT OPENING REQUEST FOR CLOSING PURPOSE VAULT DOOR RELEASED REMOTELY BY CMS AND VAULT OPEN BY BRANCH STAFF CONFIRMED BY KEY CUSTOODIA     1    09937875795"
"BM6092","","admin","2026-09-29","09:23:39",""
"BM6093","","admin","2026-09-28","09:22:03",""
"BM6093","Customer Purpose","gen26","2026-09-28","10:28:15","28/09/2026 10:28:10  gen26
LIVE VIEW CHECKED, NO SUSPICIOUS ACTIVITY OBSERVED, VAULT DOOR RELEASED REMOTELY BY CMS AND VAULT OPENED BY BRANCH STAFF, CONFIRMED BY A KEY CUSTODIAN  09777368257"
"BM6093","Customer Purpose","gen19","2026-09-28","11:56:23","28/09/2026 11:56:19  gen19
LIVE VIEW CHECKED, NO SUSPICIOUS ACTIVITY OBSERVED, VAULT DOOR RELEASED REMOTELY BY CMS AND VAULT OPENED BY BRANCH STAFF, CONFIRMED BY A KEY CUSTODIAN 9777368257"
"BM6093","Customer Purpose","gen33","2026-09-28","12:29:16","28/09/2026 12:29:10  gen33
LIVE VIEW CHECKED, NO SUSPICIOUS ACTIVITY OBSERVED, VAULT DOOR RELEASED REMOTELY BY CMS AND VAULT OPENED BY BRANCH STAFF, CONFIRMED BY A KEY CUSTODIAN 07749941087"
"BM6093","Customer Purpose","gen33","2026-09-28","13:04:51","28/09/2026 13:04:45  gen33
LIVE VIEW CHECKED, NO SUSPICIOUS ACTIVITY OBSERVED, VAULT DOOR RELEASED REMOTELY BY CMS AND VAULT OPENED BY BRANCH STAFF, CONFIRMED BY A KEY CUSTODIAN 09777368257"
"BM6093","Customer Purpose","gen33","2026-09-28","14:45:03","28/09/2026 14:44:59  gen33
LIVE VIEW CHECKED, NO SUSPICIOUS ACTIVITY OBSERVED, VAULT DOOR RELEASED REMOTELY BY CMS AND VAULT OPENED BY BRANCH STAFF, CONFIRMED BY A KEY CUSTODIAN 07749941087"
"BM6093","Not Responded","gen10","2026-09-28","18:06:59","28/09/2026 18:06:53  gen10
LIVE VIEW CHECKED, NO SUSPICIOUS ACTIVITY OBSERVED. CALL TO KC 1/2/3 BUT NOT RESPONDED."
"BM6093","Final Vault Closing","gen10","2026-09-28","18:07:46","28/09/2026 18:07:41  gen10
LIVE VIEW CHECKED,NO SUSPICIOUS ACTIVITY OBSERVED,VAULT OPENING REQUEST FOR CLOSING PURPOSE VAULT DOOR RELEASED REMOTELY BY CMS AND VAULT OPEN BY BRANCH STAFF CONFIRMED BY KEY CUSTOODIAN  2...................7749941087"
"BM6093","","admin","2026-09-29","09:28:49",""
"BM6103","Customer Purpose","gen1","2026-09-28","14:00:31","28/09/2026 14:00:28  gen1
LIVE VIEW CHECKED, NO SUSPICIOUS ACTIVITY OBSERVED, VAULT DOOR RELEASED REMOTELY BY CMS AND VAULT OPENED BY BRANCH STAFF, CONFIRMED BY A KEY CUSTODIAN  09126033967"
"BM6103","Customer Purpose","gen33","2026-09-28","16:31:05","28/09/2026 16:31:01  gen33
LIVE VIEW CHECKED, NO SUSPICIOUS ACTIVITY OBSERVED, VAULT DOOR RELEASED REMOTELY BY CMS AND VAULT OPENED BY BRANCH STAFF, CONFIRMED BY A KEY CUSTODIAN 08617541454"
"BM6103","Customer Purpose","gen2","2026-09-28","17:10:03","28/09/2026 17:09:59  gen2
LIVE VIEW CHECKED, NO SUSPICIOUS ACTIVITY OBSERVED, VAULT DOOR RELEASED REMOTELY BY CMS AND VAULT OPENED BY BRANCH STAFF, CONFIRMED BY A KEY CUSTODIAN  1  8617541454"
"BM6103","","admin","2026-09-29","09:27:03",""
"BM6104","Customer Purpose","gen3","2026-09-28","11:09:11","28/09/2026 11:09:06  gen3
LIVE VIEW CHECKED, NO SUSPICIOUS ACTIVITY OBSERVED, VAULT DOOR RELEASED REMOTELY BY CMS AND VAULT OPENED BY BRANCH STAFF, CONFIRMED BY A KEY CUSTODIAN 09548491388"
"BM6104","Customer Purpose","gen9","2026-09-28","11:24:59","28/09/2026 11:24:56  gen9
LIVE VIEW CHECKED, NO SUSPICIOUS ACTIVITY OBSERVED, VAULT DOOR RELEASED REMOTELY BY CMS AND VAULT OPENED BY BRANCH STAFF, CONFIRMED BY A KEY CUSTODIAN    3    09548491388"
"BM6104","Customer Purpose","gen22","2026-09-28","12:12:35","28/09/2026 12:12:30  gen22
LIVE VIEW CHECKED, NO SUSPICIOUS ACTIVITY OBSERVED, VAULT DOOR RELEASED REMOTELY BY CMS AND VAULT OPENED BY BRANCH STAFF, CONFIRMED BY A KEY CUSTODIAN    2   8477846400"
"BM6104","Final Vault Closing","gen34","2026-09-28","18:01:36","28/09/2026 18:01:23  gen34
LIVE VIEW CHECKED,NO SUSPICIOUS ACTIVITY OBSERVED,VAULT OPENING REQUEST FOR CLOSING PURPOSE VAULT DOOR RELEASED REMOTELY BY CMS AND VAULT OPEN BY BRANCH STAFF CONFIRMED BY KEY CUSTOODIAN 1/2/3

28/09/2026 18:01:31  gen34
9548491388"
"BM6104","","admin","2026-09-28","18:58:48",""
"BM6127","Customer Purpose","gen8","2026-09-28","10:51:44","28/09/2026 10:51:19  gen8
LIVE VIEW CHECKED, NO SUSPICIOUS ACTIVITY OBSERVED, VAULT DOOR RELEASED REMOTELY BY CMS AND VAULT OPENED BY BRANCH STAFF, CONFIRMED BY A KEY CUSTODIAN    3    7086180952"
"BM6127","Customer Purpose","gen28","2026-09-28","11:32:35","28/09/2026 11:32:30  gen28
LIVE VIEW CHECKED, NO SUSPICIOUS ACTIVITY OBSERVED, VAULT DOOR RELEASED REMOTELY BY CMS AND VAULT OPENED BY BRANCH STAFF, CONFIRMED BY A KEY CUSTODIAN"
"BM6127","Customer Purpose","gen11","2026-09-28","11:50:37","28/09/2026 11:50:35  gen11
LIVE VIEW CHECKED, NO SUSPICIOUS ACTIVITY OBSERVED, VAULT DOOR RELEASED REMOTELY BY CMS AND VAULT OPENED BY BRANCH STAFF, CONFIRMED BY A KEY CUSTODIAN  1  8822559266"
"BM6127","Customer Purpose","gen2","2026-09-28","13:04:19","28/09/2026 13:04:16  gen2
LIVE VIEW CHECKED, NO SUSPICIOUS ACTIVITY OBSERVED, VAULT DOOR RELEASED REMOTELY BY CMS AND VAULT OPENED BY BRANCH STAFF, CONFIRMED BY A KEY CUSTODIAN  1  8822559266"
"BM6127","Customer Purpose","gen30","2026-09-28","13:19:23","28/09/2026 13:19:04  gen30
LIVE VIEW CHECKED, NO SUSPICIOUS ACTIVITY OBSERVED, VAULT DOOR RELEASED REMOTELY BY CMS AND VAULT OPENED BY BRANCH STAFF, CONFIRMED BY A KEY CUSTODIAN 3 .7086180952"
"BM6127","Not Responded","gen22","2026-09-28","13:36:20","28/09/2026 13:36:04  gen22
LIVE VIEW CHECKED, NO SUSPICIOUS ACTIVITY OBSERVED. CALL TO KC 1  9365058449/2  8822559266 /3 7086180952 BUT NOT RESPONDED."
"BM6127","Customer Purpose","gen3","2026-09-28","13:50:48","28/09/2026 13:50:42  gen3
LIVE VIEW CHECKED, NO SUSPICIOUS ACTIVITY OBSERVED, VAULT DOOR RELEASED REMOTELY BY CMS AND VAULT OPENED BY BRANCH STAFF, CONFIRMED BY A KEY CUSTODIAN 07086180952"
"BM6127","Customer Purpose","gen38","2026-09-28","14:01:57","28/09/2026 14:01:54  gen38
LIVE VIEW CHECKED, NO SUSPICIOUS ACTIVITY OBSERVED, VAULT DOOR RELEASED REMOTELY BY CMS AND VAULT OPENED BY BRANCH STAFF, CONFIRMED BY A KEY CUSTODIAN 09365058449"
"BM6127","Customer Purpose","gen46","2026-09-28","14:12:17","28/09/2026 14:12:13  gen46
LIVE VIEW CHECKED, NO SUSPICIOUS ACTIVITY OBSERVED, VAULT DOOR RELEASED REMOTELY BY CMS AND VAULT OPENED BY BRANCH STAFF, CONFIRMED BY A KEY CUSTODIAN     7086180952"
"BM6127","Not Operate","gen4","2026-09-28","15:01:32","28/09/2026 15:01:11  gen4
LIVE VIEW CHECKED,NO SUSPICIOUS ACTIVITY OBSERVED,NO NEED TO OPERATE VAULT CONFIRMED BY KEY CUSTOODIAN. 9365058449"
"BM6127","Customer Purpose","gen6","2026-09-28","15:09:22","28/09/2026 15:08:53  gen6
LIVE VIEW CHECKED, NO SUSPICIOUS ACTIVITY OBSERVED, VAULT DOOR RELEASED REMOTELY BY CMS AND VAULT OPENED BY BRANCH STAFF, CONFIRMED BY A KEY CUSTODIAN 09365058449"
"BM6127","Final Vault Closing","gen39","2026-09-28","18:31:42","28/09/2026 18:31:37  gen39
LIVE VIEW CHECKED,NO SUSPICIOUS ACTIVITY OBSERVED,VAULT OPENING REQUEST FOR CLOSING PURPOSE VAULT DOOR RELEASED REMOTELY BY CMS AND VAULT OPEN BY BRANCH STAFF CONFIRMED BY KEY CUSTOODIAN  8822559266"
"BM6127","","admin","2026-09-29","09:22:54",""
"BM6129","","admin","2026-09-28","09:16:17",""
"BM6129","Customer Purpose","gen9","2026-09-28","11:32:20","28/09/2026 11:32:13  gen9
LIVE VIEW CHECKED, NO SUSPICIOUS ACTIVITY OBSERVED, VAULT DOOR RELEASED REMOTELY BY CMS AND VAULT OPENED BY BRANCH STAFF, CONFIRMED BY A KEY CUSTODIAN    1     09090156813"
"BM6129","Not Operate","gen1","2026-09-28","12:59:15","28/09/2026 12:59:08  gen1
LIVE VIEW CHECKED,NO SUSPICIOUS ACTIVITY OBSERVED,NO NEED TO OPERATE VAULT CONFIRMED BY KEY CUSTOODIAN. 109090156813"
"BM6129","Customer Purpose","gen28","2026-09-28","15:13:53","28/09/2026 15:13:45  gen28
LIVE VIEW CHECKED, NO SUSPICIOUS ACTIVITY OBSERVED, VAULT DOOR RELEASED REMOTELY BY CMS AND VAULT OPENED BY BRANCH STAFF, CONFIRMED BY A KEY CUSTODIAN 9090156813"
"BM6129","Final Vault Closing","gen33","2026-09-28","17:59:52","28/09/2026 17:59:36  gen33
DUE TO NETWORK ISSUE VIDEO VERIFICATION ON WHATSAPP VIDEO CALL,NO SUSPICIOUS ACTIVITY OBSERVED,VAULT OPENING REQUEST FOR CLOSING  PURPOSE VAULT DOOR RELEASED REMOTELY/BY CMS AND VAULT OPEN BY STAF CONFIRMED BY KEY CUSTOODIAN 09090156813"
"BM6129","","admin","2026-09-29","09:21:22",""
"BM6132","Customer Purpose","gen5","2026-09-28","11:12:56","28/09/2026 11:12:53  gen5
LIVE VIEW CHECKED, NO SUSPICIOUS ACTIVITY OBSERVED, VAULT DOOR RELEASED REMOTELY BY CMS AND VAULT OPENED BY BRANCH STAFF, CONFIRMED BY A KEY CUSTODIAN  1,,,,,,,,,,,,,,,, 06294363657"
"BM6132","Customer Purpose","gen9","2026-09-28","12:54:12","28/09/2026 12:54:09  gen9
LIVE VIEW CHECKED, NO SUSPICIOUS ACTIVITY OBSERVED, VAULT DOOR RELEASED REMOTELY BY CMS AND VAULT OPENED BY BRANCH STAFF, CONFIRMED BY A KEY CUSTODIAN        1      06294363657"
"BM6132","Not Operate","gen7","2026-09-28","13:41:40","28/09/2026 13:41:26  gen7
LIVE VIEW CHECKED,NO SUSPICIOUS ACTIVITY OBSERVED,NO NEED TO OPERATE VAULT CONFIRMED BY KEY CUSTOODIAN.1-6294363657"
"BM6132","Customer Purpose","gen7","2026-09-28","13:45:12","28/09/2026 13:45:08  gen7
LIVE VIEW CHECKED, NO SUSPICIOUS ACTIVITY OBSERVED, VAULT DOOR RELEASED REMOTELY BY CMS AND VAULT OPENED BY BRANCH STAFF, CONFIRMED BY A KEY CUSTODIAN 6294363657"
"BM6132","Customer Purpose","gen32","2026-09-28","13:54:24","28/09/2026 13:54:26  gen32
LIVE VIEW CHECKED, NO SUSPICIOUS ACTIVITY OBSERVED, VAULT DOOR RELEASED REMOTELY BY CMS AND VAULT OPENED BY BRANCH STAFF, CONFIRMED BY A KEY CUSTODIAN           06294363657"
"BM6132","Customer Purpose","gen3","2026-09-28","14:04:30","28/09/2026 14:04:27  gen3
LIVE VIEW CHECKED, NO SUSPICIOUS ACTIVITY OBSERVED, VAULT DOOR RELEASED REMOTELY BY CMS AND VAULT OPENED BY BRANCH STAFF, CONFIRMED BY A KEY CUSTODIAN 06294363657"
"BM6132","Customer Purpose","gen46","2026-09-28","14:40:51","28/09/2026 14:40:48  gen46
LIVE VIEW CHECKED, NO SUSPICIOUS ACTIVITY OBSERVED, VAULT DOOR RELEASED REMOTELY BY CMS AND VAULT OPENED BY BRANCH STAFF, CONFIRMED BY A KEY CUSTODIAN    6297729203"
"BM6132","Packet Counting","gen35","2026-09-28","14:54:59","28/09/2026 14:54:55  gen35
LIVE VIEW CHECKED,NO SUSPICIOUS ACTIVITY OBSERVED,VAULT OPENING REQUEST FOR PACKET COUNTING, MAIL APPROVED BY TAMAJIT GHOSH <tamajit.ghosh@iifl.com> VAULT DOOR RELEASED REMOTELY BY CMS, AND VAULT OPENED BY BRANCH STAFF CONFIRMED BY A KEY CUSTOODIAN.   06297729203"
"BM6132","Final Vault Closing","gen46","2026-09-28","17:49:32","28/09/2026 17:49:27  gen46
DUE TO NETWORK ISSUE VIDEO VERIFICATION ON WHATSAPP VIDEO CALL,NO SUSPICIOUS ACTIVITY OBSERVED,VAULT OPENING REQUEST FOR FINAL CLOSING VAULT DOOR RELEASED REMOTELY/MANUALLY BY CMS AND VAULT OPEN BY STAF CONFIRMED BY KEY CUSTOODIAN   6294363657"
"BM6142","","admin","2026-09-28","09:25:58",""
"BM6142","Customer Purpose","gen21","2026-09-28","11:00:55","28/09/2026 11:01:38  gen21
LIVE VIEW CHECKED, NO SUSPICIOUS ACTIVITY OBSERVED, VAULT DOOR RELEASED REMOTELY BY CMS AND VAULT OPENED BY BRANCH STAFF, CONFIRMED BY A KEY CUSTODIAN   1   9613789823"
"BM6142","Customer Purpose","gen39","2026-09-28","11:22:20","28/09/2026 11:22:16  gen39
LIVE VIEW CHECKED, NO SUSPICIOUS ACTIVITY OBSERVED, VAULT DOOR RELEASED REMOTELY BY CMS AND VAULT OPENED BY BRANCH STAFF, CONFIRMED BY A KEY CUSTODIAN  9613789823"
"BM6142","Customer Purpose","gen46","2026-09-28","13:37:17","28/09/2026 13:37:14  gen46
LIVE VIEW CHECKED, NO SUSPICIOUS ACTIVITY OBSERVED, VAULT DOOR RELEASED REMOTELY BY CMS AND VAULT OPENED BY BRANCH STAFF, CONFIRMED BY A KEY CUSTODIAN       6000926012"
"BM6142","Customer Purpose","gen35","2026-09-28","14:18:33","28/09/2026 14:18:30  gen35
LIVE VIEW CHECKED, NO SUSPICIOUS ACTIVITY OBSERVED, VAULT DOOR RELEASED REMOTELY BY CMS AND VAULT OPENED BY BRANCH STAFF, CONFIRMED BY A KEY CUSTODIAN   06000926012"
"BM6142","Customer Purpose","gen10","2026-09-28","14:32:07","28/09/2026 14:32:03  gen10
LIVE VIEW CHECKED, NO SUSPICIOUS ACTIVITY OBSERVED, VAULT DOOR RELEASED REMOTELY BY CMS AND VAULT OPENED BY BRANCH STAFF, CONFIRMED BY A KEY CUSTODIAN 2..............9613789823"
"BM6142","Customer Purpose","gen22","2026-09-28","14:41:19","28/09/2026 14:41:16  gen22
LIVE VIEW CHECKED, NO SUSPICIOUS ACTIVITY OBSERVED, VAULT DOOR RELEASED REMOTELY BY CMS AND VAULT OPENED BY BRANCH STAFF, CONFIRMED BY A KEY CUSTODIAN   1    6000926012"
"BM6142","Packet Counting","gen15","2026-09-28","15:07:19","28/09/2026 15:07:13  gen15
LIVE VIEW CHECKED,NO SUSPICIOUS ACTIVITY OBSERVED,VAULT OPENING REQUEST FOR PACKET COUNTING, MAIL APPROVED BY IQBAL TAPADAR <iqbal.tapadar@iifl.com>, VAULT DOOR RELEASED REMOTELY BY CMS, AND VAULT OPENED BY BRANCH STAFF CONFIRMED BY A KEY CUSTOODIAN.1 6000926012"
"BM6142","Taken Excess Time","iifl2","2026-09-28","15:25:49","28/09/2026 15:25:46  iifl2
IN ACCORDANCE WITH LIVE MONITORING,BRANCH STAFF TOOK LONGER THAN STATED TIME FOR VAULT ROOM OPERATION,AND THE OPERATION WAS COMPLETED IN 07 MINUTES.ALSO INFORMED BY TWO WAY COMMUNICATION AND ALSO INFORMED TO KC2       9613789823

TIME: 14:18:14 TO 2:25:14 PM"
"BM6142","Packet Counting","gen32","2026-09-28","15:54:48","28/09/2026 15:54:50  gen32
LIVE VIEW CHECKED,NO SUSPICIOUS ACTIVITY OBSERVED,VAULT OPENING REQUEST FOR PACKET COUNTING, MAIL APPROVED BY IQBAL TAPADAR VAULT DOOR RELEASED REMOTELY BY CMS, AND VAULT OPENED BY BRANCH STAFF CONFIRMED BY A KEY CUSTOODIAN.  09613789823"
"BM6142","Customer Purpose","gen14","2026-09-28","16:28:01","28/09/2026 16:27:56  gen14
LIVE VIEW CHECKED, NO SUSPICIOUS ACTIVITY OBSERVED, VAULT DOOR RELEASED REMOTELY BY CMS AND VAULT OPENED BY BRANCH STAFF, CONFIRMED BY A KEY CUSTODIAN  2    09613789823"
"BM6142","Customer Purpose","iifl7","2026-09-28","17:01:00","28/09/2026 17:00:57  iifl7
LIVE VIEW CHECKED, NO SUSPICIOUS ACTIVITY OBSERVED, VAULT DOOR RELEASED REMOTELY BY CMS AND VAULT OPENED BY BRANCH STAFF, CONFIRMED BY A KEY CUSTODIAN 2 09613789823"
"BM6142","Not Operate","gen39","2026-09-28","17:37:35","28/09/2026 17:37:28  gen39
LIVE VIEW CHECKED,NO SUSPICIOUS ACTIVITY OBSERVED,NO NEED TO OPERATE VAULT CONFIRMED BY KEY CUSTOODIAN.  9613789823"
"BM6142","Not Operate","iifl1","2026-09-28","18:32:01","28/09/2026 18:31:55  iifl1
LIVE VIEW CHECKED,NO SUSPICIOUS ACTIVITY OBSERVED,NO NEED TO OPERATE VAULT CONFIRMED BY KEY CUSTOODIAN.1....06000926012"
"BM6142","Customer Purpose","gen10","2026-09-28","18:47:07","28/09/2026 18:47:03  gen10
DUE TO NETWORK ISSUE VIDEO VERIFICATION ON WHATSAPP VIDEO CALL,NO SUSPICIOUS ACTIVITY OBSERVED,VAULT OPENING REQUEST FOR CUSTOMER PURPOSE VAULT DOOR RELEASED REMOTELY BY CMS AND VAULT OPEN BY STAF CONFIRMED BY KEY CUSTOODIAN 1.............6000926012"
"BM6142","","admin","2026-09-29","09:07:59",""
"BM6147","","admin","2026-09-28","09:23:38",""
"BM6147","Customer Purpose","gen2","2026-09-28","15:21:22","28/09/2026 15:21:18  gen2
LIVE VIEW CHECKED, NO SUSPICIOUS ACTIVITY OBSERVED, VAULT DOOR RELEASED REMOTELY BY CMS AND VAULT OPENED BY BRANCH STAFF, CONFIRMED BY A KEY CUSTODIAN  2  7548087108"
"BM6147","Customer Purpose","gen6","2026-09-28","15:30:21","28/09/2026 15:30:16  gen6
LIVE VIEW CHECKED, NO SUSPICIOUS ACTIVITY OBSERVED, VAULT DOOR RELEASED REMOTELY BY CMS AND VAULT OPENED BY BRANCH STAFF, CONFIRMED BY A KEY CUSTODIAN 07548087108"
"BM6147","Customer Purpose","gen5","2026-09-28","16:21:33","28/09/2026 16:21:23  gen5
LIVE VIEW CHECKED, NO SUSPICIOUS ACTIVITY OBSERVED, VAULT DOOR RELEASED REMOTELY BY CMS AND VAULT OPENED BY BRANCH STAFF, CONFIRMED BY A KEY CUSTODIAN  1,,,,,  07548087108

28/09/2026 16:21:29  gen5
KC 2... 07548087108"
"BM6147","Final Vault Closing","gen3","2026-09-28","17:46:53","28/09/2026 17:46:47  gen3
LIVE VIEW CHECKED,NO SUSPICIOUS ACTIVITY OBSERVED,VAULT OPENING REQUEST FOR CLOSING PURPOSE VAULT DOOR RELEASED REMOTELY BY CMS AND VAULT OPEN BY BRANCH STAFF CONFIRMED BY KEY CUSTOODIAN  07548087108"
"BM6147","","admin","2026-09-29","09:25:15",""
"BM6153","","admin","2026-09-28","09:19:05",""
"BM6153","Audit Purpose","gen16","2026-09-28","10:50:14","28/09/2026 10:50:06  gen16
LIVE VIEW CHECKED,NO SUSPICIOUS ACTIVITY OBSERVED,VAULT OPENING REQUEST FOR AUDIT MAIL APPROVED BY Riyasat Ali Khan, VAULT DOOR RELEASED REMOTELY BY CMS, AND VAULT OPENED BY BRANCH STAFF CONFIRMED BY A KEY CUSTOODIAN  8917394287"
"BM6153","Audit Purpose","gen10","2026-09-28","12:50:10","28/09/2026 12:50:04  gen10
LIVE VIEW CHECKED,NO SUSPICIOUS ACTIVITY OBSERVED,VAULT OPENING REQUEST FOR AUDIT, MAIL APPROVED BY Riyasat Ali Khan, VAULT DOOR RELEASED REMOTELY BY CMS, AND VAULT OPENED BY BRANCH STAFF CONFIRMED BY A KEY CUSTOODIAN. 1...................8917394287"
"BM6153","Audit Purpose","gen20","2026-09-28","14:11:03","28/09/2026 14:10:59  gen20
LIVE VIEW CHECKED,NO SUSPICIOUS ACTIVITY OBSERVED,VAULT OPENING REQUEST FOR AUDIT, MAIL APPROVED BY Riyasat Ali Khan <riyasatali.khan@iifl.com>, VAULT DOOR RELEASED REMOTELY BY CMS, AND VAULT OPENED BY BRANCH STAFF CONFIRMED BY A KEY CUSTOODIAN.1/  08114361805"
"BM6153","Audit Purpose","gen34","2026-09-28","15:15:39","28/09/2026 15:15:31  gen34
DUE TO NETWORK ISSUE VIDEO VERIFICATION ON WHATSAPP VIDEO CALL,NO SUSPICIOUS ACTIVITY OBSERVED,VAULT OPENING REQUEST FOR AUDIT ,MAIL APPROVED BY
Riyasat Ali Khan VAULT DOOR RELEASED REMOTELY BY CMS AND VAULT OPEN BY STAF CONFIRMED BY KEY CUSTOODIAN 8114361805"
"BM6153","Genuine","iifl3","2026-09-28","16:05:06","28/09/2026 16:05:01  iifl3
IN ACCORDANCE WITH LIVE MONITORING THROUGH WHATSAPP VIDEO CALL, BRANCH STAFF DURING VAULT TRANSACTION VAULT ROOM, PROPER NOT SHOWING AND CUT THE VIDEO CALL. ALSO INFORMED BY KEY CUSTOODIAN 1   8114361805 AND ALSO INFORMED TO CONTROL ROOM   8976723606
TIME - 15:14:10"
"BM6153","Audit Purpose","gen4","2026-09-28","18:05:14","28/09/2026 18:05:07  gen4
LIVE VIEW CHECKED,NO SUSPICIOUS ACTIVITY OBSERVED,VAULT OPENING REQUEST FOR AUDIT, MAIL APPROVED BY Riyasat Ali Khan , VAULT DOOR RELEASED REMOTELY BY CMS, AND VAULT OPENED BY BRANCH STAFF CONFIRMED BY A KEY CUSTOODIAN.  8917394287"
"BM6153","","admin","2026-09-29","09:13:28",""
"BM6176","Customer Purpose","gen1","2026-09-28","10:40:10","28/09/2026 10:40:05  gen1
LIVE VIEW CHECKED, NO SUSPICIOUS ACTIVITY OBSERVED, VAULT DOOR RELEASED REMOTELY BY CMS AND VAULT OPENED BY BRANCH STAFF, CONFIRMED BY A KEY CUSTODIAN  08859657725"
"BM6176","Customer Purpose","gen7","2026-09-28","11:29:14","28/09/2026 11:29:10  gen7
LIVE VIEW CHECKED, NO SUSPICIOUS ACTIVITY OBSERVED, VAULT DOOR RELEASED REMOTELY BY CMS AND VAULT OPENED BY BRANCH STAFF, CONFIRMED BY A KEY CUSTODIAN 8859657725"
"BM6176","Engineer at site","gen1","2026-09-28","12:13:56","28/09/2026 12:13:51  gen1
WORK IN PROGRESS, ENGINEER AT SITE.  AND CONFIRMED BY KC 08859657725 ALL OK"
"BM6176","Engineer at site","gen1","2026-09-28","12:14:04",""
"BM6176","Engineer at site","gen1","2026-09-28","12:14:17",""
"BM6176","Engineer at site","gen1","2026-09-28","12:14:25",""
"BM6176","Engineer at site","gen14","2026-09-28","12:18:08",""
"BM6176","Engineer at site","gen14","2026-09-28","12:18:16",""
"BM6176","Engineer at site","gen14","2026-09-28","12:18:24",""
"BM6176","Engineer at site","gen14","2026-09-28","12:18:32",""
"BM6176","Engineer at site","gen8","2026-09-28","12:19:00",""
"BM6176","Customer Purpose","gen7","2026-09-28","12:38:55","28/09/2026 12:38:51  gen7
LIVE VIEW CHECKED, NO SUSPICIOUS ACTIVITY OBSERVED, VAULT DOOR RELEASED REMOTELY BY CMS AND VAULT OPENED BY BRANCH STAFF, CONFIRMED BY A KEY CUSTODIAN 8859657725"
"BM6176","Customer Purpose","iifl7","2026-09-28","13:37:50","28/09/2026 13:37:46  iifl7
LIVE VIEW CHECKED, NO SUSPICIOUS ACTIVITY OBSERVED, VAULT DOOR RELEASED REMOTELY BY CMS AND VAULT OPENED BY BRANCH STAFF, CONFIRMED BY A KEY CUSTODIAN 2 09897006883"
"BM6176","Customer Purpose","gen30","2026-09-28","15:07:45","28/09/2026 15:07:26  gen30
LIVE VIEW CHECKED, NO SUSPICIOUS ACTIVITY OBSERVED, VAULT DOOR RELEASED REMOTELY BY CMS AND VAULT OPENED BY BRANCH STAFF, CONFIRMED BY A KEY CUSTODIAN 1 .8859657725"
"BM6176","Customer Purpose","gen6","2026-09-28","15:18:26","28/09/2026 15:18:22  gen6
LIVE VIEW CHECKED, NO SUSPICIOUS ACTIVITY OBSERVED, VAULT DOOR RELEASED REMOTELY BY CMS AND VAULT OPENED BY BRANCH STAFF, CONFIRMED BY A KEY CUSTODIAN 08859657725"
"BM6176","Taken Excess Time","iifl2","2026-09-28","15:19:30","28/09/2026 15:19:26  iifl2
IN ACCORDANCE WITH LIVE MONITORING,BRANCH STAFF TOOK LONGER THAN STATED TIME FOR VAULT ROOM OPERATION,AND THE OPERATION WAS COMPLETED IN 07 MINUTES.ALSO INFORMED BY TWO WAY COMMUNICATION 

TIME: 13:37:45 TO 1:44:32 PM"
"BM6176","Customer Purpose","gen36","2026-09-28","17:50:37","28/09/2026 17:50:34  gen36
LIVE VIEW CHECKED, NO SUSPICIOUS ACTIVITY OBSERVED, VAULT DOOR RELEASED REMOTELY BY CMS AND VAULT OPENED BY BRANCH STAFF, CONFIRMED BY A KEY CUSTODIAN  8859657725"
"BM6176","Customer Purpose","gen48","2026-09-28","18:00:30","28/09/2026 18:00:27  gen48
LIVE VIEW CHECKED, NO SUSPICIOUS ACTIVITY OBSERVED, VAULT DOOR RELEASED REMOTELY BY CMS AND VAULT OPENED BY BRANCH STAFF, CONFIRMED BY A KEY CUSTODIAN   3  08868043312"
"BM6176","Customer Purpose","gen14","2026-09-28","18:17:58","28/09/2026 18:17:54  gen14
LIVE VIEW CHECKED, NO SUSPICIOUS ACTIVITY OBSERVED, VAULT DOOR RELEASED REMOTELY BY CMS AND VAULT OPENED BY BRANCH STAFF, CONFIRMED BY A KEY CUSTODIAN 1   08859657725"
"BM6176","Not Responded","gen11","2026-09-28","18:22:34","28/09/2026 18:22:29  gen11
LIVE VIEW CHECKED, NO SUSPICIOUS ACTIVITY OBSERVED. CALL TO KC 1/2/3 BUT NOT RESPONDED."
"BM6176","Final Vault Closing","gen19","2026-09-28","18:41:59","28/09/2026 18:41:56  gen19
LIVE VIEW CHECKED,NO SUSPICIOUS ACTIVITY OBSERVED,VAULT OPENING REQUEST FOR CLOSING PURPOSE VAULT DOOR RELEASED REMOTELY BY CMS AND VAULT OPEN BY BRANCH STAFF CONFIRMED BY KEY CUSTOODIAN 9897006883"
"BM6188","","admin","2026-09-28","08:50:53",""
"BM6188","Customer Purpose","gen14","2026-09-28","10:54:23","28/09/2026 10:54:21  gen14
LIVE VIEW CHECKED, NO SUSPICIOUS ACTIVITY OBSERVED, VAULT DOOR RELEASED REMOTELY BY CMS AND VAULT OPENED BY BRANCH STAFF, CONFIRMED BY A KEY CUSTODIAN  1   08013725678"
"BM6188","Customer Purpose","gen6","2026-09-28","11:46:51","28/09/2026 11:46:47  gen6
LIVE VIEW CHECKED, NO SUSPICIOUS ACTIVITY OBSERVED, VAULT DOOR RELEASED REMOTELY BY CMS AND VAULT OPENED BY BRANCH STAFF, CONFIRMED BY A KEY CUSTODIAN 08293323039"
"BM6188","Customer Purpose","gen9","2026-09-28","12:38:12","28/09/2026 12:38:08  gen9
DUE TO NETWORK ISSUE VIDEO VERIFICATION ON WHATSAPP VIDEO CALL,NO SUSPICIOUS ACTIVITY OBSERVED,VAULT OPENING REQUEST FOR CUSTOMER PURPOSE VAULT DOOR RELEASED REMOTELY/ BY CMS AND VAULT OPEN BY STAF CONFIRMED BY KEY CUSTOODIAN     3       08293323039"
"BM6188","Customer Purpose","gen18","2026-09-28","12:50:31","28/09/2026 12:50:10  gen18
DUE TO NETWORK ISSUE VIDEO VERIFICATION ON WHATSAPP VIDEO CALL,NO SUSPICIOUS ACTIVITY OBSERVED,VAULT OPENING REQUEST FOR CUSTOMER PURPOSE VAULT DOOR RELEASED REMOTELY  BY CMS AND VAULT OPEN BY STAF CONFIRMED BY KEY CUSTOODIAN 3    08013725678"
"BM6188","Customer Purpose","gen38","2026-09-28","13:16:24","28/09/2026 13:16:19  gen38
LIVE VIEW CHECKED, NO SUSPICIOUS ACTIVITY OBSERVED, VAULT DOOR RELEASED REMOTELY BY CMS AND VAULT OPENED BY BRANCH STAFF, CONFIRMED BY A KEY CUSTODIAN 8013725678"
"BM6188","Customer Purpose","gen5","2026-09-28","13:45:21","28/09/2026 13:45:18  gen5
LIVE VIEW CHECKED, NO SUSPICIOUS ACTIVITY OBSERVED, VAULT DOOR RELEASED REMOTELY BY CMS AND VAULT OPENED BY BRANCH STAFF, CONFIRMED BY A KEY CUSTODIAN  1,,,, 08013725678"
"BM6188","Customer Purpose","gen1","2026-09-28","14:18:41","28/09/2026 14:18:37  gen1
DUE TO NETWORK ISSUE VIDEO VERIFICATION ON WHATSAPP VIDEO CALL,NO SUSPICIOUS ACTIVITY OBSERVED,VAULT OPENING REQUEST FOR CUSTOMER PURPOSE VAULT DOOR RELEASED REMOTELY BY CMS AND VAULT OPEN BY STAF CONFIRMED BY KEY CUSTOODIAN    08293323039"
"BM6188","Customer Purpose","gen21","2026-09-28","14:57:10","28/09/2026 14:57:50  gen21
DUE TO NETWORK ISSUE VIDEO VERIFICATION ON WHATSAPP VIDEO CALL,NO SUSPICIOUS ACTIVITY OBSERVED,VAULT OPENING REQUEST FOR CUSTOMER PURPOSE VAULT DOOR RELEASED REMOTELY BY CMS AND VAULT OPEN BY STAF CONFIRMED BY KEY CUSTOODIAN 1   8293323039"
"BM6188","Customer Purpose","gen1","2026-09-28","15:28:13","28/09/2026 15:28:02  gen1
DUE TO NETWORK ISSUE VIDEO VERIFICATION ON WHATSAPP VIDEO CALL,NO SUSPICIOUS ACTIVITY OBSERVED,VAULT OPENING REQUEST FOR CUSTOMER PURPOSE VAULT DOOR RELEASED REMOTELY BY CMS AND VAULT OPEN BY STAF CONFIRMED BY KEY CUSTOODIAN   08293323039"
"BM6188","Customer Purpose","gen46","2026-09-28","15:54:53","28/09/2026 15:54:46  gen46
LIVE VIEW CHECKED, NO SUSPICIOUS ACTIVITY OBSERVED, VAULT DOOR RELEASED REMOTELY BY CMS AND VAULT OPENED BY BRANCH STAFF, CONFIRMED BY A KEY CUSTODIAN       9153118161"
"BM6188","Customer Purpose","gen30","2026-09-28","16:44:36","28/09/2026 16:44:13  gen30
DUE TO NETWORK ISSUE VIDEO VERIFICATION ON WHATSAPP VIDEO CALL,NO SUSPICIOUS ACTIVITY OBSERVED,VAULT OPENING REQUEST FOR CUSTOMER PURPOSE VAULT DOOR RELEASED REMOTELY BY CMS AND VAULT OPEN BY STAF CONFIRMED BY KEY CUSTOODIAN 1 .8293323039"
"BM6188","Final Vault Closing","gen2","2026-09-28","17:27:43","28/09/2026 17:27:39  gen2
LIVE VIEW CHECKED, NO SUSPICIOUS ACTIVITY OBSERVED, VAULT DOOR RELEASED REMOTELY BY CMS AND VAULT OPENED BY BRANCH STAFF, CONFIRMED BY A KEY CUSTODIAN  1  8013725678"
"BM6188","","admin","2026-09-29","08:50:58",""
"BM6195","","admin","2026-09-28","09:25:59",""
"BM6195","Customer Purpose","gen38","2026-09-28","11:20:55","28/09/2026 11:20:50  gen38
LIVE VIEW CHECKED, NO SUSPICIOUS ACTIVITY OBSERVED, VAULT DOOR RELEASED REMOTELY BY CMS AND VAULT OPENED BY BRANCH STAFF, CONFIRMED BY A KEY CUSTODIAN 8001363621"
"BM6195","Customer Purpose","gen16","2026-09-28","13:16:26","28/09/2026 13:16:21  gen16
LIVE VIEW CHECKED, NO SUSPICIOUS ACTIVITY OBSERVED, VAULT DOOR RELEASED REMOTELY BY CMS AND VAULT OPENED BY BRANCH STAFF, CONFIRMED BY A KEY CUSTODIAN  8001363621"
"BM6195","Customer Purpose","gen19","2026-09-28","13:24:56","28/09/2026 13:24:51  gen19
LIVE VIEW CHECKED, NO SUSPICIOUS ACTIVITY OBSERVED, VAULT DOOR RELEASED REMOTELY BY CMS AND VAULT OPENED BY BRANCH STAFF, CONFIRMED BY A KEY CUSTODIAN 8001363621"
"BM6195","Customer Purpose","gen32","2026-09-28","13:48:10","28/09/2026 13:48:13  gen32
LIVE VIEW CHECKED, NO SUSPICIOUS ACTIVITY OBSERVED, VAULT DOOR RELEASED REMOTELY BY CMS AND VAULT OPENED BY BRANCH STAFF, CONFIRMED BY A KEY CUSTODIAN       09748786289"
"BM6195","Not Operate","gen6","2026-09-28","14:42:48","28/09/2026 14:42:43  gen6
LIVE VIEW CHECKED,NO SUSPICIOUS ACTIVITY OBSERVED,NO NEED TO OPERATE VAULT CONFIRMED BY KEY CUSTOODIAN. 08001363621"
"BM6195","Customer Purpose","gen10","2026-09-28","14:50:29","28/09/2026 14:50:26  gen10
LIVE VIEW CHECKED, NO SUSPICIOUS ACTIVITY OBSERVED, VAULT DOOR RELEASED REMOTELY BY CMS AND VAULT OPENED BY BRANCH STAFF, CONFIRMED BY A KEY CUSTODIAN 1.................8001363621"
"BM6195","Customer Purpose","gen48","2026-09-28","16:02:01","28/09/2026 16:01:57  gen48
LIVE VIEW CHECKED, NO SUSPICIOUS ACTIVITY OBSERVED, VAULT DOOR RELEASED REMOTELY BY CMS AND VAULT OPENED BY BRANCH STAFF, CONFIRMED BY A KEY CUSTODIAN  1 08001363621"
"BM6195","Customer Purpose","gen32","2026-09-28","16:16:05","28/09/2026 16:16:07  gen32
LIVE VIEW CHECKED, NO SUSPICIOUS ACTIVITY OBSERVED, VAULT DOOR RELEASED REMOTELY BY CMS AND VAULT OPENED BY BRANCH STAFF, CONFIRMED BY A KEY CUSTODIAN  
08001363621"
"BM6195","Customer Purpose","gen9","2026-09-28","17:46:13","28/09/2026 17:46:09  gen9
LIVE VIEW CHECKED, NO SUSPICIOUS ACTIVITY OBSERVED, VAULT DOOR RELEASED REMOTELY BY CMS AND VAULT OPENED BY BRANCH STAFF, CONFIRMED BY A KEY CUSTODIAN       3      09748786289"
"BM6195","Final Vault Closing","gen29","2026-09-28","18:13:42","28/09/2026 18:13:35  gen29
LIVE VIEW CHECKED,NO SUSPICIOUS ACTIVITY OBSERVED,VAULT OPENING REQUEST FOR CLOSING PURPOSE VAULT DOOR RELEASED REMOTELY BY CMS AND VAULT OPEN BY BRANCH STAFF CONFIRMED BY KEY CUSTOODIAN 09748786289"
"BM6195","","admin","2026-09-29","09:24:25",""
"BM6215","Customer Purpose","gen17","2026-09-28","11:53:27","28/09/2026 11:52:39  gen17
LIVE VIEW CHECKED, NO SUSPICIOUS ACTIVITY OBSERVED, VAULT DOOR RELEASED REMOTELY BY CMS AND VAULT OPENED BY BRANCH STAFF, CONFIRMED BY A KEY CUSTODIAN 1....06307867384"
"BM6215","Customer Purpose","gen6","2026-09-28","12:31:47","28/09/2026 12:31:44  gen6
LIVE VIEW CHECKED, NO SUSPICIOUS ACTIVITY OBSERVED, VAULT DOOR RELEASED REMOTELY BY CMS AND VAULT OPENED BY BRANCH STAFF, CONFIRMED BY A KEY CUSTODIAN 07905189449"
"BM6215","Customer Purpose","gen21","2026-09-28","12:46:02","28/09/2026 12:46:46  gen21
LIVE VIEW CHECKED, NO SUSPICIOUS ACTIVITY OBSERVED, VAULT DOOR RELEASED REMOTELY BY CMS AND VAULT OPENED BY BRANCH STAFF, CONFIRMED BY A KEY CUSTODIAN    1   9807991791"
"BM6215","Customer Purpose","gen29","2026-09-28","13:21:20","28/09/2026 13:21:16  gen29
LIVE VIEW CHECKED, NO SUSPICIOUS ACTIVITY OBSERVED, VAULT DOOR RELEASED REMOTELY BY CMS AND VAULT OPENED BY BRANCH STAFF, CONFIRMED BY A KEY CUSTODIAN    06307867384"
"BM6215","Customer Purpose","gen19","2026-09-28","14:52:23","28/09/2026 14:52:20  gen19
DUE TO NETWORK ISSUE VIDEO VERIFICATION ON WHATSAPP VIDEO CALL,NO SUSPICIOUS ACTIVITY OBSERVED,VAULT OPENING REQUEST FOR CUSTOMER PURPOSE VAULT DOOR RELEASED REMOTELY BY CMS AND VAULT OPEN BY STAF CONFIRMED BY KEY CUSTOODIAN 6307867384"
"BM6215","Customer Purpose","gen26","2026-09-28","16:11:50","28/09/2026 16:11:45  gen26
LIVE VIEW CHECKED, NO SUSPICIOUS ACTIVITY OBSERVED, VAULT DOOR RELEASED REMOTELY BY CMS AND VAULT OPENED BY BRANCH STAFF, CONFIRMED BY A KEY CUSTODIAN   07905189449"
"BM6215","Customer Purpose","gen23","2026-09-28","17:02:53","28/09/2026 17:02:47  gen23
DUE TO NETWORK ISSUE VIDEO VERIFICATION ON WHATSAPP VIDEO CALL,NO SUSPICIOUS ACTIVITY OBSERVED,VAULT OPENING REQUEST FOR CUSTOMER PURPOSE VAULT DOOR RELEASED REMOTELY BY CMS AND VAULT OPEN BY STAF CONFIRMED BY KEY CUSTOODIAN //09807991791"
"BM6215","Final Vault Closing","gen3","2026-09-28","18:53:47","28/09/2026 18:53:43  gen3
DUE TO NETWORK ISSUE VIDEO VERIFICATION ON WHATSAPP VIDEO CALL,NO SUSPICIOUS ACTIVITY OBSERVED,VAULT OPENING REQUEST FOR FINAL CLOSING ,MAIL APPROVED BY AM/RH VAULT DOOR RELEASED REMOTELY  BY CMS AND VAULT OPEN BY STAF CONFIRMED BY KEY CUSTOODIAN 9807991791"
"BM6215","","admin","2026-09-28","19:01:07",""
"BM6226","Final Vault Closing","gen48","2026-09-28","17:44:30","28/09/2026 17:44:27  gen48
LIVE VIEW CHECKED,NO SUSPICIOUS ACTIVITY OBSERVED,VAULT OPENING REQUEST FOR CLOSING PURPOSE VAULT DOOR RELEASED REMOTELY BY CMS AND VAULT OPEN BY BRANCH STAFF CONFIRMED BY KEY CUSTOODIAN    3   08822874301"
"BM6226","","admin","2026-09-29","09:27:55",""
"BM6235","Customer Purpose","gen15","2026-09-28","10:58:13","28/09/2026 10:58:08  gen15
LIVE VIEW CHECKED, NO SUSPICIOUS ACTIVITY OBSERVED, VAULT DOOR RELEASED REMOTELY BY CMS AND VAULT OPENED BY BRANCH STAFF, CONFIRMED BY A KEY CUSTODIAN 3 9639773365"
"BM6235","Customer Purpose","gen24","2026-09-28","13:32:07","28/09/2026 13:32:02  gen24
LIVE VIEW CHECKED, NO SUSPICIOUS ACTIVITY OBSERVED, VAULT DOOR RELEASED REMOTELY BY CMS AND VAULT OPENED BY BRANCH STAFF, CONFIRMED BY A KEY CUSTODIAN  09639773365"
"BM6235","Final Vault Closing","gen25","2026-09-28","18:09:06","28/09/2026 18:09:03  gen25
LIVE VIEW CHECKED,NO SUSPICIOUS ACTIVITY OBSERVED,VAULT OPENING REQUEST FOR CLOSING PURPOSE VAULT DOOR RELEASED REMOTELY BY CMS AND VAULT OPEN BY BRANCH STAFF CONFIRMED BY KEY CUSTOODIAN     1      09759133332"
"BM6239","","admin","2026-09-28","09:29:05",""
"BM6239","Customer Purpose","gen37","2026-09-28","15:17:00","28/09/2026 15:16:56  gen37
LIVE VIEW CHECKED, NO SUSPICIOUS ACTIVITY OBSERVED, VAULT DOOR RELEASED REMOTELY BY CMS AND VAULT OPENED BY BRANCH STAFF, CONFIRMED BY A KEY CUSTODIAN  1 07003358136"
"BM6239","Final Vault Closing","gen1","2026-09-28","17:37:25","28/09/2026 17:37:21  gen1
LIVE VIEW CHECKED,NO SUSPICIOUS ACTIVITY OBSERVED,VAULT OPENING REQUEST FOR CLOSING PURPOSE VAULT DOOR RELEASED REMOTELY BY CMS AND VAULT OPEN BY BRANCH STAFF CONFIRMED BY KEY CUSTOODIAN 07003358136"
"BM6239","","admin","2026-09-29","09:29:47",""
"BM6260","Not Operate","gen10","2026-09-28","12:13:49","28/09/2026 12:13:45  gen10
LIVE VIEW CHECKED,NO SUSPICIOUS ACTIVITY OBSERVED,NO NEED TO OPERATE VAULT CONFIRMED BY KEY CUSTOODIAN.1...................6206055183"
"BM6260","Audit Purpose","gen10","2026-09-28","12:15:51","28/09/2026 12:15:47  gen10
LIVE VIEW CHECKED,NO SUSPICIOUS ACTIVITY OBSERVED,VAULT OPENING REQUEST FOR AUDIT, MAIL APPROVED BY Aniket Pathak, VAULT DOOR RELEASED REMOTELY BY CMS, AND VAULT OPENED BY BRANCH STAFF CONFIRMED BY A KEY CUSTOODIAN.1..............6206055183"
"BM6260","Not Operate","gen3","2026-09-28","14:09:31","28/09/2026 14:09:25  gen3
LIVE VIEW CHECKED,NO SUSPICIOUS ACTIVITY OBSERVED,NO NEED TO OPERATE VAULT CONFIRMED BY KEY CUSTOODIAN. 06206055183"
"BM6260","Audit Purpose","gen11","2026-09-28","14:57:02","28/09/2026 14:56:59  gen11
LIVE VIEW CHECKED,NO SUSPICIOUS ACTIVITY OBSERVED,VAULT OPENING REQUEST FOR AUDIT  MAIL APPROVED BYAniket Pathak <aniketkumar.pathak@iifl.com>, VAULT DOOR RELEASED REMOTELY BY CMS, AND VAULT OPENED BY BRANCH STAFF CONFIRMED BY A KEY CUSTOODIAN.1  6206055183"
"BM6260","Audit Purpose","gen19","2026-09-28","15:59:58","28/09/2026 15:59:51  gen19
LIVE VIEW CHECKED,NO SUSPICIOUS ACTIVITY OBSERVED,VAULT OPENING REQUEST FOR AUDIT MAIL APPROVED BY Aniket Pathak   VAULT DOOR RELEASED REMOTELY BY CMS, AND VAULT OPENED BY BRANCH STAFF CONFIRMED BY A KEY CUSTOODIAN 8709298610"
"BM6260","Audit Purpose","iifl1","2026-09-28","18:09:09","28/09/2026 18:09:00  iifl1
LIVE VIEW CHECKED,NO SUSPICIOUS ACTIVITY OBSERVED,VAULT OPENING REQUEST FOR AUDIT, MAIL APPROVED BY Aniket Pathak , VAULT DOOR RELEASED REMOTELY BY CMS, AND VAULT OPENED BY BRANCH STAFF CONFIRMED BY A KEY CUSTOODIAN.2....08709298610"
"BM6260","Audit Purpose","iifl4","2026-09-28","19:07:16","28/09/2026 19:06:56  iifl4
LIVE VIEW CHECKED,NO SUSPICIOUS ACTIVITY OBSERVED,VAULT OPENING REQUEST AFTER WORKING HOUR, MAIL APPROVAL BY Aniket Pathak  VAULT DOOR RELEASED REMOTELY BY CMS, AND VAULT OPENED BY BRANCH STAFF CONFIRMED BY A KEY CUSTOODIAN. 1.6206055183"
"BM6260","Taken Excess Time","iifl2","2026-09-28","19:10:39","28/09/2026 19:10:36  iifl2
IN ACCORDANCE WITH LIVE MONITORING,BRANCH STAFF TOOK LONGER THAN STATED TIME FOR VAULT ROOM OPERATION,AND THE OPERATION WAS COMPLETED IN 53 MINUTES.ALSO INFORMED BY TWO WAY COMMUNICATION 

TIME: 18:08:05 TO  7:00:57 PM"
"BM6260","Final Vault Closing","iifl3","2026-09-28","19:26:37","28/09/2026 19:26:32  iifl3
LIVE VIEW CHECKED,NO SUSPICIOUS ACTIVITY OBSERVED,VAULT OPENING REQUEST AFTER WORKING HOUR, MAIL APPROVAL BY 
  
Aniket Pathak VAULT DOOR RELEASED REMOTELY BY CMS, AND VAULT OPENED BY BRANCH STAFF CONFIRMED BY A KEY CUSTOODIAN. 06206055183"
"BM6260","Audit Check","iifl2","2026-09-28","19:30:00","28/09/2026 19:29:56  iifl2
TESTING BY AUDITOR SIR , CONFIRMED BY YWOWAY COMMUNICATION , ALL OK."
"BM6261","Customer Purpose","gen25","2026-09-28","13:21:00","28/09/2026 13:20:57  gen25
LIVE VIEW CHECKED, NO SUSPICIOUS ACTIVITY OBSERVED, VAULT DOOR RELEASED REMOTELY BY CMS AND VAULT OPENED BY BRANCH STAFF, CONFIRMED BY A KEY CUSTODIAN     1       08984198095"
"BM6261","Final Vault Closing","gen48","2026-09-28","17:47:34","28/09/2026 17:47:31  gen48
LIVE VIEW CHECKED,NO SUSPICIOUS ACTIVITY OBSERVED,VAULT OPENING REQUEST FOR CLOSING PURPOSE VAULT DOOR RELEASED REMOTELY BY CMS AND VAULT OPEN BY BRANCH STAFF CONFIRMED BY KEY CUSTOODIAN   2  09777749545"
"BM6264","","admin","2026-09-28","09:22:07",""
"BM6264","Final Vault Closing","gen38","2026-09-28","17:51:20","28/09/2026 17:51:12  gen38
LIVE VIEW CHECKED,NO SUSPICIOUS ACTIVITY OBSERVED,VAULT OPENING REQUEST FOR CLOSING PURPOSE VAULT DOOR RELEASED REMOTELY BY CMS AND VAULT OPEN BY BRANCH STAFF CONFIRMED BY KEY CUSTOODIAN 7278328601"
"BM6264","","admin","2026-09-29","09:22:55",""
"BM6265","","admin","2026-09-28","09:22:53",""
"BM6265","Customer Purpose","gen21","2026-09-28","10:44:54","28/09/2026 10:45:37  gen21
LIVE VIEW CHECKED, NO SUSPICIOUS ACTIVITY OBSERVED, VAULT DOOR RELEASED REMOTELY BY CMS AND VAULT OPENED BY BRANCH STAFF, CONFIRMED BY A KEY CUSTODIAN    1     7001789926"
"BM6265","Customer Purpose","gen10","2026-09-28","12:44:45","28/09/2026 12:44:39  gen10
LIVE VIEW CHECKED, NO SUSPICIOUS ACTIVITY OBSERVED, VAULT DOOR RELEASED REMOTELY BY CMS AND VAULT OPENED BY BRANCH STAFF, CONFIRMED BY A KEY CUSTODIAN 1................7001789926"
"BM6265","Customer Purpose","gen28","2026-09-28","14:29:49","28/09/2026 14:29:45  gen28
LIVE VIEW CHECKED, NO SUSPICIOUS ACTIVITY OBSERVED, VAULT DOOR RELEASED REMOTELY BY CMS AND VAULT OPENED BY BRANCH STAFF, CONFIRMED BY A KEY CUSTODIAN   7076393576"
"BM6265","Customer Purpose","gen34","2026-09-28","15:21:23","28/09/2026 15:21:18  gen34
LIVE VIEW CHECKED, NO SUSPICIOUS ACTIVITY OBSERVED, VAULT DOOR RELEASED REMOTELY BY CMS AND VAULT OPENED BY BRANCH STAFF, CONFIRMED BY A KEY CUSTODIANb 7001789926"
"BM6265","Customer Purpose","gen15","2026-09-28","16:28:26","28/09/2026 16:28:21  gen15
LIVE VIEW CHECKED, NO SUSPICIOUS ACTIVITY OBSERVED, VAULT DOOR RELEASED REMOTELY BY CMS AND VAULT OPENED BY BRANCH STAFF, CONFIRMED BY A KEY CUSTODIAN 1 7001789926"
"BM6265","Final Vault Closing","gen39","2026-09-28","18:01:58","28/09/2026 18:01:51  gen39
LIVE VIEW CHECKED,NO SUSPICIOUS ACTIVITY OBSERVED,VAULT OPENING REQUEST FOR CLOSING PURPOSE VAULT DOOR RELEASED REMOTELY BY CMS AND VAULT OPEN BY BRANCH STAFF CONFIRMED BY KEY CUSTOODIAN  70017899263"
"BM6265","","admin","2026-09-29","09:25:19",""
"BM6266","Customer Purpose","gen10","2026-09-28","14:21:43","28/09/2026 14:21:40  gen10
LIVE VIEW CHECKED, NO SUSPICIOUS ACTIVITY OBSERVED, VAULT DOOR RELEASED REMOTELY BY CMS AND VAULT OPENED BY BRANCH STAFF, CONFIRMED BY A KEY CUSTODIAN 2................7001605125"
"BM6266","Final Vault Closing","gen34","2026-09-28","17:46:59","28/09/2026 17:46:51  gen34
LIVE VIEW CHECKED,NO SUSPICIOUS ACTIVITY OBSERVED,VAULT OPENING REQUEST FOR CLOSING PURPOSE VAULT DOOR RELEASED REMOTELY BY CMS AND VAULT OPEN BY BRANCH STAFF CONFIRMED BY KEY CUSTOODIAN 7001605125"
"BM6266","","admin","2026-09-29","09:26:10",""
"BM6267","Customer Purpose","gen17","2026-09-28","11:45:15","28/09/2026 11:45:11  gen17
LIVE VIEW CHECKED, NO SUSPICIOUS ACTIVITY OBSERVED, VAULT DOOR RELEASED REMOTELY BY CMS AND VAULT OPENED BY BRANCH STAFF, CONFIRMED BY A KEY CUSTODIAN 1....07557020162"
"BM6267","Not Allowed","gen18","2026-09-28","15:46:06","28/09/2026 15:45:55  gen18
LIVE VIEW CHECKED,NO SUSPICIOUS ACTIVITY OBSERVED,NO NEED TO OPERATE VAULT CONFIRMED BY KEY CUSTOODIAN.2   08900233534"
"BM6267","Not Operate","gen25","2026-09-28","15:50:29","28/09/2026 15:50:24  gen25
LIVE VIEW CHECKED,NO SUSPICIOUS ACTIVITY OBSERVED,NO NEED TO OPERATE VAULT CONFIRMED BY KEY CUSTOODIAN.    1     07557020162"
"BM6267","Customer Purpose","gen36","2026-09-28","15:57:05","28/09/2026 15:57:01  gen36
LIVE VIEW CHECKED, NO SUSPICIOUS ACTIVITY OBSERVED, VAULT DOOR RELEASED REMOTELY BY CMS AND VAULT OPENED BY BRANCH STAFF, CONFIRMED BY A KEY CUSTODIAN   8900233534"
"BM6267","Final Vault Closing","gen11","2026-09-28","18:30:43","28/09/2026 18:30:38  gen11
LIVE VIEW CHECKED,NO SUSPICIOUS ACTIVITY OBSERVED,VAULT OPENING REQUEST FOR CLOSING PURPOSE VAULT DOOR RELEASED REMOTELY BY CMS AND VAULT OPEN BY BRANCH STAFF CONFIRMED BY KEY CUSTOODIAN 1  8900233534"
"BM6267","","admin","2026-09-29","09:29:50",""
"BM6274","Audit Purpose","gen6","2026-09-28","10:50:22","28/09/2026 10:50:16  gen6
LIVE VIEW CHECKED,NO SUSPICIOUS ACTIVITY OBSERVED,VAULT OPENING REQUEST FOR AUDIT/ MAIL APPROVED BY Biswajit Deka , VAULT DOOR RELEASED REMOTELY BY CMS, AND VAULT OPENED BY BRANCH STAFF CONFIRMED BY A KEY CUSTOODIAN. 08974494313"
"BM6274","Audit Purpose","gen10","2026-09-28","12:30:26","28/09/2026 12:30:13  gen10
LIVE VIEW CHECKED,NO SUSPICIOUS ACTIVITY OBSERVED,VAULT OPENING REQUEST FOR AUDIT, MAIL APPROVED BY Biswajit Deka, VAULT DOOR RELEASED REMOTELY BY CMS, AND VAULT OPENED BY BRANCH STAFF CONFIRMED BY A KEY CUSTOODIAN.2...............8974494313"
"BM6274","Audit Purpose","gen14","2026-09-28","13:59:08","28/09/2026 13:59:04  gen14
LIVE VIEW CHECKED,NO SUSPICIOUS ACTIVITY OBSERVED,VAULT OPENING REQUEST FOR AUDIT, MAIL APPROVED BY Biswajit Deka VAULT DOOR RELEASED REMOTELY BY CMS, AND VAULT OPENED BY BRANCH STAFF CONFIRMED BY A KEY CUSTOODIAN 1   09378092249"
"BM6274","Audit Purpose","gen4","2026-09-28","14:55:06","28/09/2026 14:54:57  gen4
LIVE VIEW CHECKED,NO SUSPICIOUS ACTIVITY OBSERVED,VAULT OPENING REQUEST FOR AUDIT, MAIL APPROVED Biswajit Deka, VAULT DOOR RELEASED REMOTELY BY CMS, AND VAULT OPENED BY BRANCH STAFF CONFIRMED BY A KEY CUSTOODIAN.  9378092249"
"BM6274","Audit Purpose","gen5","2026-09-28","16:58:14","28/09/2026 16:58:08  gen5
LIVE VIEW CHECKED,NO SUSPICIOUS ACTIVITY OBSERVED,VAULT OPENING REQUEST FOR AUDIT, MAIL APPROVED BY Biswajit Deka <biswajit.deka@iifl.com>, VAULT DOOR RELEASED REMOTELY BY CMS, AND VAULT OPENED BY BRANCH STAFF CONFIRMED BY A KEY CUSTOODIAN.,09378092249"
"BM6274","Audit Purpose","gen26","2026-09-28","17:53:24","28/09/2026 17:53:05  gen26
LIVE VIEW CHECKED,NO SUSPICIOUS ACTIVITY OBSERVED,VAULT OPENING REQUEST FOR AUDIT MAIL APPROVED BY  Biswajit Deka, VAULT DOOR RELEASED REMOTELY BY CMS, AND VAULT OPENED BY BRANCH STAFF CONFIRMED BY A KEY CUSTOODIAN.   09378092249"
"BM6274","Final Vault Closing","gen7","2026-09-28","18:45:04","28/09/2026 18:44:55  gen7
LIVE VIEW CHECKED,NO SUSPICIOUS ACTIVITY OBSERVED,VAULT OPENING REQUEST FOR CLOSING PURPOSE VAULT DOOR RELEASED REMOTELY BY CMS AND VAULT OPEN BY BRANCH STAFF CONFIRMED BY KEY CUSTOODIAN 1-9378092249"
"BM6274","","admin","2026-09-29","09:29:50",""
"BM6282","Customer Purpose","gen6","2026-09-28","11:13:29","28/09/2026 11:13:25  gen6
LIVE VIEW CHECKED, NO SUSPICIOUS ACTIVITY OBSERVED, VAULT DOOR RELEASED REMOTELY BY CMS AND VAULT OPENED BY BRANCH STAFF, CONFIRMED BY A KEY CUSTODIAN 08503088823"
"BM6282","Customer Purpose","gen16","2026-09-28","12:17:42","28/09/2026 12:17:36  gen16
LIVE VIEW CHECKED, NO SUSPICIOUS ACTIVITY OBSERVED, VAULT DOOR RELEASED REMOTELY BY CMS AND VAULT OPENED BY BRANCH STAFF, CONFIRMED BY A KEY CUSTODIAN  9785312667"
"BM6282","Customer Purpose","gen3","2026-09-28","13:32:49","28/09/2026 13:32:45  gen3
LIVE VIEW CHECKED, NO SUSPICIOUS ACTIVITY OBSERVED, VAULT DOOR RELEASED REMOTELY BY CMS AND VAULT OPENED BY BRANCH STAFF, CONFIRMED BY A KEY CUSTODIAN 09351637625"
"BM6282","Customer Purpose","gen32","2026-09-28","14:52:06","28/09/2026 14:52:08  gen32
LIVE VIEW CHECKED, NO SUSPICIOUS ACTIVITY OBSERVED, VAULT DOOR RELEASED REMOTELY BY CMS AND VAULT OPENED BY BRANCH STAFF, CONFIRMED BY A KEY CUSTODIAN   08503088823"
"BM6282","Customer Purpose","gen38","2026-09-28","15:26:13","28/09/2026 15:26:07  gen38
LIVE VIEW CHECKED, NO SUSPICIOUS ACTIVITY OBSERVED, VAULT DOOR RELEASED REMOTELY BY CMS AND VAULT OPENED BY BRANCH STAFF, CONFIRMED BY A KEY CUSTODIAN 9785312667"
"BM6282","Final Vault Closing","gen37","2026-09-28","17:53:48","28/09/2026 17:53:44  gen37
LIVE VIEW CHECKED,NO SUSPICIOUS ACTIVITY OBSERVED,VAULT OPENING REQUEST FOR CLOSING PURPOSE VAULT DOOR RELEASED REMOTELY BY CMS AND VAULT OPEN BY BRANCH STAFF CONFIRMED BY KEY CUSTOODIAN 1 09351637625"
"BM6290","Customer Purpose","gen21","2026-09-28","11:37:19","28/09/2026 11:38:03  gen21
LIVE VIEW CHECKED, NO SUSPICIOUS ACTIVITY OBSERVED, VAULT DOOR RELEASED REMOTELY BY CMS AND VAULT OPENED BY BRANCH STAFF, CONFIRMED BY A KEY CUSTODIAN    1   9038580819"
"BM6290","Customer Purpose","gen39","2026-09-28","15:49:36","28/09/2026 15:49:31  gen39
LIVE VIEW CHECKED, NO SUSPICIOUS ACTIVITY OBSERVED, VAULT DOOR RELEASED REMOTELY BY CMS AND VAULT OPENED BY BRANCH STAFF, CONFIRMED BY A KEY CUSTODIAN   08337004941"
"BM6290","Customer Purpose","gen36","2026-09-28","16:44:52","28/09/2026 16:44:49  gen36
LIVE VIEW CHECKED, NO SUSPICIOUS ACTIVITY OBSERVED, VAULT DOOR RELEASED REMOTELY BY CMS AND VAULT OPENED BY BRANCH STAFF, CONFIRMED BY A KEY CUSTODIAN   8337004941"
"BM6290","Final Vault Closing","gen18","2026-09-28","18:00:13","28/09/2026 18:00:09  gen18
LIVE VIEW CHECKED,NO SUSPICIOUS ACTIVITY OBSERVED,VAULT OPENING REQUEST FOR CLOSING PURPOSE VAULT DOOR RELEASED REMOTELY BY CMS AND VAULT OPEN BY BRANCH STAFF CONFIRMED BY KEY CUSTOODIAN   08337004941"
"BM6290","","admin","2026-09-28","18:35:08",""
"BM6290","","admin","2026-09-29","09:23:40",""
"BM6295","Customer Purpose","gen29","2026-09-28","14:03:01","28/09/2026 14:02:48  gen29
DUE TO NETWORK ISSUE VIDEO VERIFICATION ON WHATSAPP VIDEO CALL,NO SUSPICIOUS ACTIVITY OBSERVED,VAULT OPENING REQUEST FOR CUSTOMER PURPOSE VAULT DOOR RELEASED MANUALLY BY CMS AND VAULT OPEN BY STAF CONFIRMED BY KEY CUSTOODIAN 9242874490
in time 13:53:32"
"BM6295","Engineer at site","gen20","2026-09-28","15:59:26","28/09/2026 15:59:07  gen20
WORK IN PROGRESS, ENGINEER AT SITE. CONFIRMED BY KC 16296993289"
"BM6295","Engineer at site","gen5","2026-09-28","16:10:52","28/09/2026 16:10:48  gen5
WORK IN PROGRESS, ENGINEER AT SITE."
"BM6295","Engineer at site","","2026-09-28","16:12:48",""
"BM6295","Engineer at site","iifl2","2026-09-28","16:12:58",""
"BM6295","Engineer at site","","2026-09-28","16:12:58",""
"BM6295","Engineer at site","gen5","2026-09-28","16:13:00","28/09/2026 16:12:57  gen5
WORK IN PROGRESS, ENGINEER AT SITE.  CONFIRMED BY TWO WAY  COMMUNICATION"
"BM6295","Engineer at site","","2026-09-28","16:13:08",""
"BM6295","Engineer at site","gen5","2026-09-28","16:13:16","28/09/2026 16:13:10  gen5
WORK IN PROGRESS, ENGINEER AT SITE.  CONFIRMED BY TWO WAY  COMMUNICATION"
"BM6295","Engineer at site","gen5","2026-09-28","16:13:46","28/09/2026 16:13:37  gen5
WORK IN PROGRESS, ENGINEER AT SITE.  CONFIRMED BY TWO WAY  COMMUNICATION"
"BM6295","Engineer at site","gen5","2026-09-28","16:14:06","28/09/2026 16:14:00  gen5
WORK IN PROGRESS, ENGINEER AT SITE.  CONFIRMED BY TWO WAY  COMMUNICATION"
"BM6295","Engineer at site","gen5","2026-09-28","16:14:18",""
"BM6295","Customer Purpose","gen36","2026-09-28","16:21:10","28/09/2026 16:20:54  gen36
LIVE VIEW CHECKED, NO SUSPICIOUS ACTIVITY OBSERVED, VAULT DOOR RELEASED REMOTELY BY CMS AND VAULT OPENED BY BRANCH STAFF, CONFIRMED BY A KEY CUSTODIAN  8617210921"
"BM6295","Engineer at site","gen36","2026-09-28","16:21:41","28/09/2026 16:21:37  gen36
WORK IN PROGRESS, ENGINEER AT SITE.  CONFIRMED BY  8617210921"
"BM6295","Engineer at site","gen39","2026-09-28","16:25:24","28/09/2026 16:25:01  gen39
WORK IN PROGRESS, ENGINEER AT SITE. CONFIRMED BY TWOWAY COMMUNICATION"
"BM6295","Engineer at site","","2026-09-28","16:25:33",""
"BM6295","Engineer at site","gen39","2026-09-28","16:25:50","28/09/2026 16:25:46  gen39
WORK IN PROGRESS, ENGINEER AT SITE. CONFIRMED BY TWOWAY COMMUNICATION"
"BM6295","Engineer at site","gen39","2026-09-28","16:26:11","28/09/2026 16:26:02  gen39
WORK IN PROGRESS, ENGINEER AT SITE. CONFIRMED BY TWOWAY COMMUNICATION"
"BM6295","Engineer at site","","2026-09-28","16:26:29",""
"BM6295","Engineer at site","gen39","2026-09-28","16:26:29",""
"BM6295","Engineer at site","gen39","2026-09-28","16:26:29",""
"BM6295","Engineer at site","","2026-09-28","16:26:44",""
"BM6295","Engineer at site","","2026-09-28","16:26:55",""
"BM6295","Engineer at site","","2026-09-28","16:33:09",""
"BM6295","Engineer at site","gen7","2026-09-28","16:36:06","28/09/2026 16:36:02  gen7
WORK IN PROGRESS, ENGINEER AT SITE."
"BM6295","Engineer at site","","2026-09-28","16:36:18",""
"BM6295","Engineer at site","gen7","2026-09-28","16:36:18",""
"BM6295","Engineer at site","gen7","2026-09-28","16:36:18",""
"BM6295","Engineer at site","gen7","2026-09-28","16:36:29",""
"BM6295","Engineer at site","gen7","2026-09-28","16:36:38",""
"BM6295","Engineer at site","gen7","2026-09-28","16:36:47",""
"BM6295","Engineer at site","gen25","2026-09-28","16:43:15","28/09/2026 16:43:09  gen25
WORK IN PROGRESS, ENGINEER AT SITE.  CONFIRM BY KC     08617210921"
"BM6295","Customer Purpose","gen7","2026-09-28","17:15:13","28/09/2026 17:15:09  gen7
LIVE VIEW CHECKED, NO SUSPICIOUS ACTIVITY OBSERVED, VAULT DOOR RELEASED REMOTELY BY CMS AND VAULT OPENED BY BRANCH STAFF, CONFIRMED BY A KEY CUSTODIAN 6296993289"
"BM6295","Final Vault Closing","gen46","2026-09-28","18:06:25","28/09/2026 18:06:19  gen46
LIVE VIEW CHECKED,NO SUSPICIOUS ACTIVITY OBSERVED,VAULT OPENING REQUEST FOR CLOSING PURPOSE VAULT DOOR RELEASED REMOTELY BY CMS AND VAULT OPEN BY BRANCH STAFF CONFIRMED BY KEY CUSTOODIAN    8617210921"
"BM6296","","admin","2026-09-28","09:23:38",""
"BM6296","Customer Purpose","gen16","2026-09-28","15:39:50","28/09/2026 15:39:45  gen16
LIVE VIEW CHECKED, NO SUSPICIOUS ACTIVITY OBSERVED, VAULT DOOR RELEASED REMOTELY BY CMS AND VAULT OPENED BY BRANCH STAFF, CONFIRMED BY A KEY CUSTODIAN  6294591202"
"BM6296","Final Vault Closing","gen3","2026-09-28","18:28:26","28/09/2026 18:28:22  gen3
LIVE VIEW CHECKED,NO SUSPICIOUS ACTIVITY OBSERVED,VAULT OPENING REQUEST FOR CLOSING PURPOSE VAULT DOOR RELEASED REMOTELY BY CMS AND VAULT OPEN BY BRANCH STAFF CONFIRMED BY KEY CUSTOODIAN  08167086885"
"BM6296","","admin","2026-09-28","18:35:34",""
"BM6296","","admin","2026-09-29","09:27:08",""
"BM6298","","admin","2026-09-28","09:22:52",""
"BM6298","Packet Counting","gen15","2026-09-28","10:41:50","28/09/2026 10:41:44  gen15
LIVE VIEW CHECKED,NO SUSPICIOUS ACTIVITY OBSERVED,VAULT OPENING REQUEST FOR PACKET COUNTING, MAIL APPROVED BY Ayan Roy <ayan.roy@iifl.com> VAULT DOOR RELEASED REMOTELY BY CMS, AND VAULT OPENED BY BRANCH STAFF CONFIRMED BY A KEY CUSTOODIAN.1  7890163352"
"BM6298","Packet Counting","gen7","2026-09-28","11:33:25","28/09/2026 11:33:19  gen7
LIVE VIEW CHECKED,NO SUSPICIOUS ACTIVITY OBSERVED,VAULT OPENING REQUEST FOR PACKET COUNTING, MAIL APPROVED BY 
  
Ayan Roy  VAULT DOOR RELEASED REMOTELY BY CMS, AND VAULT OPENED BY BRANCH STAFF CONFIRMED BY A KEY CUSTOODIAN.1-7890163352"
"BM6298","Customer Purpose","gen2","2026-09-28","12:10:37","28/09/2026 12:10:34  gen2
LIVE VIEW CHECKED, NO SUSPICIOUS ACTIVITY OBSERVED, VAULT DOOR RELEASED REMOTELY BY CMS AND VAULT OPENED BY BRANCH STAFF, CONFIRMED BY A KEY CUSTODIAN   1  7890163352"
"BM6298","Customer Purpose","gen48","2026-09-28","16:15:54","28/09/2026 16:15:51  gen48
LIVE VIEW CHECKED, NO SUSPICIOUS ACTIVITY OBSERVED, VAULT DOOR RELEASED REMOTELY BY CMS AND VAULT OPENED BY BRANCH STAFF, CONFIRMED BY A KEY CUSTODIAN   1    07890163352"
"BM6298","Final Vault Closing","gen10","2026-09-28","18:11:18","28/09/2026 18:11:14  gen10
LIVE VIEW CHECKED,NO SUSPICIOUS ACTIVITY OBSERVED,VAULT OPENING REQUEST FOR CLOSING PURPOSE VAULT DOOR RELEASED REMOTELY BY CMS AND VAULT OPEN BY BRANCH STAFF CONFIRMED BY KEY CUSTOODIAN 1................7890163352"
"BM6298","","admin","2026-09-29","09:22:54",""
"BM6313","Not Operate","gen3","2026-09-28","12:36:33","28/09/2026 12:36:28  gen3
LIVE VIEW CHECKED,NO SUSPICIOUS ACTIVITY OBSERVED,NO NEED TO OPERATE VAULT CONFIRMED BY KEY CUSTOODIAN. 08755798074"
"BM6313","Customer Purpose","gen26","2026-09-28","12:40:40","28/09/2026 12:40:36  gen26
LIVE VIEW CHECKED, NO SUSPICIOUS ACTIVITY OBSERVED, VAULT DOOR RELEASED REMOTELY BY CMS AND VAULT OPENED BY BRANCH STAFF, CONFIRMED BY A KEY CUSTODIAN   07906211587"
"BM6313","Customer Purpose","gen8","2026-09-28","14:02:13","28/09/2026 14:02:03  gen8
LIVE VIEW CHECKED, NO SUSPICIOUS ACTIVITY OBSERVED, VAULT DOOR RELEASED REMOTELY BY CMS AND VAULT OPENED BY BRANCH STAFF, CONFIRMED BY A KEY CUSTODIAN     2   8755798074"
"BM6313","Customer Purpose","gen10","2026-09-28","14:58:50","28/09/2026 14:58:47  gen10
LIVE VIEW CHECKED, NO SUSPICIOUS ACTIVITY OBSERVED, VAULT DOOR RELEASED REMOTELY BY CMS AND VAULT OPENED BY BRANCH STAFF, CONFIRMED BY A KEY CUSTODIAN 2.................8755798074"
"BM6313","Customer Purpose","gen3","2026-09-28","17:43:12","28/09/2026 17:43:08  gen3
LIVE VIEW CHECKED, NO SUSPICIOUS ACTIVITY OBSERVED, VAULT DOOR RELEASED REMOTELY BY CMS AND VAULT OPENED BY BRANCH STAFF, CONFIRMED BY A KEY CUSTODIAN 08755798074"
"BM6313","Final Vault Closing","gen30","2026-09-28","18:59:21","28/09/2026 18:59:02  gen30
LIVE VIEW CHECKED,NO SUSPICIOUS ACTIVITY OBSERVED,VAULT OPENING REQUEST FOR CLOSING PURPOSE VAULT DOOR RELEASED REMOTELY BY CMS AND VAULT OPEN BY BRANCH STAFF CONFIRMED BY KEY CUSTOODIAN 1 .7906211587"
"BM6313","","admin","2026-09-28","19:08:27",""
"BM6324","Not Allowed","gen5","2026-09-28","10:09:14","28/09/2026 10:09:09  gen5
LIVE VIEW CHECKED, NO SUSPICIOUS ACTIVITY OBSERVED, VAULT OPENING REQUEST   BEFORE WORKING HOUR  , NEEDS TO MAIL APPROVAL, AND NOT ALLOWED VAULT OPERATION, CALL TO KEY CUSTOODIAN.   1,,,, 09758222772"
"BM6324","Customer Purpose","gen47","2026-09-28","10:53:28","28/09/2026 10:53:23  gen47
LIVE VIEW CHECKED, NO SUSPICIOUS ACTIVITY OBSERVED, VAULT DOOR RELEASED REMOTELY BY CMS AND VAULT OPENED BY BRANCH STAFF, CONFIRMED BY A KEY CUSTODIAN   9758222772"
"BM6324","Customer Purpose","gen19","2026-09-28","13:40:23","28/09/2026 13:40:19  gen19
LIVE VIEW CHECKED, NO SUSPICIOUS ACTIVITY OBSERVED, VAULT DOOR RELEASED REMOTELY BY CMS AND VAULT OPENED BY BRANCH STAFF, CONFIRMED BY A KEY CUSTODIAN 9758222772"
"BM6324","Customer Purpose","gen29","2026-09-28","15:44:12","28/09/2026 15:44:07  gen29
LIVE VIEW CHECKED, NO SUSPICIOUS ACTIVITY OBSERVED, VAULT DOOR RELEASED REMOTELY BY CMS AND VAULT OPENED BY BRANCH STAFF, CONFIRMED BY A KEY CUSTODIAN  9997748766"
"BM6324","Final Vault Closing","gen25","2026-09-28","17:14:35","28/09/2026 17:14:30  gen25
LIVE VIEW CHECKED,NO SUSPICIOUS ACTIVITY OBSERVED,VAULT OPENING REQUEST FOR CLOSING PURPOSE VAULT DOOR RELEASED REMOTELY BY CMS AND VAULT OPEN BY BRANCH STAFF CONFIRMED BY KEY CUSTOODIAN      2     09997748766"
"BM6330","","admin","2026-09-28","09:13:20",""
"BM6330","Customer Purpose","gen10","2026-09-28","11:39:46","28/09/2026 11:39:43  gen10
LIVE VIEW CHECKED, NO SUSPICIOUS ACTIVITY OBSERVED, VAULT DOOR RELEASED REMOTELY BY CMS AND VAULT OPENED BY BRANCH STAFF, CONFIRMED BY A KEY CUSTODIAN 2.......................9954828967"
"BM6330","Customer Purpose","gen10","2026-09-28","13:02:07","28/09/2026 13:02:03  gen10
LIVE VIEW CHECKED, NO SUSPICIOUS ACTIVITY OBSERVED, VAULT DOOR RELEASED REMOTELY BY CMS AND VAULT OPENED BY BRANCH STAFF, CONFIRMED BY A KEY CUSTODIAN 2..............9954828967"
"BM6330","Customer Purpose","gen9","2026-09-28","15:29:30","28/09/2026 15:29:27  gen9
LIVE VIEW CHECKED, NO SUSPICIOUS ACTIVITY OBSERVED, VAULT DOOR RELEASED REMOTELY BY CMS AND VAULT OPENED BY BRANCH STAFF, CONFIRMED BY A KEY CUSTODIAN      1     06002198833"
"BM6330","Customer Purpose","gen32","2026-09-28","16:56:22","28/09/2026 16:56:20  gen32
LIVE VIEW CHECKED, NO SUSPICIOUS ACTIVITY OBSERVED, VAULT DOOR RELEASED REMOTELY BY CMS AND VAULT OPENED BY BRANCH STAFF, CONFIRMED BY A KEY CUSTODIAN       06002198833"
"BM6330","Final Vault Closing","iifl7","2026-09-28","18:11:23","28/09/2026 18:11:19  iifl7
LIVE VIEW CHECKED,NO SUSPICIOUS ACTIVITY OBSERVED,VAULT OPENING REQUEST FOR CLOSING PURPOSE VAULT DOOR RELEASED REMOTELY BY CMS AND VAULT OPEN BY BRANCH STAFF CONFIRMED BY KEY CUSTOODIAN 2 09954828967"
"BM6330","","admin","2026-09-29","09:08:00",""
"BM6337","Audit Purpose","gen35","2026-09-28","11:01:26","28/09/2026 11:00:58  gen35
DUE TO NETWORK ISSUE VIDEO VERIFICATION ON WHATSAPP VIDEO CALL,NO SUSPICIOUS ACTIVITY OBSERVED,VAULT OPENING REQUEST FOR AUDIT,MAIL APPROVED BY Subhadip Ghosh <subhadip.ghosh@iifl.com>VAULT DOOR RELEASED REMOTELY/MANUALLY BY CMS AND VAULT OPEN BY STAF CONFIRMED BY KEY CUSTOODIAN   2  06355395173"
"BM6337","Customer Purpose","gen30","2026-09-28","13:56:58","28/09/2026 13:56:40  gen30
DUE TO NETWORK ISSUE VIDEO VERIFICATION ON WHATSAPP VIDEO CALL,NO SUSPICIOUS ACTIVITY OBSERVED,VAULT OPENING REQUEST FOR CUSTOMER PURPOSE VAULT DOOR RELEASED REMOTELY BY CMS AND VAULT OPEN BY STAF CONFIRMED BY KEY CUSTOODIAN  3.8389933130"
"BM6337","Audit Purpose","gen29","2026-09-28","16:04:41","28/09/2026 16:04:34  gen29
DUE TO NETWORK ISSUE VIDEO VERIFICATION ON WHATSAPP VIDEO CALL,NO SUSPICIOUS ACTIVITY OBSERVED,VAULT OPENING REQUEST FOR AUDIT MAIL APPROVED BY Subhadip Ghosh VAULT DOOR RELEASED REMOTELY/MANUALLY BY CMS AND VAULT OPEN BY STAF CONFIRMED BY KEY CUSTOODIAN 8389933130
IN TIME 15:35:38"
"BM6337","Audit Purpose","gen21","2026-09-28","17:12:03","28/09/2026 17:12:44  gen21
DUE TO NETWORK ISSUE VIDEO VERIFICATION ON WHATSAPP VIDEO CALL,NO SUSPICIOUS ACTIVITY OBSERVED,VAULT OPENING REQUEST FOR AUDIT ,MAIL APPROVED BY Subhadip Ghosh <subhadip.ghosh@iifl.com> VAULT DOOR RELEASED MANUALLY BY CMS AND VAULT OPEN BY STAF CONFIRMED BY KEY CUSTOODIAN 1     8389933130"
"BM6337","Final Vault Closing","iifl3","2026-09-28","18:47:13","28/09/2026 18:47:08  iifl3
DUE TO NETWORK ISSUE VIDEO VERIFICATION ON WHATSAPP VIDEO CALL,NO SUSPICIOUS ACTIVITY OBSERVED,VAULT OPENING REQUEST FOR CLOSING PURPOSE VAULT DOOR RELEASED MANUALLY BY CMS AND VAULT OPEN BY STAF CONFIRMED BY KEY CUSTOODIAN 3     8389933130 
TIME - 18:30:46 TO 18:34:27"
"BM6337","","admin","2026-09-29","09:29:49",""
"BM6345","","admin","2026-09-28","09:16:16",""
"BM6345","Not Allowed","gen13","2026-09-28","13:08:21","28/09/2026 13:08:10  gen13
LIVE VIEW CHECKED, NO SUSPICIOUS ACTIVITY OBSERVED, VAULT OPENING REQUEST FOR CUSTOMER PURPOSE BUT CUSTOMER NOT AVAILABLE IN BRANCH  , AND NOT ALLOWED VAULT OPERATION, CALL TO KEY CUSTOODIAN.1/08509890245"
"BM6345","Customer Purpose","gen7","2026-09-28","14:58:55","28/09/2026 14:58:51  gen7
LIVE VIEW CHECKED, NO SUSPICIOUS ACTIVITY OBSERVED, VAULT DOOR RELEASED REMOTELY BY CMS AND VAULT OPENED BY BRANCH STAFF, CONFIRMED BY A KEY CUSTODIAN 7550820144"
"BM6345","Customer Purpose","gen2","2026-09-28","16:47:18","28/09/2026 16:47:15  gen2
LIVE VIEW CHECKED, NO SUSPICIOUS ACTIVITY OBSERVED, VAULT DOOR RELEASED REMOTELY BY CMS AND VAULT OPENED BY BRANCH STAFF, CONFIRMED BY A KEY CUSTODIAN  1  8509890245"
"BM6345","Customer Purpose","gen14","2026-09-28","17:57:39","28/09/2026 17:57:34  gen14
LIVE VIEW CHECKED, NO SUSPICIOUS ACTIVITY OBSERVED, VAULT DOOR RELEASED REMOTELY BY CMS AND VAULT OPENED BY BRANCH STAFF, CONFIRMED BY A KEY CUSTODIAN   1    08509890245"
"BM6345","Final Vault Closing","gen39","2026-09-28","18:19:04","28/09/2026 18:18:49  gen39
LIVE VIEW CHECKED,NO SUSPICIOUS ACTIVITY OBSERVED,VAULT OPENING REQUEST FOR CLOSING PURPOSE VAULT DOOR RELEASED REMOTELY BY CMS AND VAULT OPEN BY BRANCH STAFF CONFIRMED BY KEY CUSTOODIAN 8509890245"
"BM6345","","admin","2026-09-29","09:16:47",""
"BM6349","Customer Purpose","gen29","2026-09-28","14:23:56","28/09/2026 14:23:50  gen29
LIVE VIEW CHECKED, NO SUSPICIOUS ACTIVITY OBSERVED, VAULT DOOR RELEASED REMOTELY BY CMS AND VAULT OPENED BY BRANCH STAFF, CONFIRMED BY A KEY CUSTODIAN   09759288002"
"BM6349","Customer Purpose","gen14","2026-09-28","15:42:59","28/09/2026 15:42:56  gen14
LIVE VIEW CHECKED, NO SUSPICIOUS ACTIVITY OBSERVED, VAULT DOOR RELEASED REMOTELY BY CMS AND VAULT OPENED BY BRANCH STAFF, CONFIRMED BY A KEY CUSTODIAN  2    09568689351"
"BM6349","Final Vault Closing","gen22","2026-09-28","18:36:42","28/09/2026 18:36:38  gen22
LIVE VIEW CHECKED,NO SUSPICIOUS ACTIVITY OBSERVED,VAULT OPENING REQUEST FOR CLOSING PURPOSE VAULT DOOR RELEASED REMOTELY BY CMS AND VAULT OPEN BY BRANCH STAFF CONFIRMED BY KEY CUSTOODIAN   1 9568689351"
"BM6349","","admin","2026-09-28","18:52:50",""
"BM6358","Customer Purpose","gen33","2026-09-28","14:39:11","28/09/2026 14:39:06  gen33
LIVE VIEW CHECKED, NO SUSPICIOUS ACTIVITY OBSERVED, VAULT DOOR RELEASED REMOTELY BY CMS AND VAULT OPENED BY BRANCH STAFF, CONFIRMED BY A KEY CUSTODIAN 09808491039"
"BM6358","Customer Purpose","gen6","2026-09-28","14:54:24","28/09/2026 14:54:19  gen6
LIVE VIEW CHECKED, NO SUSPICIOUS ACTIVITY OBSERVED, VAULT DOOR RELEASED REMOTELY BY CMS AND VAULT OPENED BY BRANCH STAFF, CONFIRMED BY A KEY CUSTODIAN 09808491039"
"BM6358","Final Vault Closing","iifl1","2026-09-28","21:01:21","28/09/2026 21:01:16  iifl1
LIVE VIEW CHECKED,NO SUSPICIOUS ACTIVITY OBSERVED,VAULT OPENING REQUEST AFTER WORKING HOUR, MAIL APPROVAL BY  Aman Kumar VAULT DOOR RELEASED REMOTELY BY CMS, AND VAULT OPENED BY BRANCH STAFF CONFIRMED BY A KEY CUSTOODIAN.1.    9808491039"
"BM6382","","admin","2026-09-28","09:28:16",""
"BM6382","Customer Purpose","gen21","2026-09-28","14:32:12","28/09/2026 14:32:56  gen21
LIVE VIEW CHECKED, NO SUSPICIOUS ACTIVITY OBSERVED, VAULT DOOR RELEASED REMOTELY BY CMS AND VAULT OPENED BY BRANCH STAFF, CONFIRMED BY A KEY CUSTODIAN      1    8777279628"
"BM6382","Final Vault Closing","gen13","2026-09-28","17:49:28","28/09/2026 17:49:24  gen13
LIVE VIEW CHECKED,NO SUSPICIOUS ACTIVITY OBSERVED,VAULT OPENING REQUEST FOR CLOSING PURPOSE VAULT DOOR RELEASED REMOTELY BY CMS AND VAULT OPEN BY BRANCH STAFF CONFIRMED BY KEY CUSTOODIAN 1/09332578990"
"BM6382","","admin","2026-09-29","09:28:02",""
"BM6388","Customer Purpose","gen20","2026-09-28","12:04:37","28/09/2026 12:03:58  gen20
LIVE VIEW CHECKED, NO SUSPICIOUS ACTIVITY OBSERVED, VAULT DOOR RELEASED REMOTELY BY CMS AND VAULT OPENED BY BRANCH STAFF, CONFIRMED BY A KEY CUSTODIAN 1    09935700899"
"BM6388","Customer Purpose","gen1","2026-09-28","12:47:19","28/09/2026 12:47:15  gen1
LIVE VIEW CHECKED, NO SUSPICIOUS ACTIVITY OBSERVED, VAULT DOOR RELEASED REMOTELY BY CMS AND VAULT OPENED BY BRANCH STAFF, CONFIRMED BY A KEY CUSTODIAN  06396197035"
"BM6388","Customer Purpose","gen37","2026-09-28","13:14:56","28/09/2026 13:14:52  gen37
LIVE VIEW CHECKED, NO SUSPICIOUS ACTIVITY OBSERVED, VAULT DOOR RELEASED REMOTELY BY CMS AND VAULT OPENED BY BRANCH STAFF, CONFIRMED BY A KEY CUSTODIAN  3    06396197035"
"BM6388","Customer Purpose","gen30","2026-09-28","14:33:23","28/09/2026 14:33:04  gen30
LIVE VIEW CHECKED, NO SUSPICIOUS ACTIVITY OBSERVED, VAULT DOOR RELEASED REMOTELY BY CMS AND VAULT OPENED BY BRANCH STAFF, CONFIRMED BY A KEY CUSTODIAN 3 .6396197035"
"BM6388","Customer Purpose","gen16","2026-09-28","14:45:20","28/09/2026 14:45:15  gen16
LIVE VIEW CHECKED, NO SUSPICIOUS ACTIVITY OBSERVED, VAULT DOOR RELEASED REMOTELY BY CMS AND VAULT OPENED BY BRANCH STAFF, CONFIRMED BY A KEY CUSTODIAN   6396197035"
"BM6388","Customer Purpose","gen2","2026-09-28","15:41:31","28/09/2026 15:41:28  gen2
DUE TO NETWORK ISSUE VIDEO VERIFICATION ON WHATSAPP VIDEO CALL,NO SUSPICIOUS ACTIVITY OBSERVED,VAULT OPENING REQUEST FOR CUSTOMER PURPOSE VAULT DOOR RELEASED REMOTELY   BY CMS AND VAULT OPEN BY STAF CONFIRMED BY KEY CUSTOODIAN 2    8077179855"
"BM6388","Customer Purpose","gen30","2026-09-28","16:15:51","28/09/2026 16:15:30  gen30
DUE TO NETWORK ISSUE VIDEO VERIFICATION ON WHATSAPP VIDEO CALL,NO SUSPICIOUS ACTIVITY OBSERVED,VAULT OPENING REQUEST FOR CUSTOMER PURPOSE VAULT DOOR RELEASED REMOTELY BY CMS AND VAULT OPEN BY STAF CONFIRMED BY KEY CUSTOODIAN 1 .9935700899"
"BM6388","Customer Purpose","gen26","2026-09-28","16:36:38","28/09/2026 16:36:35  gen26
LIVE VIEW CHECKED, NO SUSPICIOUS ACTIVITY OBSERVED, VAULT DOOR RELEASED REMOTELY BY CMS AND VAULT OPENED BY BRANCH STAFF, CONFIRMED BY A KEY CUSTODIAN  06396197035"
"BM6388","Final Vault Closing","gen6","2026-09-28","18:38:54","28/09/2026 18:38:50  gen6
LIVE VIEW CHECKED,NO SUSPICIOUS ACTIVITY OBSERVED,VAULT OPENING REQUEST FOR CLOSING PURPOSE VAULT DOOR RELEASED REMOTELY BY CMS AND VAULT OPEN BY BRANCH STAFF CONFIRMED BY KEY CUSTOODIAN 06396197035"
"BM6388","","admin","2026-09-28","18:52:49",""
"BM6392","","admin","2026-09-28","09:29:55",""
"BM6392","Not Operate","gen4","2026-09-28","11:15:34","28/09/2026 11:15:27  gen4
LIVE VIEW CHECKED,NO SUSPICIOUS ACTIVITY OBSERVED,NO NEED TO OPERATE VAULT CONFIRMED BY KEY CUSTOODIAN.  9774072002"
"BM6392","Audit Purpose","gen9","2026-09-28","11:40:44","28/09/2026 11:40:40  gen9
LIVE VIEW CHECKED,NO SUSPICIOUS ACTIVITY OBSERVED,VAULT OPENING REQUEST FOR AUDIT MAIL APPROVED BY RAJIB DEY <rajib.dey@iifl.com>, VAULT DOOR RELEASED REMOTELY BY CMS, AND VAULT OPENED BY BRANCH STAFF CONFIRMED BY A KEY CUSTOODIAN.    1     08794779817"
"BM6392","Audit Purpose","gen35","2026-09-28","12:04:56","28/09/2026 12:04:50  gen35
LIVE VIEW CHECKED,NO SUSPICIOUS ACTIVITY OBSERVED,VAULT OPENING REQUEST FOR AUDIT MAIL APPROVED BY  RAJIB DEY <rajib.dey@iifl.com>, VAULT DOOR RELEASED REMOTELY BY CMS, AND VAULT OPENED BY BRANCH STAFF CONFIRMED BY A KEY CUSTOODIAN.1/  08794779817"
"BM6392","Audit Purpose","gen16","2026-09-28","12:27:20","28/09/2026 12:27:13  gen16
LIVE VIEW CHECKED,NO SUSPICIOUS ACTIVITY OBSERVED,VAULT OPENING REQUEST FOR AUDIT MAIL APPROVED BYRAJIB DEY, VAULT DOOR RELEASED REMOTELY BY CMS, AND VAULT OPENED BY BRANCH STAFF CONFIRMED BY A KEY CUSTOODIAN  9774072002"
"BM6392","Audit Purpose","gen48","2026-09-28","12:42:02","28/09/2026 12:41:58  gen48
LIVE VIEW CHECKED,NO SUSPICIOUS ACTIVITY OBSERVED,VAULT OPENING REQUEST FOR AUDIT, MAIL APPROVED BY RAJIB DEY, VAULT DOOR RELEASED REMOTELY BY CMS, AND VAULT OPENED BY BRANCH STAFF CONFIRMED BY A KEY CUSTOODIAN.   1    08794779817"
"BM6392","Audit Purpose","gen11","2026-09-28","13:36:09","28/09/2026 13:36:05  gen11
LIVE VIEW CHECKED,NO SUSPICIOUS ACTIVITY OBSERVED,VAULT OPENING REQUEST FOR AUDIT MAIL APPROVED BYRAJIB DEY <rajib.dey@iifl.com>, VAULT DOOR RELEASED REMOTELY BY CMS, AND VAULT OPENED BY BRANCH STAFF CONFIRMED BY A KEY CUSTOODIAN.1  8794779817"
"BM6392","Taken Excess Time","iifl2","2026-09-28","15:06:16","28/09/2026 15:06:13  iifl2
IN ACCORDANCE WITH LIVE MONITORING,BRANCH STAFF TOOK LONGER THAN STATED TIME FOR VAULT ROOM OPERATION,AND THE OPERATION WAS COMPLETED IN 53 MINUTES.ALSO INFORMED BY TWO WAY COMMUNICATION 

TIME: 12:39:48 TO 1:32:52 PM"
"BM6392","Audit Purpose","gen26","2026-09-28","15:21:00","28/09/2026 15:20:56  gen26
LIVE VIEW CHECKED,NO SUSPICIOUS ACTIVITY OBSERVED,VAULT OPENING REQUEST FOR AUDIT/, MAIL APPROVED BY RAJIB DEY, VAULT DOOR RELEASED REMOTELY BY CMS, AND VAULT OPENED BY BRANCH STAFF CONFIRMED BY A KEY CUSTOODIAN.  07005208637"
"BM6392","Audit Purpose","gen5","2026-09-28","16:52:16","28/09/2026 16:52:11  gen5
LIVE VIEW CHECKED,NO SUSPICIOUS ACTIVITY OBSERVED,VAULT OPENING REQUEST FOR AUDIT, MAIL APPROVED BY RAJIB DEY <rajib.dey@iifl.com>, VAULT DOOR RELEASED REMOTELY BY CMS, AND VAULT OPENED BY BRANCH STAFF CONFIRMED BY A KEY CUSTOODIAN. 09774072002"
"BM6392","Final Vault Closing","gen48","2026-09-28","18:28:05","28/09/2026 18:28:02  gen48
LIVE VIEW CHECKED,NO SUSPICIOUS ACTIVITY OBSERVED,VAULT OPENING REQUEST FOR CLOSING PURPOSE VAULT DOOR RELEASED REMOTELY BY CMS AND VAULT OPEN BY BRANCH STAFF CONFIRMED BY KEY CUSTOODIAN 1/08794779817"
"BM6392","","admin","2026-09-29","09:22:54",""
"BM6417","Customer Purpose","gen6","2026-09-28","11:19:29","28/09/2026 11:19:26  gen6
LIVE VIEW CHECKED, NO SUSPICIOUS ACTIVITY OBSERVED, VAULT DOOR RELEASED REMOTELY BY CMS AND VAULT OPENED BY BRANCH STAFF, CONFIRMED BY A KEY CUSTODIAN 07037570537"
"BM6417","Customer Purpose","gen35","2026-09-28","11:27:17","28/09/2026 11:27:13  gen35
LIVE VIEW CHECKED, NO SUSPICIOUS ACTIVITY OBSERVED, VAULT DOOR RELEASED REMOTELY BY CMS AND VAULT OPENED BY BRANCH STAFF, CONFIRMED BY A KEY CUSTODIAN   09548024131"
"BM6417","Customer Purpose","gen12","2026-09-28","12:28:39","28/09/2026 12:28:36  gen12
DUE TO NETWORK ISSUE VIDEO VERIFICATION ON WHATSAPP VIDEO CALL,NO SUSPICIOUS ACTIVITY OBSERVED,VAULT OPENING REQUEST FOR CUSTOMER PURPOSE VAULT DOOR RELEASED REMOTELY BY CMS AND VAULT OPEN BY STAF CONFIRMED BY KEY CUSTOODIAN 05754226394113"
"BM6417","Customer Purpose","gen14","2026-09-28","12:58:56","28/09/2026 12:58:54  gen14
LIVE VIEW CHECKED, NO SUSPICIOUS ACTIVITY OBSERVED, VAULT DOOR RELEASED REMOTELY BY CMS AND VAULT OPENED BY BRANCH STAFF, CONFIRMED BY A KEY CUSTODIAN 1    07037570537"
"BM6417","Customer Purpose","gen22","2026-09-28","13:48:52","28/09/2026 13:48:48  gen22
DUE TO NETWORK ISSUE VIDEO VERIFICATION ON WHATSAPP VIDEO CALL,NO SUSPICIOUS ACTIVITY OBSERVED,VAULT OPENING REQUEST FOR CUSTOMER PURPOSE VAULT DOOR RELEASED REMOTELY BY CMS AND VAULT OPEN BY STAF CONFIRMED BY KEY CUSTOODIAN 2/9548024131"
"BM6417","Customer Purpose","gen18","2026-09-28","13:59:36","28/09/2026 13:59:25  gen18
LIVE VIEW CHECKED, NO SUSPICIOUS ACTIVITY OBSERVED, VAULT DOOR RELEASED REMOTELY BY CMS AND VAULT OPENED BY BRANCH STAFF, CONFIRMED BY A KEY CUSTODIAN   07037570537"
"BM6417","Final Vault Closing","gen4","2026-09-28","18:16:18","28/09/2026 18:16:06  gen4
LIVE VIEW CHECKED,NO SUSPICIOUS ACTIVITY OBSERVED,VAULT OPENING REQUEST FOR CLOSING PURPOSE VAULT DOOR RELEASED REMOTELY BY CMS AND VAULT OPEN BY BRANCH STAFF CONFIRMED BY KEY CUSTOODIAN   7037570537"
"BM6417","","admin","2026-09-28","18:34:47",""
"BM6438","","admin","2026-09-28","09:16:57",""
"BM6438","Customer Purpose","gen7","2026-09-28","11:47:54","28/09/2026 11:47:46  gen7
LIVE VIEW CHECKED, NO SUSPICIOUS ACTIVITY OBSERVED, VAULT DOOR RELEASED REMOTELY BY CMS AND VAULT OPENED BY BRANCH STAFF, CONFIRMED BY A KEY CUSTODIAN 6002146391"
"BM6438","Customer Purpose","gen7","2026-09-28","12:59:10","28/09/2026 12:59:01  gen7
LIVE VIEW CHECKED, NO SUSPICIOUS ACTIVITY OBSERVED, VAULT DOOR RELEASED REMOTELY BY CMS AND VAULT OPENED BY BRANCH STAFF, CONFIRMED BY A KEY CUSTODIAN 6002146391"
"BM6438","Final Vault Closing","gen39","2026-09-28","17:55:49","28/09/2026 17:55:42  gen39
LIVE VIEW CHECKED,NO SUSPICIOUS ACTIVITY OBSERVED,VAULT OPENING REQUEST FOR CLOSING PURPOSE VAULT DOOR RELEASED REMOTELY BY CMS AND VAULT OPEN BY BRANCH STAFF CONFIRMED BY KEY CUSTOODIAN 6002146391"
"BM6438","Taken Excess Time","iifl2","2026-09-28","18:50:15","28/09/2026 18:50:12  iifl2
IN ACCORDANCE WITH LIVE MONITORING,BRANCH STAFF TOOK LONGER THAN STATED TIME FOR VAULT ROOM OPERATION,AND THE OPERATION WAS COMPLETED IN 07 MINUTES.ALSO INFORMED BY TWO WAY COMMUNICATION AND ALSO INFORMED TO KC3   6002146391

TIME: 17:55:06 TO 6:02:32 PM"
"BM6438","Genuine","iifl2","2026-09-28","18:51:15","28/09/2026 18:51:12  iifl2
LIVE VIEW CHECKED, SUSPICIOUS ACTIVITY OBSERVED, DURING VAULT ROOM TRANSACTION FOR CUSTOMER PURPOSE, ONE CUSTOODIAN INTERCHANGED WITH ANOTHER STAFF ALSO INFORMED BY TWO WAY COMMUNICATION AND KEY CUSTOODIAN3       6002146391

TIME: 17:55:06  TO 6:02:32 PM"
"BM6438","","admin","2026-09-29","09:22:10",""
"BM6593","","admin","2026-09-28","09:24:24",""
"BM6593","Customer Purpose","gen21","2026-09-28","10:14:19","28/09/2026 10:15:03  gen21
LIVE VIEW CHECKED, NO SUSPICIOUS ACTIVITY OBSERVED, VAULT DOOR RELEASED REMOTELY BY CMS AND VAULT OPENED BY BRANCH STAFF, CONFIRMED BY A KEY CUSTODIAN    1   8822663052"
"BM6593","Customer Purpose","gen23","2026-09-28","11:35:34","28/09/2026 11:35:27  gen23
LIVE VIEW CHECKED, NO SUSPICIOUS ACTIVITY OBSERVED, VAULT DOOR RELEASED REMOTELY BY CMS AND VAULT OPENED BY BRANCH STAFF, CONFIRMED BY A KEY CUSTODIAN//07002190263"
"BM6593","Customer Purpose","gen10","2026-09-28","15:10:50","28/09/2026 15:10:47  gen10
LIVE VIEW CHECKED, NO SUSPICIOUS ACTIVITY OBSERVED, VAULT DOOR RELEASED REMOTELY BY CMS AND VAULT OPENED BY BRANCH STAFF, CONFIRMED BY A KEY CUSTODIAN 2.................7002190263"
"BM6593","Final Vault Closing","gen18","2026-09-28","18:14:48","28/09/2026 18:14:43  gen18
LIVE VIEW CHECKED,NO SUSPICIOUS ACTIVITY OBSERVED,VAULT OPENING REQUEST FOR CLOSING PURPOSE VAULT DOOR RELEASED REMOTELY BY CMS AND VAULT OPEN BY BRANCH STAFF CONFIRMED BY KEY CUSTOODIAN    08822663052"
"BM6593","","admin","2026-09-29","09:20:38",""
"BM6594","Customer Purpose","gen20","2026-09-28","12:18:51","28/09/2026 12:18:44  gen20
LIVE VIEW CHECKED, NO SUSPICIOUS ACTIVITY OBSERVED, VAULT DOOR RELEASED REMOTELY BY CMS AND VAULT OPENED BY BRANCH STAFF, CONFIRMED BY A KEY CUSTODIAN KC 3 08755114001"
"BM6594","Customer Purpose","gen14","2026-09-28","12:41:50","28/09/2026 12:41:48  gen14
LIVE VIEW CHECKED, NO SUSPICIOUS ACTIVITY OBSERVED, VAULT DOOR RELEASED REMOTELY BY CMS AND VAULT OPENED BY BRANCH STAFF, CONFIRMED BY A KEY CUSTODIAN  3   08755114001"
"BM6594","Customer Purpose","gen6","2026-09-28","13:36:36","28/09/2026 13:36:33  gen6
LIVE VIEW CHECKED, NO SUSPICIOUS ACTIVITY OBSERVED, VAULT DOOR RELEASED REMOTELY BY CMS AND VAULT OPENED BY BRANCH STAFF, CONFIRMED BY A KEY CUSTODIAN 08755114001"
"BM6594","Customer Purpose","gen22","2026-09-28","14:12:23","28/09/2026 14:12:20  gen22
LIVE VIEW CHECKED, NO SUSPICIOUS ACTIVITY OBSERVED, VAULT DOOR RELEASED REMOTELY BY CMS AND VAULT OPENED BY BRANCH STAFF, CONFIRMED BY A KEY CUSTODIAN   1    9997785196"
"BM6594","Customer Purpose","gen26","2026-09-28","15:37:15","28/09/2026 15:37:11  gen26
LIVE VIEW CHECKED, NO SUSPICIOUS ACTIVITY OBSERVED, VAULT DOOR RELEASED REMOTELY BY CMS AND VAULT OPENED BY BRANCH STAFF, CONFIRMED BY A KEY CUSTODIAN   09997785196"
"BM6594","Final Vault Closing","gen5","2026-09-28","18:30:18","28/09/2026 18:30:11  gen5
LIVE VIEW CHECKED,NO SUSPICIOUS ACTIVITY OBSERVED,VAULT OPENING REQUEST FOR CLOSING PURPOSE VAULT DOOR RELEASED REMOTELY BY CMS AND VAULT OPEN BY BRANCH STAFF CONFIRMED BY KEY CUSTOODIAN . 09997785196"
"BM6594","","admin","2026-09-28","18:39:07",""
"BM6615","","admin","2026-09-28","09:22:50",""
"BM6615","Customer Purpose","gen23","2026-09-28","10:29:02","28/09/2026 10:28:57  gen23
LIVE VIEW CHECKED, NO SUSPICIOUS ACTIVITY OBSERVED, VAULT DOOR RELEASED REMOTELY BY CMS AND VAULT OPENED BY BRANCH STAFF, CONFIRMED BY A KEY CUSTODIAN//07086871875"
"BM6615","Customer Purpose","gen48","2026-09-28","12:56:32","28/09/2026 12:56:30  gen48
LIVE VIEW CHECKED, NO SUSPICIOUS ACTIVITY OBSERVED, VAULT DOOR RELEASED REMOTELY BY CMS AND VAULT OPENED BY BRANCH STAFF, CONFIRMED BY A KEY CUSTODIAN   3   07086871875"
"BM6615","Customer Purpose","gen22","2026-09-28","15:17:20","28/09/2026 15:17:17  gen22
LIVE VIEW CHECKED, NO SUSPICIOUS ACTIVITY OBSERVED, VAULT DOOR RELEASED REMOTELY BY CMS AND VAULT OPENED BY BRANCH STAFF, CONFIRMED BY A KEY CUSTODIAN     1     8761914779"
"BM6615","Customer Purpose","gen10","2026-09-28","16:33:30","28/09/2026 16:33:27  gen10
LIVE VIEW CHECKED, NO SUSPICIOUS ACTIVITY OBSERVED, VAULT DOOR RELEASED REMOTELY BY CMS AND VAULT OPENED BY BRANCH STAFF, CONFIRMED BY A KEY CUSTODIAN 1.......................8761914779"
"BM6615","Customer Purpose","gen22","2026-09-28","16:57:43","28/09/2026 16:57:37  gen22
LIVE VIEW CHECKED, NO SUSPICIOUS ACTIVITY OBSERVED, VAULT DOOR RELEASED REMOTELY BY CMS AND VAULT OPENED BY BRANCH STAFF, CONFIRMED BY A KEY CUSTODIAN    1   7086871875"
"BM6615","Final Vault Closing","gen15","2026-09-28","17:43:50","28/09/2026 17:43:44  gen15
LIVE VIEW CHECKED,NO SUSPICIOUS ACTIVITY OBSERVED,VAULT OPENING REQUEST FOR CLOSING PURPOSE VAULT DOOR RELEASED REMOTELY BY CMS AND VAULT OPEN BY BRANCH STAFF CONFIRMED BY KEY CUSTOODIAN  3 7086871875"
"BM6618","","admin","2026-09-28","09:17:41",""
"BM6618","Audit Purpose","gen32","2026-09-28","10:37:03","28/09/2026 10:37:04  gen32
LIVE VIEW CHECKED,NO SUSPICIOUS ACTIVITY OBSERVED,VAULT OPENING REQUEST FOR AUDIT MAIL APPROVED BY Biswanath Manik  VAULT DOOR RELEASED REMOTELY BY CMS, AND VAULT OPENED BY BRANCH STAFF CONFIRMED BY A KEY CUSTOODIAN.   06001802412"
"BM6618","Audit Check","gen11","2026-09-28","10:50:46","28/09/2026 10:50:42  gen11
TESTING BY AUDITOR SIR CONFIRMED BY TWOWAY COMMUNICATION"
"BM6618","Audit Check","gen11","2026-09-28","10:50:59","28/09/2026 10:50:55  gen11
TESTING BY AUDITOR SIR CONFIRMED BY TWOWAY COMMUNICATION"
"BM6618","Audit Purpose","gen3","2026-09-28","11:20:52","28/09/2026 11:20:47  gen3
LIVE VIEW CHECKED,NO SUSPICIOUS ACTIVITY OBSERVED,VAULT OPENING REQUEST FOR AUDIT, MAIL APPROVED BY Biswanath Manik <biswanath.manik@iifl.com> VAULT DOOR RELEASED REMOTELY BY CMS, AND VAULT OPENED BY BRANCH STAFF CONFIRMED BY A KEY CUSTOODIAN. 06001802412"
"BM6618","Audit Purpose","gen48","2026-09-28","12:20:21","28/09/2026 12:20:18  gen48
LIVE VIEW CHECKED,NO SUSPICIOUS ACTIVITY OBSERVED,VAULT OPENING REQUEST FOR AUDIT, MAIL APPROVED BY Biswanath Manik, VAULT DOOR RELEASED REMOTELY BY CMS, AND VAULT OPENED BY BRANCH STAFF CONFIRMED BY A KEY CUSTOODIAN. 3     06001802412"
"BM6618","Audit Purpose","gen6","2026-09-28","13:47:08","28/09/2026 13:47:02  gen6
LIVE VIEW CHECKED,NO SUSPICIOUS ACTIVITY OBSERVED,VAULT OPENING REQUEST FOR AUDIT MAIL APPROVED BY Biswanath Manik, VAULT DOOR RELEASED REMOTELY BY CMS, AND VAULT OPENED BY BRANCH STAFF CONFIRMED BY A KEY CUSTOODIAN. 09365597098"
"BM6618","Audit Purpose","gen15","2026-09-28","14:24:32","28/09/2026 14:24:25  gen15
LIVE VIEW CHECKED,NO SUSPICIOUS ACTIVITY OBSERVED,VAULT OPENING REQUEST FOR AUDIT MAIL APPROVED BY Biswanath Manik <biswanath.manik@iifl.com>VAULT DOOR RELEASED REMOTELY BY CMS, AND VAULT OPENED BY BRANCH STAFF CONFIRMED BY A KEY CUSTOODIAN.1   6000201228"
"BM6618","Audit Purpose","gen28","2026-09-28","16:29:10","28/09/2026 16:29:05  gen28
LIVE VIEW CHECKED,NO SUSPICIOUS ACTIVITY OBSERVED,VAULT OPENING REQUEST FOR AUDIT/PACKET COUNTING, MAIL APPROVED BY  Biswanath Manik  VAULT DOOR RELEASED REMOTELY BY CMS, AND VAULT OPENED BY BRANCH STAFF CONFIRMED BY A KEY CUSTOODIAN.   09365597098"
"BM6618","Final Vault Closing","iifl7","2026-09-28","18:29:32","28/09/2026 18:29:24  iifl7
LIVE VIEW CHECKED,NO SUSPICIOUS ACTIVITY OBSERVED,VAULT OPENING REQUEST FOR CLOSING PURPOSE VAULT DOOR RELEASED REMOTELY BY CMS AND VAULT OPEN BY BRANCH STAFF CONFIRMED BY KEY CUSTOODIAN  2 09365597098"
"BM6618","","admin","2026-09-28","18:41:46",""
"BM6618","","admin","2026-09-29","08:06:20",""
"BM6618","","admin","2026-09-29","09:14:13",""
"BM6620","Customer Purpose","gen18","2026-09-28","14:14:14","28/09/2026 14:14:10  gen18
LIVE VIEW CHECKED, NO SUSPICIOUS ACTIVITY OBSERVED, VAULT DOOR RELEASED REMOTELY BY CMS AND VAULT OPENED BY BRANCH STAFF, CONFIRMED BY A KEY CUSTODIAN    07979938094"
"BM6620","Customer Purpose","gen8","2026-09-28","15:41:37","28/09/2026 15:41:27  gen8
LIVE VIEW CHECKED, NO SUSPICIOUS ACTIVITY OBSERVED, VAULT DOOR RELEASED REMOTELY BY CMS AND VAULT OPENED BY BRANCH STAFF, CONFIRMED BY A KEY CUSTODIAN    1   9625892843"
"BM6620","Final Vault Closing","gen34","2026-09-28","18:11:55","28/09/2026 18:11:50  gen34
LIVE VIEW CHECKED,NO SUSPICIOUS ACTIVITY OBSERVED,VAULT OPENING REQUEST FOR CLOSING PURPOSE VAULT DOOR RELEASED REMOTELY BY CMS AND VAULT OPEN BY BRANCH STAFF CONFIRMED BY KEY CUSTOODIAN 7979938094"
"BM6620","","admin","2026-09-28","18:35:18",""
"BM6620","","admin","2026-09-28","19:05:28",""
"BM6641","","admin","2026-09-28","09:01:38",""
"BM6641","Customer Purpose","gen10","2026-09-28","10:47:01","28/09/2026 10:46:58  gen10
LIVE VIEW CHECKED, NO SUSPICIOUS ACTIVITY OBSERVED, VAULT DOOR RELEASED REMOTELY BY CMS AND VAULT OPENED BY BRANCH STAFF, CONFIRMED BY A KEY CUSTODIAN 2................9706364411"
"BM6641","Customer Purpose","gen6","2026-09-28","12:14:38","28/09/2026 12:14:34  gen6
LIVE VIEW CHECKED, NO SUSPICIOUS ACTIVITY OBSERVED, VAULT DOOR RELEASED REMOTELY BY CMS AND VAULT OPENED BY BRANCH STAFF, CONFIRMED BY A KEY CUSTODIAN 06900418733"
"BM6641","Customer Purpose","gen28","2026-09-28","12:54:55","28/09/2026 12:54:51  gen28
LIVE VIEW CHECKED, NO SUSPICIOUS ACTIVITY OBSERVED, VAULT DOOR RELEASED REMOTELY BY CMS AND VAULT OPENED BY BRANCH STAFF, CONFIRMED BY A KEY CUSTODIAN 06900418733"
"BM6641","Customer Purpose","gen19","2026-09-28","15:07:22","28/09/2026 15:07:18  gen19
LIVE VIEW CHECKED, NO SUSPICIOUS ACTIVITY OBSERVED, VAULT DOOR RELEASED REMOTELY BY CMS AND VAULT OPENED BY BRANCH STAFF, CONFIRMED BY A KEY CUSTODIAN 6900418733"
"BM6641","Final Vault Closing","gen5","2026-09-28","18:01:33","28/09/2026 18:01:29  gen5
LIVE VIEW CHECKED,NO SUSPICIOUS ACTIVITY OBSERVED,VAULT OPENING REQUEST FOR CLOSING PURPOSE VAULT DOOR RELEASED REMOTELY BY CMS AND VAULT OPEN BY BRANCH STAFF CONFIRMED BY KEY CUSTOODIAN , 06900418733"
"BM6641","","admin","2026-09-28","19:07:38",""
"BM6641","","admin","2026-09-29","09:07:05",""
"BM6649","Audit Purpose","gen21","2026-09-28","10:40:54","28/09/2026 10:41:38  gen21
LIVE VIEW CHECKED,NO SUSPICIOUS ACTIVITY OBSERVED,VAULT OPENING REQUEST FOR AUDIT, MAIL APPROVED BY Bijumon P <bijumon.p@iifl.com>, VAULT DOOR RELEASED REMOTELY BY CMS, AND VAULT OPENED BY BRANCH STAFF CONFIRMED BY A KEY CUSTOODIAN.1    8178153289"
"BM6649","Audit Purpose","gen23","2026-09-28","12:12:59","28/09/2026 12:12:47  gen23
LIVE VIEW CHECKED,NO SUSPICIOUS ACTIVITY OBSERVED,VAULT OPENING REQUEST FOR AUDIT MAIL APPROVED BY Bijumon P  VAULT DOOR RELEASED REMOTELY BY CMS, AND VAULT OPENED BY BRANCH STAFF CONFIRMED BY A KEY CUSTOODIAN.//08178153289"
"BM6649","Audit Purpose","gen39","2026-09-28","13:37:20","28/09/2026 13:37:12  gen39
LIVE VIEW CHECKED,NO SUSPICIOUS ACTIVITY OBSERVED,VAULT OPENING REQUEST FOR AUDIT, MAIL APPROVED BY Bijumon P, VAULT DOOR RELEASED REMOTELY BY CMS, AND VAULT OPENED BY BRANCH STAFF CONFIRMED BY A KEY CUSTOODIAN. ...... 9634505614"
"BM6649","Not Responded","gen9","2026-09-28","14:57:47","28/09/2026 14:57:38  gen9
LIVE VIEW CHECKED, NO SUSPICIOUS ACTIVITY OBSERVED. CALL TO KC 1/2/3 BUT NOT RESPONDED."
"BM6649","Audit Purpose","gen13","2026-09-28","15:08:11","28/09/2026 15:08:06  gen13
LIVE VIEW CHECKED,NO SUSPICIOUS ACTIVITY OBSERVED,VAULT OPENING REQUEST FOR AUDIT, MAIL APPROVED BY Bijumon P <bijumon.p@iifl.com>, VAULT DOOR RELEASED REMOTELY BY CMS, AND VAULT OPENED BY BRANCH STAFF CONFIRMED BY A KEY CUSTOODIAN.2/09634505614"
"BM6649","Audit Purpose","gen2","2026-09-28","15:53:27","28/09/2026 15:53:22  gen2
LIVE VIEW CHECKED,NO SUSPICIOUS ACTIVITY OBSERVED,VAULT OPENING REQUEST FOR AUDIT , MAIL APPROVED BY     Bijumon P  , VAULT DOOR RELEASED REMOTELY BY CMS, AND VAULT OPENED BY BRANCH STAFF CONFIRMED BY A KEY CUSTOODIAN.  2  09634505614"
"BM6649","Audit Purpose","gen23","2026-09-28","16:19:14","28/09/2026 16:19:11  gen23
LIVE VIEW CHECKED,NO SUSPICIOUS ACTIVITY OBSERVED,VAULT OPENING REQUEST FOR AUDIT, MAIL APPROVED BY Bijumon P, VAULT DOOR RELEASED REMOTELY BY CMS, AND VAULT OPENED BY BRANCH STAFF CONFIRMED BY A KEY CUSTOODIAN.//08178153289"
"BM6649","Customer Purpose","gen10","2026-09-28","17:23:05","28/09/2026 17:23:02  gen10
LIVE VIEW CHECKED, NO SUSPICIOUS ACTIVITY OBSERVED, VAULT DOOR RELEASED REMOTELY BY CMS AND VAULT OPENED BY BRANCH STAFF, CONFIRMED BY A KEY CUSTODIAN 3................8178153289"
"BM6649","Final Vault Closing","gen15","2026-09-28","18:31:38","28/09/2026 18:31:31  gen15
LIVE VIEW CHECKED,NO SUSPICIOUS ACTIVITY OBSERVED,VAULT OPENING REQUEST FOR CLOSING PURPOSE VAULT DOOR RELEASED REMOTELY BY CMS AND VAULT OPEN BY BRANCH STAFF CONFIRMED BY KEY CUSTOODIAN 1 8449130883"
"BM6649","","admin","2026-09-28","18:43:42",""
"BM6683","Customer Purpose","gen47","2026-09-28","11:04:32","28/09/2026 11:04:28  gen47
LIVE VIEW CHECKED, NO SUSPICIOUS ACTIVITY OBSERVED, VAULT DOOR RELEASED REMOTELY BY CMS AND VAULT OPENED BY BRANCH STAFF, CONFIRMED BY A KEY CUSTODIAN    7037525813"
"BM6683","Customer Purpose","gen2","2026-09-28","12:50:08","28/09/2026 12:50:05  gen2
LIVE VIEW CHECKED, NO SUSPICIOUS ACTIVITY OBSERVED, VAULT DOOR RELEASED REMOTELY BY CMS AND VAULT OPENED BY BRANCH STAFF, CONFIRMED BY A KEY CUSTODIAN    1   7037525813"
"BM6683","Customer Purpose","gen11","2026-09-28","13:03:54","28/09/2026 13:03:50  gen11
LIVE VIEW CHECKED, NO SUSPICIOUS ACTIVITY OBSERVED, VAULT DOOR RELEASED REMOTELY BY CMS AND VAULT OPENED BY BRANCH STAFF, CONFIRMED BY A KEY CUSTODIAN  1    7037525813"
"BM6683","Customer Purpose","gen46","2026-09-28","13:30:00","28/09/2026 13:29:57  gen46
LIVE VIEW CHECKED, NO SUSPICIOUS ACTIVITY OBSERVED, VAULT DOOR RELEASED REMOTELY BY CMS AND VAULT OPENED BY BRANCH STAFF, CONFIRMED BY A KEY CUSTODIAN     7037525813"
"BM6683","Customer Purpose","gen29","2026-09-28","14:00:30","28/09/2026 14:00:17  gen29
LIVE VIEW CHECKED, NO SUSPICIOUS ACTIVITY OBSERVED, VAULT DOOR RELEASED REMOTELY BY CMS AND VAULT OPENED BY BRANCH STAFF, CONFIRMED BY A KEY CUSTODIAN  7037525813"
"BM6683","Final Vault Closing","gen46","2026-09-28","18:12:48","28/09/2026 18:12:45  gen46
LIVE VIEW CHECKED,NO SUSPICIOUS ACTIVITY OBSERVED,VAULT OPENING REQUEST FOR CLOSING PURPOSE VAULT DOOR RELEASED REMOTELY BY CMS AND VAULT OPEN BY BRANCH STAFF CONFIRMED BY KEY CUSTOODIAN    9971962109"
"BM6684","Audit Purpose","gen10","2026-09-28","10:42:15","28/09/2026 10:42:08  gen10
LIVE VIEW CHECKED,NO SUSPICIOUS ACTIVITY OBSERVED,VAULT OPENING REQUEST FOR AUDIT, MAIL APPROVED BY Vishal Goyal, VAULT DOOR RELEASED REMOTELY BY CMS, AND VAULT OPENED BY BRANCH STAFF CONFIRMED BY A KEY CUSTOODIAN. 2...................9425150932"
"BM6684","Audit Purpose","gen33","2026-09-28","11:29:41","28/09/2026 11:29:19  gen33
LIVE VIEW CHECKED,NO SUSPICIOUS ACTIVITY OBSERVED,VAULT OPENING REQUEST FOR AUDIT/ MAIL APPROVED BYVishal Goyal <vishal.goyal@iifl.com>, VAULT DOOR RELEASED REMOTELY BY CMS, AND VAULT OPENED BY BRANCH STAFF CONFIRMED BY A KEY CUSTOODIAN. 08791771088"
"BM6684","Audit Purpose","gen21","2026-09-28","16:13:02","28/09/2026 16:13:41  gen21
LIVE VIEW CHECKED,NO SUSPICIOUS ACTIVITY OBSERVED,VAULT OPENING REQUEST FOR AUDIT MAIL APPROVED BY Vishal Goyal <vishal.goyal@iifl.com>, VAULT DOOR RELEASED REMOTELY BY CMS, AND VAULT OPENED BY BRANCH STAFF CONFIRMED BY A KEY CUSTOODIAN.1/   8791771088"
"BM6684","Audit Check","gen21","2026-09-28","16:14:33","28/09/2026 16:15:11  gen21
TESTING BY AUDITOR SIR , CONFIRMED BY TWO WAY COMMUNICATION AND KEY CUSTOODIAN 1/     8791771088, ALL OK."
"BM6684","Audit Check","gen21","2026-09-28","16:14:55","28/09/2026 16:15:34  gen21
TESTING BY AUDITOR SIR , CONFIRMED BY TWO WAY COMMUNICATION AND KEY CUSTOODIAN 1/     8791771088, ALL OK."
"BM6684","Audit Check","gen21","2026-09-28","16:15:17","28/09/2026 16:16:00  gen21
TESTING BY AUDITOR SIR , CONFIRMED BY TWO WAY COMMUNICATION AND KEY CUSTOODIAN 1/     8791771088, ALL OK."
"BM6684","Audit Check","gen21","2026-09-28","16:15:45","28/09/2026 16:16:23  gen21
TESTING BY AUDITOR SIR , CONFIRMED BY TWO WAY COMMUNICATION AND KEY CUSTOODIAN 1/     8791771088, ALL OK."
"BM6684","Audit Purpose","gen22","2026-09-28","17:13:27","28/09/2026 17:13:20  gen22
LIVE VIEW CHECKED,NO SUSPICIOUS ACTIVITY OBSERVED,VAULT OPENING REQUEST FOR AUDIT, MAIL APPROVED BY Vishal Goyal , VAULT DOOR RELEASED REMOTELY BY CMS, AND VAULT OPENED BY BRANCH STAFF CONFIRMED BY A KEY CUSTOODIAN.1/8791771088"
"BM6684","Customer Purpose","gen25","2026-09-28","17:43:30","28/09/2026 17:43:27  gen25
LIVE VIEW CHECKED, NO SUSPICIOUS ACTIVITY OBSERVED, VAULT DOOR RELEASED REMOTELY BY CMS AND VAULT OPENED BY BRANCH STAFF, CONFIRMED BY A KEY CUSTODIAN    1     08791771088"
"BM6684","Audit Purpose","gen5","2026-09-28","18:25:30","28/09/2026 18:25:25  gen5
LIVE VIEW CHECKED,NO SUSPICIOUS ACTIVITY OBSERVED,VAULT OPENING REQUEST FOR AUDIT, MAIL APPROVED BY Vishal Goyal <vishal.goyal@iifl.com>, VAULT DOOR RELEASED REMOTELY BY CMS, AND VAULT OPENED BY BRANCH STAFF CONFIRMED BY A KEY CUSTOODIAN. 08791771088"
"BM6684","Final Vault Closing","gen30","2026-09-28","18:56:23","28/09/2026 18:56:06  gen30
LIVE VIEW CHECKED,NO SUSPICIOUS ACTIVITY OBSERVED,VAULT OPENING REQUEST FOR CLOSING PURPOSE VAULT DOOR RELEASED REMOTELY BY CMS AND VAULT OPEN BY BRANCH STAFF CONFIRMED BY KEY CUSTOODIAN  1 .8791771088"
"BM6684","","admin","2026-09-28","19:06:13",""
"BM6685","Engineer at site","gen25","2026-09-28","10:26:58","28/09/2026 10:26:53  gen25
WORK IN PROGRESS, ENGINEER AT SITE.CONFIRM BY KC 1  07055121296"
"BM6685","Engineer at site","gen25","2026-09-28","10:27:20",""
"BM6685","Engineer at site","gen25","2026-09-28","10:27:29",""
"BM6685","Engineer at site","gen25","2026-09-28","10:27:40",""
"BM6685","Engineer at site","gen25","2026-09-28","10:27:51",""
"BM6685","Customer Purpose","gen22","2026-09-28","10:37:35","28/09/2026 10:37:31  gen22
LIVE VIEW CHECKED, NO SUSPICIOUS ACTIVITY OBSERVED, VAULT DOOR RELEASED REMOTELY BY CMS AND VAULT OPENED BY BRANCH STAFF, CONFIRMED BY A KEY CUSTODIAN   1    07055121296"
"BM6685","Customer Purpose","gen16","2026-09-28","10:44:16","28/09/2026 10:44:06  gen16
LIVE VIEW CHECKED, NO SUSPICIOUS ACTIVITY OBSERVED, VAULT DOOR RELEASED REMOTELY BY CMS AND VAULT OPENED BY BRANCH STAFF, CONFIRMED BY A KEY CUSTODIAN  7055121296"
"BM6685","Engineer at site","gen29","2026-09-28","10:52:04","28/09/2026 10:51:59  gen29
WORK IN PROGRESS, ENGINEER AT SITE."
"BM6685","Engineer at site","","2026-09-28","10:59:17",""
"BM6685","Engineer at site","iifl2","2026-09-28","10:59:17",""
"BM6685","Engineer at site","iifl2","2026-09-28","10:59:17",""
"BM6685","Engineer at site","","2026-09-28","10:59:30",""
"BM6685","Engineer at site","iifl2","2026-09-28","10:59:30",""
"BM6685","Engineer at site","gen26","2026-09-28","10:59:39","28/09/2026 10:59:34  gen26
WORK IN PROGRESS, ENGINEER AT SITE. CONFIRMED BY TWO WAY COMMUNICATION"
"BM6685","Engineer at site","","2026-09-28","10:59:47",""
"BM6685","Engineer at site","iifl2","2026-09-28","10:59:47",""
"BM6685","Engineer at site","gen39","2026-09-28","11:03:13","28/09/2026 11:03:09  gen39
WORK IN PROGRESS, ENGINEER AT SITE. CONFIRMED BY TWOWAY COMMUNICATION"
"BM6685","Engineer at site","","2026-09-28","11:03:20",""
"BM6685","Engineer at site","iifl2","2026-09-28","11:03:20",""
"BM6685","Engineer at site","iifl2","2026-09-28","11:03:20",""
"BM6685","Engineer at site","iifl2","2026-09-28","11:03:20",""
"BM6685","Engineer at site","gen39","2026-09-28","11:03:32","28/09/2026 11:03:29  gen39
WORK IN PROGRESS, ENGINEER AT SITE. CONFIRMED BY TWOWAY COMMUNICATION"
"BM6685","Engineer at site","gen39","2026-09-28","11:04:01","28/09/2026 11:03:57  gen39
WORK IN PROGRESS, ENGINEER AT SITE. CONFIRMED BY TWOWAY COMMUNICATION"
"BM6685","Engineer at site","gen39","2026-09-28","11:04:20","28/09/2026 11:04:12  gen39
WORK IN PROGRESS, ENGINEER AT SITE. CONFIRMED BY TWOWAY COMMUNICATION"
"BM6685","Engineer at site","gen39","2026-09-28","11:04:36","28/09/2026 11:04:31  gen39
WORK IN PROGRESS, ENGINEER AT SITE. CONFIRMED BY TWOWAY COMMUNICATION"
"BM6685","Engineer at site","gen39","2026-09-28","11:04:48","28/09/2026 11:04:45  gen39
WORK IN PROGRESS, ENGINEER AT SITE. CONFIRMED BY TWOWAY COMMUNICATION"
"BM6685","Engineer at site","gen39","2026-09-28","11:05:02","28/09/2026 11:04:58  gen39
WORK IN PROGRESS, ENGINEER AT SITE. CONFIRMED BY TWOWAY COMMUNICATION"
"BM6685","Engineer at site","gen39","2026-09-28","11:11:09",""
"BM6685","Engineer at site","gen15","2026-09-28","11:14:23","28/09/2026 11:14:17  gen15
WORK IN PROGRESS, ENGINEER AT SITE CONFIRMED  BY TWOWAY"
"BM6685","Engineer at site","gen15","2026-09-28","11:14:40","28/09/2026 11:14:34  gen15
WORK IN PROGRESS, ENGINEER AT SITE CONFIRMED  BY TWOWAY"
"BM6685","Engineer at site","gen15","2026-09-28","11:15:09","28/09/2026 11:15:03  gen15
WORK IN PROGRESS, ENGINEER AT SITE CONFIRMED  BY TWOWAY"
"BM6685","Engineer at site","gen15","2026-09-28","11:15:27","28/09/2026 11:15:21  gen15
WORK IN PROGRESS, ENGINEER AT SITE CONFIRMED  BY TWOWAY"
"BM6685","Engineer at site","gen15","2026-09-28","11:15:46","28/09/2026 11:15:39  gen15
WORK IN PROGRESS, ENGINEER AT SITE CONFIRMED  BY TWOWAY"
"BM6685","Engineer at site","gen15","2026-09-28","11:16:07","28/09/2026 11:16:02  gen15
WORK IN PROGRESS, ENGINEER AT SITE CONFIRMED  BY TWOWAY"
"BM6685","Engineer at site","gen15","2026-09-28","11:16:39","28/09/2026 11:16:33  gen15
WORK IN PROGRESS, ENGINEER AT SITE CONFIRMED  BY TWOWAY"
"BM6685","Engineer at site","","2026-09-28","11:24:30",""
"BM6685","Engineer at site","","2026-09-28","11:24:38",""
"BM6685","Engineer at site","gen5","2026-09-28","11:27:52","28/09/2026 11:27:31  gen5
LIVE VIEW CHECKED, NO SUSPICIOUS ACTIVITY OBSERVED, CONFIRMED BY TWO WAY COMMUNICATION AND KC 1....... 07055121296 ,   ALL OK

28/09/2026 11:27:50  gen5
WORK IN PROGRESS, ENGINEER AT SITE.  TWO AND KC 1.... 07055121296"
"BM6685","Engineer at site","gen5","2026-09-28","11:28:11","28/09/2026 11:28:08  gen5
WORK IN PROGRESS, ENGINEER AT SITE."
"BM6685","Engineer at site","gen5","2026-09-28","11:28:22",""
"BM6685","Engineer at site","gen5","2026-09-28","11:28:32",""
"BM6685","Engineer at site","gen36","2026-09-28","11:32:26","28/09/2026 11:32:22  gen36
WORK IN PROGRESS, ENGINEER AT SITE."
"BM6685","Engineer at site","gen25","2026-09-28","11:34:53","28/09/2026 11:34:46  gen25
WORK IN PROGRESS, ENGINEER AT SITE."
"BM6685","Engineer at site","","2026-09-28","11:35:11","28/09/2026 11:35:04  gen25
WORK IN PROGRESS, ENGINEER AT SITE."
"BM6685","Engineer at site","gen25","2026-09-28","11:35:11",""
"BM6685","Engineer at site","gen25","2026-09-28","11:35:11",""
"BM6685","Engineer at site","gen25","2026-09-28","11:35:11",""
"BM6685","Engineer at site","gen25","2026-09-28","11:35:11",""
"BM6685","Engineer at site","gen25","2026-09-28","11:35:11",""
"BM6685","Engineer at site","gen25","2026-09-28","11:35:11",""
"BM6685","Engineer at site","gen25","2026-09-28","11:35:11",""
"BM6685","Engineer at site","","2026-09-28","11:35:52",""
"BM6685","Engineer at site","","2026-09-28","11:35:59",""
"BM6685","Customer Purpose","gen3","2026-09-28","11:43:00","28/09/2026 11:42:55  gen3
LIVE VIEW CHECKED, NO SUSPICIOUS ACTIVITY OBSERVED, VAULT DOOR RELEASED REMOTELY BY CMS AND VAULT OPENED BY BRANCH STAFF, CONFIRMED BY A KEY CUSTODIAN 07055121296"
"BM6685","Customer Purpose","gen30","2026-09-28","11:53:53","28/09/2026 11:53:33  gen30
LIVE VIEW CHECKED, NO SUSPICIOUS ACTIVITY OBSERVED, VAULT DOOR RELEASED REMOTELY BY CMS AND VAULT OPENED BY BRANCH STAFF, CONFIRMED BY A KEY CUSTODIAN 1 .9675747474"
"BM6685","Not Operate","gen2","2026-09-28","12:01:59","28/09/2026 12:01:53  gen2
LIVE VIEW CHECKED,NO SUSPICIOUS ACTIVITY OBSERVED,NO NEED TO OPERATE VAULT CONFIRMED BY KEY CUSTOODIAN.  2  7055121296"
"BM6685","Engineer at site","gen2","2026-09-28","12:07:40",""
"BM6685","Engineer at site","gen2","2026-09-28","12:07:52",""
"BM6685","Engineer at site","gen2","2026-09-28","12:07:52",""
"BM6685","Engineer at site","gen2","2026-09-28","12:07:52",""
"BM6685","Engineer at site","gen2","2026-09-28","12:07:52",""
"BM6685","Engineer at site","gen2","2026-09-28","12:07:52",""
"BM6685","Engineer at site","","2026-09-28","12:07:52",""
"BM6685","Engineer at site","gen2","2026-09-28","12:07:52",""
"BM6685","Engineer at site","gen2","2026-09-28","12:07:52",""
"BM6685","Not Operate","gen23","2026-09-28","12:16:40","28/09/2026 12:16:34  gen23
LIVE VIEW CHECKED,NO SUSPICIOUS ACTIVITY OBSERVED,NO NEED TO OPERATE VAULT CONFIRMED BY KEY CUSTOODIAN.//09675747474"
"BM6685","Engineer at site","gen23","2026-09-28","12:19:59","28/09/2026 12:19:55  gen23
WORK IN PROGRESS, ENGINEER AT SITE.CONFIRMED BY TWO WAY COMMUNICATION"
"BM6685","Engineer at site","gen23","2026-09-28","12:20:17","28/09/2026 12:20:12  gen23
WORK IN PROGRESS, ENGINEER AT SITE.CONFIRMED BY TWO WAY COMMUNICATION"
"BM6685","Engineer at site","gen23","2026-09-28","12:21:40","28/09/2026 12:21:35  gen23
WORK IN PROGRESS, ENGINEER AT SITE.CONFIRMED BY TWO WAY COMMUNICATION"
"BM6685","Engineer at site","gen14","2026-09-28","12:30:16","28/09/2026 12:30:13  gen14
WORK IN PROGRESS, ENGINEER AT SITE  and confirmed by  two way"
"BM6685","Customer Purpose","gen14","2026-09-28","13:08:41","28/09/2026 13:08:38  gen14
LIVE VIEW CHECKED, NO SUSPICIOUS ACTIVITY OBSERVED, VAULT DOOR RELEASED REMOTELY BY CMS AND VAULT OPENED BY BRANCH STAFF, CONFIRMED BY A KEY CUSTODIAN 2  09675747474"
"BM6685","Customer Purpose","gen5","2026-09-28","13:39:17","28/09/2026 13:39:11  gen5
LIVE VIEW CHECKED, NO SUSPICIOUS ACTIVITY OBSERVED, VAULT DOOR RELEASED REMOTELY BY CMS AND VAULT OPENED BY BRANCH STAFF, CONFIRMED BY A KEY CUSTODIAN  2.... 07055121296"
"BM6685","Customer Purpose","gen5","2026-09-28","13:48:19","28/09/2026 13:48:16  gen5
LIVE VIEW CHECKED, NO SUSPICIOUS ACTIVITY OBSERVED, VAULT DOOR RELEASED REMOTELY BY CMS AND VAULT OPENED BY BRANCH STAFF, CONFIRMED BY A KEY CUSTODIAN  2,,,,07055121296"
"BM6685","Customer Purpose","gen22","2026-09-28","14:01:49","28/09/2026 14:01:45  gen22
LIVE VIEW CHECKED, NO SUSPICIOUS ACTIVITY OBSERVED, VAULT DOOR RELEASED REMOTELY BY CMS AND VAULT OPENED BY BRANCH STAFF, CONFIRMED BY A KEY CUSTODIAN    1   9675747474"
"BM6685","Customer Purpose","gen16","2026-09-28","14:16:52","28/09/2026 14:16:47  gen16
LIVE VIEW CHECKED, NO SUSPICIOUS ACTIVITY OBSERVED, VAULT DOOR RELEASED REMOTELY BY CMS AND VAULT OPENED BY BRANCH STAFF, CONFIRMED BY A KEY CUSTODIAN  7055121296"
"BM6685","Customer Purpose","gen30","2026-09-28","15:27:20","28/09/2026 15:27:01  gen30
LIVE VIEW CHECKED, NO SUSPICIOUS ACTIVITY OBSERVED, VAULT DOOR RELEASED REMOTELY BY CMS AND VAULT OPENED BY BRANCH STAFF, CONFIRMED BY A KEY CUSTODIAN 1 .7055121296"
"BM6685","Customer Purpose","gen13","2026-09-28","16:30:00","28/09/2026 16:29:53  gen13
LIVE VIEW CHECKED, NO SUSPICIOUS ACTIVITY OBSERVED, VAULT DOOR RELEASED REMOTELY BY CMS AND VAULT OPENED BY BRANCH STAFF, CONFIRMED BY A KEY CUSTODIAN 2/07055121296"
"BM6685","Customer Purpose","gen22","2026-09-28","16:40:25","28/09/2026 16:40:22  gen22
LIVE VIEW CHECKED, NO SUSPICIOUS ACTIVITY OBSERVED, VAULT DOOR RELEASED REMOTELY BY CMS AND VAULT OPENED BY BRANCH STAFF, CONFIRMED BY A KEY CUSTODIAN      1    9675747474"
"BM6685","Final Vault Closing","gen26","2026-09-28","18:01:59","28/09/2026 18:01:54  gen26
LIVE VIEW CHECKED,NO SUSPICIOUS ACTIVITY OBSERVED,VAULT OPENING REQUEST FOR CLOSING PURPOSE VAULT DOOR RELEASED REMOTELY BY CMS AND VAULT OPEN BY BRANCH STAFF CONFIRMED BY KEY CUSTOODIAN    09675747474"
"BM6685","","admin","2026-09-28","18:42:47",""
"BM6691","Customer Purpose","gen36","2026-09-28","11:37:56","28/09/2026 11:37:53  gen36
LIVE VIEW CHECKED, NO SUSPICIOUS ACTIVITY OBSERVED, VAULT DOOR RELEASED REMOTELY BY CMS AND VAULT OPENED BY BRANCH STAFF, CONFIRMED BY A KEY CUSTODIAN  07417832651"
"BM6691","Audit Purpose","gen35","2026-09-28","12:40:14","28/09/2026 12:40:10  gen35
LIVE VIEW CHECKED,NO SUSPICIOUS ACTIVITY OBSERVED,VAULT OPENING REQUEST FOR AUDIT, MAIL APPROVED BY Bijumon P <bijumon.p@iifl.com> VAULT DOOR RELEASED REMOTELY BY CMS, AND VAULT OPENED BY BRANCH STAFF CONFIRMED BY A KEY CUSTOODIAN.  09193366542"
"BM6691","Audit Purpose","gen37","2026-09-28","14:03:14","28/09/2026 14:03:08  gen37
LIVE VIEW CHECKED,NO SUSPICIOUS ACTIVITY OBSERVED,VAULT OPENING REQUEST FOR AUDIT, MAIL APPROVED BY Bijumon P <bijumon.p@iifl.com>, VAULT DOOR RELEASED REMOTELY BY CMS, AND VAULT OPENED BY BRANCH STAFF CONFIRMED BY A KEY CUSTOODIAN.  2 07417832651"
"BM6691","Audit Purpose","gen35","2026-09-28","15:18:12","28/09/2026 15:18:04  gen35
LIVE VIEW CHECKED,NO SUSPICIOUS ACTIVITY OBSERVED,VAULT OPENING REQUEST FOR AUDIT MAIL APPROVED BY  Bijumon P <bijumon.p@iifl.com> VAULT DOOR RELEASED REMOTELY BY CMS, AND VAULT OPENED BY BRANCH STAFF CONFIRMED BY A KEY CUSTOODIAN.    07417832651"
"BM6691","Audit Purpose","gen35","2026-09-28","17:08:36","28/09/2026 17:08:29  gen35
LIVE VIEW CHECKED,NO SUSPICIOUS ACTIVITY OBSERVED,VAULT OPENING REQUEST FOR AUDIT, MAIL APPROVED BY Bijumon P <bijumon.p@iifl.com> VAULT DOOR RELEASED REMOTELY BY CMS, AND VAULT OPENED BY BRANCH STAFF CONFIRMED BY A KEY CUSTOODIAN.  07417832651"
"BM6691","Audit Purpose","gen34","2026-09-28","17:43:57","28/09/2026 17:43:53  gen34
LIVE VIEW CHECKED,NO SUSPICIOUS ACTIVITY OBSERVED,VAULT OPENING REQUEST FOR AUDIT MAIL APPROVED BYBijumon P <bijumon.p@iifl.com>, VAULT DOOR RELEASED REMOTELY BY CMS, AND VAULT OPENED BY BRANCH STAFF CONFIRMED BY A KEY CUSTOODIAN.07417832651"
"BM6691","Final Vault Closing","gen25","2026-09-28","18:34:02","28/09/2026 18:33:54  gen25
LIVE VIEW CHECKED,NO SUSPICIOUS ACTIVITY OBSERVED,VAULT OPENING REQUEST FOR CLOSING PURPOSE VAULT DOOR RELEASED REMOTELY BY CMS AND VAULT OPEN BY BRANCH STAFF CONFIRMED BY KEY CUSTOODIAN     1    07417832651"
"BM6695","Customer Purpose","gen1","2026-09-28","11:10:58","28/09/2026 11:10:55  gen1
LIVE VIEW CHECKED, NO SUSPICIOUS ACTIVITY OBSERVED, VAULT DOOR RELEASED REMOTELY BY CMS AND VAULT OPENED BY BRANCH STAFF, CONFIRMED BY A KEY CUSTODIAN 09911337031"
"BM6695","Customer Purpose","gen3","2026-09-28","13:22:32","28/09/2026 13:22:28  gen3
LIVE VIEW CHECKED, NO SUSPICIOUS ACTIVITY OBSERVED, VAULT DOOR RELEASED REMOTELY BY CMS AND VAULT OPENED BY BRANCH STAFF, CONFIRMED BY A KEY CUSTODIAN 09643941878"
"BM6695","Customer Purpose","gen23","2026-09-28","14:22:33","28/09/2026 14:22:29  gen23
LIVE VIEW CHECKED, NO SUSPICIOUS ACTIVITY OBSERVED, VAULT DOOR RELEASED REMOTELY BY CMS AND VAULT OPENED BY BRANCH STAFF, CONFIRMED BY A KEY CUSTODIAN//09911337031"
"BM6695","Customer Purpose","gen3","2026-09-28","15:57:08","28/09/2026 15:57:05  gen3
LIVE VIEW CHECKED, NO SUSPICIOUS ACTIVITY OBSERVED, VAULT DOOR RELEASED REMOTELY BY CMS AND VAULT OPENED BY BRANCH STAFF, CONFIRMED BY A KEY CUSTODIAN 09911337031"
"BM6695","Customer Purpose","gen5","2026-09-28","17:45:13","28/09/2026 17:45:09  gen5
LIVE VIEW CHECKED, NO SUSPICIOUS ACTIVITY OBSERVED, VAULT DOOR RELEASED REMOTELY BY CMS AND VAULT OPENED BY BRANCH STAFF, CONFIRMED BY A KEY CUSTODIAN   3... 09911337031"
"BM6695","Final Vault Closing","gen38","2026-09-28","18:37:02","28/09/2026 18:36:54  gen38
LIVE VIEW CHECKED,NO SUSPICIOUS ACTIVITY OBSERVED,VAULT OPENING REQUEST FOR CLOSING PURPOSE VAULT DOOR RELEASED REMOTELY BY CMS AND VAULT OPEN BY BRANCH STAFF CONFIRMED BY KEY CUSTOODIAN 9911337031"
"BM6702","Customer Purpose","gen48","2026-09-28","14:03:10","28/09/2026 14:03:07  gen48
LIVE VIEW CHECKED, NO SUSPICIOUS ACTIVITY OBSERVED, VAULT DOOR RELEASED REMOTELY BY CMS AND VAULT OPENED BY BRANCH STAFF, CONFIRMED BY A KEY CUSTODIAN   2   08909289816"
"BM6702","Customer Purpose","gen32","2026-09-28","14:43:17","28/09/2026 14:43:20  gen32
LIVE VIEW CHECKED, NO SUSPICIOUS ACTIVITY OBSERVED, VAULT DOOR RELEASED REMOTELY BY CMS AND VAULT OPENED BY BRANCH STAFF, CONFIRMED BY A KEY CUSTODIAN           08909289816"
"BM6702","Customer Purpose","gen11","2026-09-28","15:05:52","28/09/2026 15:05:50  gen11
LIVE VIEW CHECKED, NO SUSPICIOUS ACTIVITY OBSERVED, VAULT DOOR RELEASED REMOTELY BY CMS AND VAULT OPENED BY BRANCH STAFF, CONFIRMED BY A KEY CUSTODIAN  2    8909289816"
"BM6702","Final Vault Closing","gen36","2026-09-28","18:28:03","28/09/2026 18:27:59  gen36
LIVE VIEW CHECKED, NO SUSPICIOUS ACTIVITY OBSERVED, VAULT DOOR RELEASED REMOTELY BY CMS AND VAULT OPENED BY BRANCH STAFF, CONFIRMED BY A KEY CUSTODIAN   8909289816"
"BM6702","","admin","2026-09-28","18:37:13",""
"BM6717","Customer Purpose","gen36","2026-09-28","12:28:33","28/09/2026 12:28:29  gen36
DUE TO NETWORK ISSUE VIDEO VERIFICATION ON WHATSAPP VIDEO CALL,NO SUSPICIOUS ACTIVITY OBSERVED,VAULT OPENING REQUEST FOR CUSTOMER PURPOSE VAULT DOOR RELEASED REMOTELY BY CMS AND VAULT OPEN BY STAF CONFIRMED BY KEY CUSTOODIAN    9918499392"
"BM6717","Customer Purpose","gen36","2026-09-28","15:09:36","28/09/2026 15:09:31  gen36
DUE TO NETWORK ISSUE VIDEO VERIFICATION ON WHATSAPP VIDEO CALL,NO SUSPICIOUS ACTIVITY OBSERVED,VAULT OPENING REQUEST FOR CUSTOMER PURPOSE VAULT DOOR RELEASED REMOTELY BY CMS AND VAULT OPEN BY STAF CONFIRMED BY KEY CUSTOODIAN   09918499392"
"BM6717","Final Vault Closing","gen16","2026-09-28","18:50:27","28/09/2026 18:50:21  gen16
LIVE VIEW CHECKED,NO SUSPICIOUS ACTIVITY OBSERVED,VAULT OPENING REQUEST FOR CLOSING PURPOSE VAULT DOOR RELEASED REMOTELY BY CMS AND VAULT OPEN BY BRANCH STAFF CONFIRMED BY KEY CUSTOODIAN   9918499392"
"BM6717","","admin","2026-09-28","19:04:42",""
"BM6761","Audit Purpose","gen21","2026-09-28","10:36:33","28/09/2026 10:37:14  gen21
LIVE VIEW CHECKED,NO SUSPICIOUS ACTIVITY OBSERVED,VAULT OPENING REQUEST FOR AUDIT, MAIL APPROVED BY Kaushal Sharma <kaushal.sharma@iifl.com>, VAULT DOOR RELEASED REMOTELY BY CMS, AND VAULT OPENED BY BRANCH STAFF CONFIRMED BY A KEY CUSTOODIAN.1/    7018004589"
"BM6761","Audit Purpose","gen32","2026-09-28","12:37:55","28/09/2026 12:37:55  gen32
LIVE VIEW CHECKED,NO SUSPICIOUS ACTIVITY OBSERVED,VAULT OPENING REQUEST FOR AUDIT MAIL APPROVED BY Kaushal Sharma VAULT DOOR RELEASED REMOTELY BY CMS, AND VAULT OPENED BY BRANCH STAFF CONFIRMED BY A KEY CUSTOODIAN.   09318847797"
"BM6761","Customer Purpose","gen23","2026-09-28","15:24:30","28/09/2026 15:24:27  gen23
LIVE VIEW CHECKED, NO SUSPICIOUS ACTIVITY OBSERVED, VAULT DOOR RELEASED REMOTELY BY CMS AND VAULT OPENED BY BRANCH STAFF, CONFIRMED BY A KEY CUSTODIAN//07983529949"
"BM6761","Customer Purpose","gen10","2026-09-28","17:15:16","28/09/2026 17:15:12  gen10
LIVE VIEW CHECKED, NO SUSPICIOUS ACTIVITY OBSERVED, VAULT DOOR RELEASED REMOTELY BY CMS AND VAULT OPENED BY BRANCH STAFF, CONFIRMED BY A KEY CUSTODIAN 3.....................7983529949"
"BM6761","Final Vault Closing","gen37","2026-09-28","18:36:46","28/09/2026 18:36:42  gen37
LIVE VIEW CHECKED,NO SUSPICIOUS ACTIVITY OBSERVED,VAULT OPENING REQUEST FOR CLOSING PURPOSE VAULT DOOR RELEASED REMOTELY BY CMS AND VAULT OPEN BY BRANCH STAFF CONFIRMED BY KEY CUSTOODIAN 1 09318847797"
"BM6806","Customer Purpose","gen6","2026-09-28","11:43:47","28/09/2026 11:43:40  gen6
LIVE VIEW CHECKED, NO SUSPICIOUS ACTIVITY OBSERVED, VAULT DOOR RELEASED REMOTELY BY CMS AND VAULT OPENED BY BRANCH STAFF, CONFIRMED BY A KEY CUSTODIAN 07668661820"
"BM6806","Customer Purpose","gen18","2026-09-28","13:01:52","28/09/2026 13:01:48  gen18
LIVE VIEW CHECKED, NO SUSPICIOUS ACTIVITY OBSERVED, VAULT DOOR RELEASED REMOTELY BY CMS AND VAULT OPENED BY BRANCH STAFF, CONFIRMED BY A KEY CUSTODIAN    07668661820"
"BM6806","Customer Purpose","gen14","2026-09-28","15:31:26","28/09/2026 15:31:23  gen14
LIVE VIEW CHECKED, NO SUSPICIOUS ACTIVITY OBSERVED, VAULT DOOR RELEASED REMOTELY BY CMS AND VAULT OPENED BY BRANCH STAFF, CONFIRMED BY A KEY CUSTODIAN 3 08077145175"
"BM6806","Customer Purpose","gen46","2026-09-28","15:46:30","28/09/2026 15:46:27  gen46
LIVE VIEW CHECKED, NO SUSPICIOUS ACTIVITY OBSERVED, VAULT DOOR RELEASED REMOTELY BY CMS AND VAULT OPENED BY BRANCH STAFF, CONFIRMED BY A KEY CUSTODIAN     8077145175"
"BM6806","Final Vault Closing","gen11","2026-09-28","18:59:40","28/09/2026 18:59:37  gen11
LIVE VIEW CHECKED,NO SUSPICIOUS ACTIVITY OBSERVED,VAULT OPENING REQUEST FOR CLOSING PURPOSE VAULT DOOR RELEASED REMOTELY BY CMS AND VAULT OPEN BY BRANCH STAFF CONFIRMED BY KEY CUSTOODIAN  3   8077145175"
"BM6806","","admin","2026-09-28","19:23:12",""
"BM6809","","admin","2026-09-28","09:23:38",""
"BM6809","Customer Purpose","gen30","2026-09-28","11:48:06","28/09/2026 11:47:49  gen30
LIVE VIEW CHECKED, NO SUSPICIOUS ACTIVITY OBSERVED, VAULT DOOR RELEASED REMOTELY BY CMS AND VAULT OPENED BY BRANCH STAFF, CONFIRMED BY A KEY CUSTODIAN 1 .9612489556"
"BM6809","Customer Purpose","gen16","2026-09-28","13:25:25","28/09/2026 13:25:18  gen16
LIVE VIEW CHECKED, NO SUSPICIOUS ACTIVITY OBSERVED, VAULT DOOR RELEASED REMOTELY BY CMS AND VAULT OPENED BY BRANCH STAFF, CONFIRMED BY A KEY CUSTODIAN  9774662412"
"BM6809","Customer Purpose","gen10","2026-09-28","14:19:19","28/09/2026 14:19:16  gen10
LIVE VIEW CHECKED, NO SUSPICIOUS ACTIVITY OBSERVED, VAULT DOOR RELEASED REMOTELY BY CMS AND VAULT OPENED BY BRANCH STAFF, CONFIRMED BY A KEY CUSTODIAN 2.................9774662412"
"BM6809","Customer Purpose","gen48","2026-09-28","15:41:08","28/09/2026 15:41:04  gen48
LIVE VIEW CHECKED, NO SUSPICIOUS ACTIVITY OBSERVED, VAULT DOOR RELEASED REMOTELY BY CMS AND VAULT OPENED BY BRANCH STAFF, CONFIRMED BY A KEY CUSTODIAN  2  09774662412"
"BM6809","Final Vault Closing","gen11","2026-09-28","17:45:34","28/09/2026 17:45:30  gen11
LIVE VIEW CHECKED,NO SUSPICIOUS ACTIVITY OBSERVED,VAULT OPENING REQUEST FOR CLOSING PURPOSE VAULT DOOR RELEASED REMOTELY BY CMS AND VAULT OPEN BY BRANCH STAFF CONFIRMED BY KEY CUSTOODIAN 2   9774662412"
"BM6809","","admin","2026-09-29","09:28:59",""
"BM6812","Customer Purpose","gen29","2026-09-28","13:17:34","28/09/2026 13:17:25  gen29
LIVE VIEW CHECKED, NO SUSPICIOUS ACTIVITY OBSERVED, VAULT DOOR RELEASED REMOTELY BY CMS AND VAULT OPENED BY BRANCH STAFF, CONFIRMED BY A KEY CUSTODIAN 08923168398"
"BM6812","Customer Purpose","gen38","2026-09-28","13:41:03","28/09/2026 13:40:58  gen38
DUE TO NETWORK ISSUE VIDEO VERIFICATION ON WHATSAPP VIDEO CALL,NO SUSPICIOUS ACTIVITY OBSERVED,VAULT OPENING REQUEST FOR CUSTOMER PURPOSE VAULT DOOR RELEASED MANUALLY BY CMS AND VAULT OPEN BY STAF CONFIRMED BY KEY CUSTOODIAN  8923168398"
"BM6812","Engineer at site","gen38","2026-09-28","13:41:16",""
"BM6812","Engineer at site","gen38","2026-09-28","13:41:16",""
"BM6812","Engineer at site","","2026-09-28","13:41:16",""
"BM6812","Engineer at site","gen38","2026-09-28","13:41:16",""
"BM6812","Engineer at site","gen38","2026-09-28","13:41:16",""
"BM6812","Engineer at site","gen38","2026-09-28","13:41:16",""
"BM6812","Engineer at site","gen38","2026-09-28","13:41:16",""
"BM6812","Engineer at site","gen38","2026-09-28","13:41:35",""
"BM6812","Engineer at site","gen38","2026-09-28","13:41:35",""
"BM6812","Engineer at site","","2026-09-28","13:41:35",""
"BM6812","Engineer at site","gen38","2026-09-28","13:44:08","28/09/2026 13:44:04  gen38
WORK IN PROGRESS, ENGINEER AT SITE.  CONFIRMED BY TWO WAY COMMUNICATION"
"BM6812","Engineer at site","gen38","2026-09-28","13:44:18",""
"BM6812","Engineer at site","","2026-09-28","13:44:39","WORK IN PROGRESS, ENGINEER AT SITE.  CONFIRMED BY "
"BM6812","Customer Purpose","gen8","2026-09-28","13:57:12","28/09/2026 13:56:26  gen8
DUE TO NETWORK ISSUE VIDEO VERIFICATION ON WHATSAPP VIDEO CALL,NO SUSPICIOUS ACTIVITY OBSERVED,VAULT OPENING REQUEST FOR CUSTOMER PURPOSE VAULT DOOR RELEASED REMOTELY BY CMS AND VAULT OPEN BY STAF CONFIRMED BY KEY CUSTOODIAN    2   8171224585"
"BM6812","Engineer at site","gen5","2026-09-28","13:59:55","28/09/2026 13:59:52  gen5
WORK IN PROGRESS, ENGINEER AT SITE.CONFIRMED BY TWO WAY6 COMMUNICATION"
"BM6812","Engineer at site","gen5","2026-09-28","14:00:16","28/09/2026 14:00:08  gen5
WORK IN PROGRESS, ENGINEER AT SITE.CONFIRMED BY TWO WAY6 COMMUNICATION"
"BM6812","Engineer at site","","2026-09-28","14:09:20",""
"BM6812","Engineer at site","gen26","2026-09-28","14:09:31",""
"BM6812","Engineer at site","","2026-09-28","14:09:31",""
"BM6812","Engineer at site","","2026-09-28","14:11:07",""
"BM6812","Engineer at site","gen21","2026-09-28","14:11:14",""
"BM6812","Engineer at site","","2026-09-28","14:11:24",""
"BM6812","Engineer at site","","2026-09-28","14:12:43",""
"BM6812","Engineer at site","","2026-09-28","14:12:56",""
"BM6812","Engineer at site","gen20","2026-09-28","14:12:56",""
"BM6812","Engineer at site","gen20","2026-09-28","14:12:56",""
"BM6812","Engineer at site","gen22","2026-09-28","14:21:58","28/09/2026 14:21:55  gen22
WORK IN PROGRESS, ENGINEER AT SITE.TWOWAY"
"BM6812","Engineer at site","","2026-09-28","14:22:17","28/09/2026 14:22:13  gen22
WORK IN PROGRESS, ENGINEER AT SITE.TWOWAY"
"BM6812","Engineer at site","gen22","2026-09-28","14:22:17",""
"BM6812","Engineer at site","gen22","2026-09-28","14:22:17",""
"BM6812","Engineer at site","gen22","2026-09-28","14:22:17",""
"BM6812","Engineer at site","","2026-09-28","14:22:32",""
"BM6812","Engineer at site","","2026-09-28","14:22:44",""
"BM6812","Engineer at site","gen17","2026-09-28","14:24:17",""
"BM6812","Engineer at site","","2026-09-28","14:24:17",""
"BM6812","Engineer at site","gen17","2026-09-28","14:24:43","28/09/2026 14:24:38  gen17
WORK IN PROGRESS, ENGINEER AT SITE."
"BM6812","Engineer at site","","2026-09-28","14:24:52",""
"BM6812","Engineer at site","gen17","2026-09-28","14:24:52",""
"BM6812","Engineer at site","gen17","2026-09-28","14:24:52",""
"BM6812","Engineer at site","","2026-09-28","14:25:06",""
"BM6812","Engineer at site","gen17","2026-09-28","14:25:06",""
"BM6812","Engineer at site","gen17","2026-09-28","14:25:06",""
"BM6812","Engineer at site","","2026-09-28","14:25:17",""
"BM6812","Engineer at site","gen17","2026-09-28","14:25:17",""
"BM6812","Engineer at site","gen17","2026-09-28","14:25:17",""
"BM6812","Engineer at site","","2026-09-28","14:25:31",""
"BM6812","Engineer at site","","2026-09-28","14:25:41",""
"BM6812","Engineer at site","","2026-09-28","14:25:50",""
"BM6812","Engineer at site","","2026-09-28","14:25:57",""
"BM6812","Engineer at site","","2026-09-28","14:26:05",""
"BM6812","Engineer at site","","2026-09-28","14:26:58",""
"BM6812","Engineer at site","gen46","2026-09-28","14:27:12",""
"BM6812","Engineer at site","gen25","2026-09-28","14:32:25",""
"BM6812","Genuine","iifl2","2026-09-28","14:54:35","28/09/2026 14:54:32  iifl2
IN ACCORDANCE WITH LIVE MONITORING THROUGH WHATSAPP VIDEO CALL, BRANCH STAFF DURING VAULT TRANSACTION VAULT ROOM, PROPER NOT SHOWING AND CUT THE VIDEO CALL. ALSO INFORMED TO  KEY CUSTOODIAN  8171224585  AND ASLO INFORMED TO GL CONTROL ROOM 8976723606

TIME: 13:39:37"
"BM6812","Taken Excess Time","iifl2","2026-09-28","15:22:59","28/09/2026 15:22:48  iifl2
IN ACCORDANCE WITH LIVE MONITORING THROUGH WHATSAPP VIDEO CALL, BRANCH STAFF TOOK LONGER THAN STATED TIME FOR VAULT ROOM OPERATION, AND THE OPERATION WAS COMPLETED IN 08 MINUTES. ALSO INFORMED TO KC2         8171224585

TIME: 13:54:49 TO 14:02:53"
"BM6812","Not Operate","gen17","2026-09-28","15:55:22","28/09/2026 15:55:18  gen17
LIVE VIEW CHECKED,NO SUSPICIOUS ACTIVITY OBSERVED,NO NEED TO OPERATE VAULT CONFIRMED BY KEY CUSTOODIAN.3....07607967938"
"BM6812","Customer Purpose","gen13","2026-09-28","16:53:34","28/09/2026 16:53:29  gen13
LIVE VIEW CHECKED, NO SUSPICIOUS ACTIVITY OBSERVED, VAULT DOOR RELEASED REMOTELY BY CMS AND VAULT OPENED BY BRANCH STAFF, CONFIRMED BY A KEY CUSTODIAN 2/08171224585"
"BM6812","Customer Purpose","gen7","2026-09-28","17:29:06","28/09/2026 17:29:00  gen7
DUE TO NETWORK ISSUE VIDEO VERIFICATION ON WHATSAPP VIDEO CALL,NO SUSPICIOUS ACTIVITY OBSERVED,VAULT OPENING REQUEST FOR CUSTOMER PURPOSE VAULT DOOR RELEASED REMOTELY  BY CMS AND VAULT OPEN BY STAF CONFIRMED BY KEY CUSTOODIAN 2-8171224585"
"BM6812","Final Vault Closing","gen7","2026-09-28","17:53:22","28/09/2026 17:53:15  gen7
LIVE VIEW CHECKED,NO SUSPICIOUS ACTIVITY OBSERVED,VAULT OPENING REQUEST FOR CLOSING PURPOSE VAULT DOOR RELEASED REMOTELY BY CMS AND VAULT OPEN BY BRANCH STAFF CONFIRMED BY KEY CUSTOODIAN 3-7607967938"
"BM6826","Customer Purpose","gen30","2026-09-28","11:16:33","28/09/2026 11:16:16  gen30
LIVE VIEW CHECKED, NO SUSPICIOUS ACTIVITY OBSERVED, VAULT DOOR RELEASED REMOTELY BY CMS AND VAULT OPENED BY BRANCH STAFF, CONFIRMED BY A KEY CUSTODIAN 1 .9864213117"
"BM6826","Customer Purpose","gen30","2026-09-28","13:52:17","28/09/2026 13:51:57  gen30
LIVE VIEW CHECKED, NO SUSPICIOUS ACTIVITY OBSERVED, VAULT DOOR RELEASED REMOTELY BY CMS AND VAULT OPENED BY BRANCH STAFF, CONFIRMED BY A KEY CUSTODIAN 1 .9864213117"
"BM6826","Customer Purpose","gen10","2026-09-28","14:47:49","28/09/2026 14:47:45  gen10
LIVE VIEW CHECKED, NO SUSPICIOUS ACTIVITY OBSERVED, VAULT DOOR RELEASED REMOTELY BY CMS AND VAULT OPENED BY BRANCH STAFF, CONFIRMED BY A KEY CUSTODIAN 1...............9864213117"
"BM6826","Customer Purpose","gen48","2026-09-28","16:06:26","28/09/2026 16:06:23  gen48
LIVE VIEW CHECKED, NO SUSPICIOUS ACTIVITY OBSERVED, VAULT DOOR RELEASED REMOTELY BY CMS AND VAULT OPENED BY BRANCH STAFF, CONFIRMED BY A KEY CUSTODIAN  2   08473830058"
"BM6826","Final Vault Closing","gen30","2026-09-28","18:05:58","28/09/2026 18:05:14  gen30
LIVE VIEW CHECKED,NO SUSPICIOUS ACTIVITY OBSERVED,VAULT OPENING REQUEST FOR CLOSING PURPOSE VAULT DOOR RELEASED REMOTELY BY CMS AND VAULT OPEN BY BRANCH STAFF CONFIRMED BY KEY CUSTOODIAN 1 .9864213117"
"BM6826","","admin","2026-09-29","09:14:13",""
"BM6828","","admin","2026-09-28","09:18:22",""
"BM6828","Customer Purpose","gen4","2026-09-28","10:59:44","28/09/2026 10:59:35  gen4
LIVE VIEW CHECKED, NO SUSPICIOUS ACTIVITY OBSERVED, VAULT DOOR RELEASED REMOTELY BY CMS AND VAULT OPENED BY BRANCH STAFF, CONFIRMED BY A KEY CUSTODIAN  7002680027"
"BM6828","Customer Purpose","gen20","2026-09-28","12:00:37","28/09/2026 12:00:30  gen20
LIVE VIEW CHECKED, NO SUSPICIOUS ACTIVITY OBSERVED, VAULT DOOR RELEASED REMOTELY BY CMS AND VAULT OPENED BY BRANCH STAFF, CONFIRMED BY A KEY CUSTODIAN     2      07002680027"
"BM6828","Customer Purpose","gen6","2026-09-28","12:47:05","28/09/2026 12:47:02  gen6
LIVE VIEW CHECKED, NO SUSPICIOUS ACTIVITY OBSERVED, VAULT DOOR RELEASED REMOTELY BY CMS AND VAULT OPENED BY BRANCH STAFF, CONFIRMED BY A KEY CUSTODIAN 08638037340"
"BM6828","Customer Purpose","gen25","2026-09-28","14:12:47","28/09/2026 14:12:44  gen25
LIVE VIEW CHECKED, NO SUSPICIOUS ACTIVITY OBSERVED, VAULT DOOR RELEASED REMOTELY BY CMS AND VAULT OPENED BY BRANCH STAFF, CONFIRMED BY A KEY CUSTODIAN    1      08638037340"
"BM6828","Customer Purpose","gen25","2026-09-28","14:21:57","28/09/2026 14:21:53  gen25
LIVE VIEW CHECKED, NO SUSPICIOUS ACTIVITY OBSERVED, VAULT DOOR RELEASED REMOTELY BY CMS AND VAULT OPENED BY BRANCH STAFF, CONFIRMED BY A KEY CUSTODIAN     1    07002680027"
"BM6828","Not Responded","gen15","2026-09-28","14:39:05","28/09/2026 14:38:55  gen15
LIVE VIEW CHECKED, NO SUSPICIOUS ACTIVITY OBSERVED. CALL TO KC 1/2/3 8638037340    6002155368   7002680027 AND TWOWAY  BUT NOT RESPONDED."
"BM6828","Customer Purpose","gen8","2026-09-28","14:48:33","28/09/2026 14:48:21  gen8
LIVE VIEW CHECKED, NO SUSPICIOUS ACTIVITY OBSERVED, VAULT DOOR RELEASED REMOTELY BY CMS AND VAULT OPENED BY BRANCH STAFF, CONFIRMED BY A KEY CUSTODIAN     1  8638037340"
"BM6828","Customer Purpose","gen18","2026-09-28","15:56:58","28/09/2026 15:56:53  gen18
LIVE VIEW CHECKED, NO SUSPICIOUS ACTIVITY OBSERVED, VAULT DOOR RELEASED REMOTELY BY CMS AND VAULT OPENED BY BRANCH STAFF, CONFIRMED BY A KEY CUSTODIAN      08638037340"
"BM6828","Final Vault Closing","gen15","2026-09-28","18:16:19","28/09/2026 18:15:58  gen15
LIVE VIEW CHECKED,NO SUSPICIOUS ACTIVITY OBSERVED,VAULT OPENING REQUEST FOR CLOSING PURPOSE VAULT DOOR RELEASED REMOTELY BY CMS AND VAULT OPEN BY BRANCH STAFF CONFIRMED BY KEY CUSTOODIAN  3 7002680027"
"BM6828","","admin","2026-09-28","18:45:35",""
"BM6828","","admin","2026-09-29","09:14:55",""
"BM6842","","admin","2026-09-28","09:18:21",""
"BM6842","Customer Purpose","gen38","2026-09-28","11:35:46","28/09/2026 11:35:44  gen38
LIVE VIEW CHECKED, NO SUSPICIOUS ACTIVITY OBSERVED, VAULT DOOR RELEASED REMOTELY BY CMS AND VAULT OPENED BY BRANCH STAFF, CONFIRMED BY A KEY CUSTODIAN 9678118735"
"BM6842","Customer Purpose","gen12","2026-09-28","13:40:43","28/09/2026 13:40:38  gen12
LIVE VIEW CHECKED, NO SUSPICIOUS ACTIVITY OBSERVED, VAULT DOOR RELEASED REMOTELY BY CMS AND VAULT OPENED BY BRANCH STAFF, CONFIRMED BY A KEY CUSTODIAN  07002268353"
"BM6842","Customer Purpose","gen39","2026-09-28","15:39:52","28/09/2026 15:39:47  gen39
LIVE VIEW CHECKED, NO SUSPICIOUS ACTIVITY OBSERVED, VAULT DOOR RELEASED REMOTELY BY CMS AND VAULT OPENED BY BRANCH STAFF, CONFIRMED BY A KEY CUSTODIAN  9678118735"
"BM6842","Final Vault Closing","gen35","2026-09-28","18:01:47","28/09/2026 18:01:41  gen35
LIVE VIEW CHECKED,NO SUSPICIOUS ACTIVITY OBSERVED,VAULT OPENING REQUEST FOR CLOSING PURPOSE VAULT DOOR RELEASED REMOTELY BY CMS AND VAULT OPEN BY BRANCH STAFF CONFIRMED BY KEY CUSTOODIAN    07002268353"
"BM6842","","admin","2026-09-29","09:02:02",""
"BM6852","","admin","2026-09-28","09:24:27",""
"BM6852","Customer Purpose","gen30","2026-09-28","10:35:07","28/09/2026 10:34:49  gen30
LIVE VIEW CHECKED, NO SUSPICIOUS ACTIVITY OBSERVED, VAULT DOOR RELEASED REMOTELY BY CMS AND VAULT OPENED BY BRANCH STAFF, CONFIRMED BY A KEY CUSTODIAN 1 .7002504872"
"BM6852","Customer Purpose","gen23","2026-09-28","12:33:44","28/09/2026 12:33:35  gen23
DUE TO NETWORK ISSUE VIDEO VERIFICATION ON WHATSAPP VIDEO CALL,NO SUSPICIOUS ACTIVITY OBSERVED,VAULT OPENING REQUEST FOR CUSTOMER PURPOSE VAULT DOOR RELEASED MANUALLY  BY CMS AND VAULT OPEN BY STAF CONFIRMED BY KEY CUSTOODIAN /2  /08486933061"
"BM6852","Customer Purpose","gen11","2026-09-28","15:15:56","28/09/2026 15:15:52  gen11
LIVE VIEW CHECKED, NO SUSPICIOUS ACTIVITY OBSERVED, VAULT DOOR RELEASED REMOTELY BY CMS AND VAULT OPENED BY BRANCH STAFF, CONFIRMED BY A KEY CUSTODIAN   2   8486933061"
"BM6852","Final Vault Closing","gen29","2026-09-28","18:09:32","28/09/2026 18:09:26  gen29
LIVE VIEW CHECKED,NO SUSPICIOUS ACTIVITY OBSERVED,VAULT OPENING REQUEST FOR CLOSING PURPOSE VAULT DOOR RELEASED REMOTELY BY CMS AND VAULT OPEN BY BRANCH STAFF CONFIRMED BY KEY CUSTOODIAN  7002504872"
"BM6852","Not Allowed","gen18","2026-09-28","18:17:11","28/09/2026 18:16:59  gen18
LIVE VIEW CHECKED,NO SUSPICIOUS ACTIVITY OBSERVED,NO NEED TO OPERATE VAULT CONFIRMED BY KEY CUSTOODIAN.1   07002504872"
"BM6852","","admin","2026-09-29","09:27:06",""
"BM6856","Final Vault Closing","gen21","2026-09-28","18:08:15","28/09/2026 18:08:59  gen21
LIVE VIEW CHECKED,NO SUSPICIOUS ACTIVITY OBSERVED,VAULT OPENING REQUEST FOR CLOSING PURPOSE VAULT DOOR RELEASED REMOTELY BY CMS AND VAULT OPEN BY BRANCH STAFF CONFIRMED BY KEY CUSTOODIAN 1/   8723895972"
"BM6867","Customer Purpose","gen6","2026-09-28","11:21:35","28/09/2026 11:21:32  gen6
LIVE VIEW CHECKED, NO SUSPICIOUS ACTIVITY OBSERVED, VAULT DOOR RELEASED REMOTELY BY CMS AND VAULT OPENED BY BRANCH STAFF, CONFIRMED BY A KEY CUSTODIAN 08881014333"
"BM6867","Engineer at site","gen9","2026-09-28","12:09:11","28/09/2026 12:09:08  gen9
WORK IN PROGRESS, ENGINEER AT SITE  CONFIRMED BY KC  1   08881014333"
"BM6867","Customer Purpose","gen18","2026-09-28","13:10:29","28/09/2026 13:10:24  gen18
LIVE VIEW CHECKED, NO SUSPICIOUS ACTIVITY OBSERVED, VAULT DOOR RELEASED REMOTELY BY CMS AND VAULT OPENED BY BRANCH STAFF, CONFIRMED BY A KEY CUSTODIAN    08881014333"
"BM6867","Engineer at site","gen3","2026-09-28","14:14:37","28/09/2026 14:14:32  gen3
WORK IN PROGRESS, ENGINEER AT SITE. 08881014333"
"BM6867","Engineer at site","gen15","2026-09-28","14:32:02","28/09/2026 14:31:55  gen15
WORK IN PROGRESS, ENGINEER AT SITE. KC 2 8317003650"
"BM6867","Engineer at site","","2026-09-28","14:32:17",""
"BM6867","Engineer at site","gen15","2026-09-28","14:32:17",""
"BM6867","Engineer at site","gen25","2026-09-28","14:35:48","28/09/2026 14:35:44  gen25
WORK IN PROGRESS, ENGINEER AT SITE."
"BM6867","Engineer at site","gen16","2026-09-28","14:38:29","28/09/2026 14:38:15  gen16
WORK IN PROGRESS, ENGINEER AT SITE."
"BM6867","Engineer at site","gen16","2026-09-28","14:39:02",""
"BM6867","Engineer at site","gen11","2026-09-28","14:57:42",""
"BM6867","Engineer at site","gen11","2026-09-28","15:00:11",""
"BM6867","Engineer at site","gen1","2026-09-28","15:06:31",""
"BM6867","Engineer at site","gen1","2026-09-28","15:06:50",""
"BM6867","Engineer at site","","2026-09-28","15:13:21",""
"BM6867","Engineer at site","","2026-09-28","15:13:54","28/09/2026 15:13:49  gen6
WORK IN PROGRESS, ENGINEER AT SITE. CONFIRMED BY TWO WAY"
"BM6867","Engineer at site","gen6","2026-09-28","15:14:04",""
"BM6867","Engineer at site","gen6","2026-09-28","15:14:04",""
"BM6867","Engineer at site","","2026-09-28","15:14:04",""
"BM6867","Engineer at site","","2026-09-28","15:14:21","28/09/2026 15:14:16  gen6
WORK IN PROGRESS, ENGINEER AT SITE. CONFIRMED BY TWO WAY"
"BM6867","Engineer at site","gen6","2026-09-28","15:14:21",""
"BM6867","Engineer at site","gen36","2026-09-28","15:15:52","28/09/2026 15:15:48  gen36
WORK IN PROGRESS, ENGINEER AT SITE. CONFIRMED BY  TWOWAY COMMUNICATION"
"BM6867","Engineer at site","gen36","2026-09-28","15:16:54","28/09/2026 15:16:50  gen36
WORK IN PROGRESS, ENGINEER AT SITE. CONFIRMED BY  TWOWAY COMMUNICATION"
"BM6867","Engineer at site","gen36","2026-09-28","15:18:24","28/09/2026 15:18:19  gen36
WORK IN PROGRESS, ENGINEER AT SITE. CONFIRMED BY  TWOWAY COMMUNICATION AND KC 1  8881014333"
"BM6867","Engineer at site","","2026-09-28","15:18:36",""
"BM6867","Engineer at site","gen36","2026-09-28","15:18:36",""
"BM6867","Engineer at site","gen36","2026-09-28","15:18:46",""
"BM6867","Engineer at site","gen36","2026-09-28","15:18:46",""
"BM6867","Engineer at site","","2026-09-28","15:18:46",""
"BM6867","Engineer at site","gen36","2026-09-28","15:18:56",""
"BM6867","Engineer at site","","2026-09-28","15:18:56",""
"BM6867","Engineer at site","gen36","2026-09-28","15:19:09",""
"BM6867","Engineer at site","","2026-09-28","15:19:09",""
"BM6867","Engineer at site","gen36","2026-09-28","15:19:27",""
"BM6867","Engineer at site","gen36","2026-09-28","15:19:27",""
"BM6867","Engineer at site","","2026-09-28","15:19:27",""
"BM6867","Engineer at site","gen36","2026-09-28","15:19:55","28/09/2026 15:19:48  gen36
WORK IN PROGRESS, ENGINEER AT SITE. CONFIRMED BY  TWOWAY COMMUNICATION AND KC 1  8881014333"
"BM6867","Engineer at site","gen28","2026-09-28","15:25:25","28/09/2026 15:25:19  gen28
WORK IN PROGRESS, ENGINEER AT SITE. CONFIRMED BY 08881014333"
"BM6867","Engineer at site","gen1","2026-09-28","15:51:21",""
"BM6867","Not Operate","gen32","2026-09-28","16:51:19","28/09/2026 16:51:19  gen32
LIVE VIEW CHECKED,NO SUSPICIOUS ACTIVITY OBSERVED,NO NEED TO OPERATE VAULT CONFIRMED BY KEY CUSTOODIAN.    08881014333"
"BM6867","Final Vault Closing","gen36","2026-09-28","16:59:14","28/09/2026 16:59:11  gen36
LIVE VIEW CHECKED, NO SUSPICIOUS ACTIVITY OBSERVED, VAULT DOOR RELEASED REMOTELY BY CMS AND VAULT OPENED BY BRANCH STAFF, CONFIRMED BY A KEY CUSTODIAN  8881014333"
"BM6900","Customer Purpose","gen16","2026-09-28","11:34:06","28/09/2026 11:34:01  gen16
LIVE VIEW CHECKED, NO SUSPICIOUS ACTIVITY OBSERVED, VAULT DOOR RELEASED REMOTELY BY CMS AND VAULT OPENED BY BRANCH STAFF, CONFIRMED BY A KEY CUSTODIAN  8279979427"
"BM6900","Customer Purpose","gen6","2026-09-28","14:04:53","28/09/2026 14:04:50  gen6
LIVE VIEW CHECKED, NO SUSPICIOUS ACTIVITY OBSERVED, VAULT DOOR RELEASED REMOTELY BY CMS AND VAULT OPENED BY BRANCH STAFF, CONFIRMED BY A KEY CUSTODIAN 08279979427"
"BM6900","Customer Purpose","gen16","2026-09-28","17:59:29","28/09/2026 17:59:23  gen16
LIVE VIEW CHECKED, NO SUSPICIOUS ACTIVITY OBSERVED, VAULT DOOR RELEASED REMOTELY BY CMS AND VAULT OPENED BY BRANCH STAFF, CONFIRMED BY A KEY CUSTODIAN  8279979427"
"BM6939","Customer Purpose","gen30","2026-09-28","12:01:11","28/09/2026 12:00:53  gen30
LIVE VIEW CHECKED, NO SUSPICIOUS ACTIVITY OBSERVED, VAULT DOOR RELEASED REMOTELY BY CMS AND VAULT OPENED BY BRANCH STAFF, CONFIRMED BY A KEY CUSTODIAN 2 .9084263285"
"BM6939","Customer Purpose","gen9","2026-09-28","12:59:11","28/09/2026 12:59:08  gen9
LIVE VIEW CHECKED, NO SUSPICIOUS ACTIVITY OBSERVED, VAULT DOOR RELEASED REMOTELY BY CMS AND VAULT OPENED BY BRANCH STAFF, CONFIRMED BY A KEY CUSTODIAN      2      09084263285"
"BM6939","Customer Purpose","gen23","2026-09-28","13:22:14","28/09/2026 13:22:09  gen23
LIVE VIEW CHECKED, NO SUSPICIOUS ACTIVITY OBSERVED, VAULT DOOR RELEASED REMOTELY BY CMS AND VAULT OPENED BY BRANCH STAFF, CONFIRMED BY A KEY CUSTODIAN//09084263285"
"BM6939","Customer Purpose","gen13","2026-09-28","14:24:38","28/09/2026 14:24:33  gen13
LIVE VIEW CHECKED, NO SUSPICIOUS ACTIVITY OBSERVED, VAULT DOOR RELEASED REMOTELY BY CMS AND VAULT OPENED BY BRANCH STAFF, CONFIRMED BY A KEY CUSTODIAN 2/09084263285"
"BM6939","Final Vault Closing","gen14","2026-09-28","18:12:06","28/09/2026 18:12:03  gen14
LIVE VIEW CHECKED,NO SUSPICIOUS ACTIVITY OBSERVED,VAULT OPENING REQUEST FOR CLOSING PURPOSE VAULT DOOR RELEASED REMOTELY BY CMS AND VAULT OPEN BY BRANCH STAFF CONFIRMED BY KEY CUSTOODIAN   09084263285"
"BM6942","","admin","2026-09-28","09:03:39",""
"BM6942","Customer Purpose","gen24","2026-09-28","10:25:00","28/09/2026 10:24:56  gen24
LIVE VIEW CHECKED, NO SUSPICIOUS ACTIVITY OBSERVED, VAULT DOOR RELEASED REMOTELY BY CMS AND VAULT OPENED BY BRANCH STAFF, CONFIRMED BY A KEY CUSTODIAN  06900770029"
"BM6942","Customer Purpose","gen36","2026-09-28","11:20:24","28/09/2026 11:20:21  gen36
LIVE VIEW CHECKED, NO SUSPICIOUS ACTIVITY OBSERVED, VAULT DOOR RELEASED REMOTELY BY CMS AND VAULT OPENED BY BRANCH STAFF, CONFIRMED BY A KEY CUSTODIAN  6900474211"
"BM6942","Customer Purpose","gen15","2026-09-28","12:14:07","28/09/2026 12:14:03  gen15
LIVE VIEW CHECKED, NO SUSPICIOUS ACTIVITY OBSERVED, VAULT DOOR RELEASED REMOTELY BY CMS AND VAULT OPENED BY BRANCH STAFF, CONFIRMED BY A KEY CUSTODIAN 1 6900474211"
"BM6942","Customer Purpose","gen48","2026-09-28","12:33:05","28/09/2026 12:33:01  gen48
LIVE VIEW CHECKED, NO SUSPICIOUS ACTIVITY OBSERVED, VAULT DOOR RELEASED REMOTELY BY CMS AND VAULT OPENED BY BRANCH STAFF, CONFIRMED BY A KEY CUSTODIAN  1    06900474211"
"BM6942","Audit Purpose","gen37","2026-09-28","13:33:11","28/09/2026 13:33:06  gen37
LIVE VIEW CHECKED,NO SUSPICIOUS ACTIVITY OBSERVED,VAULT OPENING REQUEST FOR AUDIT, MAIL APPROVED BY  Biswajit Deka <biswajit.deka@iifl.com>, VAULT DOOR RELEASED REMOTELY BY CMS, AND VAULT OPENED BY BRANCH STAFF CONFIRMED BY A KEY CUSTOODIAN.1 06900770029"
"BM6942","Taken Excess Time","iifl2","2026-09-28","15:03:20","28/09/2026 15:03:15  iifl2
IN ACCORDANCE WITH LIVE MONITORING,BRANCH STAFF TOOK LONGER THAN STATED TIME FOR VAULT ROOM OPERATION,AND THE OPERATION WAS COMPLETED IN 07 MINUTES.ALSO INFORMED BY TWO WAY COMMUNICATION AND ALSO INFORMED TO BM SIR 8254995659

TIME: 12:32:13 TO 12:40:54 PM"
"BM6942","Audit Purpose","gen21","2026-09-28","15:06:56","28/09/2026 15:07:39  gen21
LIVE VIEW CHECKED,NO SUSPICIOUS ACTIVITY OBSERVED,VAULT OPENING REQUEST FOR AUDIT, MAIL APPROVED BY Biswajit Deka <biswajit.deka@iifl.com>, VAULT DOOR RELEASED REMOTELY BY CMS, AND VAULT OPENED BY BRANCH STAFF CONFIRMED BY A KEY CUSTOODIAN.1/   6900770029"
"BM6942","Audit Purpose","iifl7","2026-09-28","15:56:47","28/09/2026 15:56:37  iifl7
LIVE VIEW CHECKED,NO SUSPICIOUS ACTIVITY OBSERVED,VAULT OPENING REQUEST FOR AUDIT , MAIL APPROVED BY Biswajit Deka, VAULT DOOR RELEASED REMOTELY BY CMS, AND VAULT OPENED BY BRANCH STAFF CONFIRMED BY A KEY CUSTOODIAN 1 06900474211"
"BM6942","Audit Purpose","gen48","2026-09-28","16:33:18","28/09/2026 16:33:12  gen48
LIVE VIEW CHECKED,NO SUSPICIOUS ACTIVITY OBSERVED,VAULT OPENING REQUEST FOR AUDIT, MAIL APPROVED BY Biswajit Deka, VAULT DOOR RELEASED REMOTELY BY CMS, AND VAULT OPENED BY BRANCH STAFF CONFIRMED BY A KEY CUSTOODIAN.1   06900474211"
"BM6942","Final Vault Closing","gen11","2026-09-28","18:32:59","28/09/2026 18:32:56  gen11
LIVE VIEW CHECKED,NO SUSPICIOUS ACTIVITY OBSERVED,VAULT OPENING REQUEST FOR CLOSING PURPOSE VAULT DOOR RELEASED REMOTELY BY CMS AND VAULT OPEN BY BRANCH STAFF CONFIRMED BY KEY CUSTOODIAN 1  6900474211"
"BM6942","","admin","2026-09-28","18:42:42",""
"BM6942","","admin","2026-09-29","09:02:01",""
"BM6972","Audit Purpose","gen15","2026-09-28","11:34:51","28/09/2026 11:34:42  gen15
LIVE VIEW CHECKED,NO SUSPICIOUS ACTIVITY OBSERVED,VAULT OPENING REQUEST FOR AUDIT MAIL APPROVED BY Bijumon P <bijumon.p@iifl.com>, VAULT DOOR RELEASED REMOTELY BY CMS, AND VAULT OPENED BY BRANCH STAFF CONFIRMED BY A KEY CUSTOODIAN.1  7983180632"
"BM6972","Audit Purpose","gen48","2026-09-28","12:03:41","28/09/2026 12:03:37  gen48
LIVE VIEW CHECKED,NO SUSPICIOUS ACTIVITY OBSERVED,VAULT OPENING REQUEST FOR AUDIT, MAIL APPROVED BY Bijumon P  VAULT DOOR RELEASED REMOTELY BY CMS, AND VAULT OPENED BY BRANCH STAFF CONFIRMED BY A KEY CUSTOODIAN.1/07983180632"
"BM6972","Audit Purpose","gen20","2026-09-28","13:00:07","28/09/2026 13:00:04  gen20
LIVE VIEW CHECKED,NO SUSPICIOUS ACTIVITY OBSERVED,VAULT OPENING REQUEST FOR AUDIT, MAIL APPROVED BY Bijumon P <bijumon.p@iifl.com>, VAULT DOOR RELEASED REMOTELY BY CMS, AND VAULT OPENED BY BRANCH STAFF CONFIRMED BY A KEY CUSTOODIAN.1  7983180632"
"BM6972","Not Operate","gen5","2026-09-28","13:55:23","28/09/2026 13:55:17  gen5
LIVE VIEW CHECKED,NO SUSPICIOUS ACTIVITY OBSERVED,NO NEED TO OPERATE VAULT CONFIRMED BY KEY CUSTOODIAN. 3... 09758758785"
"BM6972","Audit Purpose","gen26","2026-09-28","14:05:04","28/09/2026 14:04:58  gen26
LIVE VIEW CHECKED,NO SUSPICIOUS ACTIVITY OBSERVED,VAULT OPENING REQUEST FOR AUDIT/, MAIL APPROVED BY Bijumon P , VAULT DOOR RELEASED REMOTELY BY CMS, AND VAULT OPENED BY BRANCH STAFF CONFIRMED BY A KEY CUSTOODIAN.   07983180632"
"BM6972","Customer Purpose","gen21","2026-09-28","14:38:12","28/09/2026 14:38:55  gen21
LIVE VIEW CHECKED, NO SUSPICIOUS ACTIVITY OBSERVED, VAULT DOOR RELEASED REMOTELY BY CMS AND VAULT OPENED BY BRANCH STAFF, CONFIRMED BY A KEY CUSTODIAN    1    9758758785"
"BM6972","Audit Purpose","gen10","2026-09-28","15:18:35","28/09/2026 15:18:31  gen10
LIVE VIEW CHECKED,NO SUSPICIOUS ACTIVITY OBSERVED,VAULT OPENING REQUEST FOR AUDIT, MAIL APPROVED BY Bijumon P, VAULT DOOR RELEASED REMOTELY BY CMS, AND VAULT OPENED BY BRANCH STAFF CONFIRMED BY A KEY CUSTOODIAN. 3.........9758758785"
"BM6972","Audit Purpose","gen38","2026-09-28","16:12:35","28/09/2026 16:12:25  gen38
LIVE VIEW CHECKED,NO SUSPICIOUS ACTIVITY OBSERVED,VAULT OPENING REQUEST FOR AUDIT, MAIL APPROVED BY Bijumon P <bijumon.p@iifl.com>, VAULT DOOR RELEASED REMOTELY BY CMS, AND VAULT OPENED BY BRANCH STAFF CONFIRMED BY A KEY CUSTOODIAN. 09758758785"
"BM6972","Audit Purpose","gen9","2026-09-28","17:11:39","28/09/2026 17:11:32  gen9
LIVE VIEW CHECKED,NO SUSPICIOUS ACTIVITY OBSERVED,VAULT OPENING REQUEST FOR AUDIT MAIL APPROVED BY Bijumon P <bijumon.p@iifl.com>, VAULT DOOR RELEASED REMOTELY BY CMS, AND VAULT OPENED BY BRANCH STAFF CONFIRMED BY A KEY CUSTOODIAN.      3      09758758785"
"BM6972","Audit Check","iifl6","2026-09-28","18:22:41","28/09/2026 18:22:33  iifl6
TESTING BY AUDITOR SIR , CONFIRMED BY TWOWAY ALL OK."
"BM6972","Final Vault Closing","iifl1","2026-09-28","18:26:47","28/09/2026 18:26:42  iifl1
DUE TO NETWORK ISSUE VIDEO VERIFICATION ON WHATSAPP VIDEO CALL,NO SUSPICIOUS ACTIVITY OBSERVED,VAULT OPENING REQUEST FOR CLOSING PURPOSE VAULT DOOR RELEASED REMOTELY BY CMS AND VAULT OPEN BY STAF CONFIRMED BY KEY CUSTOODIAN 3....09758758785"
"BM6972","","admin","2026-09-28","18:37:26",""
"BM6986","Customer Purpose","gen19","2026-09-28","12:20:56","28/09/2026 12:20:51  gen19
LIVE VIEW CHECKED, NO SUSPICIOUS ACTIVITY OBSERVED, VAULT DOOR RELEASED REMOTELY BY CMS AND VAULT OPENED BY BRANCH STAFF, CONFIRMED BY A KEY CUSTODIAN 7500076519"
"BM6986","Customer Purpose","gen4","2026-09-28","13:07:47","28/09/2026 13:07:41  gen4
LIVE VIEW CHECKED, NO SUSPICIOUS ACTIVITY OBSERVED, VAULT DOOR RELEASED REMOTELY BY CMS AND VAULT OPENED BY BRANCH STAFF, CONFIRMED BY A KEY CUSTODIAN  8445333201"
"BM6986","Customer Purpose","gen16","2026-09-28","13:44:49","28/09/2026 13:44:44  gen16
LIVE VIEW CHECKED, NO SUSPICIOUS ACTIVITY OBSERVED, VAULT DOOR RELEASED REMOTELY BY CMS AND VAULT OPENED BY BRANCH STAFF, CONFIRMED BY A KEY CUSTODIAN  7500076519"
"BM6986","Customer Purpose","gen29","2026-09-28","14:15:52","28/09/2026 14:15:47  gen29
LIVE VIEW CHECKED, NO SUSPICIOUS ACTIVITY OBSERVED, VAULT DOOR RELEASED REMOTELY BY CMS AND VAULT OPENED BY BRANCH STAFF, CONFIRMED BY A KEY CUSTODIAN  7500076519"
"BM6986","Taken Excess Time","iifl3","2026-09-28","15:57:12","28/09/2026 15:57:07  iifl3
IN ACCORDANCE WITH LIVE MONITORING,BRANCH STAFF TOOK LONGER THAN STATED TIME FOR VAULT ROOM OPERATION,AND THE OPERATION WAS COMPLETED IN 08 MINUTES.ALSO INFORMED BY  INFORMED TO KC 2    7500076519   
TIME - 12:19:08 TO 12:26:55 PM"
"BM6986","Customer Purpose","gen7","2026-09-28","16:03:43","28/09/2026 16:03:37  gen7
LIVE VIEW CHECKED, NO SUSPICIOUS ACTIVITY OBSERVED, VAULT DOOR RELEASED REMOTELY BY CMS AND VAULT OPENED BY BRANCH STAFF, CONFIRMED BY A KEY CUSTODIAN 8445333201"
"BM6986","Customer Purpose","gen33","2026-09-28","17:16:37","28/09/2026 17:16:31  gen33
LIVE VIEW CHECKED, NO SUSPICIOUS ACTIVITY OBSERVED, VAULT DOOR RELEASED REMOTELY BY CMS AND VAULT OPENED BY BRANCH STAFF, CONFIRMED BY A KEY CUSTODIAN 07500076519"
"BM6986","Customer Purpose","gen33","2026-09-28","17:32:50","28/09/2026 17:32:45  gen33
DUE TO NETWORK ISSUE VIDEO VERIFICATION ON WHATSAPP VIDEO CALL,NO SUSPICIOUS ACTIVITY OBSERVED,VAULT OPENING REQUEST FOR CUSTOMER PURPOSE VAULT DOOR RELEASED REMOTELY BY CMS AND VAULT OPEN BY STAF CONFIRMED BY KEY CUSTOODIAN 07500076519"
"BM6986","Customer Purpose","gen34","2026-09-28","17:57:24","28/09/2026 17:57:20  gen34
LIVE VIEW CHECKED, NO SUSPICIOUS ACTIVITY OBSERVED, VAULT DOOR RELEASED REMOTELY BY CMS AND VAULT OPENED BY BRANCH STAFF, CONFIRMED BY A KEY CUSTODIAN  8445333201"
"BM6986","Final Vault Closing","gen36","2026-09-28","18:42:22","28/09/2026 18:42:18  gen36
LIVE VIEW CHECKED, NO SUSPICIOUS ACTIVITY OBSERVED, VAULT DOOR RELEASED REMOTELY BY CMS AND VAULT OPENED BY BRANCH STAFF, CONFIRMED BY A KEY CUSTODIAN   07500076519"
"BM6986","","admin","2026-09-28","19:03:16",""
"BM7013","","admin","2026-09-28","09:26:42",""
"BM7013","Customer Purpose","gen4","2026-09-28","11:12:59","28/09/2026 11:12:56  gen4
LIVE VIEW CHECKED, NO SUSPICIOUS ACTIVITY OBSERVED, VAULT DOOR RELEASED REMOTELY BY CMS AND VAULT OPENED BY BRANCH STAFF, CONFIRMED BY A KEY CUSTODIAN  9957325955"
"BM7013","Customer Purpose","gen8","2026-09-28","11:52:57","28/09/2026 11:52:48  gen8
LIVE VIEW CHECKED, NO SUSPICIOUS ACTIVITY OBSERVED, VAULT DOOR RELEASED REMOTELY BY CMS AND VAULT OPENED BY BRANCH STAFF, CONFIRMED BY A KEY CUSTODIAN    1    9957325955"
"BM7013","Customer Purpose","gen13","2026-09-28","12:34:11","28/09/2026 12:34:00  gen13
LIVE VIEW CHECKED, NO SUSPICIOUS ACTIVITY OBSERVED, VAULT DOOR RELEASED REMOTELY BY CMS AND VAULT OPENED BY BRANCH STAFF, CONFIRMED BY A KEY CUSTODIAN 1/09957325955"
"BM7013","Customer Purpose","gen12","2026-09-28","13:26:50","28/09/2026 13:26:45  gen12
LIVE VIEW CHECKED, NO SUSPICIOUS ACTIVITY OBSERVED, VAULT DOOR RELEASED REMOTELY BY CMS AND VAULT OPENED BY BRANCH STAFF, CONFIRMED BY A KEY CUSTODIAN   07002590260"
"BM7013","Not Operate","gen3","2026-09-28","14:43:11","28/09/2026 14:43:05  gen3
LIVE VIEW CHECKED,NO SUSPICIOUS ACTIVITY OBSERVED,NO NEED TO OPERATE VAULT CONFIRMED BY KEY CUSTOODIAN. 07002590260"
"BM7013","Customer Purpose","gen46","2026-09-28","15:39:12","28/09/2026 15:39:08  gen46
LIVE VIEW CHECKED, NO SUSPICIOUS ACTIVITY OBSERVED, VAULT DOOR RELEASED REMOTELY BY CMS AND VAULT OPENED BY BRANCH STAFF, CONFIRMED BY A KEY CUSTODIAN     7002590260"
"BM7013","Customer Purpose","gen5","2026-09-28","16:09:41","28/09/2026 16:09:35  gen5
LIVE VIEW CHECKED, NO SUSPICIOUS ACTIVITY OBSERVED, VAULT DOOR RELEASED REMOTELY BY CMS AND VAULT OPENED BY BRANCH STAFF, CONFIRMED BY A KEY CUSTODIAN  1....  09957325955"
"BM7013","Customer Purpose","gen30","2026-09-28","17:12:08","28/09/2026 17:11:50  gen30
LIVE VIEW CHECKED, NO SUSPICIOUS ACTIVITY OBSERVED, VAULT DOOR RELEASED REMOTELY BY CMS AND VAULT OPENED BY BRANCH STAFF, CONFIRMED BY A KEY CUSTODIAN 1 .9957325955"
"BM7013","Final Vault Closing","gen37","2026-09-28","18:11:54","28/09/2026 18:11:50  gen37
LIVE VIEW CHECKED,NO SUSPICIOUS ACTIVITY OBSERVED,VAULT OPENING REQUEST FOR CLOSING PURPOSE VAULT DOOR RELEASED REMOTELY BY CMS AND VAULT OPEN BY BRANCH STAFF CONFIRMED BY KEY CUSTOODIAN 2 07002590260"
"BM7013","","admin","2026-09-28","18:39:31",""
"BM7013","","admin","2026-09-29","09:28:50",""
"BM7034","Customer Purpose","gen32","2026-09-28","10:54:56","28/09/2026 10:54:57  gen32
LIVE VIEW CHECKED, NO SUSPICIOUS ACTIVITY OBSERVED, VAULT DOOR RELEASED REMOTELY BY CMS AND VAULT OPENED BY BRANCH STAFF, CONFIRMED BY A KEY CUSTODIAN               09991434131"
"BM7034","Customer Purpose","gen23","2026-09-28","11:54:51","28/09/2026 11:54:43  gen23
LIVE VIEW CHECKED, NO SUSPICIOUS ACTIVITY OBSERVED, VAULT DOOR RELEASED REMOTELY BY CMS AND VAULT OPENED BY BRANCH STAFF, CONFIRMED BY A KEY CUSTODIAN//09991434131"
"BM7034","Customer Purpose","gen30","2026-09-28","12:04:37","28/09/2026 12:04:18  gen30
LIVE VIEW CHECKED, NO SUSPICIOUS ACTIVITY OBSERVED, VAULT DOOR RELEASED REMOTELY BY CMS AND VAULT OPENED BY BRANCH STAFF, CONFIRMED BY A KEY CUSTODIAN 1 .9991434131"
"BM7034","Customer Purpose","gen19","2026-09-28","13:33:17","28/09/2026 13:33:13  gen19
LIVE VIEW CHECKED, NO SUSPICIOUS ACTIVITY OBSERVED, VAULT DOOR RELEASED REMOTELY BY CMS AND VAULT OPENED BY BRANCH STAFF, CONFIRMED BY A KEY CUSTODIAN 9991434131"
"BM7034","Not Responded","gen33","2026-09-28","14:25:43","28/09/2026 14:25:33  gen33
LIVE VIEW CHECKED, NO SUSPICIOUS ACTIVITY OBSERVED. CALL TO KC 1/2/ 08708744852,08708744852, two way  BUT NOT RESPONDED."
"BM7034","Not Responded","","2026-09-28","14:27:01",""
"BM7034","Customer Purpose","gen16","2026-09-28","14:33:38","28/09/2026 14:33:34  gen16
LIVE VIEW CHECKED, NO SUSPICIOUS ACTIVITY OBSERVED, VAULT DOOR RELEASED REMOTELY BY CMS AND VAULT OPENED BY BRANCH STAFF, CONFIRMED BY A KEY CUSTODIAN  9991434131"
"BM7034","Customer Purpose","gen14","2026-09-28","15:59:35","28/09/2026 15:59:32  gen14
LIVE VIEW CHECKED, NO SUSPICIOUS ACTIVITY OBSERVED, VAULT DOOR RELEASED REMOTELY BY CMS AND VAULT OPENED BY BRANCH STAFF, CONFIRMED BY A KEY CUSTODIAN  1  09991434131"
"BM7034","Not Responded","gen10","2026-09-28","17:17:37","28/09/2026 17:17:32  gen10
LIVE VIEW CHECKED, NO SUSPICIOUS ACTIVITY OBSERVED. CALL TO KC 1/2/3 BUT NOT RESPONDED."
"BM7034","Customer Purpose","gen32","2026-09-28","17:27:13","28/09/2026 17:27:15  gen32
LIVE VIEW CHECKED, NO SUSPICIOUS ACTIVITY OBSERVED, VAULT DOOR RELEASED REMOTELY BY CMS AND VAULT OPENED BY BRANCH STAFF, CONFIRMED BY A KEY CUSTODIAN          09991434131"
"BM7034","Final Vault Closing","gen2","2026-09-28","18:32:56","28/09/2026 18:32:52  gen2
LIVE VIEW CHECKED, NO SUSPICIOUS ACTIVITY OBSERVED, VAULT DOOR RELEASED REMOTELY BY CMS AND VAULT OPENED BY BRANCH STAFF, CONFIRMED BY A KEY CUSTODIAN   1  9991434131"
"BM7241","Customer Purpose","gen3","2026-09-28","11:57:30","28/09/2026 11:57:24  gen3
LIVE VIEW CHECKED, NO SUSPICIOUS ACTIVITY OBSERVED, VAULT DOOR RELEASED REMOTELY BY CMS AND VAULT OPENED BY BRANCH STAFF, CONFIRMED BY A KEY CUSTODIAN 07827373327"
"BM7241","Customer Purpose","gen46","2026-09-28","13:13:34","28/09/2026 13:13:30  gen46
LIVE VIEW CHECKED, NO SUSPICIOUS ACTIVITY OBSERVED, VAULT DOOR RELEASED REMOTELY BY CMS AND VAULT OPENED BY BRANCH STAFF, CONFIRMED BY A KEY CUSTODIAN      7827373327"
"BM7241","Engineer at site","gen6","2026-09-28","15:42:42","28/09/2026 15:42:37  gen6
WORK IN PROGRESS, ENGINEER AT SITE. CONFIRMED BY KC 2 07827373327"
"BM7241","Engineer at site","gen6","2026-09-28","15:42:51",""
"BM7241","Engineer at site","","2026-09-28","15:42:51",""
"BM7241","Engineer at site","gen6","2026-09-28","15:42:51",""
"BM7241","Engineer at site","gen6","2026-09-28","15:42:51",""
"BM7241","Engineer at site","gen19","2026-09-28","15:47:15","28/09/2026 15:47:12  gen19
WORK IN PROGRESS, ENGINEER AT SITE CONFIRMED BY KC2..7827373327"
"BM7241","Engineer at site","gen19","2026-09-28","15:47:37","28/09/2026 15:47:34  gen19
WORK IN PROGRESS, ENGINEER AT SITE CONFIRMED BY KC2..7827373327"
"BM7241","Engineer at site","gen19","2026-09-28","15:47:53","28/09/2026 15:47:50  gen19
WORK IN PROGRESS, ENGINEER AT SITE CONFIRMED BY KC2..7827373327"
"BM7241","Engineer at site","gen19","2026-09-28","15:48:12","28/09/2026 15:48:09  gen19
WORK IN PROGRESS, ENGINEER AT SITE CONFIRMED BY KC2..7827373327"
"BM7241","Engineer at site","gen19","2026-09-28","15:48:49","28/09/2026 15:48:26  gen19
WORK IN PROGRESS, ENGINEER AT SITE CONFIRMED BY KC2..7827373327"
"BM7241","Engineer at site","gen19","2026-09-28","15:49:18","28/09/2026 15:49:15  gen19
WORK IN PROGRESS, ENGINEER AT SITE CONFIRMED BY KC2..7827373327"
"BM7241","Engineer at site","gen19","2026-09-28","15:49:37","28/09/2026 15:49:32  gen19
WORK IN PROGRESS, ENGINEER AT SITE CONFIRMED BY KC2..7827373327"
"BM7241","Engineer at site","gen36","2026-09-28","15:52:10","28/09/2026 15:52:02  gen36
WORK IN PROGRESS, ENGINEER AT SITE. CONFIRMED BY KC2 7827373327"
"BM7241","Engineer at site","gen36","2026-09-28","15:52:27",""
"BM7241","Engineer at site","gen36","2026-09-28","15:52:27",""
"BM7241","Engineer at site","","2026-09-28","15:52:27",""
"BM7241","Engineer at site","gen36","2026-09-28","15:52:27",""
"BM7241","Engineer at site","gen36","2026-09-28","15:53:19","28/09/2026 15:53:15  gen36
WORK IN PROGRESS, ENGINEER AT SITE. CONFIRMED BY KC2 7827373327"
"BM7241","Engineer at site","gen36","2026-09-28","15:53:30",""
"BM7241","Engineer at site","","2026-09-28","15:53:30",""
"BM7241","Engineer at site","gen1","2026-09-28","15:55:40","28/09/2026 15:55:35  gen1
WORK IN PROGRESS, ENGINEER AT SITE.  AND CONFIRMED BY KC 07827373327  ALL OK"
"BM7241","Engineer at site","gen1","2026-09-28","15:55:49",""
"BM7241","Engineer at site","gen1","2026-09-28","15:55:57",""
"BM7241","Engineer at site","gen1","2026-09-28","15:56:05",""
"BM7241","Engineer at site","gen1","2026-09-28","15:56:29",""
"BM7241","Engineer at site","gen1","2026-09-28","15:56:38",""
"BM7241","Final Vault Closing","gen11","2026-09-28","18:11:20","28/09/2026 18:11:16  gen11
LIVE VIEW CHECKED,NO SUSPICIOUS ACTIVITY OBSERVED,VAULT OPENING REQUEST FOR CLOSING PURPOSE VAULT DOOR RELEASED REMOTELY BY CMS AND VAULT OPEN BY BRANCH STAFF CONFIRMED BY KEY CUSTOODIAN 1  8930349279"
"BM7308","Customer Purpose","gen32","2026-09-28","11:06:56","28/09/2026 11:06:57  gen32
LIVE VIEW CHECKED, NO SUSPICIOUS ACTIVITY OBSERVED, VAULT DOOR RELEASED REMOTELY BY CMS AND VAULT OPENED BY BRANCH STAFF, CONFIRMED BY A KEY CUSTODIAN           09125855975"
"BM7308","Customer Purpose","gen34","2026-09-28","11:41:58","28/09/2026 11:41:53  gen34
LIVE VIEW CHECKED, NO SUSPICIOUS ACTIVITY OBSERVED, VAULT DOOR RELEASED REMOTELY BY CMS AND VAULT OPENED BY BRANCH STAFF, CONFIRMED BY A KEY CUSTODIAN 9125855975"
"BM7308","Customer Purpose","gen11","2026-09-28","12:26:12","28/09/2026 12:26:10  gen11
LIVE VIEW CHECKED, NO SUSPICIOUS ACTIVITY OBSERVED, VAULT DOOR RELEASED REMOTELY BY CMS AND VAULT OPENED BY BRANCH STAFF, CONFIRMED BY A KEY CUSTODIAN   1   7906015258"
"BM7308","Not Operate","gen13","2026-09-28","12:48:55","28/09/2026 12:48:49  gen13
LIVE VIEW CHECKED,NO SUSPICIOUS ACTIVITY OBSERVED,NO NEED TO OPERATE VAULT CONFIRMED BY KEY CUSTOODIAN.1/07906015258"
"BM7308","Customer Purpose","gen19","2026-09-28","13:06:26","28/09/2026 13:06:23  gen19
LIVE VIEW CHECKED, NO SUSPICIOUS ACTIVITY OBSERVED, VAULT DOOR RELEASED REMOTELY BY CMS AND VAULT OPENED BY BRANCH STAFF, CONFIRMED BY A KEY CUSTODIAN 7906015258"
"BM7308","Customer Purpose","gen26","2026-09-28","15:46:55","28/09/2026 15:46:50  gen26
LIVE VIEW CHECKED, NO SUSPICIOUS ACTIVITY OBSERVED, VAULT DOOR RELEASED REMOTELY BY CMS AND VAULT OPENED BY BRANCH STAFF, CONFIRMED BY A KEY CUSTODIAN    07906015258"
"BM7308","Customer Purpose","gen9","2026-09-28","16:54:20","28/09/2026 16:54:16  gen9
LIVE VIEW CHECKED, NO SUSPICIOUS ACTIVITY OBSERVED, VAULT DOOR RELEASED REMOTELY BY CMS AND VAULT OPENED BY BRANCH STAFF, CONFIRMED BY A KEY CUSTODIAN   1   09125855975"
"BM7308","Customer Purpose","gen11","2026-09-28","17:30:57","28/09/2026 17:30:51  gen11
LIVE VIEW CHECKED, NO SUSPICIOUS ACTIVITY OBSERVED, VAULT DOOR RELEASED REMOTELY BY CMS AND VAULT OPENED BY BRANCH STAFF, CONFIRMED BY A KEY CUSTODIAN  1  7906015258"
"BM7308","Final Vault Closing","gen5","2026-09-28","18:11:10","28/09/2026 18:11:06  gen5
LIVE VIEW CHECKED,NO SUSPICIOUS ACTIVITY OBSERVED,VAULT OPENING REQUEST FOR CLOSING PURPOSE VAULT DOOR RELEASED REMOTELY BY CMS AND VAULT OPEN BY BRANCH STAFF CONFIRMED BY KEY CUSTOODIAN ,  07906015258"
"BM7326","Customer Purpose","gen37","2026-09-28","13:54:54","28/09/2026 13:54:51  gen37
LIVE VIEW CHECKED, NO SUSPICIOUS ACTIVITY OBSERVED, VAULT DOOR RELEASED REMOTELY BY CMS AND VAULT OPENED BY BRANCH STAFF, CONFIRMED BY A KEY CUSTODIAN  1 06387494292"
"BM7326","Customer Purpose","gen30","2026-09-28","17:22:44","28/09/2026 17:22:26  gen30
LIVE VIEW CHECKED, NO SUSPICIOUS ACTIVITY OBSERVED, VAULT DOOR RELEASED REMOTELY BY CMS AND VAULT OPENED BY BRANCH STAFF, CONFIRMED BY A KEY CUSTODIAN 1 .8687952918"
"BM7326","Not Operate","gen20","2026-09-28","18:28:39","28/09/2026 18:28:26  gen20
LIVE VIEW CHECKED,NO SUSPICIOUS ACTIVITY OBSERVED,NO NEED TO OPERATE VAULT CONFIRMED BY KEY CUSTOODIAN  2  08687952918"
"BM7326","Final Vault Closing","gen19","2026-09-28","18:39:01","28/09/2026 18:38:56  gen19
LIVE VIEW CHECKED,NO SUSPICIOUS ACTIVITY OBSERVED,VAULT OPENING REQUEST FOR CLOSING PURPOSE VAULT DOOR RELEASED REMOTELY BY CMS AND VAULT OPEN BY BRANCH STAFF CONFIRMED BY KEY CUSTOODIAN 9161998413"
"BM7333","Customer Purpose","gen30","2026-09-28","11:43:22","28/09/2026 11:43:05  gen30
LIVE VIEW CHECKED, NO SUSPICIOUS ACTIVITY OBSERVED, VAULT DOOR RELEASED REMOTELY BY CMS AND VAULT OPENED BY BRANCH STAFF, CONFIRMED BY A KEY CUSTODIAN 3 .7457810547"
"BM7333","Customer Purpose","gen8","2026-09-28","12:22:51","28/09/2026 12:22:41  gen8
LIVE VIEW CHECKED, NO SUSPICIOUS ACTIVITY OBSERVED, VAULT DOOR RELEASED REMOTELY BY CMS AND VAULT OPENED BY BRANCH STAFF, CONFIRMED BY A KEY CUSTODIAN    2   6396842008"
"BM7333","Customer Purpose","gen21","2026-09-28","14:09:43","28/09/2026 14:10:28  gen21
LIVE VIEW CHECKED, NO SUSPICIOUS ACTIVITY OBSERVED, VAULT DOOR RELEASED REMOTELY BY CMS AND VAULT OPENED BY BRANCH STAFF, CONFIRMED BY A KEY CUSTODIAN   1   6396842008"
"BM7333","Customer Purpose","gen32","2026-09-28","16:45:31","28/09/2026 16:45:34  gen32
LIVE VIEW CHECKED, NO SUSPICIOUS ACTIVITY OBSERVED, VAULT DOOR RELEASED REMOTELY BY CMS AND VAULT OPENED BY BRANCH STAFF, CONFIRMED BY A KEY CUSTODIAN            06396842008"
"BM7333","Customer Purpose","gen21","2026-09-28","17:55:14","28/09/2026 17:55:33  gen21
LIVE VIEW CHECKED, NO SUSPICIOUS ACTIVITY OBSERVED, VAULT DOOR RELEASED REMOTELY BY CMS AND VAULT OPENED BY BRANCH STAFF, CONFIRMED BY A KEY CUSTODIAN     1    7457810547"
"BM7333","Not Operate","gen48","2026-09-28","18:02:16","28/09/2026 18:02:09  gen48
LIVE VIEW CHECKED,NO SUSPICIOUS ACTIVITY OBSERVED,NO NEED TO OPERATE VAULT CONFIRMED BY KEY CUSTOODIAN.1/06396842008"
"BM7333","Final Vault Closing","gen23","2026-09-28","18:59:36","28/09/2026 18:59:33  gen23
LIVE VIEW CHECKED,NO SUSPICIOUS ACTIVITY OBSERVED,VAULT OPENING REQUEST FOR CLOSING PURPOSE VAULT DOOR RELEASED REMOTELY BY CMS AND VAULT OPEN BY BRANCH STAFF CONFIRMED BY KEY CUSTOODIAN //07457810547"
"BM7339","Customer Purpose","gen48","2026-09-28","10:49:59","28/09/2026 10:49:55  gen48
LIVE VIEW CHECKED, NO SUSPICIOUS ACTIVITY OBSERVED, VAULT DOOR RELEASED REMOTELY BY CMS AND VAULT OPENED BY BRANCH STAFF, CONFIRMED BY A KEY CUSTODIAN   1   09760645555"
"BM7339","Customer Purpose","gen36","2026-09-28","12:10:45","28/09/2026 12:10:42  gen36
LIVE VIEW CHECKED, NO SUSPICIOUS ACTIVITY OBSERVED, VAULT DOOR RELEASED REMOTELY BY CMS AND VAULT OPENED BY BRANCH STAFF, CONFIRMED BY A KEY CUSTODIAN  9760645555"
"BM7339","Customer Purpose","gen35","2026-09-28","13:39:13","28/09/2026 13:39:10  gen35
LIVE VIEW CHECKED, NO SUSPICIOUS ACTIVITY OBSERVED, VAULT DOOR RELEASED REMOTELY BY CMS AND VAULT OPENED BY BRANCH STAFF, CONFIRMED BY A KEY CUSTODIAN   09690686159"
"BM7339","Not Operate","gen6","2026-09-28","15:38:15","28/09/2026 15:38:10  gen6
LIVE VIEW CHECKED,NO SUSPICIOUS ACTIVITY OBSERVED,NO NEED TO OPERATE VAULT CONFIRMED BY KEY CUSTOODIAN. 09758465671"
"BM7339","Customer Purpose","gen32","2026-09-28","15:59:41","28/09/2026 15:59:39  gen32
LIVE VIEW CHECKED, NO SUSPICIOUS ACTIVITY OBSERVED, VAULT DOOR RELEASED REMOTELY BY CMS AND VAULT OPENED BY BRANCH STAFF, CONFIRMED BY A KEY CUSTODIAN  09690686159"
"BM7339","Final Vault Closing","gen2","2026-09-28","18:41:19","28/09/2026 18:41:11  gen2
LIVE VIEW CHECKED, NO SUSPICIOUS ACTIVITY OBSERVED, VAULT DOOR RELEASED REMOTELY BY CMS AND VAULT OPENED BY BRANCH STAFF, CONFIRMED BY A KEY CUSTODIAN  1  9760645555"
"BM7400","Customer Purpose","gen36","2026-09-28","12:07:06","28/09/2026 12:07:03  gen36
LIVE VIEW CHECKED, NO SUSPICIOUS ACTIVITY OBSERVED, VAULT DOOR RELEASED REMOTELY BY CMS AND VAULT OPENED BY BRANCH STAFF, CONFIRMED BY A KEY CUSTODIAN  9711664363"
"BM7400","Customer Purpose","gen4","2026-09-28","12:55:15","28/09/2026 12:55:00  gen4
LIVE VIEW CHECKED, NO SUSPICIOUS ACTIVITY OBSERVED, VAULT DOOR RELEASED REMOTELY BY CMS AND VAULT OPENED BY BRANCH STAFF, CONFIRMED BY A KEY CUSTODIAN  9548855885"
"BM7400","Customer Purpose","gen21","2026-09-28","13:09:03","28/09/2026 13:09:23  gen21
LIVE VIEW CHECKED, NO SUSPICIOUS ACTIVITY OBSERVED, VAULT DOOR RELEASED REMOTELY BY CMS AND VAULT OPENED BY BRANCH STAFF, CONFIRMED BY A KEY CUSTODIAN   1     9548855885"
"BM7400","Engineer at site","gen21","2026-09-28","13:09:12",""
"BM7400","Engineer at site","gen38","2026-09-28","13:19:51","28/09/2026 13:19:46  gen38
WORK IN PROGRESS, ENGINEER AT SITE. CONFIRMED BY 9711664363"
"BM7400","Engineer at site","gen38","2026-09-28","13:20:03",""
"BM7400","Engineer at site","gen38","2026-09-28","13:20:03",""
"BM7400","Engineer at site","gen38","2026-09-28","13:20:03",""
"BM7400","Engineer at site","gen38","2026-09-28","13:20:03",""
"BM7400","Engineer at site","gen38","2026-09-28","13:20:03",""
"BM7400","Engineer at site","gen38","2026-09-28","13:20:03",""
"BM7400","Engineer at site","gen38","2026-09-28","13:20:03",""
"BM7400","Engineer at site","gen38","2026-09-28","13:20:03",""
"BM7400","Engineer at site","gen38","2026-09-28","13:20:03",""
"BM7400","Engineer at site","gen38","2026-09-28","13:20:03",""
"BM7400","Engineer at site","gen38","2026-09-28","13:20:03",""
"BM7400","Engineer at site","gen38","2026-09-28","13:20:03",""
"BM7400","Engineer at site","","2026-09-28","13:20:03",""
"BM7400","Engineer at site","gen38","2026-09-28","13:20:03",""
"BM7400","Engineer at site","gen38","2026-09-28","13:20:03",""
"BM7400","Engineer at site","gen38","2026-09-28","13:20:03",""
"BM7400","Engineer at site","gen38","2026-09-28","13:20:03",""
"BM7400","Engineer at site","gen38","2026-09-28","13:20:03",""
"BM7400","Engineer at site","gen38","2026-09-28","13:20:03",""
"BM7400","Engineer at site","gen38","2026-09-28","13:20:22",""
"BM7400","Engineer at site","","2026-09-28","13:23:41",""
"BM7400","Engineer at site","gen25","2026-09-28","13:34:12","28/09/2026 13:34:08  gen25
WORK IN PROGRESS, ENGINEER AT SITE.CONFIRM BY TWOWAY COMMUNICATION"
"BM7400","Engineer at site","gen25","2026-09-28","13:34:33","28/09/2026 13:34:29  gen25
WORK IN PROGRESS, ENGINEER AT SITE.CONFIRM BY TWOWAY COMMUNICATION"
"BM7400","Engineer at site","gen25","2026-09-28","13:34:56","28/09/2026 13:34:53  gen25
WORK IN PROGRESS, ENGINEER AT SITE.CONFIRM BY TWOWAY COMMUNICATION"
"BM7400","Engineer at site","","2026-09-28","13:36:51","28/09/2026 13:36:39  gen3
WORK IN PROGRESS, ENGINEER AT SITE."
"BM7400","Engineer at site","","2026-09-28","13:37:04",""
"BM7400","Engineer at site","","2026-09-28","13:37:24",""
"BM7400","Engineer at site","","2026-09-28","13:37:44",""
"BM7400","Engineer at site","gen3","2026-09-28","13:37:44",""
"BM7400","Engineer at site","","2026-09-28","13:37:58",""
"BM7400","Engineer at site","gen3","2026-09-28","13:37:58",""
"BM7400","Engineer at site","gen3","2026-09-28","13:37:58",""
"BM7400","Engineer at site","","2026-09-28","13:38:18",""
"BM7400","Engineer at site","gen3","2026-09-28","13:38:18",""
"BM7400","Engineer at site","gen3","2026-09-28","13:38:18",""
"BM7400","Engineer at site","","2026-09-28","13:46:54",""
"BM7400","Engineer at site","gen1","2026-09-28","13:56:42","28/09/2026 13:56:37  gen1
WORK IN PROGRESS, ENGINEER AT SITE.  AND CONFIRMED BY KC 09711664363  ALL OK"
"BM7400","Engineer at site","","2026-09-28","13:56:58",""
"BM7400","Engineer at site","gen1","2026-09-28","13:56:58",""
"BM7400","Engineer at site","gen1","2026-09-28","13:56:58",""
"BM7400","Engineer at site","gen1","2026-09-28","13:56:58",""
"BM7400","Engineer at site","gen1","2026-09-28","13:56:58",""
"BM7400","Customer Purpose","gen48","2026-09-28","14:39:24","28/09/2026 14:39:21  gen48
LIVE VIEW CHECKED, NO SUSPICIOUS ACTIVITY OBSERVED, VAULT DOOR RELEASED REMOTELY BY CMS AND VAULT OPENED BY BRANCH STAFF, CONFIRMED BY A KEY CUSTODIAN  2   09548855885"
"BM7400","Customer Purpose","gen36","2026-09-28","15:30:03","28/09/2026 15:30:00  gen36
LIVE VIEW CHECKED, NO SUSPICIOUS ACTIVITY OBSERVED, VAULT DOOR RELEASED REMOTELY BY CMS AND VAULT OPENED BY BRANCH STAFF, CONFIRMED BY A KEY CUSTODIAN 9711664363"
"BM7400","Customer Purpose","gen2","2026-09-28","15:44:43","28/09/2026 15:44:40  gen2
LIVE VIEW CHECKED, NO SUSPICIOUS ACTIVITY OBSERVED, VAULT DOOR RELEASED REMOTELY BY CMS AND VAULT OPENED BY BRANCH STAFF, CONFIRMED BY A KEY CUSTODIAN  1  9711664363"
"BM7400","Customer Purpose","gen48","2026-09-28","16:35:43","28/09/2026 16:35:39  gen48
LIVE VIEW CHECKED, NO SUSPICIOUS ACTIVITY OBSERVED, VAULT DOOR RELEASED REMOTELY BY CMS AND VAULT OPENED BY BRANCH STAFF, CONFIRMED BY A KEY CUSTODIAN   2  09548855885"
"BM7400","Final Vault Closing","gen14","2026-09-28","18:23:38","28/09/2026 18:23:35  gen14
LIVE VIEW CHECKED,NO SUSPICIOUS ACTIVITY OBSERVED,VAULT OPENING REQUEST FOR CLOSING PURPOSE VAULT DOOR RELEASED REMOTELY BY CMS AND VAULT OPEN BY BRANCH STAFF CONFIRMED BY KEY CUSTOODIAN   09027339738"
"BM7400","","admin","2026-09-28","18:49:55",""
"BM7445","Audit Purpose","gen18","2026-09-28","11:06:18","28/09/2026 11:06:11  gen18
LIVE VIEW CHECKED,NO SUSPICIOUS ACTIVITY OBSERVED,VAULT OPENING REQUEST FOR AUDIT   MAIL APPROVED BY Bijumon P  VAULT DOOR RELEASED REMOTELY BY CMS, AND VAULT OPENED BY BRANCH STAFF CONFIRMED BY A KEY CUSTOODIAN.  08858909060"
"BM7445","Audit Purpose","gen4","2026-09-28","13:21:08","28/09/2026 13:20:57  gen4
LIVE VIEW CHECKED,NO SUSPICIOUS ACTIVITY OBSERVED,VAULT OPENING REQUEST FOR AUDIT, MAIL APPROVED BY Bijumon P, VAULT DOOR RELEASED REMOTELY BY CMS, AND VAULT OPENED BY BRANCH STAFF CONFIRMED BY A KEY CUSTOODIAN.   8858909060"
"BM7445","Final Vault Closing","gen14","2026-09-28","18:09:20","28/09/2026 18:09:17  gen14
LIVE VIEW CHECKED,NO SUSPICIOUS ACTIVITY OBSERVED,VAULT OPENING REQUEST FOR CLOSING PURPOSE VAULT DOOR RELEASED REMOTELY BY CMS AND VAULT OPEN BY BRANCH STAFF CONFIRMED BY KEY CUSTOODIAN    08858909060"
"BM7446","Customer Purpose","gen39","2026-09-28","13:01:50","28/09/2026 13:01:45  gen39
LIVE VIEW CHECKED, NO SUSPICIOUS ACTIVITY OBSERVED, VAULT DOOR RELEASED REMOTELY BY CMS AND VAULT OPENED BY BRANCH STAFF, CONFIRMED BY A KEY CUSTODIAN  9682472189"
"BM7446","Customer Purpose","gen46","2026-09-28","13:20:47","28/09/2026 13:20:44  gen46
LIVE VIEW CHECKED, NO SUSPICIOUS ACTIVITY OBSERVED, VAULT DOOR RELEASED REMOTELY BY CMS AND VAULT OPENED BY BRANCH STAFF, CONFIRMED BY A KEY CUSTODIAN     9682472189"
"BM7446","Customer Purpose","gen22","2026-09-28","14:48:46","28/09/2026 14:48:43  gen22
LIVE VIEW CHECKED, NO SUSPICIOUS ACTIVITY OBSERVED, VAULT DOOR RELEASED REMOTELY BY CMS AND VAULT OPENED BY BRANCH STAFF, CONFIRMED BY A KEY CUSTODIAN   1  9682472189"
"BM7446","Final Vault Closing","gen11","2026-09-28","18:09:30","28/09/2026 18:09:28  gen11
LIVE VIEW CHECKED,NO SUSPICIOUS ACTIVITY OBSERVED,VAULT OPENING REQUEST FOR CLOSING PURPOSE VAULT DOOR RELEASED REMOTELY BY CMS AND VAULT OPEN BY BRANCH STAFF CONFIRMED BY KEY CUSTOODIAN 1  9682472189"
"BM7456","Customer Purpose","gen11","2026-09-28","13:42:05","28/09/2026 13:42:03  gen11
LIVE VIEW CHECKED, NO SUSPICIOUS ACTIVITY OBSERVED, VAULT DOOR RELEASED REMOTELY BY CMS AND VAULT OPENED BY BRANCH STAFF, CONFIRMED BY A KEY CUSTODIAN    3  9853943410"
"BM7456","Customer Purpose","gen35","2026-09-28","14:45:53","28/09/2026 14:45:50  gen35
LIVE VIEW CHECKED, NO SUSPICIOUS ACTIVITY OBSERVED, VAULT DOOR RELEASED REMOTELY BY CMS AND VAULT OPENED BY BRANCH STAFF, CONFIRMED BY A KEY CUSTODIAN     08455044978"
"BM7456","Customer Purpose","gen22","2026-09-28","15:53:15","28/09/2026 15:53:11  gen22
LIVE VIEW CHECKED, NO SUSPICIOUS ACTIVITY OBSERVED, VAULT DOOR RELEASED REMOTELY BY CMS AND VAULT OPENED BY BRANCH STAFF, CONFIRMED BY A KEY CUSTODIAN    1    8095930155"
"BM7456","Customer Purpose","gen30","2026-09-28","17:15:47","28/09/2026 17:15:27  gen30
LIVE VIEW CHECKED, NO SUSPICIOUS ACTIVITY OBSERVED, VAULT DOOR RELEASED REMOTELY BY CMS AND VAULT OPENED BY BRANCH STAFF, CONFIRMED BY A KEY CUSTODIAN 2 .8095930155"
"BM7456","Final Vault Closing","gen20","2026-09-28","18:44:37","28/09/2026 18:44:34  gen20
LIVE VIEW CHECKED,NO SUSPICIOUS ACTIVITY OBSERVED,VAULT OPENING REQUEST FOR CLOSING PURPOSE VAULT DOOR RELEASED REMOTELY BY CMS AND VAULT OPEN BY BRANCH STAFF CONFIRMED BY KEY CUSTOODIAN 1/  8455044978"
"BM753","Customer Purpose","gen32","2026-09-28","11:01:47","28/09/2026 11:01:48  gen32
LIVE VIEW CHECKED, NO SUSPICIOUS ACTIVITY OBSERVED, VAULT DOOR RELEASED REMOTELY BY CMS AND VAULT OPENED BY BRANCH STAFF, CONFIRMED BY A KEY CUSTODIAN      09706729609"
"BM753","Not Operate","gen24","2026-09-28","12:03:45","28/09/2026 12:03:30  gen24
LIVE VIEW CHECKED,NO SUSPICIOUS ACTIVITY OBSERVED,NO NEED TO OPERATE VAULT CONFIRMED BY KEY CUSTOODIAN 1 08638110215"
"BM753","Not Responded","gen11","2026-09-28","12:22:46","28/09/2026 12:22:41  gen11
LIVE VIEW CHECKED, NO SUSPICIOUS ACTIVITY OBSERVED. CALL TO KC 1/2/3 BUT NOT RESPONDED.
9706729609
8135055083
8638110215"
"BM753","Customer Purpose","gen16","2026-09-28","12:35:32","28/09/2026 12:35:26  gen16
LIVE VIEW CHECKED, NO SUSPICIOUS ACTIVITY OBSERVED, VAULT DOOR RELEASED REMOTELY BY CMS AND VAULT OPENED BY BRANCH STAFF, CONFIRMED BY A KEY CUSTODIAN  8638110215"
"BM753","Customer Purpose","gen2","2026-09-28","14:21:00","28/09/2026 14:20:56  gen2
LIVE VIEW CHECKED, NO SUSPICIOUS ACTIVITY OBSERVED, VAULT DOOR RELEASED REMOTELY BY CMS AND VAULT OPENED BY BRANCH STAFF, CONFIRMED BY A KEY CUSTODIAN   2  9706729609"
"BM753","Customer Purpose","gen30","2026-09-28","16:53:12","28/09/2026 16:52:54  gen30
LIVE VIEW CHECKED, NO SUSPICIOUS ACTIVITY OBSERVED, VAULT DOOR RELEASED REMOTELY BY CMS AND VAULT OPENED BY BRANCH STAFF, CONFIRMED BY A KEY CUSTODIAN 3 .8135055083"
"BM753","Customer Purpose","gen1","2026-09-28","18:02:56","28/09/2026 18:02:49  gen1
LIVE VIEW CHECKED, NO SUSPICIOUS ACTIVITY OBSERVED, VAULT DOOR RELEASED REMOTELY BY CMS AND VAULT OPENED BY BRANCH STAFF, CONFIRMED BY A KEY CUSTODIAN  08135055083"
"BM753","Final Vault Closing","gen14","2026-09-28","18:31:54","28/09/2026 18:31:49  gen14
LIVE VIEW CHECKED,NO SUSPICIOUS ACTIVITY OBSERVED,VAULT OPENING REQUEST FOR CLOSING PURPOSE VAULT DOOR RELEASED REMOTELY BY CMS AND VAULT OPEN BY BRANCH STAFF CONFIRMED BY KEY CUSTOODIAN  2   09706729609"
"BM753","","admin","2026-09-29","08:52:21",""
"BM7533","","admin","2026-09-28","09:18:23",""
"BM7533","Audit Purpose","gen30","2026-09-28","10:29:26","28/09/2026 10:29:07  gen30
LIVE VIEW CHECKED,NO SUSPICIOUS ACTIVITY OBSERVED,VAULT OPENING REQUEST FOR AUDIT, MAIL APPROVED BY DIPENDRA SHAHI , VAULT DOOR RELEASED REMOTELY BY CMS, AND VAULT OPENED BY BRANCH STAFF CONFIRMED BY A KEY CUSTOODIAN.1 .9078281799"
"BM7533","Audit Purpose","gen29","2026-09-28","10:45:21","28/09/2026 10:45:13  gen29
LIVE VIEW CHECKED,NO SUSPICIOUS ACTIVITY OBSERVED,VAULT OPENING REQUEST FOR AUDIT MAIL APPROVED BY 
  
DIPENDRA SHAHI  VAULT DOOR RELEASED REMOTELY BY CMS, AND VAULT OPENED BY BRANCH STAFF CONFIRMED BY A KEY CUSTOODIAN. 08018754879"
"BM7533","Audit Purpose","gen8","2026-09-28","12:44:56","28/09/2026 12:44:34  gen8
LIVE VIEW CHECKED,NO SUSPICIOUS ACTIVITY OBSERVED,VAULT OPENING REQUEST FOR AUDIT, MAIL APPROVED BY DIPENDRA SHAHI , VAULT DOOR RELEASED REMOTELY BY CMS, AND VAULT OPENED BY BRANCH STAFF CONFIRMED BY A KEY CUSTOODIAN.   2    8018754879"
"BM7533","Audit Purpose","gen7","2026-09-28","16:17:59","28/09/2026 16:17:30  gen7
LIVE VIEW CHECKED,NO SUSPICIOUS ACTIVITY OBSERVED,VAULT OPENING REQUEST FOR AUDIT , MAIL APPROVED BY
  
DIPENDRA SHAHI VAULT DOOR RELEASED REMOTELY BY CMS, AND VAULT OPENED BY BRANCH STAFF CONFIRMED BY A KEY CUSTOODIAN.1-9078281799"
"BM7533","Final Vault Closing","gen18","2026-09-28","18:10:21","28/09/2026 18:10:14  gen18
LIVE VIEW CHECKED,NO SUSPICIOUS ACTIVITY OBSERVED,VAULT OPENING REQUEST FOR CLOSING PURPOSE VAULT DOOR RELEASED REMOTELY BY CMS AND VAULT OPEN BY BRANCH STAFF CONFIRMED BY KEY CUSTOODIAN    09078281799"
"BM7533","Taken Excess Time","iifl3","2026-09-28","18:56:06","28/09/2026 18:56:02  iifl3
IN ACCORDANCE WITH LIVE MONITORING,BRANCH STAFF TOOK LONGER THAN STATED TIME FOR VAULT ROOM OPERATION,AND THE OPERATION WAS COMPLETED IN 07 MINUTES.ALSO INFORMED BY TWO WAY COMMUNICATION
TIME - 18:09:29 TO 18:16:05"
"BM7556","Customer Purpose","gen17","2026-09-28","11:49:13","28/09/2026 11:49:09  gen17
LIVE VIEW CHECKED, NO SUSPICIOUS ACTIVITY OBSERVED, VAULT DOOR RELEASED REMOTELY BY CMS AND VAULT OPENED BY BRANCH STAFF, CONFIRMED BY A KEY CUSTODIAN 2....08057897674"
"BM7556","Customer Purpose","gen1","2026-09-28","11:55:44","28/09/2026 11:55:41  gen1
LIVE VIEW CHECKED, NO SUSPICIOUS ACTIVITY OBSERVED, VAULT DOOR RELEASED REMOTELY BY CMS AND VAULT OPENED BY BRANCH STAFF, CONFIRMED BY A KEY CUSTODIAN 07818836229"
"BM7556","Customer Purpose","gen4","2026-09-28","12:16:11","28/09/2026 12:16:07  gen4
LIVE VIEW CHECKED, NO SUSPICIOUS ACTIVITY OBSERVED, VAULT DOOR RELEASED REMOTELY BY CMS AND VAULT OPENED BY BRANCH STAFF, CONFIRMED BY A KEY CUSTODIAN  7818836229"
"BM7556","Customer Purpose","gen20","2026-09-28","12:30:37","28/09/2026 12:30:34  gen20
LIVE VIEW CHECKED, NO SUSPICIOUS ACTIVITY OBSERVED, VAULT DOOR RELEASED REMOTELY BY CMS AND VAULT OPENED BY BRANCH STAFF, CONFIRMED BY A KEY CUSTODIAN  1  7818836229"
"BM7556","Customer Purpose","gen38","2026-09-28","13:10:17","28/09/2026 13:10:15  gen38
LIVE VIEW CHECKED, NO SUSPICIOUS ACTIVITY OBSERVED, VAULT DOOR RELEASED REMOTELY BY CMS AND VAULT OPENED BY BRANCH STAFF, CONFIRMED BY A KEY CUSTODIAN 7818836229"
"BM7556","Customer Purpose","gen13","2026-09-28","13:17:14","28/09/2026 13:17:10  gen13
LIVE VIEW CHECKED, NO SUSPICIOUS ACTIVITY OBSERVED, VAULT DOOR RELEASED REMOTELY BY CMS AND VAULT OPENED BY BRANCH STAFF, CONFIRMED BY A KEY CUSTODIAN 1/07818836229"
"BM7556","Customer Purpose","gen33","2026-09-28","14:53:57","28/09/2026 14:53:52  gen33
LIVE VIEW CHECKED, NO SUSPICIOUS ACTIVITY OBSERVED, VAULT DOOR RELEASED REMOTELY BY CMS AND VAULT OPENED BY BRANCH STAFF, CONFIRMED BY A KEY CUSTODIAN 07818836229"
"BM7556","Customer Purpose","gen26","2026-09-28","15:29:40","28/09/2026 15:29:35  gen26
LIVE VIEW CHECKED, NO SUSPICIOUS ACTIVITY OBSERVED, VAULT DOOR RELEASED REMOTELY BY CMS AND VAULT OPENED BY BRANCH STAFF, CONFIRMED BY A KEY CUSTODIAN  09927491322"
"BM7556","Customer Purpose","gen4","2026-09-28","17:52:18","28/09/2026 17:52:15  gen4
LIVE VIEW CHECKED, NO SUSPICIOUS ACTIVITY OBSERVED, VAULT DOOR RELEASED REMOTELY BY CMS AND VAULT OPENED BY BRANCH STAFF, CONFIRMED BY A KEY CUSTODIAN   7818836229"
"BM7556","Not Responded","gen11","2026-09-28","17:56:31","28/09/2026 17:56:22  gen11
LIVE VIEW CHECKED, NO SUSPICIOUS ACTIVITY OBSERVED. CALL TO KC 1/2/3 BUT NOT RESPONDED."
"BM7556","Final Vault Closing","gen30","2026-09-28","18:27:23","28/09/2026 18:27:01  gen30
LIVE VIEW CHECKED,NO SUSPICIOUS ACTIVITY OBSERVED,VAULT OPENING REQUEST FOR CLOSING PURPOSE VAULT DOOR RELEASED REMOTELY BY CMS AND VAULT OPEN BY BRANCH STAFF CONFIRMED BY KEY CUSTOODIAN 3 .9927491322"
"BM7556","","admin","2026-09-28","19:20:16",""
"BM7578","","admin","2026-09-28","09:27:27",""
"BM7578","Customer Purpose","gen36","2026-09-28","11:07:14","28/09/2026 11:07:07  gen36
LIVE VIEW CHECKED, NO SUSPICIOUS ACTIVITY OBSERVED, VAULT DOOR RELEASED REMOTELY BY CMS AND VAULT OPENED BY BRANCH STAFF, CONFIRMED BY A KEY CUSTODIAN   9556167848"
"BM7578","Customer Purpose","gen48","2026-09-28","11:53:10","28/09/2026 11:53:07  gen48
LIVE VIEW CHECKED, NO SUSPICIOUS ACTIVITY OBSERVED, VAULT DOOR RELEASED REMOTELY BY CMS AND VAULT OPENED BY BRANCH STAFF, CONFIRMED BY A KEY CUSTODIAN   1  09556167848"
"BM7578","Customer Purpose","gen4","2026-09-28","14:30:49","28/09/2026 14:30:33  gen4
LIVE VIEW CHECKED, NO SUSPICIOUS ACTIVITY OBSERVED, VAULT DOOR RELEASED REMOTELY BY CMS AND VAULT OPENED BY BRANCH STAFF, CONFIRMED BY A KEY CUSTODIAN 7609087501"
"BM7578","Customer Purpose","gen36","2026-09-28","16:32:12","28/09/2026 16:32:08  gen36
LIVE VIEW CHECKED, NO SUSPICIOUS ACTIVITY OBSERVED, VAULT DOOR RELEASED REMOTELY BY CMS AND VAULT OPENED BY BRANCH STAFF, CONFIRMED BY A KEY CUSTODIAN  6370431138"
"BM7578","Customer Purpose","gen35","2026-09-28","17:35:21","28/09/2026 17:35:17  gen35
LIVE VIEW CHECKED, NO SUSPICIOUS ACTIVITY OBSERVED, VAULT DOOR RELEASED REMOTELY BY CMS AND VAULT OPENED BY BRANCH STAFF, CONFIRMED BY A KEY CUSTODIAN   06370431138"
"BM7578","Final Vault Closing","gen25","2026-09-28","18:16:19","28/09/2026 18:16:13  gen25
LIVE VIEW CHECKED,NO SUSPICIOUS ACTIVITY OBSERVED,VAULT OPENING REQUEST FOR CLOSING PURPOSE VAULT DOOR RELEASED REMOTELY BY CMS AND VAULT OPEN BY BRANCH STAFF CONFIRMED BY KEY CUSTOODIAN     1      09556167848"
"BM7578","","admin","2026-09-28","19:06:13",""
"BM7578","","admin","2026-09-29","09:27:01",""
"BM7606","Customer Purpose","gen25","2026-09-28","11:46:34","28/09/2026 11:46:30  gen25
LIVE VIEW CHECKED, NO SUSPICIOUS ACTIVITY OBSERVED, VAULT DOOR RELEASED REMOTELY BY CMS AND VAULT OPENED BY BRANCH STAFF, CONFIRMED BY A KEY CUSTODIAN     1         07500452183"
"BM7606","Customer Purpose","gen34","2026-09-28","12:52:12","28/09/2026 12:52:07  gen34
LIVE VIEW CHECKED, NO SUSPICIOUS ACTIVITY OBSERVED, VAULT DOOR RELEASED REMOTELY BY CMS AND VAULT OPENED BY BRANCH STAFF, CONFIRMED BY A KEY CUSTODIAN 9557330803"
"BM7606","Customer Purpose","gen17","2026-09-28","13:54:31","28/09/2026 13:54:26  gen17
LIVE VIEW CHECKED, NO SUSPICIOUS ACTIVITY OBSERVED, VAULT DOOR RELEASED REMOTELY BY CMS AND VAULT OPENED BY BRANCH STAFF, CONFIRMED BY A KEY CUSTODIAN  1.....07500452183"
"BM7606","Customer Purpose","gen1","2026-09-28","14:07:23","28/09/2026 14:07:19  gen1
LIVE VIEW CHECKED, NO SUSPICIOUS ACTIVITY OBSERVED, VAULT DOOR RELEASED REMOTELY BY CMS AND VAULT OPENED BY BRANCH STAFF, CONFIRMED BY A KEY CUSTODIAN  09557330803"
"BM7606","Customer Purpose","gen46","2026-09-28","14:55:49","28/09/2026 14:55:47  gen46
LIVE VIEW CHECKED, NO SUSPICIOUS ACTIVITY OBSERVED, VAULT DOOR RELEASED REMOTELY BY CMS AND VAULT OPENED BY BRANCH STAFF, CONFIRMED BY A KEY CUSTODIAN     9557330803"
"BM7606","Customer Purpose","gen46","2026-09-28","15:11:31","28/09/2026 15:11:27  gen46
LIVE VIEW CHECKED, NO SUSPICIOUS ACTIVITY OBSERVED, VAULT DOOR RELEASED REMOTELY BY CMS AND VAULT OPENED BY BRANCH STAFF, CONFIRMED BY A KEY CUSTODIAN     9557330803"
"BM7606","Customer Purpose","gen2","2026-09-28","15:28:12","28/09/2026 15:28:08  gen2
LIVE VIEW CHECKED, NO SUSPICIOUS ACTIVITY OBSERVED, VAULT DOOR RELEASED REMOTELY BY CMS AND VAULT OPENED BY BRANCH STAFF, CONFIRMED BY A KEY CUSTODIAN  1  9557330803"
"BM7606","Customer Purpose","gen33","2026-09-28","17:11:44","28/09/2026 17:11:40  gen33
LIVE VIEW CHECKED, NO SUSPICIOUS ACTIVITY OBSERVED, VAULT DOOR RELEASED REMOTELY BY CMS AND VAULT OPENED BY BRANCH STAFF, CONFIRMED BY A KEY CUSTODIAN  07500452183"
"BM7606","Customer Purpose","gen33","2026-09-28","18:00:36","28/09/2026 18:00:32  gen15
LIVE VIEW CHECKED, NO SUSPICIOUS ACTIVITY OBSERVED, VAULT DOOR RELEASED REMOTELY BY CMS AND VAULT OPENED BY BRANCH STAFF, CONFIRMED BY A KEY CUSTODIAN 1 9557330803"
"BM7606","Final Vault Closing","iifl7","2026-09-28","18:37:32","28/09/2026 18:37:25  iifl7
LIVE VIEW CHECKED,NO SUSPICIOUS ACTIVITY OBSERVED,VAULT OPENING REQUEST FOR CLOSING PURPOSE VAULT DOOR RELEASED REMOTELY BY CMS AND VAULT OPEN BY BRANCH STAFF CONFIRMED BY KEY CUSTOODIAN  2 09557330803"
"BM7606","","admin","2026-09-28","18:53:34",""
"BM7633","","admin","2026-09-28","09:22:04",""
"BM7633","Customer Purpose","gen9","2026-09-28","10:39:27","28/09/2026 10:39:20  gen9
LIVE VIEW CHECKED, NO SUSPICIOUS ACTIVITY OBSERVED, VAULT DOOR RELEASED REMOTELY BY CMS AND VAULT OPENED BY BRANCH STAFF, CONFIRMED BY A KEY CUSTODIAN   3     09372559863"
"BM7633","Customer Purpose","gen48","2026-09-28","11:56:48","28/09/2026 11:56:45  gen48
LIVE VIEW CHECKED, NO SUSPICIOUS ACTIVITY OBSERVED, VAULT DOOR RELEASED REMOTELY BY CMS AND VAULT OPENED BY BRANCH STAFF, CONFIRMED BY A KEY CUSTODIAN    3   09372559863"
"BM7633","Customer Purpose","gen8","2026-09-28","12:36:04","28/09/2026 12:35:51  gen8
LIVE VIEW CHECKED, NO SUSPICIOUS ACTIVITY OBSERVED, VAULT DOOR RELEASED REMOTELY BY CMS AND VAULT OPENED BY BRANCH STAFF, CONFIRMED BY A KEY CUSTODIAN   2     9004508112"
"BM7633","Customer Purpose","gen16","2026-09-28","15:34:11","28/09/2026 15:34:06  gen16
LIVE VIEW CHECKED, NO SUSPICIOUS ACTIVITY OBSERVED, VAULT DOOR RELEASED REMOTELY BY CMS AND VAULT OPENED BY BRANCH STAFF, CONFIRMED BY A KEY CUSTODIAN  9004508112"
"BM7633","Customer Purpose","gen34","2026-09-28","15:53:02","28/09/2026 15:52:56  gen34
LIVE VIEW CHECKED, NO SUSPICIOUS ACTIVITY OBSERVED, VAULT DOOR RELEASED REMOTELY BY CMS AND VAULT OPENED BY BRANCH STAFF, CONFIRMED BY A KEY CUSTODIAN  9372559863"
"BM7633","Final Vault Closing","gen23","2026-09-28","17:49:48","28/09/2026 17:49:42  gen23
LIVE VIEW CHECKED,NO SUSPICIOUS ACTIVITY OBSERVED,VAULT OPENING REQUEST FOR CLOSING PURPOSE VAULT DOOR RELEASED REMOTELY BY CMS AND VAULT OPEN BY BRANCH STAFF CONFIRMED BY KEY CUSTOODIAN //09372559863"
"BM7633","","admin","2026-09-29","08:29:45",""
"BM7634","","admin","2026-09-28","09:26:45",""
"BM7634","Customer Purpose","gen","2026-09-28","11:38:33","28/09/2026 11:38:29  gen
LIVE VIEW CHECKED, NO SUSPICIOUS ACTIVITY OBSERVED, VAULT DOOR RELEASED REMOTELY BY CMS AND VAULT OPENED BY BRANCH STAFF, CONFIRMED BY A KEY CUSTODIAN     8583980865"
"BM7634","Customer Purpose","gen2","2026-09-28","17:03:39","28/09/2026 17:03:36  gen2
LIVE VIEW CHECKED, NO SUSPICIOUS ACTIVITY OBSERVED, VAULT DOOR RELEASED REMOTELY BY CMS AND VAULT OPENED BY BRANCH STAFF, CONFIRMED BY A KEY CUSTODIAN   3  9804489508"
"BM7634","Not Operate","gen48","2026-09-28","17:07:37","28/09/2026 17:07:30  gen48
LIVE VIEW CHECKED,NO SUSPICIOUS ACTIVITY OBSERVED,NO NEED TO OPERATE VAULT CONFIRMED BY KEY CUSTOODIAN. 1   08583980865"
"BM7634","Final Vault Closing","gen34","2026-09-28","18:06:53","28/09/2026 18:06:48  gen34
LIVE VIEW CHECKED,NO SUSPICIOUS ACTIVITY OBSERVED,VAULT OPENING REQUEST FOR CLOSING PURPOSE VAULT DOOR RELEASED REMOTELY BY CMS AND VAULT OPEN BY BRANCH STAFF CONFIRMED BY KEY CUSTOODIAN 08583980865"
"BM7634","","admin","2026-09-29","09:27:04",""
"BM7645","Audit Purpose","gen28","2026-09-28","10:44:08","28/09/2026 10:44:03  gen28
DUE TO NETWORK ISSUE VIDEO VERIFICATION ON WHATSAPP VIDEO CALL,NO SUSPICIOUS ACTIVITY OBSERVED,VAULT OPENING REQUEST FOR AUDIT ,MAIL APPROVED BY Riyasat Ali Khan VAULT DOOR RELEASED REMOTELY/MANUALLY BY CMS AND VAULT OPEN BY STAF CONFIRMED BY KEY CUSTOODIAN  07749921829"
"BM7645","Audit Purpose","gen30","2026-09-28","12:12:15","28/09/2026 12:11:52  gen30
DUE TO NETWORK ISSUE VIDEO VERIFICATION ON WHATSAPP VIDEO CALL,NO SUSPICIOUS ACTIVITY OBSERVED,VAULT OPENING REQUEST FOR AUDIT MAIL APPROVED BY Riyasat Ali Khan VAULT DOOR RELEASED REMOTELY BY CMS AND VAULT OPEN BY STAF CONFIRMED BY KEY CUSTOODIAN 3 .7749921829"
"BM7645","Audit Purpose","gen28","2026-09-28","13:24:10","28/09/2026 13:24:02  gen28
DUE TO NETWORK ISSUE VIDEO VERIFICATION ON WHATSAPP VIDEO CALL,NO SUSPICIOUS ACTIVITY OBSERVED,VAULT OPENING REQUEST FOR AUDIT,MAIL APPROVED BY  Riyasat Ali Khan VAULT DOOR RELEASED REMOTELY/MANUALLY BY CMS AND VAULT OPEN BY STAF CONFIRMED BY KEY CUSTOODIAN 09938207868"
"BM7645","Audit Purpose","gen11","2026-09-28","14:03:41","28/09/2026 14:03:35  gen11
DUE TO NETWORK ISSUE VIDEO VERIFICATION ON WHATSAPP VIDEO CALL,NO SUSPICIOUS ACTIVITY OBSERVED,VAULT OPENING REQUEST FOR AUDIT ,MAIL APPROVED BY Riyasat Ali Khan <riyasatali.khan@iifl.com> VAULT DOOR RELEASED  MANUALLY BY CMS AND VAULT OPEN BY STAF CONFIRMED BY KEY CUSTOODIAN   3  7749921829
 TIME : 14:01:11"
"BM7645","Engineer at site","gen10","2026-09-28","14:25:47","28/09/2026 14:25:43  gen10
WORK IN PROGRESS, ENGINEER AT SITE. CONFIRMED BY KC1.............9938207868"
"BM7645","Audit Purpose","gen30","2026-09-28","15:24:47","28/09/2026 15:24:28  gen30
LIVE VIEW CHECKED,NO SUSPICIOUS ACTIVITY OBSERVED,VAULT OPENING REQUEST FOR AUDIT, MAIL APPROVED BY Riyasat Ali Khan VAULT DOOR RELEASED REMOTELY BY CMS, AND VAULT OPENED BY BRANCH STAFF CONFIRMED BY A KEY CUSTOODIAN.3 .7749921829"
"BM7645","Audit Purpose","gen28","2026-09-28","15:40:03","28/09/2026 15:39:58  gen28
LIVE VIEW CHECKED,NO SUSPICIOUS ACTIVITY OBSERVED,VAULT OPENING REQUEST FOR AUDIT, MAIL APPROVED BY Riyasat Ali Khan , VAULT DOOR RELEASED REMOTELY BY CMS, AND VAULT OPENED BY BRANCH STAFF CONFIRMED BY A KEY CUSTOODIAN. 07749921829"
"BM7645","Final Vault Closing","gen28","2026-09-28","17:54:21","28/09/2026 17:54:07  gen28
LIVE VIEW CHECKED,NO SUSPICIOUS ACTIVITY OBSERVED,VAULT OPENING REQUEST FOR CLOSING PURPOSE VAULT DOOR RELEASED REMOTELY BY CMS AND VAULT OPEN BY BRANCH STAFF CONFIRMED BY KEY CUSTOODIAN 09938207868"
"BM7645","","admin","2026-09-29","09:24:24",""
"BM7646","Customer Purpose","gen16","2026-09-28","10:56:13","28/09/2026 10:56:09  gen16
LIVE VIEW CHECKED, NO SUSPICIOUS ACTIVITY OBSERVED, VAULT DOOR RELEASED REMOTELY BY CMS AND VAULT OPENED BY BRANCH STAFF, CONFIRMED BY A KEY CUSTODIAN  8218193261"
"BM7646","Final Vault Closing","gen12","2026-09-28","18:04:42","28/09/2026 18:04:38  gen12
LIVE VIEW CHECKED,NO SUSPICIOUS ACTIVITY OBSERVED,VAULT OPENING REQUEST FOR CLOSING PURPOSE VAULT DOOR RELEASED REMOTELY BY CMS AND VAULT OPEN BY BRANCH STAFF CONFIRMED BY KEY CUSTOODIAN 08218193261"
"BM7648","Customer Purpose","gen3","2026-09-28","11:02:58","28/09/2026 11:02:55  gen3
LIVE VIEW CHECKED, NO SUSPICIOUS ACTIVITY OBSERVED, VAULT DOOR RELEASED REMOTELY BY CMS AND VAULT OPENED BY BRANCH STAFF, CONFIRMED BY A KEY CUSTODIAN 06395967311"
"BM7648","Customer Purpose","gen8","2026-09-28","11:30:29","28/09/2026 11:30:20  gen8
LIVE VIEW CHECKED, NO SUSPICIOUS ACTIVITY OBSERVED, VAULT DOOR RELEASED REMOTELY BY CMS AND VAULT OPENED BY BRANCH STAFF, CONFIRMED BY A KEY CUSTODIAN   2    6395967311"
"BM7648","Customer Purpose","gen48","2026-09-28","14:24:30","28/09/2026 14:24:24  gen48
LIVE VIEW CHECKED, NO SUSPICIOUS ACTIVITY OBSERVED, VAULT DOOR RELEASED REMOTELY BY CMS AND VAULT OPENED BY BRANCH STAFF, CONFIRMED BY A KEY CUSTODIAN  2  06395967311"
"BM7648","Taken Excess Time","iifl2","2026-09-28","15:26:53","28/09/2026 15:26:48  iifl2
IN ACCORDANCE WITH LIVE MONITORING,BRANCH STAFF TOOK LONGER THAN STATED TIME FOR VAULT ROOM OPERATION,AND THE OPERATION WAS COMPLETED IN 07 MINUTES.ALSO INFORMED BY TWO WAY COMMUNICATION 

TIME: 14:24:09 2:31:14 PM"
"BM7648","Final Vault Closing","gen18","2026-09-28","18:34:25","28/09/2026 18:34:16  gen18
LIVE VIEW CHECKED,NO SUSPICIOUS ACTIVITY OBSERVED,VAULT OPENING REQUEST FOR CLOSING PURPOSE VAULT DOOR RELEASED REMOTELY BY CMS AND VAULT OPEN BY BRANCH STAFF CONFIRMED BY KEY CUSTOODIAN   06395967311"
"BM7653","Customer Purpose","gen16","2026-09-28","11:16:11","28/09/2026 11:16:07  gen16
LIVE VIEW CHECKED, NO SUSPICIOUS ACTIVITY OBSERVED, VAULT DOOR RELEASED REMOTELY BY CMS AND VAULT OPENED BY BRANCH STAFF, CONFIRMED BY A KEY CUSTODIAN  7063666496"
"BM7653","Customer Purpose","gen39","2026-09-28","14:25:21","28/09/2026 14:25:14  gen39
LIVE VIEW CHECKED, NO SUSPICIOUS ACTIVITY OBSERVED, VAULT DOOR RELEASED REMOTELY BY CMS AND VAULT OPENED BY BRANCH STAFF, CONFIRMED BY A KEY CUSTODIAN     8670907481"
"BM7653","Final Vault Closing","gen34","2026-09-28","17:50:20","28/09/2026 17:50:15  gen34
LIVE VIEW CHECKED,NO SUSPICIOUS ACTIVITY OBSERVED,VAULT OPENING REQUEST FOR CLOSING PURPOSE VAULT DOOR RELEASED REMOTELY BY CMS AND VAULT OPEN BY BRANCH STAFF CONFIRMED BY KEY CUSTOODIAN 8670907481"
"BM7653","","admin","2026-09-29","09:24:25",""
"BM7674","Customer Purpose","gen28","2026-09-28","12:28:00","28/09/2026 12:27:56  gen28
DUE TO NETWORK ISSUE VIDEO VERIFICATION ON WHATSAPP VIDEO CALL,NO SUSPICIOUS ACTIVITY OBSERVED,VAULT OPENING REQUEST FOR CUSTOMER PURPOSE VAULT DOOR RELEASED MANUALLY BY CMS AND VAULT OPEN BY STAF CONFIRMED BY KEY CUSTOODIAN     09101107325"
"BM7674","Engineer at site","gen30","2026-09-28","12:59:38","28/09/2026 12:59:09  gen30
WORK IN PROGRESS, ENGINEER AT SITE. CONFIRMED BY 3 .7002196852"
"BM7674","Engineer at site","gen30","2026-09-28","12:59:54",""
"BM7674","Engineer at site","gen30","2026-09-28","13:00:10","28/09/2026 12:59:52  gen30
WORK IN PROGRESS, ENGINEER AT SITE."
"BM7674","Engineer at site","gen12","2026-09-28","13:05:37","28/09/2026 13:05:32  gen12
WORK IN PROGRESS, ENGINEER AT SITE.   CONFIRMED BY TWOWAY COMMUNICATION."
"BM7674","Engineer at site","","2026-09-28","13:05:49","WORK IN PROGRESS, ENGINEER AT SITE.   CONFIRMED BY"
"BM7674","Engineer at site","","2026-09-28","13:06:00","WORK IN PROGRESS, ENGINEER AT SITE.   CONFIRMED BY"
"BM7674","Engineer at site","gen12","2026-09-28","13:06:00","WORK IN PROGRESS, ENGINEER AT SITE.   CONFIRMED BY"
"BM7674","Engineer at site","","2026-09-28","13:06:12","WORK IN PROGRESS, ENGINEER AT SITE.   CONFIRMED BY"
"BM7674","Engineer at site","gen11","2026-09-28","13:15:40",""
"BM7674","Engineer at site","","2026-09-28","13:29:37",""
"BM7674","Customer Purpose","gen8","2026-09-28","13:43:25","28/09/2026 13:43:15  gen8
LIVE VIEW CHECKED, NO SUSPICIOUS ACTIVITY OBSERVED, VAULT DOOR RELEASED REMOTELY BY CMS AND VAULT OPENED BY BRANCH STAFF, CONFIRMED BY A KEY CUSTODIAN       2    9101107325"
"BM7674","Customer Purpose","gen36","2026-09-28","14:02:17","28/09/2026 14:02:14  gen36
LIVE VIEW CHECKED, NO SUSPICIOUS ACTIVITY OBSERVED, VAULT DOOR RELEASED REMOTELY BY CMS AND VAULT OPENED BY BRANCH STAFF, CONFIRMED BY A KEY CUSTODIAN   9101107325"
"BM7674","Engineer at site","gen36","2026-09-28","14:48:26",""
"BM7674","Engineer at site","gen36","2026-09-28","14:48:39",""
"BM7674","Engineer at site","gen23","2026-09-28","14:52:54","28/09/2026 14:52:49  gen23
WORK IN PROGRESS, ENGINEER AT SITE."
"BM7674","Engineer at site","gen1","2026-09-28","15:10:00","28/09/2026 15:09:56  gen1
WORK IN PROGRESS, ENGINEER AT SITE.AND CONFIRMED BY KC 09101107325 ALL OK"
"BM7674","Engineer at site","","2026-09-28","15:10:17","WORK IN PROGRESS, ENGINEER AT SITE.AND CONFIRMED B"
"BM7674","Engineer at site","gen1","2026-09-28","15:10:31",""
"BM7674","Engineer at site","gen1","2026-09-28","15:10:46",""
"BM7674","Engineer at site","gen1","2026-09-28","15:11:09",""
"BM7674","Engineer at site","gen1","2026-09-28","15:11:18",""
"BM7674","Engineer at site","gen25","2026-09-28","15:14:58","28/09/2026 15:14:54  gen25
WORK IN PROGRESS, ENGINEER AT SITE."
"BM7674","Engineer at site","gen25","2026-09-28","15:15:16","28/09/2026 15:15:09  gen25
WORK IN PROGRESS, ENGINEER AT SITE."
"BM7674","Engineer at site","gen25","2026-09-28","15:15:29",""
"BM7674","Engineer at site","","2026-09-28","15:15:53",""
"BM7674","Engineer at site","gen25","2026-09-28","15:15:53",""
"BM7674","Engineer at site","gen25","2026-09-28","15:15:53",""
"BM7674","Engineer at site","gen25","2026-09-28","15:16:06",""
"BM7674","Engineer at site","gen25","2026-09-28","15:16:16",""
"BM7674","Customer Purpose","gen22","2026-09-28","16:46:19","28/09/2026 16:46:15  gen22
LIVE VIEW CHECKED, NO SUSPICIOUS ACTIVITY OBSERVED, VAULT DOOR RELEASED REMOTELY BY CMS AND VAULT OPENED BY BRANCH STAFF, CONFIRMED BY A KEY CUSTODIAN   2   7002196852"
"BM7674","Final Vault Closing","gen12","2026-09-28","18:00:06","28/09/2026 18:00:01  gen12
LIVE VIEW CHECKED,NO SUSPICIOUS ACTIVITY OBSERVED,VAULT OPENING REQUEST FOR CLOSING PURPOSE VAULT DOOR RELEASED REMOTELY BY CMS AND VAULT OPEN BY BRANCH STAFF CONFIRMED BY KEY CUSTOODIAN 09706965252"
"BM7674","","admin","2026-09-29","09:14:12",""
"BM7696","","admin","2026-09-28","09:22:04",""
"BM7696","Customer Purpose","gen48","2026-09-28","11:08:50","28/09/2026 11:08:47  gen48
LIVE VIEW CHECKED, NO SUSPICIOUS ACTIVITY OBSERVED, VAULT DOOR RELEASED REMOTELY BY CMS AND VAULT OPENED BY BRANCH STAFF, CONFIRMED BY A KEY CUSTODIAN   2    09346651114"
"BM7696","Customer Purpose","gen20","2026-09-28","12:41:52","28/09/2026 12:41:48  gen20
LIVE VIEW CHECKED, NO SUSPICIOUS ACTIVITY OBSERVED, VAULT DOOR RELEASED REMOTELY BY CMS AND VAULT OPENED BY BRANCH STAFF, CONFIRMED BY A KEY CUSTODIAN   1  09052371431"
"BM7696","Customer Purpose","gen37","2026-09-28","17:16:10","28/09/2026 17:16:05  gen37
LIVE VIEW CHECKED, NO SUSPICIOUS ACTIVITY OBSERVED, VAULT DOOR RELEASED REMOTELY BY CMS AND VAULT OPENED BY BRANCH STAFF, CONFIRMED BY A KEY CUSTODIAN  1 09052371431"
"BM7696","Final Vault Closing","gen4","2026-09-28","18:36:40","28/09/2026 18:36:36  gen4
LIVE VIEW CHECKED,NO SUSPICIOUS ACTIVITY OBSERVED,VAULT OPENING REQUEST FOR CLOSING PURPOSE VAULT DOOR RELEASED REMOTELY BY CMS AND VAULT OPEN BY BRANCH STAFF CONFIRMED BY KEY CUSTOODIAN   9346651114"
"BM7696","","admin","2026-09-28","18:43:46",""
"BM7696","","admin","2026-09-29","09:22:09",""
"BM7765","","admin","2026-09-28","09:25:12",""
"BM7765","Customer Purpose","gen35","2026-09-28","12:33:17","28/09/2026 12:33:14  gen35
LIVE VIEW CHECKED, NO SUSPICIOUS ACTIVITY OBSERVED, VAULT DOOR RELEASED REMOTELY BY CMS AND VAULT OPENED BY BRANCH STAFF, CONFIRMED BY A KEY CUSTODIAN   07978768308"
"BM7765","Customer Purpose","gen6","2026-09-28","14:59:37","28/09/2026 14:59:28  gen6
LIVE VIEW CHECKED, NO SUSPICIOUS ACTIVITY OBSERVED, VAULT DOOR RELEASED REMOTELY BY CMS AND VAULT OPENED BY BRANCH STAFF, CONFIRMED BY A KEY CUSTODIAN 07978768308"
"BM7765","Customer Purpose","gen34","2026-09-28","15:37:13","28/09/2026 15:37:08  gen34
DUE TO NETWORK ISSUE VIDEO VERIFICATION ON WHATSAPP VIDEO CALL,NO SUSPICIOUS ACTIVITY OBSERVED,VAULT OPENING REQUEST FOR CUSTOMER PURPOSE VAULT DOOR RELEASED REMOTELY BY CMS AND VAULT OPEN BY STAF CONFIRMED BY KEY CUSTOODIAN 7846966936"
"BM7765","Customer Purpose","gen33","2026-09-28","16:27:51","28/09/2026 16:27:44  gen33
DUE TO NETWORK ISSUE VIDEO VERIFICATION ON WHATSAPP VIDEO CALL,NO SUSPICIOUS ACTIVITY OBSERVED,VAULT OPENING REQUEST FOR CUSTOMER PURPOSE VAULT DOOR RELEASED REMOTELY BY CMS AND VAULT OPEN BY STAF CONFIRMED BY KEY CUSTOODIAN 07978768308"
"BM7765","Final Vault Closing","gen5","2026-09-28","18:21:50","28/09/2026 18:21:44  gen5
DUE TO NETWORK ISSUE VIDEO VERIFICATION ON WHATSAPP VIDEO CALL,NO SUSPICIOUS ACTIVITY OBSERVED,VAULT OPENING REQUEST FOR FINAL PURPOSE VAULT DOOR RELEASED REMOTELY   BY CMS AND VAULT OPEN BY STAF CONFIRMED BY KEY CUSTOODIAN   .  08984497357"
"BM7765","","admin","2026-09-28","18:37:33",""
"BM7765","","admin","2026-09-29","09:19:56",""
"BM7785","Customer Purpose","gen36","2026-09-28","11:17:40","28/09/2026 11:17:35  gen36
LIVE VIEW CHECKED, NO SUSPICIOUS ACTIVITY OBSERVED, VAULT DOOR RELEASED REMOTELY BY CMS AND VAULT OPENED BY BRANCH STAFF, CONFIRMED BY A KEY CUSTODIAN  9027079378"
"BM7785","Customer Purpose","gen3","2026-09-28","13:43:56","28/09/2026 13:43:52  gen3
LIVE VIEW CHECKED, NO SUSPICIOUS ACTIVITY OBSERVED, VAULT DOOR RELEASED REMOTELY BY CMS AND VAULT OPENED BY BRANCH STAFF, CONFIRMED BY A KEY CUSTODIAN 09027079378"
"BM7785","Customer Purpose","gen39","2026-09-28","17:21:22","28/09/2026 17:21:10  gen39
LIVE VIEW CHECKED, NO SUSPICIOUS ACTIVITY OBSERVED, VAULT DOOR RELEASED REMOTELY BY CMS AND VAULT OPENED BY BRANCH STAFF, CONFIRMED BY A KEY CUSTODIAN   9027079378"
"BM7785","Customer Purpose","gen32","2026-09-28","17:32:35","28/09/2026 17:32:38  gen32
LIVE VIEW CHECKED, NO SUSPICIOUS ACTIVITY OBSERVED, VAULT DOOR RELEASED REMOTELY BY CMS AND VAULT OPENED BY BRANCH STAFF, CONFIRMED BY A KEY CUSTODIAN   09027079378"
"BM7785","Final Vault Closing","gen1","2026-09-28","18:21:56","28/09/2026 18:21:52  gen1
LIVE VIEW CHECKED,NO SUSPICIOUS ACTIVITY OBSERVED,VAULT OPENING REQUEST FOR CLOSING PURPOSE VAULT DOOR RELEASED REMOTELY BY CMS AND VAULT OPEN BY BRANCH STAFF CONFIRMED BY KEY CUSTOODIAN  09027079378"
"BM7785","","admin","2026-09-28","18:35:40",""
"BM7789","Audit Purpose","gen6","2026-09-28","11:29:09","28/09/2026 11:29:04  gen6
LIVE VIEW CHECKED,NO SUSPICIOUS ACTIVITY OBSERVED,VAULT OPENING REQUEST FOR AUDIT, MAIL APPROVED BY Bijumon P , VAULT DOOR RELEASED REMOTELY BY CMS, AND VAULT OPENED BY BRANCH STAFF CONFIRMED BY A KEY CUSTOODIAN. 08581818842"
"BM7789","Audit Purpose","gen14","2026-09-28","12:23:42","28/09/2026 12:23:38  gen14
LIVE VIEW CHECKED,NO SUSPICIOUS ACTIVITY OBSERVED,VAULT OPENING REQUEST FOR AUDIT, MAIL APPROVED BY Bijumon P <bijumon.p@iifl.com>, VAULT DOOR RELEASED REMOTELY BY CMS, AND VAULT OPENED BY BRANCH STAFF CONFIRMED BY A KEY CUSTOODIAN   06201660361"
"BM7789","Audit Purpose","gen29","2026-09-28","14:10:42","28/09/2026 14:10:29  gen29
LIVE VIEW CHECKED,NO SUSPICIOUS ACTIVITY OBSERVED,VAULT OPENING REQUEST FOR AUDIT MAIL APPROVED BY Bijumon P  VAULT DOOR RELEASED REMOTELY BY CMS, AND VAULT OPENED BY BRANCH STAFF CONFIRMED BY A KEY CUSTOODIAN. 06201660361"
"BM7789","Audit Purpose","gen15","2026-09-28","14:46:52","28/09/2026 14:46:47  gen15
LIVE VIEW CHECKED,NO SUSPICIOUS ACTIVITY OBSERVED,VAULT OPENING REQUEST FOR AUDIT MAIL APPROVED BYBijumon P <bijumon.p@iifl.com> VAULT DOOR RELEASED REMOTELY BY CMS, AND VAULT OPENED BY BRANCH STAFF CONFIRMED BY A KEY CUSTOODIAN.1  6201660361"
"BM7789","Audit Purpose","gen14","2026-09-28","15:17:54","28/09/2026 15:17:50  gen14
LIVE VIEW CHECKED,NO SUSPICIOUS ACTIVITY OBSERVED,VAULT OPENING REQUEST FOR AUDIT, MAIL APPROVED BY Biswajit Deka <biswajit.deka@iifl.com>VAULT DOOR RELEASED REMOTELY BY CMS, AND VAULT OPENED BY BRANCH STAFF CONFIRMED BY A KEY CUSTOODIAN  06201660361"
"BM7789","Customer Purpose","gen2","2026-09-28","16:16:39","28/09/2026 16:16:33  gen2
LIVE VIEW CHECKED, NO SUSPICIOUS ACTIVITY OBSERVED, VAULT DOOR RELEASED REMOTELY BY CMS AND VAULT OPENED BY BRANCH STAFF, CONFIRMED BY A KEY CUSTODIAN   1   6201660361"
"BM7789","Final Vault Closing","gen21","2026-09-28","18:12:56","28/09/2026 18:13:39  gen21
LIVE VIEW CHECKED,NO SUSPICIOUS ACTIVITY OBSERVED,VAULT OPENING REQUEST FOR CLOSING PURPOSE VAULT DOOR RELEASED REMOTELY BY CMS AND VAULT OPEN BY BRANCH STAFF CONFIRMED BY KEY CUSTOODIAN 1/   8581818842"
"BM7789","","admin","2026-09-28","18:34:49",""
"BM7790","Customer Purpose","gen26","2026-09-28","10:53:21","28/09/2026 10:53:07  gen26
LIVE VIEW CHECKED, NO SUSPICIOUS ACTIVITY OBSERVED, VAULT DOOR RELEASED REMOTELY BY CMS AND VAULT OPENED BY BRANCH STAFF, CONFIRMED BY A KEY CUSTODIAN  08252814117"
"BM7790","Customer Purpose","gen30","2026-09-28","11:11:30","28/09/2026 11:11:13  gen30
LIVE VIEW CHECKED, NO SUSPICIOUS ACTIVITY OBSERVED, VAULT DOOR RELEASED REMOTELY BY CMS AND VAULT OPENED BY BRANCH STAFF, CONFIRMED BY A KEY CUSTODIAN 1 .7903915761"
"BM7790","Customer Purpose","gen23","2026-09-28","14:44:18","28/09/2026 14:44:14  gen23
LIVE VIEW CHECKED, NO SUSPICIOUS ACTIVITY OBSERVED, VAULT DOOR RELEASED REMOTELY BY CMS AND VAULT OPENED BY BRANCH STAFF, CONFIRMED BY A KEY CUSTODIAN//09709568633"
"BM7790","Final Vault Closing","gen20","2026-09-28","18:20:55","28/09/2026 18:20:45  gen20
DUE TO NETWORK ISSUE VIDEO VERIFICATION ON WHATSAPP VIDEO CALL,NO SUSPICIOUS ACTIVITY OBSERVED,VAULT OPENING REQUEST FOR FINAL CLOSING  VAULT DOOR RELEASED REMOTELY BY CMS AND VAULT OPEN BY STAF CONFIRMED BY KEY CUSTOODIAN /3   09709568633"
"BM7790","","admin","2026-09-28","18:45:36",""
"BM7806","Audit Purpose","gen33","2026-09-28","11:37:20","28/09/2026 11:37:13  gen33
DUE TO NETWORK ISSUE VIDEO VERIFICATION ON WHATSAPP VIDEO CALL,NO SUSPICIOUS ACTIVITY OBSERVED,VAULT OPENING REQUEST FOR AUDIT/,MAIL APPROVED BY Bijumon P <bijumon.p@iifl.com>VAULT DOOR RELEASED REMOTELY/ BY CMS AND VAULT OPEN BY STAF CONFIRMED BY KEY CUSTOODIAN 08756245656"
"BM7806","Audit Purpose","gen9","2026-09-28","12:25:03","28/09/2026 12:25:00  gen9
LIVE VIEW CHECKED,NO SUSPICIOUS ACTIVITY OBSERVED,VAULT OPENING REQUEST FOR AUDIT/ MAIL APPROVED BYBijumon P <bijumon.p@iifl.com>, VAULT DOOR RELEASED REMOTELY BY CMS, AND VAULT OPENED BY BRANCH STAFF CONFIRMED BY A KEY CUSTOODIAN.     3       08273095091"
"BM7806","Audit Purpose","gen30","2026-09-28","12:46:53","28/09/2026 12:46:33  gen30
DUE TO NETWORK ISSUE VIDEO VERIFICATION ON WHATSAPP VIDEO CALL,NO SUSPICIOUS ACTIVITY OBSERVED,VAULT OPENING REQUEST FOR AUDIT MAIL APPROVED BY Bijumon P VAULT DOOR RELEASED REMOTELY BY CMS AND VAULT OPEN BY STAF CONFIRMED BY KEY CUSTOODIAN 1 .8756245656"
"BM7806","Audit Purpose","gen15","2026-09-28","13:27:59","28/09/2026 13:27:54  gen15
LIVE VIEW CHECKED,NO SUSPICIOUS ACTIVITY OBSERVED,VAULT OPENING REQUEST FOR AUDIT, MAIL APPROVED BYBijumon P <bijumon.p@iifl.com>VAULT DOOR RELEASED REMOTELY BY CMS, AND VAULT OPENED BY BRANCH STAFF CONFIRMED BY A KEY CUSTOODIAN.1  8756245656"
"BM7806","Audit Purpose","gen14","2026-09-28","14:14:58","28/09/2026 14:14:52  gen14
LIVE VIEW CHECKED,NO SUSPICIOUS ACTIVITY OBSERVED,VAULT OPENING REQUEST FOR AUDIT, MAIL APPROVED BY Bijumon P <bijumon.p@iifl.com>, VAULT DOOR RELEASED REMOTELY BY CMS, AND VAULT OPENED BY BRANCH STAFF CONFIRMED BY A KEY CUSTOODIAN 1   08756245656"
"BM7806","Audit Check","gen14","2026-09-28","14:15:57","28/09/2026 14:15:53  gen14
TESTING BY AUDITOR SIR AND  CONFIRMED BY KEY CUSTOODIAN 1   08756245656   ALL OK."
"BM7806","Audit Check","gen14","2026-09-28","14:16:44","28/09/2026 14:16:39  gen14
TESTING BY AUDITOR SIR AND  CONFIRMED BY KEY CUSTOODIAN 1   08756245656   ALL OK."
"BM7806","Audit Check","gen14","2026-09-28","14:17:03","28/09/2026 14:16:55  gen14
TESTING BY AUDITOR SIR AND  CONFIRMED BY KEY CUSTOODIAN 1   08756245656   ALL OK."
"BM7806","Audit Check","gen14","2026-09-28","14:17:25","28/09/2026 14:17:21  gen14
TESTING BY AUDITOR SIR AND  CONFIRMED BY KEY CUSTOODIAN 1   08756245656   ALL OK."
"BM7806","Audit Purpose","gen25","2026-09-28","14:42:54","28/09/2026 14:42:50  gen25
LIVE VIEW CHECKED,NO SUSPICIOUS ACTIVITY OBSERVED,VAULT OPENING REQUEST FOR AUDIT, MAIL APPROVED BY Bijumon P <bijumon.p@iifl.com>, VAULT DOOR RELEASED REMOTELY BY CMS, AND VAULT OPENED BY BRANCH STAFF CONFIRMED BY A KEY CUSTOODIAN.     1     08756245656"
"BM7806","Audit Purpose","gen8","2026-09-28","14:59:38","28/09/2026 14:59:28  gen8
LIVE VIEW CHECKED,NO SUSPICIOUS ACTIVITY OBSERVED,VAULT OPENING REQUEST FOR AUDIT, MAIL APPROVED BY Bijumon P , VAULT DOOR RELEASED REMOTELY BY CMS, AND VAULT OPENED BY BRANCH STAFF CONFIRMED BY A KEY CUSTOODIAN.   1      8756245656"
"BM7806","Not Operate","gen37","2026-09-28","15:26:36","28/09/2026 15:26:27  gen37
LIVE VIEW CHECKED,NO SUSPICIOUS ACTIVITY OBSERVED,NO NEED TO OPERATE VAULT CONFIRMED BY KEY CUSTOODIAN.  3 08273095091"
"BM7806","Audit Purpose","gen4","2026-09-28","16:03:00","28/09/2026 16:02:49  gen4
LIVE VIEW CHECKED,NO SUSPICIOUS ACTIVITY OBSERVED,VAULT OPENING REQUEST FOR AUDIT, MAIL APPROVED BYBijumon P, VAULT DOOR RELEASED REMOTELY BY CMS, AND VAULT OPENED BY BRANCH STAFF CONFIRMED BY A KEY CUSTOODIAN. 08756245656"
"BM7806","Not Responded","gen11","2026-09-28","16:42:04","28/09/2026 16:41:59  gen11
LIVE VIEW CHECKED, NO SUSPICIOUS ACTIVITY OBSERVED. CALL TO KC 1/2/3 BUT NOT RESPONDED."
"BM7806","Audit Purpose","gen30","2026-09-28","16:48:16","28/09/2026 16:47:57  gen30
LIVE VIEW CHECKED,NO SUSPICIOUS ACTIVITY OBSERVED,VAULT OPENING REQUEST FOR AUDIT MAIL APPROVED BY Bijumon P VAULT DOOR RELEASED REMOTELY BY CMS, AND VAULT OPENED BY BRANCH STAFF CONFIRMED BY A KEY CUSTOODIAN. 3 .8273095091"
"BM7806","Audit Purpose","gen10","2026-09-28","17:28:29","28/09/2026 17:28:25  gen10
LIVE VIEW CHECKED,NO SUSPICIOUS ACTIVITY OBSERVED,VAULT OPENING REQUEST FOR AUDIT, MAIL APPROVED BY Bijumon P , VAULT DOOR RELEASED REMOTELY BY CMS, AND VAULT OPENED BY BRANCH STAFF CONFIRMED BY A KEY CUSTOODIAN. 2......................8273095091"
"BM7806","Audit Purpose","gen11","2026-09-28","18:01:28","28/09/2026 18:01:25  gen11
LIVE VIEW CHECKED,NO SUSPICIOUS ACTIVITY OBSERVED,VAULT OPENING REQUEST FOR AUDIT MAIL APPROVED BY Bijumon P <bijumon.p@iifl.com> VAULT DOOR RELEASED REMOTELY BY CMS, AND VAULT OPENED BY BRANCH STAFF CONFIRMED BY A KEY CUSTOODIAN.1    8756245656"
"BM7806","Audit Check","iifl6","2026-09-28","18:35:40","28/09/2026 18:35:32  iifl6
TESTING BY AUDITOR SIR , CONFIRMED BY TWOWAY COMMUNICATION , ALL OK."
"BM7806","Audit Check","iifl6","2026-09-28","18:36:17","28/09/2026 18:36:10  iifl6
TESTING BY AUDITOR SIR , CONFIRMED BY TWOWAY COMMUNICATION , ALL OK."
"BM7806","Audit Check","iifl6","2026-09-28","18:36:33",""
"BM7806","Audit Check","iifl6","2026-09-28","18:36:33",""
"BM7806","Audit Check","iifl6","2026-09-28","18:36:33",""
"BM7806","Audit Check","iifl6","2026-09-28","18:36:33",""
"BM7806","Audit Check","","2026-09-28","18:36:33",""
"BM7806","Audit Check","iifl6","2026-09-28","18:36:33",""
"BM7806","Audit Check","iifl6","2026-09-28","18:36:33",""
"BM7806","Audit Check","iifl6","2026-09-28","18:36:33",""
"BM7806","Audit Check","iifl6","2026-09-28","18:36:33",""
"BM7806","Audit Check","iifl6","2026-09-28","18:36:33",""
"BM7806","Audit Check","iifl6","2026-09-28","18:36:33",""
"BM7806","Audit Check","iifl6","2026-09-28","18:36:33",""
"BM7806","Not Allowed","gen8","2026-09-28","18:41:12","28/09/2026 18:40:59  gen8
LIVE VIEW CHECKED, NO SUSPICIOUS ACTIVITY OBSERVED, VAULT OPENING REQUEST FOR AUDIT   PURPOSE  NEEDS TO MAIL APPROVAL, AND NOT ALLOWED VAULT OPERATION, CALL TO KEY CUSTOODIAN.     1  08756245656"
"BM7806","Audit Check","gen8","2026-09-28","18:42:10","28/09/2026 18:42:00  gen8
TESTING    BY AUDIT SIR , CONFIRMED BY    TWO WAY    COMMUNICATION   , ALL OK."
"BM7806","Audit Purpose","gen30","2026-09-28","18:51:44","28/09/2026 18:51:25  gen30
LIVE VIEW CHECKED,NO SUSPICIOUS ACTIVITY OBSERVED,VAULT OPENING REQUEST FOR AUDIT, MAIL APPROVED BY Bijumon P  VAULT DOOR RELEASED REMOTELY BY CMS, AND VAULT OPENED BY BRANCH STAFF CONFIRMED BY A KEY CUSTOODIAN.1 .7987084713"
"BM7806","","admin","2026-09-28","19:16:30",""
"BM7889","","admin","2026-09-28","08:54:20",""
"BM7889","Customer Purpose","gen9","2026-09-28","11:36:06","28/09/2026 11:36:00  gen9
LIVE VIEW CHECKED, NO SUSPICIOUS ACTIVITY OBSERVED, VAULT DOOR RELEASED REMOTELY BY CMS AND VAULT OPENED BY BRANCH STAFF, CONFIRMED BY A KEY CUSTODIAN      1    08486303645"
"BM7889","Customer Purpose","gen14","2026-09-28","12:46:16","28/09/2026 12:46:14  gen14
LIVE VIEW CHECKED, NO SUSPICIOUS ACTIVITY OBSERVED, VAULT DOOR RELEASED REMOTELY BY CMS AND VAULT OPENED BY BRANCH STAFF, CONFIRMED BY A KEY CUSTODIAN   1    08486303645"
"BM7889","Customer Purpose","gen6","2026-09-28","12:56:45","28/09/2026 12:56:40  gen6
LIVE VIEW CHECKED, NO SUSPICIOUS ACTIVITY OBSERVED, VAULT DOOR RELEASED REMOTELY BY CMS AND VAULT OPENED BY BRANCH STAFF, CONFIRMED BY A KEY CUSTODIAN
08486303645"
"BM7889","Customer Purpose","gen30","2026-09-28","15:18:46","28/09/2026 15:18:25  gen30
LIVE VIEW CHECKED, NO SUSPICIOUS ACTIVITY OBSERVED, VAULT DOOR RELEASED REMOTELY BY CMS AND VAULT OPENED BY BRANCH STAFF, CONFIRMED BY A KEY CUSTODIAN 1 .8486303645"
"BM7889","Final Vault Closing","gen26","2026-09-28","17:41:07","28/09/2026 17:41:02  gen26
LIVE VIEW CHECKED,NO SUSPICIOUS ACTIVITY OBSERVED,VAULT OPENING REQUEST FOR CLOSING PURPOSE VAULT DOOR RELEASED REMOTELY BY CMS AND VAULT OPEN BY BRANCH STAFF CONFIRMED BY KEY CUSTOODIAN    /3   08473932460"
"BM7889","","admin","2026-09-29","08:55:05",""
"BM7927","Customer Purpose","gen39","2026-09-28","10:33:12","28/09/2026 10:33:07  gen39
LIVE VIEW CHECKED, NO SUSPICIOUS ACTIVITY OBSERVED, VAULT DOOR RELEASED REMOTELY BY CMS AND VAULT OPENED BY BRANCH STAFF, CONFIRMED BY A KEY CUSTODIAN 8791309701"
"BM7927","Not Operate","gen34","2026-09-28","11:55:28","28/09/2026 11:55:23  gen34
LIVE VIEW CHECKED,NO SUSPICIOUS ACTIVITY OBSERVED,NO NEED TO OPERATE VAULT CONFIRMED BY KEY CUSTOODIAN. 08791309701"
"BM7927","Customer Purpose","gen2","2026-09-28","12:36:16","28/09/2026 12:36:12  gen2
LIVE VIEW CHECKED, NO SUSPICIOUS ACTIVITY OBSERVED, VAULT DOOR RELEASED REMOTELY BY CMS AND VAULT OPENED BY BRANCH STAFF, CONFIRMED BY A KEY CUSTODIAN  1 8791309701"
"BM7927","Not Operate","gen2","2026-09-28","12:46:58","28/09/2026 12:46:53  gen2
LIVE VIEW CHECKED,NO SUSPICIOUS ACTIVITY OBSERVED,NO NEED TO OPERATE VAULT CONFIRMED BY KEY CUSTOODIAN.1  8791309701"
"BM7927","Customer Purpose","gen11","2026-09-28","12:58:59","28/09/2026 12:58:56  gen11
LIVE VIEW CHECKED, NO SUSPICIOUS ACTIVITY OBSERVED, VAULT DOOR RELEASED REMOTELY BY CMS AND VAULT OPENED BY BRANCH STAFF, CONFIRMED BY A KEY CUSTODIAN  1   8791309701"
"BM7927","Customer Purpose","gen10","2026-09-28","13:27:49","28/09/2026 13:27:46  gen10
LIVE VIEW CHECKED, NO SUSPICIOUS ACTIVITY OBSERVED, VAULT DOOR RELEASED REMOTELY BY CMS AND VAULT OPENED BY BRANCH STAFF, CONFIRMED BY A KEY CUSTODIAN 1................8791309701"
"BM7927","Not Responded","gen39","2026-09-28","13:43:06","28/09/2026 13:42:54  gen39
LIVE VIEW CHECKED, NO SUSPICIOUS ACTIVITY OBSERVED. CALL TO KC 08791309701 AND TWOWAY COMMUNICATION BUT NOT RESPONDED."
"BM7927","Customer Purpose","gen19","2026-09-28","13:57:42","28/09/2026 13:57:36  gen19
LIVE VIEW CHECKED, NO SUSPICIOUS ACTIVITY OBSERVED, VAULT DOOR RELEASED REMOTELY BY CMS AND VAULT OPENED BY BRANCH STAFF, CONFIRMED BY A KEY CUSTODIAN 8791309701"
"BM7927","Taken Excess Time","iifl2","2026-09-28","14:48:07","28/09/2026 14:48:04  iifl2
IN ACCORDANCE WITH LIVE MONITORING,BRANCH STAFF TOOK LONGER THAN STATED TIME FOR VAULT ROOM OPERATION,AND THE OPERATION WAS COMPLETED IN 07 MINUTES.ALSO INFORMED BY TWO WAY COMMUNICATION AND ALSO INFORMED TO  KC1      8791309701

TIME: 13:56:44 TO 2:03:56 PM"
"BM7927","Customer Purpose","gen46","2026-09-28","14:50:47","28/09/2026 14:50:44  gen46
LIVE VIEW CHECKED, NO SUSPICIOUS ACTIVITY OBSERVED, VAULT DOOR RELEASED REMOTELY BY CMS AND VAULT OPENED BY BRANCH STAFF, CONFIRMED BY A KEY CUSTODIAN     8791309701"
"BM7927","Taken Excess Time","iifl2","2026-09-28","14:57:22","28/09/2026 14:57:19  iifl2
IN ACCORDANCE WITH LIVE MONITORING,BRANCH STAFF TOOK LONGER THAN STATED TIME FOR VAULT ROOM OPERATION,AND THE OPERATION WAS COMPLETED IN 07 MINUTES.ALSO INFORMED BY TWO WAY COMMUNICATION AND ALSO INFORMED TO KC1    8791309701

TIME: 12:34:52  TO 12:41:24 PM"
"BM7927","Taken Excess Time","iifl2","2026-09-28","15:01:27","28/09/2026 15:01:24  iifl2
IN ACCORDANCE WITH LIVE MONITORING,BRANCH STAFF TOOK LONGER THAN STATED TIME FOR VAULT ROOM OPERATION,AND THE OPERATION WAS COMPLETED IN 07 MINUTES.ALSO INFORMED BY TWO WAY COMMUNICATION AND ASLO INFORMED TO KC1  8791309701  AND ASLO INFORMED TO TM SIR 6396917678

TIME: 10:32:49 TO 10:40:30 AM"
"BM7927","Customer Purpose","gen16","2026-09-28","15:01:38","28/09/2026 15:01:31  gen16
LIVE VIEW CHECKED, NO SUSPICIOUS ACTIVITY OBSERVED, VAULT DOOR RELEASED REMOTELY BY CMS AND VAULT OPENED BY BRANCH STAFF, CONFIRMED BY A KEY CUSTODIAN  8791309701"
"BM7927","Customer Purpose","gen28","2026-09-28","15:21:44","28/09/2026 15:21:38  gen28
LIVE VIEW CHECKED, NO SUSPICIOUS ACTIVITY OBSERVED, VAULT DOOR RELEASED REMOTELY BY CMS AND VAULT OPENED BY BRANCH STAFF, CONFIRMED BY A KEY CUSTODIAN 08791309701"
"BM7941","Customer Purpose","gen23","2026-09-28","13:36:06","28/09/2026 13:36:00  gen23
LIVE VIEW CHECKED, NO SUSPICIOUS ACTIVITY OBSERVED, VAULT DOOR RELEASED REMOTELY BY CMS AND VAULT OPENED BY BRANCH STAFF, CONFIRMED BY A KEY CUSTODIAN//09436928819"
"BM7941","Customer Purpose","gen48","2026-09-28","14:08:07","28/09/2026 14:08:04  gen48
LIVE VIEW CHECKED, NO SUSPICIOUS ACTIVITY OBSERVED, VAULT DOOR RELEASED REMOTELY BY CMS AND VAULT OPENED BY BRANCH STAFF, CONFIRMED BY A KEY CUSTODIAN   2   09774891747"
"BM7941","Customer Purpose","gen46","2026-09-28","15:41:09","28/09/2026 15:41:04  gen46
LIVE VIEW CHECKED, NO SUSPICIOUS ACTIVITY OBSERVED, VAULT DOOR RELEASED REMOTELY BY CMS AND VAULT OPENED BY BRANCH STAFF, CONFIRMED BY A KEY CUSTODIAN c     9436928819"
"BM7941","Final Vault Closing","gen21","2026-09-28","18:10:48","28/09/2026 18:11:32  gen21
LIVE VIEW CHECKED,NO SUSPICIOUS ACTIVITY OBSERVED,VAULT OPENING REQUEST FOR CLOSING PURPOSE VAULT DOOR RELEASED REMOTELY BY CMS AND VAULT OPEN BY BRANCH STAFF CONFIRMED BY KEY CUSTOODIAN 1/  9774891747"
"BM7941","","admin","2026-09-28","18:34:41",""
"BM7941","","admin","2026-09-29","09:27:06",""
"BM7992","","admin","2026-09-28","09:24:24",""
"BM7992","Customer Purpose","gen1","2026-09-28","11:06:26","28/09/2026 11:06:22  gen1
LIVE VIEW CHECKED, NO SUSPICIOUS ACTIVITY OBSERVED, VAULT DOOR RELEASED REMOTELY BY CMS AND VAULT OPENED BY BRANCH STAFF, CONFIRMED BY A KEY CUSTODIAN  07908440804"
"BM7992","Customer Purpose","gen7","2026-09-28","11:36:57","28/09/2026 11:36:52  gen7
LIVE VIEW CHECKED, NO SUSPICIOUS ACTIVITY OBSERVED, VAULT DOOR RELEASED REMOTELY BY CMS AND VAULT OPENED BY BRANCH STAFF, CONFIRMED BY A KEY CUSTODIAN 7908440804"
"BM7992","Customer Purpose","gen32","2026-09-28","12:23:14","28/09/2026 12:23:17  gen32
LIVE VIEW CHECKED, NO SUSPICIOUS ACTIVITY OBSERVED, VAULT DOOR RELEASED REMOTELY BY CMS AND VAULT OPENED BY BRANCH STAFF, CONFIRMED BY A KEY CUSTODIAN  09732887843"
"BM7992","Customer Purpose","gen25","2026-09-28","12:53:00","28/09/2026 12:52:55  gen25
LIVE VIEW CHECKED, NO SUSPICIOUS ACTIVITY OBSERVED, VAULT DOOR RELEASED REMOTELY BY CMS AND VAULT OPENED BY BRANCH STAFF, CONFIRMED BY A KEY CUSTODIAN     1     07908440804"
"BM7992","Customer Purpose","gen3","2026-09-28","14:31:58","28/09/2026 14:31:54  gen3
LIVE VIEW CHECKED, NO SUSPICIOUS ACTIVITY OBSERVED, VAULT DOOR RELEASED REMOTELY BY CMS AND VAULT OPENED BY BRANCH STAFF, CONFIRMED BY A KEY CUSTODIAN 07908440804"
"BM7992","Final Vault Closing","gen46","2026-09-28","17:56:28","28/09/2026 17:56:18  gen46
LIVE VIEW CHECKED,NO SUSPICIOUS ACTIVITY OBSERVED,VAULT OPENING REQUEST FOR CLOSING PURPOSE VAULT DOOR RELEASED REMOTELY BY CMS AND VAULT OPEN BY BRANCH STAFF CONFIRMED BY KEY CUSTOODIAN   7908440804"
"BM7992","","admin","2026-09-29","09:28:04",""
"BM7997","Not Allowed","gen48","2026-09-28","10:27:17","28/09/2026 10:27:13  gen48
LIVE VIEW CHECKED, NO SUSPICIOUS ACTIVITY OBSERVED, VAULT OPENING REQUEST FOR CUSTOMER PURPOSE BUT TIME IS NOT YET OF  FIRST OTP  NEEDS TO MAIL APPROVAL, AND NOT ALLOWED VAULT OPERATION, CALL TO KEY CUSTOODIAN. 2   08700526843"
"BM7997","Customer Purpose","gen4","2026-09-28","10:36:13","28/09/2026 10:36:09  gen4
LIVE VIEW CHECKED, NO SUSPICIOUS ACTIVITY OBSERVED, VAULT DOOR RELEASED REMOTELY BY CMS AND VAULT OPENED BY BRANCH STAFF, CONFIRMED BY A KEY CUSTODIAN  8700526843"
"BM7997","Customer Purpose","gen13","2026-09-28","14:08:01","28/09/2026 14:07:56  gen13
LIVE VIEW CHECKED, NO SUSPICIOUS ACTIVITY OBSERVED, VAULT DOOR RELEASED REMOTELY BY CMS AND VAULT OPENED BY BRANCH STAFF, CONFIRMED BY A KEY CUSTODIAN 2/08700526843"
"BM7997","Customer Purpose","gen3","2026-09-28","16:08:24","28/09/2026 16:08:20  gen3
LIVE VIEW CHECKED, NO SUSPICIOUS ACTIVITY OBSERVED, VAULT DOOR RELEASED REMOTELY BY CMS AND VAULT OPENED BY BRANCH STAFF, CONFIRMED BY A KEY CUSTODIAN 08700526843"
"BM7997","Final Vault Closing","gen9","2026-09-28","18:33:13","28/09/2026 18:33:09  gen9
LIVE VIEW CHECKED,NO SUSPICIOUS ACTIVITY OBSERVED,VAULT OPENING REQUEST FOR CLOSING PURPOSE VAULT DOOR RELEASED REMOTELY BY CMS AND VAULT OPEN BY BRANCH STAFF CONFIRMED BY KEY CUSTOODIAN      2   08700526843"
"BM7997","","admin","2026-09-28","18:43:45",""
"BM8009","Audit Purpose","gen5","2026-09-28","10:22:45","28/09/2026 10:22:41  gen5
LIVE VIEW CHECKED,NO SUSPICIOUS ACTIVITY OBSERVED,VAULT OPENING REQUEST FOR AUDIT, MAIL APPROVED BY DIPENDRA SHAHI <dipendra.shahi@iifl.com>, VAULT DOOR RELEASED REMOTELY BY CMS, AND VAULT OPENED BY BRANCH STAFF CONFIRMED BY A KEY CUSTOODIAN.  06372705687"
"BM8009","Audit Purpose","gen19","2026-09-28","10:37:59","28/09/2026 10:37:54  gen19
LIVE VIEW CHECKED,NO SUSPICIOUS ACTIVITY OBSERVED,VAULT OPENING REQUEST FOR AUDIT MAIL APPROVED BY DIPENDRA SHAHI  VAULT DOOR RELEASED REMOTELY BY CMS, AND VAULT OPENED BY BRANCH STAFF CONFIRMED BY A KEY CUSTOODIAN 9348988970"
"BM8009","Audit Purpose","gen36","2026-09-28","13:45:09","28/09/2026 13:45:05  gen36
LIVE VIEW CHECKED,NO SUSPICIOUS ACTIVITY OBSERVED,VAULT OPENING REQUEST FOR AUDIT, MAIL APPROVED BY DIPENDRA SHAHI , VAULT DOOR RELEASED REMOTELY BY CMS, AND VAULT OPENED BY BRANCH STAFF CONFIRMED BY A KEY CUSTOODIAN.  9777359229"
"BM8009","Audit Purpose","gen10","2026-09-28","14:41:08","28/09/2026 14:41:04  gen10
LIVE VIEW CHECKED,NO SUSPICIOUS ACTIVITY OBSERVED,VAULT OPENING REQUEST FOR AUDIT, MAIL APPROVED BY DIPENDRA SHAHI, VAULT DOOR RELEASED REMOTELY BY CMS, AND VAULT OPENED BY BRANCH STAFF CONFIRMED BY A KEY CUSTOODIAN. 2.................9348988970"
"BM8009","Audit Purpose","gen2","2026-09-28","16:03:03","28/09/2026 16:02:59  gen2
LIVE VIEW CHECKED,NO SUSPICIOUS ACTIVITY OBSERVED,VAULT OPENING REQUEST FOR AUDIT MAIL APPROVED BY     DIPENDRA SHAHI   , VAULT DOOR RELEASED REMOTELY BY CMS, AND VAULT OPENED BY BRANCH STAFF CONFIRMED BY A KEY CUSTOODIAN.  2  9348988970"
"BM8009","Audit Purpose","gen37","2026-09-28","17:22:17","28/09/2026 17:22:12  gen37
LIVE VIEW CHECKED,NO SUSPICIOUS ACTIVITY OBSERVED,VAULT OPENING REQUEST FOR AUDIT, MAIL APPROVED BY DIPENDRA SHAHI <dipendra.shahi@iifl.com>, VAULT DOOR RELEASED REMOTELY BY CMS, AND VAULT OPENED BY BRANCH STAFF CONFIRMED BY A KEY CUSTOODIAN.1 09348988970"
"BM8009","Final Vault Closing","gen6","2026-09-28","18:30:56","28/09/2026 18:30:52  gen6
LIVE VIEW CHECKED,NO SUSPICIOUS ACTIVITY OBSERVED,VAULT OPENING REQUEST FOR CLOSING PURPOSE VAULT DOOR RELEASED REMOTELY BY CMS AND VAULT OPEN BY BRANCH STAFF CONFIRMED BY KEY CUSTOODIAN 06372705687"
"BM8090","","admin","2026-09-28","09:20:36",""
"BM8090","Customer Purpose","gen5","2026-09-28","11:31:32","28/09/2026 11:31:27  gen5
LIVE VIEW CHECKED, NO SUSPICIOUS ACTIVITY OBSERVED, VAULT DOOR RELEASED REMOTELY BY CMS AND VAULT OPENED BY BRANCH STAFF, CONFIRMED BY A KEY CUSTODIAN  1,,,,,,,,,,,,,,, 09439749865"
"BM8090","Customer Purpose","gen4","2026-09-28","12:12:16","28/09/2026 12:12:11  gen4
LIVE VIEW CHECKED, NO SUSPICIOUS ACTIVITY OBSERVED, VAULT DOOR RELEASED REMOTELY BY CMS AND VAULT OPENED BY BRANCH STAFF, CONFIRMED BY A KEY CUSTODIAN  7735953410"
"BM8090","Customer Purpose","gen33","2026-09-28","12:51:23","28/09/2026 12:51:18  gen33
LIVE VIEW CHECKED, NO SUSPICIOUS ACTIVITY OBSERVED, VAULT DOOR RELEASED REMOTELY BY CMS AND VAULT OPENED BY BRANCH STAFF, CONFIRMED BY A KEY CUSTODIAN 09439749865"
"BM8090","Customer Purpose","gen26","2026-09-28","14:19:15","28/09/2026 14:18:51  gen26
LIVE VIEW CHECKED, NO SUSPICIOUS ACTIVITY OBSERVED, VAULT DOOR RELEASED REMOTELY BY CMS AND VAULT OPENED BY BRANCH STAFF, CONFIRMED BY A KEY CUSTODIAN   09439749865"
"BM8090","Final Vault Closing","gen5","2026-09-28","18:07:19","28/09/2026 18:07:15  gen5
LIVE VIEW CHECKED,NO SUSPICIOUS ACTIVITY OBSERVED,VAULT OPENING REQUEST FOR CLOSING PURPOSE VAULT DOOR RELEASED REMOTELY BY CMS AND VAULT OPEN BY BRANCH STAFF CONFIRMED BY KEY CUSTOODIAN . 09439749865"
"BM8090","","admin","2026-09-29","09:19:55",""
"BM8094","","admin","2026-09-28","09:16:57",""
"BM8094","Customer Purpose","gen2","2026-09-28","12:14:58","28/09/2026 12:14:52  gen2
LIVE VIEW CHECKED, NO SUSPICIOUS ACTIVITY OBSERVED, VAULT DOOR RELEASED REMOTELY BY CMS AND VAULT OPENED BY BRANCH STAFF, CONFIRMED BY A KEY CUSTODIAN  1   9101239007"
"BM8094","Final Vault Closing","gen11","2026-09-28","18:03:39","28/09/2026 18:03:36  gen11
LIVE VIEW CHECKED,NO SUSPICIOUS ACTIVITY OBSERVED,VAULT OPENING REQUEST FOR CLOSING PURPOSE VAULT DOOR RELEASED REMOTELY BY CMS AND VAULT OPEN BY BRANCH STAFF CONFIRMED BY KEY CUSTOODIAN 1  9101239007"
"BM8094","","admin","2026-09-29","09:21:25",""
"BM8101","","admin","2026-09-28","09:25:08",""
"BM8101","Customer Purpose","gen30","2026-09-28","11:00:37","28/09/2026 11:00:19  gen30
LIVE VIEW CHECKED, NO SUSPICIOUS ACTIVITY OBSERVED, VAULT DOOR RELEASED REMOTELY BY CMS AND VAULT OPENED BY BRANCH STAFF, CONFIRMED BY A KEY CUSTODIAN 1 .8480352415"
"BM8101","Customer Purpose","gen15","2026-09-28","11:22:02","28/09/2026 11:21:57  gen15
LIVE VIEW CHECKED, NO SUSPICIOUS ACTIVITY OBSERVED, VAULT DOOR RELEASED REMOTELY BY CMS AND VAULT OPENED BY BRANCH STAFF, CONFIRMED BY A KEY CUSTODIAN 1 8480352415"
"BM8101","Customer Purpose","gen34","2026-09-28","15:43:32","28/09/2026 15:43:27  gen34
LIVE VIEW CHECKED, NO SUSPICIOUS ACTIVITY OBSERVED, VAULT DOOR RELEASED REMOTELY BY CMS AND VAULT OPENED BY BRANCH STAFF, CONFIRMED BY A KEY CUSTODIAN  9556482777"
"BM8101","Final Vault Closing","gen3","2026-09-28","17:52:37","28/09/2026 17:52:34  gen3
LIVE VIEW CHECKED,NO SUSPICIOUS ACTIVITY OBSERVED,VAULT OPENING REQUEST FOR CLOSING PURPOSE VAULT DOOR RELEASED REMOTELY BY CMS AND VAULT OPEN BY BRANCH STAFF CONFIRMED BY KEY CUSTOODIAN  09556482777"
"BM8101","","admin","2026-09-29","09:28:49",""
"BM8127","Customer Purpose","gen32","2026-09-28","12:19:01","28/09/2026 12:19:04  gen32
LIVE VIEW CHECKED, NO SUSPICIOUS ACTIVITY OBSERVED, VAULT DOOR RELEASED REMOTELY BY CMS AND VAULT OPENED BY BRANCH STAFF, CONFIRMED BY A KEY CUSTODIAN 09178302229"
"BM8127","Customer Purpose","gen21","2026-09-28","12:54:01","28/09/2026 12:54:45  gen21
LIVE VIEW CHECKED, NO SUSPICIOUS ACTIVITY OBSERVED, VAULT DOOR RELEASED REMOTELY BY CMS AND VAULT OPENED BY BRANCH STAFF, CONFIRMED BY A KEY CUSTODIAN      1  7978694536"
"BM8127","Customer Purpose","gen16","2026-09-28","13:35:08","28/09/2026 13:35:01  gen16
LIVE VIEW CHECKED, NO SUSPICIOUS ACTIVITY OBSERVED, VAULT DOOR RELEASED REMOTELY BY CMS AND VAULT OPENED BY BRANCH STAFF, CONFIRMED BY A KEY CUSTODIAN  7978694536"
"BM8127","Customer Purpose","gen20","2026-09-28","14:27:56","28/09/2026 14:27:22  gen20
LIVE VIEW CHECKED, NO SUSPICIOUS ACTIVITY OBSERVED, VAULT DOOR RELEASED REMOTELY BY CMS AND VAULT OPENED BY BRANCH STAFF, CONFIRMED BY A KEY CUSTODIAN  1    09337555634"
"BM8127","Customer Purpose","gen14","2026-09-28","15:23:49","28/09/2026 15:23:46  gen14
LIVE VIEW CHECKED, NO SUSPICIOUS ACTIVITY OBSERVED, VAULT DOOR RELEASED REMOTELY BY CMS AND VAULT OPENED BY BRANCH STAFF, CONFIRMED BY A KEY CUSTODIAN  1   09337555634"
"BM8127","Customer Purpose","gen10","2026-09-28","17:38:53","28/09/2026 17:38:06  gen10
LIVE VIEW CHECKED, NO SUSPICIOUS ACTIVITY OBSERVED, VAULT DOOR RELEASED REMOTELY BY CMS AND VAULT OPENED BY BRANCH STAFF, CONFIRMED BY A KEY CUSTODIAN 1..................9337555634"
"BM8127","Final Vault Closing","gen14","2026-09-28","18:20:42","28/09/2026 18:20:39  gen14
LIVE VIEW CHECKED,NO SUSPICIOUS ACTIVITY OBSERVED,VAULT OPENING REQUEST FOR CLOSING PURPOSE VAULT DOOR RELEASED REMOTELY BY CMS AND VAULT OPEN BY BRANCH STAFF CONFIRMED BY KEY CUSTOODIAN 1  09337555634"
"BM8137","","admin","2026-09-28","09:25:08",""
"BM8137","Customer Purpose","gen37","2026-09-28","11:47:55","28/09/2026 11:47:51  gen37
LIVE VIEW CHECKED, NO SUSPICIOUS ACTIVITY OBSERVED, VAULT DOOR RELEASED REMOTELY BY CMS AND VAULT OPENED BY BRANCH STAFF, CONFIRMED BY A KEY CUSTODIAN  3   07031670849"
"BM8137","Final Vault Closing","gen4","2026-09-28","17:36:12","28/09/2026 17:36:05  gen4
LIVE VIEW CHECKED,NO SUSPICIOUS ACTIVITY OBSERVED,VAULT OPENING REQUEST FOR CLOSING PURPOSE VAULT DOOR RELEASED REMOTELY BY CMS AND VAULT OPEN BY BRANCH STAFF CONFIRMED BY KEY CUSTOODIAN   9614193264"
"BM8137","","admin","2026-09-28","18:44:49",""
"BM8137","","admin","2026-09-29","09:28:01",""
"BM8144","","admin","2026-09-28","09:25:10",""
"BM8144","Customer Purpose","gen20","2026-09-28","10:34:37","28/09/2026 10:34:32  gen20
LIVE VIEW CHECKED, NO SUSPICIOUS ACTIVITY OBSERVED, VAULT DOOR RELEASED REMOTELY BY CMS AND VAULT OPENED BY BRANCH STAFF, CONFIRMED BY A KEY CUSTODIAN   1  9000359569"
"BM8144","Customer Purpose","gen10","2026-09-28","11:33:43","28/09/2026 11:33:40  gen10
LIVE VIEW CHECKED, NO SUSPICIOUS ACTIVITY OBSERVED, VAULT DOOR RELEASED REMOTELY BY CMS AND VAULT OPENED BY BRANCH STAFF, CONFIRMED BY A KEY CUSTODIAN 3.........................08466044512"
"BM8144","Customer Purpose","gen18","2026-09-28","14:53:23","28/09/2026 14:53:18  gen18
LIVE VIEW CHECKED, NO SUSPICIOUS ACTIVITY OBSERVED, VAULT DOOR RELEASED REMOTELY BY CMS AND VAULT OPENED BY BRANCH STAFF, CONFIRMED BY A KEY CUSTODIAN    08466044512"
"BM8144","Customer Purpose","gen19","2026-09-28","16:22:35","28/09/2026 16:22:32  gen19
LIVE VIEW CHECKED, NO SUSPICIOUS ACTIVITY OBSERVED, VAULT DOOR RELEASED REMOTELY BY CMS AND VAULT OPENED BY BRANCH STAFF, CONFIRMED BY A KEY CUSTODIAN 9000359569"
"BM8144","Customer Purpose","gen18","2026-09-28","18:06:39","28/09/2026 18:06:32  gen18
LIVE VIEW CHECKED, NO SUSPICIOUS ACTIVITY OBSERVED, VAULT DOOR RELEASED REMOTELY BY CMS AND VAULT OPENED BY BRANCH STAFF, CONFIRMED BY A KEY CUSTODIAN    08466044512"
"BM8144","Final Vault Closing","gen21","2026-09-28","18:46:41","28/09/2026 18:47:23  gen21
LIVE VIEW CHECKED,NO SUSPICIOUS ACTIVITY OBSERVED,VAULT OPENING REQUEST FOR CLOSING PURPOSE VAULT DOOR RELEASED REMOTELY BY CMS AND VAULT OPEN BY BRANCH STAFF CONFIRMED BY KEY CUSTOODIAN 1/  8466044512"
"BM8144","","admin","2026-09-29","09:27:02",""
"BM8154","Customer Purpose","gen21","2026-09-28","14:03:18","28/09/2026 14:04:03  gen21
LIVE VIEW CHECKED, NO SUSPICIOUS ACTIVITY OBSERVED, VAULT DOOR RELEASED REMOTELY BY CMS AND VAULT OPENED BY BRANCH STAFF, CONFIRMED BY A KEY CUSTODIAN   1   9491418849"
"BM8154","Customer Purpose","gen3","2026-09-28","15:49:19","28/09/2026 15:49:15  gen3
LIVE VIEW CHECKED, NO SUSPICIOUS ACTIVITY OBSERVED, VAULT DOOR RELEASED REMOTELY BY CMS AND VAULT OPENED BY BRANCH STAFF, CONFIRMED BY A KEY CUSTODIAN 09491418849"
"BM8154","Final Vault Closing","gen18","2026-09-28","18:23:45","28/09/2026 18:23:40  gen18
LIVE VIEW CHECKED,NO SUSPICIOUS ACTIVITY OBSERVED,VAULT OPENING REQUEST FOR CLOSING PURPOSE VAULT DOOR RELEASED REMOTELY BY CMS AND VAULT OPEN BY BRANCH STAFF CONFIRMED BY KEY CUSTOODIAN    08143828082"
"BM8167","","admin","2026-09-28","09:22:07",""
"BM8167","Customer Purpose","gen5","2026-09-28","11:25:03","28/09/2026 11:24:53  gen5
LIVE VIEW CHECKED, NO SUSPICIOUS ACTIVITY OBSERVED, VAULT DOOR RELEASED REMOTELY BY CMS AND VAULT OPENED BY BRANCH STAFF, CONFIRMED BY A KEY CUSTODIAN  1,,,,,,,,,,, 08967138337

28/09/2026 11:24:59  gen5
kc 2... 08967138337"
"BM8167","Customer Purpose","gen21","2026-09-28","14:21:53","28/09/2026 14:22:38  gen21
LIVE VIEW CHECKED, NO SUSPICIOUS ACTIVITY OBSERVED, VAULT DOOR RELEASED REMOTELY BY CMS AND VAULT OPENED BY BRANCH STAFF, CONFIRMED BY A KEY CUSTODIAN   1   8967138337"
"BM8167","Final Vault Closing","iifl5","2026-09-28","18:27:24","28/09/2026 18:27:21  iifl5
LIVE VIEW CHECKED,NO SUSPICIOUS ACTIVITY OBSERVED,VAULT OPENING REQUEST FOR CLOSING PURPOSE VAULT DOOR RELEASED REMOTELY BY CMS AND VAULT OPEN BY BRANCH STAFF CONFIRMED BY KEY CUSTOODIAN 08967138337"
"BM8167","","admin","2026-09-28","18:43:46",""
"BM8274","","admin","2026-09-28","09:17:40",""
"BM8274","Customer Purpose","gen24","2026-09-28","12:07:00","28/09/2026 12:06:57  gen24
LIVE VIEW CHECKED, NO SUSPICIOUS ACTIVITY OBSERVED, VAULT DOOR RELEASED REMOTELY BY CMS AND VAULT OPENED BY BRANCH STAFF, CONFIRMED BY A KEY CUSTODIAN   08638018351"
"BM8274","Customer Purpose","gen8","2026-09-28","14:27:41","28/09/2026 14:27:31  gen8
LIVE VIEW CHECKED, NO SUSPICIOUS ACTIVITY OBSERVED, VAULT DOOR RELEASED REMOTELY BY CMS AND VAULT OPENED BY BRANCH STAFF, CONFIRMED BY A KEY CUSTODIAN     3   8638018351"
"BM8274","Customer Purpose","gen36","2026-09-28","16:40:17","28/09/2026 16:40:12  gen36
LIVE VIEW CHECKED, NO SUSPICIOUS ACTIVITY OBSERVED, VAULT DOOR RELEASED REMOTELY BY CMS AND VAULT OPENED BY BRANCH STAFF, CONFIRMED BY A KEY CUSTODIAN   9365720183"
"BM8274","Final Vault Closing","gen15","2026-09-28","17:56:06","28/09/2026 17:56:01  gen15
LIVE VIEW CHECKED,NO SUSPICIOUS ACTIVITY OBSERVED,VAULT OPENING REQUEST FOR CLOSING PURPOSE VAULT DOOR RELEASED REMOTELY BY CMS AND VAULT OPEN BY BRANCH STAFF CONFIRMED BY KEY CUSTOODIAN  2 9365720183"
"BM8274","","admin","2026-09-29","09:29:46",""
"BM8477","Audit Purpose","gen8","2026-09-28","11:14:49","28/09/2026 11:14:35  gen8
LIVE VIEW CHECKED,NO SUSPICIOUS ACTIVITY OBSERVED,VAULT OPENING REQUEST FOR AUDIT, MAIL APPROVED BY DIPENDRA SHAHI , VAULT DOOR RELEASED REMOTELY BY CMS, AND VAULT OPENED BY BRANCH STAFF CONFIRMED BY A KEY CUSTOODIAN.    2       9088157938"
"BM8477","Audit Purpose","gen4","2026-09-28","11:28:40","28/09/2026 11:28:35  gen4
LIVE VIEW CHECKED,NO SUSPICIOUS ACTIVITY OBSERVED,VAULT OPENING REQUEST FOR AUDIT, MAIL APPROVED BY DIPENDRA SHAHI, VAULT DOOR RELEASED REMOTELY BY CMS, AND VAULT OPENED BY BRANCH STAFF CONFIRMED BY A KEY CUSTOODIAN.  9088157938"
"BM8477","Audit Purpose","gen6","2026-09-28","13:42:08","28/09/2026 13:42:03  gen6
LIVE VIEW CHECKED,NO SUSPICIOUS ACTIVITY OBSERVED,VAULT OPENING REQUEST FOR AUDIT, MAIL APPROVED BY DIPENDRA SHAHI, VAULT DOOR RELEASED REMOTELY BY CMS, AND VAULT OPENED BY BRANCH STAFF CONFIRMED BY A KEY CUSTOODIAN. 08013151584"
"BM8477","Audit Purpose","gen23","2026-09-28","15:36:51","28/09/2026 15:36:45  gen23
LIVE VIEW CHECKED,NO SUSPICIOUS ACTIVITY OBSERVED,VAULT OPENING REQUEST FOR AUDIT, MAIL APPROVED BY DIPENDRA SHAHI, VAULT DOOR RELEASED REMOTELY BY CMS, AND VAULT OPENED BY BRANCH STAFF CONFIRMED BY A KEY CUSTOODIAN.//08013151584"
"BM8477","Customer Purpose","gen19","2026-09-28","16:42:51","28/09/2026 16:42:48  gen19
LIVE VIEW CHECKED, NO SUSPICIOUS ACTIVITY OBSERVED, VAULT DOOR RELEASED REMOTELY BY CMS AND VAULT OPENED BY BRANCH STAFF, CONFIRMED BY A KEY CUSTODIAN 8967197838"
"BM8477","Final Vault Closing","gen11","2026-09-28","17:51:39","28/09/2026 17:51:37  gen11
LIVE VIEW CHECKED,NO SUSPICIOUS ACTIVITY OBSERVED,VAULT OPENING REQUEST FOR CLOSING PURPOSE VAULT DOOR RELEASED REMOTELY BY CMS AND VAULT OPEN BY BRANCH STAFF CONFIRMED BY KEY CUSTOODIAN  1  8967197838"
"BM8616","Customer Purpose","gen30","2026-09-28","11:23:59","28/09/2026 11:23:40  gen30
LIVE VIEW CHECKED, NO SUSPICIOUS ACTIVITY OBSERVED, VAULT DOOR RELEASED REMOTELY BY CMS AND VAULT OPENED BY BRANCH STAFF, CONFIRMED BY A KEY CUSTODIAN 1 .07568099308"
"BM8616","Customer Purpose","gen4","2026-09-28","14:46:22","28/09/2026 14:46:08  gen4
LIVE VIEW CHECKED, NO SUSPICIOUS ACTIVITY OBSERVED, VAULT DOOR RELEASED REMOTELY BY CMS AND VAULT OPENED BY BRANCH STAFF, CONFIRMED BY A KEY CUSTODIAN  07568099308"
"BM8616","Customer Purpose","gen13","2026-09-28","16:24:50","28/09/2026 16:24:45  gen13
LIVE VIEW CHECKED, NO SUSPICIOUS ACTIVITY OBSERVED, VAULT DOOR RELEASED REMOTELY BY CMS AND VAULT OPENED BY BRANCH STAFF, CONFIRMED BY A KEY CUSTODIAN 1/07568099308"
"BM8616","Final Vault Closing","gen25","2026-09-28","18:13:15","28/09/2026 18:12:55  gen25
LIVE VIEW CHECKED,NO SUSPICIOUS ACTIVITY OBSERVED,VAULT OPENING REQUEST FOR CLOSING PURPOSE VAULT DOOR RELEASED REMOTELY BY CMS AND VAULT OPEN BY BRANCH STAFF CONFIRMED BY KEY CUSTOODIAN     1     07568099308"
"BM8616","","admin","2026-09-28","18:47:18",""
"BM8637","","admin","2026-09-28","09:23:35",""
"BM8637","Customer Purpose","gen22","2026-09-28","13:29:02","28/09/2026 13:28:59  gen22
LIVE VIEW CHECKED, NO SUSPICIOUS ACTIVITY OBSERVED, VAULT DOOR RELEASED REMOTELY BY CMS AND VAULT OPENED BY BRANCH STAFF, CONFIRMED BY A KEY CUSTODIAN   1   9438449346"
"BM8637","Customer Purpose","gen46","2026-09-28","13:41:17","28/09/2026 13:41:14  gen46
LIVE VIEW CHECKED, NO SUSPICIOUS ACTIVITY OBSERVED, VAULT DOOR RELEASED REMOTELY BY CMS AND VAULT OPENED BY BRANCH STAFF, CONFIRMED BY A KEY CUSTODIAN      9438449346"
"BM8637","Packet Counting","gen3","2026-09-28","15:35:33","28/09/2026 15:35:28  gen3
LIVE VIEW CHECKED,NO SUSPICIOUS ACTIVITY OBSERVED,VAULT OPENING REQUEST FOR PACKET COUNTING, MAIL APPROVED BY PRIYADARSI PATTANAIK <priyadarsi.pattanaik@iifl.com>VAULT DOOR RELEASED REMOTELY BY CMS, AND VAULT OPENED BY BRANCH STAFF CONFIRMED BY A KEY CUSTOODIAN. 09438449346"
"BM8637","Final Vault Closing","gen36","2026-09-28","18:33:15","28/09/2026 18:33:11  gen36
LIVE VIEW CHECKED, NO SUSPICIOUS ACTIVITY OBSERVED, VAULT DOOR RELEASED REMOTELY BY CMS AND VAULT OPENED BY BRANCH STAFF, CONFIRMED BY A KEY CUSTODIAN  9438449346"
"BM8637","","admin","2026-09-28","18:43:51",""
"BM8637","","admin","2026-09-29","09:25:17",""
"BM8639","","admin","2026-09-28","09:26:01",""
"BM8639","Customer Purpose","gen23","2026-09-28","10:17:11","28/09/2026 10:17:07  gen23
LIVE VIEW CHECKED, NO SUSPICIOUS ACTIVITY OBSERVED, VAULT DOOR RELEASED REMOTELY BY CMS AND VAULT OPENED BY BRANCH STAFF, CONFIRMED BY A KEY CUSTODIAN//07894691399"
"BM8639","Customer Purpose","gen36","2026-09-28","11:14:19","28/09/2026 11:14:12  gen36
LIVE VIEW CHECKED, NO SUSPICIOUS ACTIVITY OBSERVED, VAULT DOOR RELEASED REMOTELY BY CMS AND VAULT OPENED BY BRANCH STAFF, CONFIRMED BY A KEY CUSTODIAN   7894691399"
"BM8639","Customer Purpose","gen4","2026-09-28","13:02:34","28/09/2026 13:02:27  gen4
LIVE VIEW CHECKED, NO SUSPICIOUS ACTIVITY OBSERVED, VAULT DOOR RELEASED REMOTELY BY CMS AND VAULT OPENED BY BRANCH STAFF, CONFIRMED BY A KEY CUSTODIAN  7894691399"
"BM8639","Customer Purpose","gen30","2026-09-28","13:47:03","28/09/2026 13:46:44  gen30
LIVE VIEW CHECKED, NO SUSPICIOUS ACTIVITY OBSERVED, VAULT DOOR RELEASED REMOTELY BY CMS AND VAULT OPENED BY BRANCH STAFF, CONFIRMED BY A KEY CUSTODIAN  2 .8249944384"
"BM8639","Not Operate","gen37","2026-09-28","17:30:44","28/09/2026 17:30:39  gen37
LIVE VIEW CHECKED,NO SUSPICIOUS ACTIVITY OBSERVED,NO NEED TO OPERATE VAULT CONFIRMED BY KEY CUSTOODIAN. 3  07894691399"
"BM8639","Final Vault Closing","gen8","2026-09-28","17:54:30","28/09/2026 17:54:21  gen8
LIVE VIEW CHECKED,NO SUSPICIOUS ACTIVITY OBSERVED,VAULT OPENING REQUEST FOR CLOSING PURPOSE VAULT DOOR RELEASED REMOTELY BY CMS AND VAULT OPEN BY BRANCH STAFF CONFIRMED BY KEY CUSTOODIAN        1      09776933966"
"BM8648","","admin","2026-09-28","09:22:05",""
"BM8648","Customer Purpose","gen10","2026-09-28","11:26:11","28/09/2026 11:26:07  gen10
LIVE VIEW CHECKED, NO SUSPICIOUS ACTIVITY OBSERVED, VAULT DOOR RELEASED REMOTELY BY CMS AND VAULT OPENED BY BRANCH STAFF, CONFIRMED BY A KEY CUSTODIAN 2...............7606801106"
"BM8648","Customer Purpose","gen48","2026-09-28","12:35:38","28/09/2026 12:35:35  gen48
LIVE VIEW CHECKED, NO SUSPICIOUS ACTIVITY OBSERVED, VAULT DOOR RELEASED REMOTELY BY CMS AND VAULT OPENED BY BRANCH STAFF, CONFIRMED BY A KEY CUSTODIAN   2   09777190323"
"BM8648","Not Operate","gen7","2026-09-28","13:56:32","28/09/2026 13:56:15  gen7
LIVE VIEW CHECKED,NO SUSPICIOUS ACTIVITY OBSERVED,NO NEED TO OPERATE VAULT CONFIRMED BY KEY CUSTOODIAN.1-9777190323"
"BM8648","Final Vault Closing","gen12","2026-09-28","17:54:22","28/09/2026 17:54:18  gen12
LIVE VIEW CHECKED,NO SUSPICIOUS ACTIVITY OBSERVED,VAULT OPENING REQUEST FOR CLOSING PURPOSE VAULT DOOR RELEASED REMOTELY BY CMS AND VAULT OPEN BY BRANCH STAFF CONFIRMED BY KEY CUSTOODIAN 1/07606801106"
"BM8648","","admin","2026-09-29","09:28:59",""
"BM8795","Customer Purpose","gen17","2026-09-28","12:47:29","28/09/2026 12:47:26  gen17
LIVE VIEW CHECKED, NO SUSPICIOUS ACTIVITY OBSERVED, VAULT DOOR RELEASED REMOTELY BY CMS AND VAULT OPENED BY BRANCH STAFF, CONFIRMED BY A KEY CUSTODIAN 1...07278904875"
"BM8795","Customer Purpose","gen48","2026-09-28","13:18:02","28/09/2026 13:17:58  gen48
LIVE VIEW CHECKED, NO SUSPICIOUS ACTIVITY OBSERVED, VAULT DOOR RELEASED REMOTELY BY CMS AND VAULT OPENED BY BRANCH STAFF, CONFIRMED BY A KEY CUSTODIAN 2   07278904875"
"BM8795","Final Vault Closing","gen3","2026-09-28","18:08:05","28/09/2026 18:07:59  gen3
LIVE VIEW CHECKED,NO SUSPICIOUS ACTIVITY OBSERVED,VAULT OPENING REQUEST FOR CLOSING PURPOSE VAULT DOOR RELEASED REMOTELY BY CMS AND VAULT OPEN BY BRANCH STAFF CONFIRMED BY KEY CUSTOODIAN  06289556171"
"BM8844","Customer Purpose","gen29","2026-09-28","10:37:51","28/09/2026 10:37:46  gen29
LIVE VIEW CHECKED, NO SUSPICIOUS ACTIVITY OBSERVED, VAULT DOOR RELEASED REMOTELY BY CMS AND VAULT OPENED BY BRANCH STAFF, CONFIRMED BY A KEY CUSTODIAN  08686916138"
"BM8844","Customer Purpose","gen9","2026-09-28","10:52:34","28/09/2026 10:52:30  gen9
LIVE VIEW CHECKED, NO SUSPICIOUS ACTIVITY OBSERVED, VAULT DOOR RELEASED REMOTELY BY CMS AND VAULT OPENED BY BRANCH STAFF, CONFIRMED BY A KEY CUSTODIAN        2      09950041010"
"BM8844","Customer Purpose","gen1","2026-09-28","12:42:21","28/09/2026 12:42:18  gen1
LIVE VIEW CHECKED, NO SUSPICIOUS ACTIVITY OBSERVED, VAULT DOOR RELEASED REMOTELY BY CMS AND VAULT OPENED BY BRANCH STAFF, CONFIRMED BY A KEY CUSTODIAN  08686916138"
"BM8844","Customer Purpose","gen3","2026-09-28","14:37:02","28/09/2026 14:36:57  gen3
LIVE VIEW CHECKED, NO SUSPICIOUS ACTIVITY OBSERVED, VAULT DOOR RELEASED REMOTELY BY CMS AND VAULT OPENED BY BRANCH STAFF, CONFIRMED BY A KEY CUSTODIAN 08686916138"
"BM8844","Customer Purpose","gen3","2026-09-28","17:36:00","28/09/2026 17:35:55  gen3
LIVE VIEW CHECKED, NO SUSPICIOUS ACTIVITY OBSERVED, VAULT DOOR RELEASED REMOTELY BY CMS AND VAULT OPENED BY BRANCH STAFF, CONFIRMED BY A KEY CUSTODIAN 08686916138"
"BM8844","Customer Purpose","gen14","2026-09-28","18:01:19","28/09/2026 18:01:16  gen14
LIVE VIEW CHECKED, NO SUSPICIOUS ACTIVITY OBSERVED, VAULT DOOR RELEASED REMOTELY BY CMS AND VAULT OPENED BY BRANCH STAFF, CONFIRMED BY A KEY CUSTODIAN   09950041010"
"BM8844","","admin","2026-09-28","18:39:17",""
"BM9383","","admin","2026-09-28","09:22:54",""
"BM9383","Customer Purpose","gen37","2026-09-28","13:44:00","28/09/2026 13:43:56  gen37
LIVE VIEW CHECKED, NO SUSPICIOUS ACTIVITY OBSERVED, VAULT DOOR RELEASED REMOTELY BY CMS AND VAULT OPENED BY BRANCH STAFF, CONFIRMED BY A KEY CUSTODIAN  3   07797459521"
"BM9383","Final Vault Closing","gen30","2026-09-28","17:44:00","28/09/2026 17:43:42  gen30
LIVE VIEW CHECKED,NO SUSPICIOUS ACTIVITY OBSERVED,VAULT OPENING REQUEST FOR CLOSING PURPOSE VAULT DOOR RELEASED REMOTELY BY CMS AND VAULT OPEN BY BRANCH STAFF CONFIRMED BY KEY CUSTOODIAN 1 .8515929471"
"BM9383","","admin","2026-09-29","09:25:14",""
"BM9434","","admin","2026-09-28","09:23:38",""
"BM9434","Customer Purpose","gen34","2026-09-28","11:32:11","28/09/2026 11:32:07  gen34
LIVE VIEW CHECKED, NO SUSPICIOUS ACTIVITY OBSERVED, VAULT DOOR RELEASED REMOTELY BY CMS AND VAULT OPENED BY BRANCH STAFF, CONFIRMED BY A KEY CUSTODIAN 7637890734"
"BM9434","Customer Purpose","gen1","2026-09-28","12:39:03","28/09/2026 12:38:57  gen1
LIVE VIEW CHECKED, NO SUSPICIOUS ACTIVITY OBSERVED, VAULT DOOR RELEASED REMOTELY BY CMS AND VAULT OPENED BY BRANCH STAFF, CONFIRMED BY A KEY CUSTODIAN  07637890734"
"BM9434","Customer Purpose","iifl7","2026-09-28","13:34:06","28/09/2026 13:34:02  iifl7
LIVE VIEW CHECKED, NO SUSPICIOUS ACTIVITY OBSERVED, VAULT DOOR RELEASED REMOTELY BY CMS AND VAULT OPENED BY BRANCH STAFF, CONFIRMED BY A KEY CUSTODIAN 2 07637890734"
"BM9434","Customer Purpose","gen3","2026-09-28","15:05:16","28/09/2026 15:04:55  gen3
LIVE VIEW CHECKED, NO SUSPICIOUS ACTIVITY OBSERVED, VAULT DOOR RELEASED REMOTELY BY CMS AND VAULT OPENED BY BRANCH STAFF, CONFIRMED BY A KEY CUSTODIAN 07637890734"
"BM9434","Final Vault Closing","gen36","2026-09-28","18:08:46","28/09/2026 18:08:41  gen36
DUE TO NETWORK ISSUE VIDEO VERIFICATION ON WHATSAPP VIDEO CALL,NO SUSPICIOUS ACTIVITY OBSERVED,VAULT OPENING REQUEST FOR CLOSING PURPOSE VAULT DOOR RELEASED REMOTELY/MANUALLY BY CMS AND VAULT OPEN BY STAF CONFIRMED BY KEY CUSTOODIAN    7637890734"
"BM9434","","admin","2026-09-29","09:20:40",""
"BM9721","","admin","2026-09-28","09:04:21",""
"BM9721","Customer Purpose","gen23","2026-09-28","10:12:36","28/09/2026 10:12:31  gen23
LIVE VIEW CHECKED, NO SUSPICIOUS ACTIVITY OBSERVED, VAULT DOOR RELEASED REMOTELY BY CMS AND VAULT OPENED BY BRANCH STAFF, CONFIRMED BY A KEY CUSTODIAN/3/08486056333"
"BM9721","Customer Purpose","gen7","2026-09-28","17:45:09","28/09/2026 17:45:05  gen7
LIVE VIEW CHECKED, NO SUSPICIOUS ACTIVITY OBSERVED, VAULT DOOR RELEASED REMOTELY BY CMS AND VAULT OPENED BY BRANCH STAFF, CONFIRMED BY A KEY CUSTODIAN 6000787141"
"BM9721","Final Vault Closing","gen1","2026-09-28","18:33:44","28/09/2026 18:33:41  gen1
LIVE VIEW CHECKED,NO SUSPICIOUS ACTIVITY OBSERVED,VAULT OPENING REQUEST FOR CLOSING PURPOSE VAULT DOOR RELEASED REMOTELY BY CMS AND VAULT OPEN BY BRANCH STAFF CONFIRMED BY KEY CUSTOODIAN  06000787141"
"BM9721","","admin","2026-09-29","09:04:52",""
"BM9947","Customer Purpose","gen33","2026-09-28","12:38:39","28/09/2026 12:38:35  gen33
LIVE VIEW CHECKED, NO SUSPICIOUS ACTIVITY OBSERVED, VAULT DOOR RELEASED REMOTELY BY CMS AND VAULT OPENED BY BRANCH STAFF, CONFIRMED BY A KEY CUSTODIAN  09012627892"
"BM9947","Customer Purpose","gen34","2026-09-28","13:10:24","28/09/2026 13:10:20  gen34
LIVE VIEW CHECKED, NO SUSPICIOUS ACTIVITY OBSERVED, VAULT DOOR RELEASED REMOTELY BY CMS AND VAULT OPENED BY BRANCH STAFF, CONFIRMED BY A KEY CUSTODIAN 8285659378"
"BM9947","Customer Purpose","gen46","2026-09-28","13:18:07","28/09/2026 13:18:00  gen46
LIVE VIEW CHECKED, NO SUSPICIOUS ACTIVITY OBSERVED, VAULT DOOR RELEASED REMOTELY BY CMS AND VAULT OPENED BY BRANCH STAFF, CONFIRMED BY A KEY CUSTODIAN  8285659378"
"BM9947","Customer Purpose","gen19","2026-09-28","13:44:48","28/09/2026 13:44:43  gen19
LIVE VIEW CHECKED, NO SUSPICIOUS ACTIVITY OBSERVED, VAULT DOOR RELEASED REMOTELY BY CMS AND VAULT OPENED BY BRANCH STAFF, CONFIRMED BY A KEY CUSTODIAN 9012627892"
"BM9947","Not Responded","gen10","2026-09-28","14:54:43","28/09/2026 14:54:39  gen10
LIVE VIEW CHECKED, NO SUSPICIOUS ACTIVITY OBSERVED. CALL TO KC 1/2/3 BUT NOT RESPONDED."
"BM9947","Customer Purpose","gen10","2026-09-28","14:56:13","28/09/2026 14:56:10  gen10
LIVE VIEW CHECKED, NO SUSPICIOUS ACTIVITY OBSERVED, VAULT DOOR RELEASED REMOTELY BY CMS AND VAULT OPENED BY BRANCH STAFF, CONFIRMED BY A KEY CUSTODIAN 3................8285659378"
"BM9947","Customer Purpose","gen7","2026-09-28","15:08:40","28/09/2026 15:08:36  gen7
LIVE VIEW CHECKED, NO SUSPICIOUS ACTIVITY OBSERVED, VAULT DOOR RELEASED REMOTELY BY CMS AND VAULT OPENED BY BRANCH STAFF, CONFIRMED BY A KEY CUSTODIAN 8285659378"
"BM9947","Customer Purpose","gen48","2026-09-28","15:48:07","28/09/2026 15:47:58  gen48
LIVE VIEW CHECKED, NO SUSPICIOUS ACTIVITY OBSERVED, VAULT DOOR RELEASED REMOTELY BY CMS AND VAULT OPENED BY BRANCH STAFF, CONFIRMED BY A KEY CUSTODIAN  2   08766210368"
"BM9947","Not Allowed","gen20","2026-09-28","16:59:50","28/09/2026 16:59:44  gen20
LIVE VIEW CHECKED, NO SUSPICIOUS ACTIVITY OBSERVED, VAULT OPENING REQUEST FOR CUSTOMER PURPOSE , AND NOT ALLOWED VAULT OPERATION, BECAUSE CUSTOMER IS NOT AVAILABLE IN BRANCH  CALL TO KEY CUSTOODIAN /3  8285659378"
"BM9947","Customer Purpose","gen16","2026-09-28","18:39:41","28/09/2026 18:39:35  gen16
LIVE VIEW CHECKED, NO SUSPICIOUS ACTIVITY OBSERVED, VAULT DOOR RELEASED REMOTELY BY CMS AND VAULT OPENED BY BRANCH STAFF, CONFIRMED BY A KEY CUSTODIAN  8285659378"
"BM9947","Final Vault Closing","iifl3","2026-09-28","18:59:28","28/09/2026 18:59:23  iifl3
LIVE VIEW CHECKED,NO SUSPICIOUS ACTIVITY OBSERVED,VAULT OPENING REQUEST FOR CLOSING PURPOSE VAULT DOOR RELEASED REMOTELY BY CMS AND VAULT OPEN BY BRANCH STAFF CONFIRMED BY KEY CUSTOODIAN  08285659378"
"BM9963","Customer Purpose","gen6","2026-09-28","11:33:34","28/09/2026 11:33:30  gen6
LIVE VIEW CHECKED, NO SUSPICIOUS ACTIVITY OBSERVED, VAULT DOOR RELEASED REMOTELY BY CMS AND VAULT OPENED BY BRANCH STAFF, CONFIRMED BY A KEY CUSTODIAN 07020695804"
"BM9963","Customer Purpose","gen11","2026-09-28","14:59:29","28/09/2026 14:59:27  gen11
LIVE VIEW CHECKED, NO SUSPICIOUS ACTIVITY OBSERVED, VAULT DOOR RELEASED REMOTELY BY CMS AND VAULT OPENED BY BRANCH STAFF, CONFIRMED BY A KEY CUSTODIAN   3   7020695804"
"BM9963","Customer Purpose","gen30","2026-09-28","16:33:55","28/09/2026 16:33:32  gen30
LIVE VIEW CHECKED, NO SUSPICIOUS ACTIVITY OBSERVED, VAULT DOOR RELEASED REMOTELY BY CMS AND VAULT OPENED BY BRANCH STAFF, CONFIRMED BY A KEY CUSTODIAN 3 .9970631335"
"BM9963","Final Vault Closing","gen9","2026-09-28","17:58:36","28/09/2026 17:58:33  gen9
LIVE VIEW CHECKED,NO SUSPICIOUS ACTIVITY OBSERVED,VAULT OPENING REQUEST FOR CLOSING PURPOSE VAULT DOOR RELEASED REMOTELY BY CMS AND VAULT OPEN BY BRANCH STAFF CONFIRMED BY KEY CUSTOODIAN     2    07020970969"
"BM9963","False ","","2026-09-29","07:32:26","29/09/2026 07:32:08  iifl6
LIVE VIEW CHECKED, NO SUSPICIOUS ACTIVITY OBSERVED, ALL OK"
"BM9980","Customer Purpose","gen6","2026-09-28","15:54:36","28/09/2026 15:54:33  gen6
LIVE VIEW CHECKED, NO SUSPICIOUS ACTIVITY OBSERVED, VAULT DOOR RELEASED REMOTELY BY CMS AND VAULT OPENED BY BRANCH STAFF, CONFIRMED BY A KEY CUSTODIAN 08865021045"
"BM9980","Customer Purpose","gen34","2026-09-28","16:31:07","28/09/2026 16:31:00  gen34
LIVE VIEW CHECKED, NO SUSPICIOUS ACTIVITY OBSERVED, VAULT DOOR RELEASED REMOTELY BY CMS AND VAULT OPENED BY BRANCH STAFF, CONFIRMED BY A KEY CUSTODIAN 8865021045"
"BM9980","Final Vault Closing","gen33","2026-09-28","18:06:37","28/09/2026 18:06:21  gen33
LIVE VIEW CHECKED,NO SUSPICIOUS ACTIVITY OBSERVED,VAULT OPENING REQUEST FOR CLOSING PURPOSE VAULT DOOR RELEASED REMOTELY BY CMS AND VAULT OPEN BY BRANCH STAFF CONFIRMED BY KEY CUSTOODIAN  08865021045"
"SOlID","ReasonCode1","OperatorName1","lose-rt-Al","ateTime1","Comments1"
"SOlID2","OperatorName2","TimeTakenToResolve2","ckda-rt-Al","etime2","CreateDate2"
